order_date,state,segment,title,quantity,total_price
2025-11-20,CA,VIP,Gigabyte Aorus Men Tshirt,3,74.97
2025-11-20,CA,VIP,Microwave Oven,1,89.99
2025-11-20,CA,VIP,Green Bell Pepper,1,1.29
2025-11-20,CA,VIP,Huawei Matebook X Pro,2,2799.98
2025-11-20,CA,VIP,Red Nail Polish,2,17.98
2025-11-20,FL,Returning,Fish Steak,3,44.97
2025-11-20,FL,Returning,Nescafe Coffee,2,15.98
2025-11-20,FL,Returning,Longines Master Collection,1,1499.99
2025-11-20,FL,Returning,Glass,1,4.99
2025-11-20,MO,New,Chanel Coco Noir Eau De,2,259.98
2025-11-20,MO,New,Tissue Paper Box,3,7.47
2025-11-20,MO,New,Plant Pot,2,29.98
2025-11-20,MO,New,Juice,2,7.98
2025-11-20,FL,Returning,Amazon Echo Plus,3,299.97
2025-11-20,NY,VIP,Red Nail Polish,1,8.99
2025-11-20,NY,VIP,Knife,1,14.99
2025-11-20,FL,New,Protein Powder,1,19.99
2025-11-20,IL,New,Spoon,1,4.99
2025-11-20,IL,New,Green Bell Pepper,2,2.58
2025-11-20,MO,VIP,Table Lamp,2,99.98
2025-11-20,MO,VIP,Grater Black,1,10.99
2025-11-20,MO,VIP,Essence Mascara Lash Princess,1,9.99
2025-11-20,CA,Returning,Fish Steak,1,14.99
2025-11-20,GA,VIP,Red Lipstick,1,12.99
2025-11-20,TX,Returning,Cucumber,3,4.47
2025-11-20,TX,Returning,Gucci Bloom Eau de,3,239.97
2025-11-20,TX,Returning,Dior J'adore,2,179.98
2025-11-20,TX,Returning,Bamboo Spatula,2,15.98
2025-11-20,WA,Returning,Hand Blender,2,69.98
2025-11-20,IL,Returning,Plant Pot,2,29.98
2025-11-20,IL,Returning,Powder Canister,2,29.98
2025-11-20,IL,Returning,Puma Future Rider Trainers,2,179.98
2025-11-20,FL,New,Grater Black,3,32.97
2025-11-20,FL,New,Cat Food,2,17.98
2025-11-20,FL,New,Chicken Meat,3,29.97
2025-11-20,NY,VIP,Red Onions,1,1.99
2025-11-20,NY,VIP,Sports Sneakers Off White & Red,1,119.99
2025-11-20,NY,New,Powder Canister,1,14.99
2025-11-20,NY,VIP,Egg Slicer,3,20.97
2025-11-20,NY,VIP,Huawei Matebook X Pro,1,1399.99
2025-11-20,CA,VIP,Spoon,3,14.97
2025-11-20,CA,VIP,Knoll Saarinen Executive Conference Chair,1,499.99
2025-11-20,CA,VIP,Apple,2,3.98
2025-11-20,CA,VIP,New DELL XPS 13 9300 Laptop,2,2999.98
2025-11-20,FL,New,Knife,3,44.97
2025-11-20,FL,New,Gucci Bloom Eau de,2,159.98
2025-11-20,WA,VIP,Men Check Shirt,3,83.97
2025-11-20,WA,VIP,Bedside Table African Cherry,1,299.99
2025-11-20,TX,Returning,Asus Zenbook Pro Dual Screen Laptop,1,1799.99
2025-11-20,TX,Returning,Black Aluminium Cup,2,11.98
2025-11-20,TX,Returning,Chopping Board,1,12.99
2025-11-20,IL,New,Cooking Oil,1,4.99
2025-11-20,IL,New,Boxed Blender,2,79.98
2025-11-20,WA,VIP,New DELL XPS 13 9300 Laptop,2,2999.98
2025-11-20,WA,VIP,Longines Master Collection,1,1499.99
2025-11-20,WA,VIP,Potatoes,2,4.58
2025-11-20,CA,Returning,Blue & Black Check Shirt,3,89.97
2025-11-20,CA,Returning,Nike Air Jordan 1 Red And Black,3,449.97
2025-11-20,TX,Returning,Potatoes,3,6.87
2025-11-20,TX,Returning,Kitchen Sieve,2,15.98
2025-11-20,WA,VIP,Green Bell Pepper,3,3.87
2025-11-20,WA,VIP,Spoon,1,4.99
2025-11-20,WA,VIP,Longines Master Collection,3,4499.97
2025-11-20,GA,New,Longines Master Collection,3,4499.97
2025-11-20,GA,New,Dior J'adore,2,179.98
2025-11-20,GA,New,Essence Mascara Lash Princess,1,9.99
2025-11-20,GA,New,Black Whisk,2,19.98
2025-11-20,FL,Returning,Kiwi,3,7.47
2025-11-20,WA,Returning,Fine Mesh Strainer,1,9.99
2025-11-20,WA,Returning,Apple Airpods,2,259.98
2025-11-20,WA,Returning,Carbon Steel Wok,1,29.99
2025-11-20,WA,Returning,Microwave Oven,3,269.97
2025-11-20,TX,Returning,Strawberry,1,3.99
2025-11-20,TX,Returning,Red Nail Polish,3,26.97
2025-11-20,MO,Returning,Amazon Echo Plus,3,299.97
2025-11-20,MO,Returning,Man Short Sleeve Shirt,3,59.97
2025-11-20,MO,Returning,Lunch Box,3,38.97
2025-11-20,MO,Returning,Knoll Saarinen Executive Conference Chair,2,999.98
2025-11-20,MO,Returning,Red Tongs,1,6.99
2025-11-20,CA,Returning,Cucumber,1,1.49
2025-11-20,CA,Returning,Apple,2,3.98
2025-11-20,CA,Returning,Water,2,1.98
2025-11-20,GA,New,Lenovo Yoga 920,2,2199.98
2025-11-20,GA,New,Microwave Oven,1,89.99
2025-11-20,GA,New,Brown Leather Belt Watch,3,269.97
2025-11-20,GA,New,Tray,1,16.99
2025-11-20,NY,Returning,Spoon,2,9.98
2025-11-20,NY,Returning,Spice Rack,2,39.98
2025-11-20,GA,VIP,Ice Cream,1,5.49
2025-11-20,GA,VIP,Rolex Datejust,3,32999.97
2025-11-20,GA,VIP,Plate,2,7.98
2025-11-20,GA,VIP,Boxed Blender,3,119.97
2025-11-20,MO,Returning,Black Whisk,1,9.99
2025-11-20,MO,Returning,Apple Airpods,3,389.97
2025-11-20,MO,New,Knife,1,14.99
2025-11-20,MO,New,Longines Master Collection,2,2999.98
2025-11-20,GA,VIP,Electric Stove,3,149.97
2025-11-20,GA,VIP,Green Bell Pepper,1,1.29
2025-11-20,GA,VIP,Puma Future Rider Trainers,3,269.97
2025-11-20,TX,VIP,Red Onions,1,1.99
2025-11-20,MO,Returning,Dolce Shine Eau de,3,209.97
2025-11-20,MO,Returning,Lemon,2,1.58
2025-11-20,MO,Returning,Bamboo Spatula,1,7.99
2025-11-20,NY,Returning,Knoll Saarinen Executive Conference Chair,3,1499.97
2025-11-20,TX,VIP,Soft Drinks,1,1.99
2025-11-20,TX,VIP,Black Aluminium Cup,3,17.97
2025-11-20,GA,New,Fish Steak,2,29.98
2025-11-20,GA,New,Water,1,0.99
2025-11-20,GA,New,Protein Powder,1,19.99
2025-11-20,TX,Returning,Red Tongs,3,20.97
2025-11-20,TX,Returning,Man Plaid Shirt,3,104.97
2025-11-20,TX,Returning,Essence Mascara Lash Princess,2,19.98
2025-11-20,TX,Returning,Plant Pot,2,29.98
2025-11-20,TX,Returning,Apple MacBook Pro 14 Inch Space Grey,1,1999.99
2025-11-20,TX,Returning,Gigabyte Aorus Men Tshirt,3,74.97
2025-11-20,GA,New,Carbon Steel Wok,2,59.98
2025-11-20,GA,New,Knoll Saarinen Executive Conference Chair,2,999.98
2025-11-20,GA,New,Gigabyte Aorus Men Tshirt,1,24.99
2025-11-20,FL,VIP,Citrus Squeezer Yellow,3,26.97
2025-11-20,FL,VIP,Ice Cream,3,16.47
2025-11-20,FL,VIP,Amazon Echo Plus,3,299.97
2025-11-20,FL,VIP,Black Whisk,3,29.97
2025-11-20,FL,VIP,Grater Black,2,21.98
2025-11-20,FL,VIP,Protein Powder,1,19.99
2025-11-20,NY,New,Table Lamp,2,99.98
2025-11-20,NY,New,Sports Sneakers Off White & Red,3,359.97
2025-11-20,NY,New,Wooden Bathroom Sink With Mirror,3,2399.97
2025-11-20,NY,New,Carbon Steel Wok,3,89.97
2025-11-20,GA,New,Black Whisk,3,29.97
2025-11-21,NY,New,Citrus Squeezer Yellow,1,8.99
2025-11-21,NY,New,Rolex Cellini Date Black Dial,2,17999.98
2025-11-21,WA,VIP,Lenovo Yoga 920,3,3299.97
2025-11-21,WA,VIP,Gucci Bloom Eau de,2,159.98
2025-11-21,WA,VIP,Red Tongs,2,13.98
2025-11-21,GA,VIP,Apple MacBook Pro 14 Inch Space Grey,2,3999.98
2025-11-21,MO,New,Green Bell Pepper,1,1.29
2025-11-21,MO,New,Amazon Echo Plus,3,299.97
2025-11-21,MO,New,Wooden Rolling Pin,1,11.99
2025-11-21,MO,New,Huawei Matebook X Pro,2,2799.98
2025-11-21,MO,VIP,Ice Cream,3,16.47
2025-11-21,NY,VIP,Boxed Blender,1,39.99
2025-11-21,NY,VIP,Carbon Steel Wok,2,59.98
2025-11-21,NY,VIP,Cucumber,2,2.98
2025-11-21,WA,New,Kiwi,3,7.47
2025-11-21,WA,New,Sports Sneakers Off White Red,3,329.97
2025-11-21,WA,New,Men Check Shirt,3,83.97
2025-11-21,TX,New,Black Aluminium Cup,1,5.99
2025-11-21,TX,New,Cooking Oil,2,9.98
2025-11-21,FL,VIP,Kiwi,1,2.49
2025-11-21,FL,VIP,Longines Master Collection,2,2999.98
2025-11-21,FL,VIP,Black Whisk,3,29.97
2025-11-21,WA,New,Water,1,0.99
2025-11-21,WA,New,Huawei Matebook X Pro,2,2799.98
2025-11-21,WA,New,Grater Black,3,32.97
2025-11-21,WA,New,Men Check Shirt,1,27.99
2025-11-21,CA,Returning,Green Chili Pepper,1,0.99
2025-11-21,CA,Returning,Protein Powder,2,39.98
2025-11-21,CA,Returning,Lenovo Yoga 920,1,1099.99
2025-11-21,FL,VIP,Electric Stove,2,99.98
2025-11-21,MO,New,Wooden Bathroom Sink With Mirror,3,2399.97
2025-11-21,MO,New,Chicken Meat,1,9.99
2025-11-21,MO,New,Water,3,2.97
2025-11-21,MO,New,Lenovo Yoga 920,1,1099.99
2025-11-21,TX,Returning,Knife,2,29.98
2025-11-21,TX,Returning,Citrus Squeezer Yellow,3,26.97
2025-11-21,TX,Returning,Wooden Bathroom Sink With Mirror,1,799.99
2025-11-21,IL,New,Apple Airpods,3,389.97
2025-11-21,IL,New,Family Tree Photo Frame,3,89.97
2025-11-21,IL,New,Man Plaid Shirt,3,104.97
2025-11-21,WA,New,Yellow Peeler,3,17.97
2025-11-21,WA,New,Cucumber,1,1.49
2025-11-21,IL,Returning,Men Check Shirt,2,55.98
2025-11-21,IL,Returning,Silver Pot With Glass Cap,3,119.97
2025-11-21,IL,Returning,Kitchen Sieve,3,23.97
2025-11-21,IL,Returning,Ice Cream,3,16.47
2025-11-21,WA,Returning,Annibale Colombo Bed,1,1899.99
2025-11-21,WA,Returning,Rolex Cellini Date Black Dial,3,26999.97
2025-11-21,WA,Returning,Knife,3,44.97
2025-11-21,WA,Returning,Red Tongs,3,20.97
2025-11-21,GA,New,Blue & Black Check Shirt,3,89.97
2025-11-21,MO,New,Plant Pot,3,44.97
2025-11-21,MO,New,Annibale Colombo Bed,3,5699.97
2025-11-21,MO,New,Red Onions,3,5.97
2025-11-21,FL,Returning,Plant Pot,3,44.97
2025-11-21,FL,Returning,Green Bell Pepper,3,3.87
2025-11-21,FL,Returning,Bamboo Spatula,2,15.98
2025-11-21,FL,Returning,Lunch Box,2,25.98
2025-11-21,GA,VIP,Boxed Blender,2,79.98
2025-11-21,WA,VIP,Slotted Turner,3,26.97
2025-11-21,WA,VIP,Boxed Blender,2,79.98
2025-11-21,FL,VIP,Microwave Oven,3,269.97
2025-11-21,FL,VIP,Apple MacBook Pro 14 Inch Space Grey,2,3999.98
2025-11-21,FL,VIP,Gigabyte Aorus Men Tshirt,3,74.97
2025-11-21,TX,Returning,New DELL XPS 13 9300 Laptop,1,1499.99
2025-11-21,TX,Returning,Apple Airpods,1,129.99
2025-11-21,FL,VIP,Red Tongs,3,20.97
2025-11-21,FL,VIP,Longines Master Collection,2,2999.98
2025-11-21,FL,VIP,Beef Steak,2,25.98
2025-11-21,FL,VIP,Tissue Paper Box,2,4.98
2025-11-21,TX,New,Lunch Box,3,38.97
2025-11-21,GA,VIP,Calvin Klein CK One,3,149.97
2025-11-21,WA,New,Eyeshadow Palette with Mirror,2,39.98
2025-11-21,WA,New,Plate,1,3.99
2025-11-21,WA,New,Sports Sneakers Off White Red,1,109.99
2025-11-21,WA,New,Red Onions,1,1.99
2025-11-21,CA,Returning,Rolex Cellini Moonphase,1,12999.99
2025-11-21,CA,Returning,Silver Pot With Glass Cap,1,39.99
2025-11-21,CA,Returning,Bedside Table African Cherry,3,899.97
2025-11-21,IL,VIP,Grater Black,2,21.98
2025-11-21,IL,VIP,Red Onions,2,3.98
2025-11-21,NY,VIP,Yellow Peeler,3,17.97
2025-11-21,IL,New,Huawei Matebook X Pro,3,4199.97
2025-11-21,IL,New,Carbon Steel Wok,2,59.98
2025-11-21,TX,VIP,Milk,2,6.98
2025-11-21,TX,VIP,Decoration Swing,3,179.97
2025-11-21,TX,VIP,Man Short Sleeve Shirt,3,59.97
2025-11-21,WA,New,Dior J'adore,3,269.97
2025-11-21,WA,New,Red Nail Polish,1,8.99
2025-11-21,CA,Returning,Gucci Bloom Eau de,2,159.98
2025-11-21,CA,Returning,House Showpiece Plant,2,79.98
2025-11-21,FL,New,Sports Sneakers Off White Red,2,219.98
2025-11-21,FL,New,Yellow Peeler,1,5.99
2025-11-21,FL,New,Red Onions,1,1.99
2025-11-21,FL,New,Brown Leather Belt Watch,1,89.99
2025-11-21,FL,Returning,Chanel Coco Noir Eau De,2,259.98
2025-11-21,IL,New,Rolex Cellini Moonphase,1,12999.99
2025-11-21,IL,New,Kiwi,2,4.98
2025-11-21,IL,New,Rice,3,17.97
2025-11-21,FL,Returning,Wooden Rolling Pin,1,11.99
2025-11-21,FL,Returning,Nike Air Jordan 1 Red And Black,1,149.99
2025-11-21,FL,Returning,Fine Mesh Strainer,1,9.99
2025-11-21,GA,Returning,Eggs,3,8.97
2025-11-21,GA,Returning,Huawei Matebook X Pro,2,2799.98
2025-11-21,GA,Returning,Potatoes,2,4.58
2025-11-21,GA,Returning,Longines Master Collection,2,2999.98
2025-11-21,TX,New,Red Nail Polish,3,26.97
2025-11-21,TX,New,Fork,2,7.98
2025-11-21,TX,New,Dog Food,3,32.97
2025-11-21,NY,Returning,Ice Cube Tray,3,17.97
2025-11-21,NY,Returning,Rice,3,17.97
2025-11-21,NY,New,Green Chili Pepper,3,2.97
2025-11-21,NY,New,Strawberry,1,3.99
2025-11-21,IL,New,Dior J'adore,3,269.97
2025-11-21,IL,New,Citrus Squeezer Yellow,2,17.98
2025-11-21,IL,New,Annibale Colombo Bed,2,3799.98
2025-11-21,IL,New,Black Whisk,1,9.99
2025-11-21,FL,VIP,Green Bell Pepper,2,2.58
2025-11-21,IL,New,Calvin Klein CK One,2,99.98
2025-11-21,IL,New,Essence Mascara Lash Princess,2,19.98
2025-11-21,IL,New,Milk,2,6.98
2025-11-21,IL,New,Brown Leather Belt Watch,3,269.97
2025-11-21,IL,VIP,Wooden Rolling Pin,2,23.98
2025-11-21,IL,VIP,New DELL XPS 13 9300 Laptop,1,1499.99
2025-11-21,GA,New,Electric Stove,3,149.97
2025-11-21,GA,New,Man Short Sleeve Shirt,3,59.97
2025-11-21,GA,New,Chopping Board,2,25.98
2025-11-21,GA,New,Rolex Submariner Watch,2,27999.98
2025-11-21,GA,New,Mulberry,2,9.98
2025-11-21,GA,New,Apple Airpods,3,389.97
2025-11-21,NY,VIP,Apple Airpods,2,259.98
2025-11-21,NY,VIP,Nike Baseball Cleats,2,159.98
2025-11-21,GA,New,Ice Cream,2,10.98
2025-11-21,GA,New,Dolce Shine Eau de,3,209.97
2025-11-21,GA,New,Knife,1,14.99
2025-11-21,GA,New,Silver Pot With Glass Cap,2,79.98
2025-11-22,MO,Returning,Water,3,2.97
2025-11-22,MO,Returning,Rice,2,11.98
2025-11-22,MO,Returning,Sports Sneakers Off White Red,3,329.97
2025-11-22,MO,Returning,Glass,1,4.99
2025-11-22,GA,VIP,Puma Future Rider Trainers,3,269.97
2025-11-22,GA,VIP,Table Lamp,1,49.99
2025-11-22,GA,VIP,Hand Blender,1,34.99
2025-11-22,GA,VIP,Red Nail Polish,2,17.98
2025-11-22,GA,VIP,Protein Powder,3,59.97
2025-11-22,GA,VIP,Mulberry,3,14.97
2025-11-22,IL,Returning,Nike Baseball Cleats,1,79.99
2025-11-22,IL,Returning,Annibale Colombo Sofa,1,2499.99
2025-11-22,IL,Returning,Essence Mascara Lash Princess,3,29.97
2025-11-22,IL,Returning,Soft Drinks,3,5.97
2025-11-22,GA,New,Chanel Coco Noir Eau De,3,389.97
2025-11-22,GA,New,Bedside Table African Cherry,1,299.99
2025-11-22,NY,VIP,Yellow Peeler,3,17.97
2025-11-22,NY,VIP,Beef Steak,3,38.97
2025-11-22,IL,VIP,Nescafe Coffee,1,7.99
2025-11-22,IL,VIP,Slotted Turner,2,17.98
2025-11-22,IL,VIP,Milk,1,3.49
2025-11-22,IL,VIP,Wooden Bathroom Sink With Mirror,2,1599.98
2025-11-22,NY,Returning,Man Short Sleeve Shirt,2,39.98
2025-11-22,NY,Returning,Red Tongs,1,6.99
2025-11-22,NY,Returning,Ice Cube Tray,2,11.98
2025-11-22,WA,Returning,Kiwi,2,4.98
2025-11-22,WA,Returning,Gucci Bloom Eau de,3,239.97
2025-11-22,WA,Returning,Fork,2,7.98
2025-11-22,WA,Returning,Lunch Box,1,12.99
2025-11-22,TX,Returning,Lunch Box,2,25.98
2025-11-22,TX,Returning,Table Lamp,3,149.97
2025-11-22,NY,New,Puma Future Rider Trainers,3,269.97
2025-11-22,NY,New,Sports Sneakers Off White & Red,3,359.97
2025-11-22,NY,New,Chopping Board,2,25.98
2025-11-22,CA,Returning,Microwave Oven,2,179.98
2025-11-22,CA,Returning,Tissue Paper Box,3,7.47
2025-11-22,CA,Returning,Tray,2,33.98
2025-11-22,CA,Returning,Annibale Colombo Bed,1,1899.99
2025-11-22,FL,New,Brown Leather Belt Watch,1,89.99
2025-11-22,WA,Returning,Man Short Sleeve Shirt,3,59.97
2025-11-22,TX,Returning,Rolex Cellini Date Black Dial,3,26999.97
2025-11-22,TX,Returning,Black Whisk,2,19.98
2025-11-22,TX,Returning,Sports Sneakers Off White Red,1,109.99
2025-11-22,NY,VIP,Bamboo Spatula,2,15.98
2025-11-22,NY,VIP,Asus Zenbook Pro Dual Screen Laptop,1,1799.99
2025-11-22,FL,New,Chanel Coco Noir Eau De,1,129.99
2025-11-22,FL,New,Huawei Matebook X Pro,1,1399.99
2025-11-22,NY,Returning,Asus Zenbook Pro Dual Screen Laptop,1,1799.99
2025-11-22,GA,New,Plate,1,3.99
2025-11-22,GA,New,Red Nail Polish,2,17.98
2025-11-22,GA,New,Knife,3,44.97
2025-11-22,GA,New,Chanel Coco Noir Eau De,3,389.97
2025-11-22,IL,Returning,Rolex Cellini Moonphase,3,38999.97
2025-11-22,IL,Returning,Spice Rack,1,19.99
2025-11-22,IL,Returning,House Showpiece Plant,1,39.99
2025-11-22,IL,Returning,Green Bell Pepper,1,1.29
2025-11-22,GA,New,Mug Tree Stand,3,47.97
2025-11-22,GA,New,Man Short Sleeve Shirt,1,19.99
2025-11-22,GA,New,Green Bell Pepper,2,2.58
2025-11-22,GA,New,Carbon Steel Wok,3,89.97
2025-11-22,MO,VIP,Grater Black,2,21.98
2025-11-22,MO,VIP,Longines Master Collection,1,1499.99
2025-11-22,MO,VIP,Slotted Turner,2,17.98
2025-11-22,MO,VIP,Ice Cream,3,16.47
2025-11-22,MO,VIP,Wooden Bathroom Sink With Mirror,2,1599.98
2025-11-22,MO,VIP,Red Lipstick,2,25.98
2025-11-22,MO,VIP,Bedside Table African Cherry,3,899.97
2025-11-22,MO,VIP,Knife,2,29.98
2025-11-22,CA,VIP,Fish Steak,1,14.99
2025-11-22,CA,VIP,Egg Slicer,2,13.98
2025-11-22,GA,VIP,Yellow Peeler,3,17.97
2025-11-22,CA,VIP,Decoration Swing,2,119.98
2025-11-22,CA,VIP,Rolex Submariner Watch,2,27999.98
2025-11-22,CA,VIP,Juice,1,3.99
2025-11-22,CA,VIP,Nike Air Jordan 1 Red And Black,2,299.98
2025-11-22,WA,VIP,Nike Baseball Cleats,3,239.97
2025-11-22,WA,VIP,Annibale Colombo Bed,1,1899.99
2025-11-22,MO,Returning,Protein Powder,1,19.99
2025-11-22,MO,Returning,Water,2,1.98
2025-11-22,MO,Returning,Kitchen Sieve,3,23.97
2025-11-22,TX,Returning,Potatoes,3,6.87
2025-11-22,IL,New,Cooking Oil,2,9.98
2025-11-22,IL,New,Honey Jar,3,20.97
2025-11-22,IL,New,Blue & Black Check Shirt,3,89.97
2025-11-22,GA,VIP,Tissue Paper Box,3,7.47
2025-11-22,IL,Returning,Kiwi,1,2.49
2025-11-22,IL,Returning,Gucci Bloom Eau de,1,79.99
2025-11-22,IL,Returning,Red Tongs,2,13.98
2025-11-22,IL,Returning,Fish Steak,3,44.97
2025-11-22,CA,New,Bedside Table African Cherry,1,299.99
2025-11-22,IL,New,Kiwi,1,2.49
2025-11-22,IL,New,New DELL XPS 13 9300 Laptop,1,1499.99
2025-11-22,IL,New,House Showpiece Plant,2,79.98
2025-11-22,IL,New,Bedside Table African Cherry,1,299.99
2025-11-22,CA,New,Black Aluminium Cup,3,17.97
2025-11-22,CA,New,Spoon,3,14.97
2025-11-22,GA,New,Black Whisk,1,9.99
2025-11-22,TX,New,Longines Master Collection,3,4499.97
2025-11-22,TX,New,Milk,2,6.98
2025-11-22,TX,New,Lenovo Yoga 920,1,1099.99
2025-11-22,TX,New,Water,2,1.98
2025-11-22,FL,Returning,Green Bell Pepper,3,3.87
2025-11-22,TX,Returning,Knife,2,29.98
2025-11-22,TX,Returning,Cucumber,1,1.49
2025-11-22,TX,Returning,Mug Tree Stand,3,47.97
2025-11-22,TX,Returning,Protein Powder,3,59.97
2025-11-22,WA,New,Soft Drinks,2,3.98
2025-11-22,TX,VIP,Bamboo Spatula,3,23.97
2025-11-22,TX,VIP,Longines Master Collection,2,2999.98
2025-11-22,TX,VIP,Boxed Blender,1,39.99
2025-11-22,GA,Returning,Blue & Black Check Shirt,2,59.98
2025-11-22,GA,Returning,Lenovo Yoga 920,2,2199.98
2025-11-22,GA,Returning,Bedside Table African Cherry,3,899.97
2025-11-22,WA,Returning,Knife,2,29.98
2025-11-22,WA,Returning,Rolex Cellini Moonphase,3,38999.97
2025-11-22,WA,Returning,Red Lipstick,1,12.99
2025-11-22,FL,Returning,Cat Food,2,17.98
2025-11-22,FL,Returning,Carbon Steel Wok,1,29.99
2025-11-22,FL,Returning,Apple Airpods,3,389.97
2025-11-22,NY,VIP,Annibale Colombo Bed,2,3799.98
2025-11-22,FL,VIP,Yellow Peeler,1,5.99
2025-11-22,FL,VIP,Knoll Saarinen Executive Conference Chair,2,999.98
2025-11-22,FL,VIP,Red Nail Polish,1,8.99
2025-11-22,FL,VIP,Man Short Sleeve Shirt,2,39.98
2025-11-22,GA,New,Microwave Oven,1,89.99
2025-11-22,GA,New,Fork,1,3.99
2025-11-22,CA,Returning,Fine Mesh Strainer,2,19.98
2025-11-22,CA,Returning,Man Short Sleeve Shirt,2,39.98
2025-11-22,WA,New,Sports Sneakers Off White Red,1,109.99
2025-11-22,WA,New,Black Whisk,1,9.99
2025-11-22,WA,New,Knife,3,44.97
2025-11-22,IL,New,Dolce Shine Eau de,1,69.99
2025-11-22,IL,New,Green Bell Pepper,2,2.58
2025-11-22,IL,New,Apple Airpods,3,389.97
2025-11-22,IL,New,Dior J'adore,3,269.97
2025-11-22,FL,New,Gucci Bloom Eau de,3,239.97
2025-11-22,FL,New,Juice,3,11.97
2025-11-22,TX,Returning,Soft Drinks,3,5.97
2025-11-22,TX,Returning,Dog Food,1,10.99
2025-11-22,NY,VIP,New DELL XPS 13 9300 Laptop,2,2999.98
2025-11-22,NY,VIP,Apple,2,3.98
2025-11-22,GA,New,Apple,3,5.97
2025-11-22,GA,New,Tissue Paper Box,3,7.47
2025-11-22,WA,VIP,Water,3,2.97
2025-11-22,WA,VIP,Dior J'adore,3,269.97
2025-11-22,WA,VIP,Longines Master Collection,1,1499.99
2025-11-22,MO,Returning,Honey Jar,3,20.97
2025-11-22,NY,New,Water,1,0.99
2025-11-22,CA,New,Puma Future Rider Trainers,2,179.98
2025-11-22,TX,New,Beef Steak,1,12.99
2025-11-22,TX,New,Citrus Squeezer Yellow,2,17.98
2025-11-22,TX,New,Family Tree Photo Frame,1,29.99
2025-11-22,TX,New,Ice Cream,2,10.98
2025-11-22,WA,VIP,Nescafe Coffee,2,15.98
2025-11-22,WA,VIP,Bamboo Spatula,1,7.99
2025-11-22,WA,VIP,Red Tongs,3,20.97
2025-11-22,WA,VIP,Rice,2,11.98
2025-11-22,FL,Returning,Decoration Swing,3,179.97
2025-11-22,TX,VIP,Cat Food,1,8.99
2025-11-22,TX,VIP,Wooden Rolling Pin,3,35.97
2025-11-22,NY,New,Ice Cream,3,16.47
2025-11-22,NY,New,Amazon Echo Plus,1,99.99
2025-11-22,NY,New,Sports Sneakers Off White & Red,2,239.98
2025-11-22,NY,New,Gigabyte Aorus Men Tshirt,3,74.97
2025-11-22,NY,VIP,Water,3,2.97
2025-11-22,CA,VIP,Annibale Colombo Sofa,2,4999.98
2025-11-22,CA,VIP,Sports Sneakers Off White & Red,2,239.98
2025-11-22,CA,VIP,Gucci Bloom Eau de,1,79.99
2025-11-22,MO,New,Rolex Submariner Watch,2,27999.98
2025-11-22,MO,New,Knoll Saarinen Executive Conference Chair,1,499.99
2025-11-22,MO,New,Rice,3,17.97
2025-11-22,FL,VIP,Amazon Echo Plus,3,299.97
2025-11-22,FL,VIP,Cat Food,3,26.97
2025-11-22,IL,VIP,Carbon Steel Wok,1,29.99
2025-11-22,MO,New,Wooden Bathroom Sink With Mirror,3,2399.97
2025-11-22,MO,New,Sports Sneakers Off White Red,3,329.97
2025-11-22,MO,New,Chicken Meat,1,9.99
2025-11-22,MO,New,Lemon,3,2.37
2025-11-23,GA,New,Rice,2,11.98
2025-11-23,CA,New,Kitchen Sieve,2,15.98
2025-11-23,CA,New,Chicken Meat,2,19.98
2025-11-23,WA,Returning,Kiwi,3,7.47
2025-11-23,WA,Returning,Plant Pot,3,44.97
2025-11-23,WA,Returning,Plate,2,7.98
2025-11-23,TX,New,Sports Sneakers Off White Red,3,329.97
2025-11-23,TX,New,Glass,2,9.98
2025-11-23,TX,New,Rolex Datejust,1,10999.99
2025-11-23,TX,VIP,Huawei Matebook X Pro,1,1399.99
2025-11-23,TX,VIP,Cooking Oil,3,14.97
2025-11-23,TX,VIP,Knoll Saarinen Executive Conference Chair,3,1499.97
2025-11-23,TX,VIP,Beef Steak,3,38.97
2025-11-23,TX,VIP,Powder Canister,2,29.98
2025-11-23,TX,VIP,Lemon,1,0.79
2025-11-23,TX,VIP,Juice,1,3.99
2025-11-23,TX,VIP,Calvin Klein CK One,3,149.97
2025-11-23,MO,Returning,Black Aluminium Cup,1,5.99
2025-11-23,MO,Returning,Nike Air Jordan 1 Red And Black,3,449.97
2025-11-23,MO,Returning,Decoration Swing,1,59.99
2025-11-23,WA,New,Man Short Sleeve Shirt,1,19.99
2025-11-23,TX,New,Apple MacBook Pro 14 Inch Space Grey,2,3999.98
2025-11-23,TX,New,Decoration Swing,2,119.98
2025-11-23,IL,New,Microwave Oven,2,179.98
2025-11-23,TX,VIP,Egg Slicer,1,6.99
2025-11-23,TX,VIP,Brown Leather Belt Watch,3,269.97
2025-11-23,TX,VIP,Kitchen Sieve,2,15.98
2025-11-23,TX,VIP,House Showpiece Plant,2,79.98
2025-11-23,WA,VIP,Longines Master Collection,2,2999.98
2025-11-23,FL,New,Citrus Squeezer Yellow,2,17.98
2025-11-23,IL,VIP,Fine Mesh Strainer,1,9.99
2025-11-23,TX,VIP,Eyeshadow Palette with Mirror,1,19.99
2025-11-23,TX,VIP,Protein Powder,1,19.99
2025-11-23,TX,VIP,Tray,3,50.97
2025-11-23,TX,VIP,Green Chili Pepper,3,2.97
2025-11-23,FL,New,Carbon Steel Wok,3,89.97
2025-11-23,FL,New,Rolex Cellini Date Black Dial,2,17999.98
2025-11-23,FL,New,Wooden Bathroom Sink With Mirror,3,2399.97
2025-11-23,FL,New,Red Tongs,3,20.97
2025-11-23,WA,New,Lunch Box,2,25.98
2025-11-23,NY,VIP,Lenovo Yoga 920,3,3299.97
2025-11-23,NY,VIP,Red Nail Polish,1,8.99
2025-11-23,NY,VIP,Red Onions,2,3.98
2025-11-23,NY,VIP,Puma Future Rider Trainers,1,89.99
2025-11-23,TX,VIP,House Showpiece Plant,2,79.98
2025-11-23,TX,VIP,Kiwi,2,4.98
2025-11-23,TX,VIP,Man Short Sleeve Shirt,3,59.97
2025-11-23,CA,Returning,Lunch Box,1,12.99
2025-11-23,CA,Returning,Gigabyte Aorus Men Tshirt,1,24.99
2025-11-23,CA,Returning,Huawei Matebook X Pro,3,4199.97
2025-11-23,CA,Returning,Boxed Blender,2,79.98
2025-11-23,IL,VIP,Potatoes,1,2.29
2025-11-23,IL,VIP,Soft Drinks,2,3.98
2025-11-23,IL,VIP,Apple Airpods,3,389.97
2025-11-23,CA,VIP,Spice Rack,3,59.97
2025-11-23,FL,New,Ice Cube Tray,3,17.97
2025-11-23,FL,New,Asus Zenbook Pro Dual Screen Laptop,3,5399.97
2025-11-23,FL,New,Apple Airpods,2,259.98
2025-11-23,FL,New,Red Onions,1,1.99
2025-11-23,MO,Returning,Beef Steak,1,12.99
2025-11-23,MO,Returning,House Showpiece Plant,3,119.97
2025-11-23,MO,Returning,Nike Baseball Cleats,2,159.98
2025-11-23,GA,VIP,Pan,1,24.99
2025-11-23,GA,VIP,Egg Slicer,1,6.99
2025-11-23,GA,VIP,Red Tongs,1,6.99
2025-11-23,GA,VIP,Milk,3,10.47
2025-11-23,IL,Returning,Wooden Bathroom Sink With Mirror,3,2399.97
2025-11-23,GA,VIP,Apple Airpods,1,129.99
2025-11-23,GA,VIP,Rolex Submariner Watch,2,27999.98
2025-11-23,GA,VIP,Red Onions,2,3.98
2025-11-23,GA,VIP,Water,1,0.99
2025-11-23,IL,Returning,Strawberry,2,7.98
2025-11-23,IL,Returning,Mug Tree Stand,2,31.98
2025-11-23,TX,VIP,Kiwi,3,7.47
2025-11-23,TX,VIP,Brown Leather Belt Watch,3,269.97
2025-11-23,CA,New,Fine Mesh Strainer,2,19.98
2025-11-23,NY,VIP,Egg Slicer,3,20.97
2025-11-23,NY,VIP,Table Lamp,2,99.98
2025-11-23,NY,VIP,Powder Canister,2,29.98
2025-11-23,TX,New,Green Chili Pepper,3,2.97
2025-11-23,MO,VIP,Slotted Turner,1,8.99
2025-11-23,MO,VIP,Tray,2,33.98
2025-11-23,MO,VIP,Milk,1,3.49
2025-11-23,MO,VIP,Chicken Meat,3,29.97
2025-11-23,TX,New,Fish Steak,2,29.98
2025-11-23,TX,New,Amazon Echo Plus,2,199.98
2025-11-23,TX,New,Nike Baseball Cleats,2,159.98
2025-11-23,WA,Returning,Nescafe Coffee,2,15.98
2025-11-23,WA,Returning,Carbon Steel Wok,2,59.98
2025-11-23,WA,Returning,Cucumber,3,4.47
2025-11-23,WA,Returning,Asus Zenbook Pro Dual Screen Laptop,1,1799.99
2025-11-23,CA,VIP,Rolex Cellini Moonphase,1,12999.99
2025-11-23,CA,VIP,Honey Jar,2,13.98
2025-11-23,CA,VIP,Family Tree Photo Frame,2,59.98
2025-11-23,FL,New,Red Lipstick,3,38.97
2025-11-23,FL,New,Chicken Meat,1,9.99
2025-11-23,FL,New,Plate,3,11.97
2025-11-23,WA,Returning,Potatoes,3,6.87
2025-11-23,WA,Returning,Hand Blender,1,34.99
2025-11-23,WA,Returning,Strawberry,3,11.97
2025-11-23,GA,VIP,Dolce Shine Eau de,1,69.99
2025-11-23,NY,New,Kiwi,3,7.47
2025-11-23,NY,New,Men Check Shirt,3,83.97
2025-11-23,NY,New,Apple,2,3.98
2025-11-23,NY,New,Dior J'adore,2,179.98
2025-11-23,IL,Returning,Red Onions,3,5.97
2025-11-23,IL,Returning,Amazon Echo Plus,3,299.97
2025-11-23,GA,VIP,Beef Steak,3,38.97
2025-11-23,GA,VIP,Dior J'adore,1,89.99
2025-11-23,GA,VIP,Cat Food,3,26.97
2025-11-23,GA,VIP,Eyeshadow Palette with Mirror,3,59.97
2025-11-23,TX,Returning,Plate,2,7.98
2025-11-23,TX,Returning,Puma Future Rider Trainers,3,269.97
2025-11-23,TX,Returning,Dog Food,1,10.99
2025-11-23,MO,Returning,Cat Food,1,8.99
2025-11-23,MO,Returning,Brown Leather Belt Watch,1,89.99
2025-11-23,MO,New,Nike Baseball Cleats,2,159.98
2025-11-23,NY,Returning,Bedside Table African Cherry,3,899.97
2025-11-23,NY,Returning,Cucumber,2,2.98
2025-11-23,MO,Returning,Bamboo Spatula,3,23.97
2025-11-23,MO,Returning,Sports Sneakers Off White Red,2,219.98
2025-11-23,CA,VIP,Red Onions,1,1.99
2025-11-23,CA,VIP,Potatoes,1,2.29
2025-11-23,FL,VIP,Kitchen Sieve,2,15.98
2025-11-23,FL,VIP,Honey Jar,1,6.99
2025-11-23,MO,VIP,Spice Rack,2,39.98
2025-11-23,TX,New,Fine Mesh Strainer,3,29.97
2025-11-23,NY,Returning,Bedside Table African Cherry,2,599.98
2025-11-23,NY,Returning,Chopping Board,3,38.97
2025-11-23,CA,New,Silver Pot With Glass Cap,3,119.97
2025-11-23,CA,New,Red Tongs,3,20.97
2025-11-23,CA,New,Red Onions,2,3.98
2025-11-23,CA,New,Ice Cream,3,16.47
2025-11-23,IL,VIP,Asus Zenbook Pro Dual Screen Laptop,3,5399.97
2025-11-23,IL,VIP,Sports Sneakers Off White & Red,2,239.98
2025-11-23,IL,VIP,Huawei Matebook X Pro,1,1399.99
2025-11-23,IL,VIP,Black Aluminium Cup,2,11.98
2025-11-23,NY,Returning,Silver Pot With Glass Cap,1,39.99
2025-11-23,NY,Returning,Puma Future Rider Trainers,2,179.98
2025-11-23,NY,Returning,Fine Mesh Strainer,1,9.99
2025-11-23,GA,VIP,Apple MacBook Pro 14 Inch Space Grey,2,3999.98
2025-11-23,GA,VIP,Boxed Blender,3,119.97
2025-11-23,GA,VIP,Juice,1,3.99
2025-11-23,GA,VIP,New DELL XPS 13 9300 Laptop,3,4499.97
2025-11-23,CA,New,Men Check Shirt,1,27.99
2025-11-23,CA,New,Nescafe Coffee,1,7.99
2025-11-23,CA,New,Table Lamp,1,49.99
2025-11-24,FL,New,Rolex Cellini Date Black Dial,1,8999.99
2025-11-24,CA,New,Sports Sneakers Off White & Red,2,239.98
2025-11-24,IL,VIP,Soft Drinks,3,5.97
2025-11-24,IL,VIP,Chicken Meat,3,29.97
2025-11-24,IL,VIP,Lunch Box,1,12.99
2025-11-24,FL,New,Microwave Oven,1,89.99
2025-11-24,FL,New,Decoration Swing,3,179.97
2025-11-24,FL,New,Mulberry,3,14.97
2025-11-24,FL,New,Honey Jar,1,6.99
2025-11-24,WA,Returning,Rice,3,17.97
2025-11-24,WA,Returning,Fork,2,7.98
2025-11-24,WA,Returning,Apple,2,3.98
2025-11-24,NY,Returning,Protein Powder,2,39.98
2025-11-24,NY,Returning,Essence Mascara Lash Princess,1,9.99
2025-11-24,GA,New,Mulberry,1,4.99
2025-11-24,GA,New,Cucumber,1,1.49
2025-11-24,CA,Returning,Protein Powder,1,19.99
2025-11-24,CA,Returning,Nescafe Coffee,1,7.99
2025-11-24,CA,Returning,Red Lipstick,3,38.97
2025-11-24,CA,Returning,Apple MacBook Pro 14 Inch Space Grey,3,5999.97
2025-11-24,FL,New,Green Bell Pepper,1,1.29
2025-11-24,FL,New,Man Plaid Shirt,3,104.97
2025-11-24,FL,New,Rolex Cellini Moonphase,2,25999.98
2025-11-24,FL,New,Dog Food,1,10.99
2025-11-24,FL,VIP,Nescafe Coffee,2,15.98
2025-11-24,FL,VIP,Cooking Oil,2,9.98
2025-11-24,FL,VIP,Blue & Black Check Shirt,3,89.97
2025-11-24,FL,VIP,Asus Zenbook Pro Dual Screen Laptop,1,1799.99
2025-11-24,NY,VIP,Mug Tree Stand,2,31.98
2025-11-24,IL,VIP,Nike Baseball Cleats,3,239.97
2025-11-24,IL,VIP,Nike Air Jordan 1 Red And Black,1,149.99
2025-11-24,IL,VIP,Microwave Oven,3,269.97
2025-11-24,IL,VIP,Carbon Steel Wok,3,89.97
2025-11-24,GA,New,Electric Stove,1,49.99
2025-11-24,WA,Returning,Ice Cream,3,16.47
2025-11-24,WA,Returning,Longines Master Collection,2,2999.98
2025-11-24,WA,Returning,Dolce Shine Eau de,3,209.97
2025-11-24,GA,New,Bamboo Spatula,1,7.99
2025-11-24,MO,VIP,Tissue Paper Box,1,2.49
2025-11-24,MO,VIP,Chanel Coco Noir Eau De,1,129.99
2025-11-24,FL,New,Red Tongs,3,20.97
2025-11-24,FL,New,Microwave Oven,2,179.98
2025-11-24,CA,New,Cooking Oil,2,9.98
2025-11-24,IL,New,Apple MacBook Pro 14 Inch Space Grey,1,1999.99
2025-11-24,IL,New,Rolex Cellini Moonphase,2,25999.98
2025-11-24,IL,New,Silver Pot With Glass Cap,3,119.97
2025-11-24,IL,New,Egg Slicer,3,20.97
2025-11-24,GA,New,Apple,1,1.99
2025-11-24,GA,New,Black Whisk,2,19.98
2025-11-24,MO,VIP,Glass,3,14.97
2025-11-24,MO,VIP,Slotted Turner,1,8.99
2025-11-24,MO,VIP,Fine Mesh Strainer,2,19.98
2025-11-24,MO,VIP,Cat Food,3,26.97
2025-11-24,FL,Returning,Green Bell Pepper,2,2.58
2025-11-24,FL,Returning,Beef Steak,2,25.98
2025-11-24,FL,Returning,Red Tongs,1,6.99
2025-11-24,FL,VIP,Silver Pot With Glass Cap,1,39.99
2025-11-24,FL,VIP,Plant Pot,2,29.98
2025-11-24,NY,Returning,Sports Sneakers Off White Red,1,109.99
2025-11-24,IL,Returning,Powder Canister,2,29.98
2025-11-24,IL,Returning,Eggs,1,2.99
2025-11-24,NY,New,Kitchen Sieve,1,7.99
2025-11-24,NY,New,Fish Steak,2,29.98
2025-11-24,NY,New,Wooden Bathroom Sink With Mirror,1,799.99
2025-11-24,NY,New,Rice,1,5.99
2025-11-24,FL,Returning,Nike Air Jordan 1 Red And Black,2,299.98
2025-11-24,FL,Returning,Slotted Turner,2,17.98
2025-11-24,FL,Returning,Blue & Black Check Shirt,1,29.99
2025-11-24,FL,Returning,Silver Pot With Glass Cap,1,39.99
2025-11-24,NY,Returning,Plate,3,11.97
2025-11-24,MO,Returning,Lunch Box,3,38.97
2025-11-24,TX,Returning,Black Aluminium Cup,3,17.97
2025-11-24,TX,Returning,Eyeshadow Palette with Mirror,1,19.99
2025-11-24,TX,Returning,Hand Blender,1,34.99
2025-11-24,TX,Returning,Mulberry,1,4.99
2025-11-24,GA,VIP,Eggs,3,8.97
2025-11-24,GA,VIP,Nike Air Jordan 1 Red And Black,1,149.99
2025-11-24,NY,Returning,Milk,2,6.98
2025-11-24,NY,Returning,Citrus Squeezer Yellow,2,17.98
2025-11-24,GA,Returning,Wooden Rolling Pin,2,23.98
2025-11-24,GA,Returning,Apple,1,1.99
2025-11-24,IL,New,Fine Mesh Strainer,2,19.98
2025-11-24,TX,Returning,Fish Steak,3,44.97
2025-11-24,TX,Returning,Lemon,1,0.79
2025-11-24,TX,Returning,Boxed Blender,3,119.97
2025-11-24,TX,Returning,Mulberry,3,14.97
2025-11-24,GA,New,Huawei Matebook X Pro,1,1399.99
2025-11-24,GA,New,Red Tongs,3,20.97
2025-11-24,CA,Returning,Eyeshadow Palette with Mirror,2,39.98
2025-11-24,IL,Returning,Dolce Shine Eau de,2,139.98
2025-11-24,IL,Returning,Brown Leather Belt Watch,3,269.97
2025-11-24,IL,Returning,Potatoes,1,2.29
2025-11-24,IL,Returning,Table Lamp,3,149.97
2025-11-24,CA,VIP,Microwave Oven,2,179.98
2025-11-24,CA,VIP,Blue & Black Check Shirt,1,29.99
2025-11-24,TX,Returning,Black Whisk,1,9.99
2025-11-24,TX,Returning,Plant Pot,3,44.97
2025-11-24,TX,Returning,Nike Baseball Cleats,2,159.98
2025-11-24,GA,New,Annibale Colombo Sofa,1,2499.99
2025-11-24,GA,New,Eggs,2,5.98
2025-11-24,NY,New,Microwave Oven,3,269.97
2025-11-24,NY,New,Fork,1,3.99
2025-11-25,WA,New,Boxed Blender,3,119.97
2025-11-25,WA,New,Electric Stove,1,49.99
2025-11-25,IL,VIP,Rolex Cellini Date Black Dial,3,26999.97
2025-11-25,IL,VIP,Fork,1,3.99
2025-11-25,MO,VIP,Lemon,1,0.79
2025-11-25,MO,VIP,Silver Pot With Glass Cap,1,39.99
2025-11-25,MO,VIP,Strawberry,2,7.98
2025-11-25,MO,VIP,New DELL XPS 13 9300 Laptop,3,4499.97
2025-11-25,CA,New,Wooden Bathroom Sink With Mirror,2,1599.98
2025-11-25,CA,New,Nike Baseball Cleats,1,79.99
2025-11-25,CA,New,Lunch Box,3,38.97
2025-11-25,IL,VIP,Carbon Steel Wok,1,29.99
2025-11-25,IL,VIP,Kiwi,3,7.47
2025-11-25,IL,VIP,House Showpiece Plant,2,79.98
2025-11-25,IL,VIP,Longines Master Collection,1,1499.99
2025-11-25,FL,New,Amazon Echo Plus,2,199.98
2025-11-25,FL,New,House Showpiece Plant,2,79.98
2025-11-25,FL,New,Red Tongs,3,20.97
2025-11-25,FL,New,Milk,1,3.49
2025-11-25,WA,New,Wooden Bathroom Sink With Mirror,1,799.99
2025-11-25,WA,New,Lemon,1,0.79
2025-11-25,WA,New,Fork,2,7.98
2025-11-25,FL,VIP,Ice Cube Tray,2,11.98
2025-11-25,FL,VIP,Kiwi,1,2.49
2025-11-25,CA,Returning,Apple MacBook Pro 14 Inch Space Grey,1,1999.99
2025-11-25,CA,Returning,Nike Air Jordan 1 Red And Black,1,149.99
2025-11-25,CA,Returning,Lunch Box,2,25.98
2025-11-25,NY,Returning,Table Lamp,1,49.99
2025-11-25,NY,Returning,Rice,2,11.98
2025-11-25,NY,Returning,Juice,2,7.98
2025-11-25,NY,Returning,Mug Tree Stand,2,31.98
2025-11-25,NY,New,Asus Zenbook Pro Dual Screen Laptop,3,5399.97
2025-11-25,NY,New,Water,3,2.97
2025-11-25,NY,New,Spoon,3,14.97
2025-11-25,NY,New,Blue & Black Check Shirt,1,29.99
2025-11-25,CA,New,House Showpiece Plant,1,39.99
2025-11-25,CA,New,Table Lamp,3,149.97
2025-11-25,CA,New,Boxed Blender,3,119.97
2025-11-25,CA,New,Asus Zenbook Pro Dual Screen Laptop,2,3599.98
2025-11-25,NY,VIP,Huawei Matebook X Pro,2,2799.98
2025-11-25,NY,VIP,Chicken Meat,1,9.99
2025-11-25,NY,VIP,Powder Canister,3,44.97
2025-11-25,NY,VIP,Plate,3,11.97
2025-11-25,TX,New,Eyeshadow Palette with Mirror,1,19.99
2025-11-25,IL,New,Citrus Squeezer Yellow,1,8.99
2025-11-25,IL,New,Knoll Saarinen Executive Conference Chair,3,1499.97
2025-11-25,IL,New,Spoon,1,4.99
2025-11-25,GA,New,Amazon Echo Plus,2,199.98
2025-11-25,GA,New,Tissue Paper Box,3,7.47
2025-11-25,GA,New,Gigabyte Aorus Men Tshirt,2,49.98
2025-11-25,NY,VIP,Annibale Colombo Bed,2,3799.98
2025-11-25,NY,VIP,Knoll Saarinen Executive Conference Chair,3,1499.97
2025-11-25,NY,VIP,Ice Cube Tray,2,11.98
2025-11-25,GA,New,Spoon,2,9.98
2025-11-25,GA,New,Microwave Oven,3,269.97
2025-11-25,GA,New,Decoration Swing,3,179.97
2025-11-25,NY,VIP,Glass,2,9.98
2025-11-25,NY,VIP,Nike Air Jordan 1 Red And Black,2,299.98
2025-11-25,NY,VIP,Water,1,0.99
2025-11-25,GA,New,Brown Leather Belt Watch,2,179.98
2025-11-25,FL,VIP,Tray,1,16.99
2025-11-25,MO,VIP,Potatoes,2,4.58
2025-11-25,MO,VIP,Rolex Cellini Date Black Dial,2,17999.98
2025-11-25,MO,VIP,Glass,3,14.97
2025-11-25,TX,Returning,Protein Powder,1,19.99
2025-11-25,TX,Returning,Gigabyte Aorus Men Tshirt,3,74.97
2025-11-25,TX,Returning,Green Bell Pepper,2,2.58
2025-11-26,WA,Returning,Red Lipstick,2,25.98
2025-11-26,WA,Returning,Water,3,2.97
2025-11-26,WA,Returning,Dog Food,2,21.98
2025-11-26,FL,New,Asus Zenbook Pro Dual Screen Laptop,1,1799.99
2025-11-26,FL,New,Silver Pot With Glass Cap,1,39.99
2025-11-26,FL,New,Grater Black,2,21.98
2025-11-26,FL,New,Slotted Turner,1,8.99
2025-11-26,FL,VIP,Microwave Oven,1,89.99
2025-11-26,FL,VIP,Longines Master Collection,1,1499.99
2025-11-26,FL,VIP,Egg Slicer,3,20.97
2025-11-26,FL,VIP,Annibale Colombo Sofa,3,7499.97
2025-11-26,MO,New,Lemon,2,1.58
2025-11-26,NY,VIP,Essence Mascara Lash Princess,2,19.98
2025-11-26,NY,VIP,Apple MacBook Pro 14 Inch Space Grey,2,3999.98
2025-11-26,FL,VIP,Mulberry,3,14.97
2025-11-26,FL,VIP,Cucumber,3,4.47
2025-11-26,FL,VIP,Microwave Oven,1,89.99
2025-11-26,TX,New,Soft Drinks,3,5.97
2025-11-26,GA,VIP,Tissue Paper Box,2,4.98
2025-11-26,GA,VIP,Silver Pot With Glass Cap,2,79.98
2025-11-26,NY,Returning,Asus Zenbook Pro Dual Screen Laptop,1,1799.99
2025-11-26,NY,Returning,Protein Powder,3,59.97
2025-11-26,NY,Returning,Red Nail Polish,3,26.97
2025-11-26,WA,Returning,Red Nail Polish,1,8.99
2025-11-26,WA,Returning,Amazon Echo Plus,2,199.98
2025-11-26,FL,New,Mulberry,1,4.99
2025-11-26,FL,New,Rice,1,5.99
2025-11-26,FL,New,Chicken Meat,3,29.97
2025-11-26,FL,VIP,Blue & Black Check Shirt,1,29.99
2025-11-26,FL,VIP,Dog Food,1,10.99
2025-11-26,FL,VIP,Table Lamp,1,49.99
2025-11-26,FL,VIP,Knoll Saarinen Executive Conference Chair,1,499.99
2025-11-26,WA,Returning,Brown Leather Belt Watch,2,179.98
2025-11-26,WA,Returning,Knife,3,44.97
2025-11-26,WA,Returning,Glass,2,9.98
2025-11-26,WA,Returning,Longines Master Collection,2,2999.98
2025-11-26,IL,New,Fine Mesh Strainer,3,29.97
2025-11-26,IL,New,Sports Sneakers Off White & Red,2,239.98
2025-11-26,NY,Returning,Essence Mascara Lash Princess,1,9.99
2025-11-26,NY,Returning,Wooden Rolling Pin,1,11.99
2025-11-26,NY,Returning,Gucci Bloom Eau de,3,239.97
2025-11-26,CA,Returning,Wooden Rolling Pin,3,35.97
2025-11-26,CA,Returning,Slotted Turner,3,26.97
2025-11-26,FL,New,Annibale Colombo Sofa,2,4999.98
2025-11-26,WA,VIP,Electric Stove,3,149.97
2025-11-26,FL,New,Essence Mascara Lash Princess,1,9.99
2025-11-26,FL,New,Man Short Sleeve Shirt,1,19.99
2025-11-26,FL,New,Longines Master Collection,1,1499.99
2025-11-26,NY,New,Powder Canister,2,29.98
2025-11-26,NY,New,Dior J'adore,1,89.99
2025-11-26,WA,Returning,Boxed Blender,2,79.98
2025-11-26,WA,Returning,Fork,2,7.98
2025-11-26,WA,Returning,Nike Air Jordan 1 Red And Black,3,449.97
2025-11-26,GA,New,Potatoes,3,6.87
2025-11-26,GA,New,Ice Cream,3,16.47
2025-11-26,GA,New,Bedside Table African Cherry,2,599.98
2025-11-26,GA,New,Silver Pot With Glass Cap,3,119.97
2025-11-26,IL,VIP,Eyeshadow Palette with Mirror,1,19.99
2025-11-26,IL,VIP,Lunch Box,2,25.98
2025-11-26,MO,VIP,Potatoes,3,6.87
2025-11-26,MO,VIP,Bedside Table African Cherry,2,599.98
2025-11-26,MO,VIP,Knoll Saarinen Executive Conference Chair,2,999.98
2025-11-26,MO,VIP,House Showpiece Plant,2,79.98
2025-11-26,WA,VIP,Microwave Oven,1,89.99
2025-11-26,WA,VIP,Juice,2,7.98
2025-11-26,CA,Returning,Sports Sneakers Off White Red,3,329.97
2025-11-26,MO,Returning,Fine Mesh Strainer,2,19.98
2025-11-26,MO,Returning,Rolex Cellini Date Black Dial,3,26999.97
2025-11-26,MO,Returning,Eyeshadow Palette with Mirror,1,19.99
2025-11-26,FL,Returning,Strawberry,3,11.97
2025-11-26,FL,Returning,New DELL XPS 13 9300 Laptop,1,1499.99
2025-11-26,FL,Returning,Black Aluminium Cup,1,5.99
2025-11-26,FL,Returning,Bamboo Spatula,1,7.99
2025-11-26,TX,Returning,Lunch Box,2,25.98
2025-11-26,IL,New,Eyeshadow Palette with Mirror,3,59.97
2025-11-26,CA,Returning,Family Tree Photo Frame,1,29.99
2025-11-26,CA,Returning,Beef Steak,2,25.98
2025-11-26,IL,New,Red Tongs,1,6.99
2025-11-26,IL,New,Fine Mesh Strainer,1,9.99
2025-11-26,IL,New,Potatoes,3,6.87
2025-11-26,IL,New,House Showpiece Plant,3,119.97
2025-11-26,GA,New,Water,3,2.97
2025-11-26,GA,New,Carbon Steel Wok,1,29.99
2025-11-26,GA,New,Kiwi,2,4.98
2025-11-26,GA,New,Grater Black,1,10.99
2025-11-26,CA,VIP,Lenovo Yoga 920,1,1099.99
2025-11-26,WA,Returning,Knife,2,29.98
2025-11-26,WA,Returning,Man Plaid Shirt,2,69.98
2025-11-26,FL,Returning,Yellow Peeler,1,5.99
2025-11-26,MO,Returning,Plate,3,11.97
2025-11-26,MO,Returning,Chanel Coco Noir Eau De,1,129.99
2025-11-26,MO,New,Cucumber,3,4.47
2025-11-26,MO,New,Soft Drinks,1,1.99
2025-11-26,CA,VIP,Eyeshadow Palette with Mirror,2,39.98
2025-11-26,GA,Returning,Plate,3,11.97
2025-11-26,GA,Returning,Annibale Colombo Bed,2,3799.98
2025-11-26,TX,Returning,Asus Zenbook Pro Dual Screen Laptop,3,5399.97
2025-11-26,TX,Returning,Soft Drinks,1,1.99
2025-11-26,NY,Returning,Rice,2,11.98
2025-11-26,WA,VIP,Man Short Sleeve Shirt,3,59.97
2025-11-26,MO,New,Dior J'adore,1,89.99
2025-11-26,MO,New,Red Onions,2,3.98
2025-11-26,MO,New,Calvin Klein CK One,3,149.97
2025-11-26,MO,New,Apple,1,1.99
2025-11-26,IL,VIP,Rolex Cellini Date Black Dial,1,8999.99
2025-11-26,IL,VIP,Boxed Blender,3,119.97
2025-11-26,IL,VIP,Nescafe Coffee,1,7.99
2025-11-26,IL,VIP,Grater Black,3,32.97
2025-11-26,TX,Returning,Glass,2,9.98
2025-11-26,TX,Returning,Man Plaid Shirt,3,104.97
2025-11-26,TX,Returning,Carbon Steel Wok,3,89.97
2025-11-26,TX,Returning,Protein Powder,1,19.99
2025-11-26,WA,New,Annibale Colombo Sofa,2,4999.98
2025-11-26,WA,New,Green Bell Pepper,2,2.58
2025-11-26,WA,New,Grater Black,1,10.99
2025-11-26,FL,VIP,Chicken Meat,3,29.97
2025-11-26,FL,VIP,Rolex Cellini Date Black Dial,2,17999.98
2025-11-26,FL,VIP,Cooking Oil,1,4.99
2025-11-26,CA,VIP,Chicken Meat,1,9.99
2025-11-26,NY,Returning,Red Onions,1,1.99
2025-11-26,NY,Returning,Fine Mesh Strainer,3,29.97
2025-11-26,NY,Returning,Apple MacBook Pro 14 Inch Space Grey,2,3999.98
2025-11-26,NY,VIP,Lemon,3,2.37
2025-11-26,NY,VIP,Longines Master Collection,3,4499.97
2025-11-26,NY,VIP,Gucci Bloom Eau de,2,159.98
2025-11-26,WA,New,Red Nail Polish,2,17.98
2025-11-26,FL,Returning,Red Tongs,3,20.97
2025-11-26,FL,Returning,Kitchen Sieve,1,7.99
2025-11-26,FL,Returning,Protein Powder,2,39.98
2025-11-26,FL,Returning,Green Bell Pepper,2,2.58
2025-11-26,WA,VIP,Men Check Shirt,3,83.97
2025-11-26,WA,VIP,Citrus Squeezer Yellow,3,26.97
2025-11-26,WA,VIP,Annibale Colombo Bed,2,3799.98
2025-11-26,WA,VIP,Honey Jar,3,20.97
2025-11-26,CA,Returning,Honey Jar,2,13.98
2025-11-26,CA,Returning,Citrus Squeezer Yellow,2,17.98
2025-11-26,CA,Returning,Lenovo Yoga 920,1,1099.99
2025-11-26,WA,New,Green Chili Pepper,2,1.98
2025-11-26,WA,New,Essence Mascara Lash Princess,1,9.99
2025-11-26,WA,New,Gucci Bloom Eau de,3,239.97
2025-11-27,CA,New,Plate,3,11.97
2025-11-27,MO,Returning,Egg Slicer,2,13.98
2025-11-27,MO,Returning,Man Short Sleeve Shirt,2,39.98
2025-11-27,MO,Returning,Black Aluminium Cup,1,5.99
2025-11-27,WA,VIP,Red Onions,1,1.99
2025-11-27,WA,VIP,Cat Food,2,17.98
2025-11-27,WA,VIP,Rolex Cellini Date Black Dial,1,8999.99
2025-11-27,WA,VIP,Decoration Swing,2,119.98
2025-11-27,FL,Returning,Green Bell Pepper,3,3.87
2025-11-27,FL,Returning,Powder Canister,2,29.98
2025-11-27,FL,Returning,Protein Powder,2,39.98
2025-11-27,GA,Returning,Man Short Sleeve Shirt,1,19.99
2025-11-27,NY,VIP,Electric Stove,3,149.97
2025-11-27,NY,VIP,Annibale Colombo Sofa,3,7499.97
2025-11-27,NY,VIP,Apple,1,1.99
2025-11-27,WA,Returning,Fine Mesh Strainer,2,19.98
2025-11-27,WA,Returning,Sports Sneakers Off White & Red,2,239.98
2025-11-27,WA,Returning,Cucumber,2,2.98
2025-11-27,FL,New,Strawberry,2,7.98
2025-11-27,FL,New,Nescafe Coffee,1,7.99
2025-11-27,FL,New,Annibale Colombo Bed,2,3799.98
2025-11-27,FL,New,Eggs,1,2.99
2025-11-27,WA,VIP,Eyeshadow Palette with Mirror,3,59.97
2025-11-27,WA,VIP,Blue & Black Check Shirt,1,29.99
2025-11-27,MO,VIP,Rolex Datejust,2,21999.98
2025-11-27,MO,VIP,Annibale Colombo Bed,1,1899.99
2025-11-27,GA,Returning,Dolce Shine Eau de,3,209.97
2025-11-27,GA,Returning,Pan,3,74.97
2025-11-27,GA,Returning,Soft Drinks,3,5.97
2025-11-27,NY,New,New DELL XPS 13 9300 Laptop,3,4499.97
2025-11-27,FL,New,Eyeshadow Palette with Mirror,2,39.98
2025-11-27,FL,New,Mug Tree Stand,3,47.97
2025-11-27,FL,New,Strawberry,2,7.98
2025-11-27,FL,New,Green Chili Pepper,2,1.98
2025-11-27,NY,Returning,Kiwi,3,7.47
2025-11-27,CA,VIP,Juice,1,3.99
2025-11-27,CA,VIP,Dog Food,2,21.98
2025-11-27,MO,VIP,Knife,2,29.98
2025-11-27,MO,VIP,Honey Jar,3,20.97
2025-11-27,WA,Returning,Cucumber,3,4.47
2025-11-27,FL,New,Gigabyte Aorus Men Tshirt,2,49.98
2025-11-27,FL,New,Wooden Bathroom Sink With Mirror,3,2399.97
2025-11-27,FL,New,Juice,1,3.99
2025-11-27,WA,New,Pan,1,24.99
2025-11-27,WA,New,Black Whisk,3,29.97
2025-11-27,IL,Returning,Cooking Oil,2,9.98
2025-11-27,IL,Returning,Rolex Datejust,1,10999.99
2025-11-27,IL,Returning,Essence Mascara Lash Princess,2,19.98
2025-11-27,NY,Returning,Dior J'adore,2,179.98
2025-11-27,WA,Returning,Gucci Bloom Eau de,1,79.99
2025-11-27,WA,Returning,Lenovo Yoga 920,1,1099.99
2025-11-27,WA,Returning,Citrus Squeezer Yellow,3,26.97
2025-11-27,WA,Returning,Black Aluminium Cup,2,11.98
2025-11-27,WA,Returning,Nescafe Coffee,3,23.97
2025-11-27,FL,VIP,Apple Airpods,1,129.99
2025-11-27,FL,VIP,Beef Steak,2,25.98
2025-11-27,FL,VIP,Table Lamp,3,149.97
2025-11-27,FL,VIP,Glass,3,14.97
2025-11-27,MO,VIP,Fine Mesh Strainer,1,9.99
2025-11-27,MO,VIP,New DELL XPS 13 9300 Laptop,1,1499.99
2025-11-27,MO,VIP,Wooden Rolling Pin,2,23.98
2025-11-27,TX,VIP,Lunch Box,3,38.97
2025-11-27,TX,VIP,Eggs,1,2.99
2025-11-27,TX,VIP,Plate,3,11.97
2025-11-27,GA,VIP,Strawberry,1,3.99
2025-11-27,IL,Returning,Bedside Table African Cherry,1,299.99
2025-11-27,GA,Returning,Nike Baseball Cleats,2,159.98
2025-11-27,GA,Returning,Brown Leather Belt Watch,2,179.98
2025-11-27,GA,Returning,Ice Cream,2,10.98
2025-11-27,TX,Returning,Annibale Colombo Sofa,2,4999.98
2025-11-27,NY,VIP,Nike Baseball Cleats,1,79.99
2025-11-27,NY,VIP,Ice Cream,3,16.47
2025-11-27,IL,VIP,Annibale Colombo Sofa,2,4999.98
2025-11-27,IL,VIP,Cat Food,3,26.97
2025-11-27,IL,VIP,Chicken Meat,3,29.97
2025-11-27,IL,VIP,Decoration Swing,1,59.99
2025-11-27,GA,VIP,Chopping Board,3,38.97
2025-11-27,GA,VIP,Cat Food,3,26.97
2025-11-27,NY,VIP,Man Plaid Shirt,3,104.97
2025-11-27,NY,VIP,Gucci Bloom Eau de,1,79.99
2025-11-27,FL,VIP,Rolex Cellini Moonphase,3,38999.97
2025-11-27,FL,VIP,House Showpiece Plant,3,119.97
2025-11-27,FL,VIP,Boxed Blender,2,79.98
2025-11-27,GA,New,Man Plaid Shirt,3,104.97
2025-11-27,GA,New,Rolex Submariner Watch,2,27999.98
2025-11-27,GA,New,Ice Cream,1,5.49
2025-11-27,CA,Returning,Green Bell Pepper,2,2.58
2025-11-27,CA,Returning,Chopping Board,3,38.97
2025-11-27,CA,Returning,Kitchen Sieve,3,23.97
2025-11-27,GA,New,Grater Black,1,10.99
2025-11-27,WA,Returning,Ice Cube Tray,3,17.97
2025-11-27,WA,Returning,Soft Drinks,3,5.97
2025-11-27,WA,Returning,Sports Sneakers Off White & Red,2,239.98
2025-11-27,TX,New,Cucumber,3,4.47
2025-11-27,GA,VIP,Water,1,0.99
2025-11-27,GA,VIP,Longines Master Collection,1,1499.99
2025-11-27,GA,VIP,Powder Canister,2,29.98
2025-11-27,CA,New,Microwave Oven,1,89.99
2025-11-27,CA,New,Juice,2,7.98
2025-11-27,IL,VIP,Apple,1,1.99
2025-11-27,IL,VIP,Essence Mascara Lash Princess,3,29.97
2025-11-27,TX,Returning,Beef Steak,3,38.97
2025-11-27,FL,Returning,Decoration Swing,3,179.97
2025-11-27,WA,New,Strawberry,2,7.98
2025-11-27,WA,New,Calvin Klein CK One,2,99.98
2025-11-27,WA,New,Amazon Echo Plus,1,99.99
2025-11-27,WA,New,Water,2,1.98
2025-11-27,TX,New,Boxed Blender,3,119.97
2025-11-27,TX,New,Silver Pot With Glass Cap,3,119.97
2025-11-27,TX,New,Lenovo Yoga 920,1,1099.99
2025-11-27,IL,New,Green Bell Pepper,1,1.29
2025-11-27,IL,New,Essence Mascara Lash Princess,3,29.97
2025-11-27,IL,New,Milk,1,3.49
2025-11-27,IL,New,Ice Cube Tray,1,5.99
2025-11-28,NY,New,Dog Food,3,32.97
2025-11-28,NY,New,Puma Future Rider Trainers,3,269.97
2025-11-28,NY,New,Cooking Oil,1,4.99
2025-11-28,NY,New,Potatoes,2,4.58
2025-11-28,CA,Returning,Men Check Shirt,1,27.99
2025-11-28,CA,Returning,Red Tongs,1,6.99
2025-11-28,FL,New,Powder Canister,1,14.99
2025-11-28,FL,New,Green Chili Pepper,2,1.98
2025-11-28,FL,New,House Showpiece Plant,1,39.99
2025-11-28,MO,New,House Showpiece Plant,3,119.97
2025-11-28,MO,New,Decoration Swing,3,179.97
2025-11-28,WA,New,Microwave Oven,1,89.99
2025-11-28,NY,Returning,Cooking Oil,3,14.97
2025-11-28,NY,Returning,Amazon Echo Plus,1,99.99
2025-11-28,GA,New,Green Chili Pepper,1,0.99
2025-11-28,GA,New,Lenovo Yoga 920,3,3299.97
2025-11-28,GA,New,Man Short Sleeve Shirt,2,39.98
2025-11-28,WA,Returning,Brown Leather Belt Watch,3,269.97
2025-11-28,WA,Returning,Wooden Bathroom Sink With Mirror,2,1599.98
2025-11-28,GA,New,Dolce Shine Eau de,3,209.97
2025-11-28,NY,New,Puma Future Rider Trainers,2,179.98
2025-11-28,NY,New,Amazon Echo Plus,3,299.97
2025-11-28,NY,New,Juice,3,11.97
2025-11-28,CA,VIP,Spoon,1,4.99
2025-11-28,CA,VIP,Kiwi,1,2.49
2025-11-28,IL,New,Asus Zenbook Pro Dual Screen Laptop,1,1799.99
2025-11-28,NY,New,Lemon,1,0.79
2025-11-28,NY,New,Annibale Colombo Bed,1,1899.99
2025-11-28,NY,New,Blue & Black Check Shirt,1,29.99
2025-11-28,NY,New,Sports Sneakers Off White & Red,2,239.98
2025-11-28,TX,Returning,Powder Canister,3,44.97
2025-11-28,GA,New,Powder Canister,2,29.98
2025-11-28,GA,New,Puma Future Rider Trainers,2,179.98
2025-11-28,FL,New,Green Bell Pepper,3,3.87
2025-11-28,FL,New,Nescafe Coffee,3,23.97
2025-11-28,IL,Returning,House Showpiece Plant,2,79.98
2025-11-28,IL,Returning,Man Plaid Shirt,1,34.99
2025-11-28,IL,Returning,Red Onions,2,3.98
2025-11-28,IL,Returning,Black Whisk,1,9.99
2025-11-28,WA,Returning,Knife,2,29.98
2025-11-28,TX,Returning,Fork,2,7.98
2025-11-28,IL,Returning,Tissue Paper Box,3,7.47
2025-11-28,IL,Returning,Rolex Cellini Moonphase,1,12999.99
2025-11-28,IL,Returning,Lenovo Yoga 920,1,1099.99
2025-11-28,IL,Returning,Fine Mesh Strainer,3,29.97
2025-11-28,CA,VIP,Sports Sneakers Off White & Red,1,119.99
2025-11-28,CA,VIP,Slotted Turner,1,8.99
2025-11-28,CA,VIP,Citrus Squeezer Yellow,2,17.98
2025-11-28,CA,VIP,Milk,1,3.49
2025-11-28,CA,VIP,Eggs,1,2.99
2025-11-29,TX,VIP,Nescafe Coffee,2,15.98
2025-11-29,IL,Returning,Hand Blender,2,69.98
2025-11-29,IL,Returning,Bamboo Spatula,1,7.99
2025-11-29,IL,Returning,Table Lamp,2,99.98
2025-11-29,CA,New,Black Whisk,1,9.99
2025-11-29,FL,Returning,Fork,2,7.98
2025-11-29,FL,Returning,Slotted Turner,2,17.98
2025-11-29,FL,Returning,House Showpiece Plant,1,39.99
2025-11-29,MO,New,Soft Drinks,3,5.97
2025-11-29,MO,New,Family Tree Photo Frame,1,29.99
2025-11-29,MO,New,Citrus Squeezer Yellow,1,8.99
2025-11-29,MO,VIP,Nike Baseball Cleats,1,79.99
2025-11-29,MO,VIP,Mug Tree Stand,2,31.98
2025-11-29,MO,VIP,Wooden Bathroom Sink With Mirror,3,2399.97
2025-11-29,NY,VIP,Spoon,1,4.99
2025-11-29,TX,VIP,Plate,1,3.99
2025-11-29,TX,VIP,Decoration Swing,2,119.98
2025-11-29,TX,VIP,Rolex Cellini Date Black Dial,1,8999.99
2025-11-29,WA,Returning,Plate,3,11.97
2025-11-29,WA,Returning,Spoon,3,14.97
2025-11-29,GA,VIP,Dior J'adore,1,89.99
2025-11-29,WA,New,Strawberry,1,3.99
2025-11-29,WA,New,Family Tree Photo Frame,1,29.99
2025-11-29,IL,New,Bedside Table African Cherry,2,599.98
2025-11-29,IL,New,Fine Mesh Strainer,3,29.97
2025-11-29,IL,New,Beef Steak,2,25.98
2025-11-29,NY,Returning,Dog Food,1,10.99
2025-11-29,MO,VIP,New DELL XPS 13 9300 Laptop,2,2999.98
2025-11-29,FL,VIP,Rolex Cellini Date Black Dial,1,8999.99
2025-11-29,MO,VIP,Spoon,3,14.97
2025-11-29,MO,VIP,Black Aluminium Cup,1,5.99
2025-11-29,MO,VIP,Dog Food,3,32.97
2025-11-29,WA,Returning,Chopping Board,1,12.99
2025-11-29,WA,Returning,Tray,3,50.97
2025-11-29,WA,Returning,Hand Blender,2,69.98
2025-11-29,WA,Returning,Lemon,2,1.58
2025-11-29,MO,VIP,Fine Mesh Strainer,2,19.98
2025-11-29,FL,Returning,Decoration Swing,3,179.97
2025-11-29,FL,Returning,Lemon,3,2.37
2025-11-29,MO,New,Tissue Paper Box,2,4.98
2025-11-29,MO,New,Longines Master Collection,2,2999.98
2025-11-29,MO,New,Rolex Datejust,2,21999.98
2025-11-29,MO,New,Chopping Board,3,38.97
2025-11-29,CA,VIP,Honey Jar,1,6.99
2025-11-29,TX,Returning,Lunch Box,2,25.98
2025-11-29,TX,Returning,Milk,1,3.49
2025-11-29,TX,Returning,Beef Steak,1,12.99
2025-11-29,TX,Returning,Brown Leather Belt Watch,1,89.99
2025-11-29,TX,New,Ice Cube Tray,2,11.98
2025-11-29,TX,New,Dog Food,2,21.98
2025-11-29,TX,New,Man Short Sleeve Shirt,2,39.98
2025-11-29,CA,VIP,Slotted Turner,2,17.98
2025-11-29,CA,VIP,Milk,1,3.49
2025-11-29,IL,VIP,Slotted Turner,1,8.99
2025-11-29,IL,VIP,Kiwi,1,2.49
2025-11-29,IL,VIP,Apple Airpods,3,389.97
2025-11-29,IL,VIP,Black Aluminium Cup,3,17.97
2025-11-29,WA,Returning,Boxed Blender,2,79.98
2025-11-29,TX,Returning,Spoon,2,9.98
2025-11-29,TX,Returning,Gigabyte Aorus Men Tshirt,3,74.97
2025-11-29,CA,VIP,Wooden Rolling Pin,3,35.97
2025-11-29,CA,VIP,Soft Drinks,3,5.97
2025-11-29,MO,Returning,Egg Slicer,2,13.98
2025-11-29,CA,New,Soft Drinks,2,3.98
2025-11-29,CA,New,Dolce Shine Eau de,3,209.97
2025-11-29,CA,New,Black Whisk,3,29.97
2025-11-29,CA,New,Grater Black,1,10.99
2025-11-29,CA,VIP,Rice,1,5.99
2025-11-29,IL,VIP,Plate,3,11.97
2025-11-29,GA,New,Rolex Datejust,2,21999.98
2025-11-29,GA,New,Wooden Bathroom Sink With Mirror,2,1599.98
2025-11-29,GA,New,Apple MacBook Pro 14 Inch Space Grey,1,1999.99
2025-11-29,GA,New,Gucci Bloom Eau de,2,159.98
2025-11-29,WA,Returning,Rolex Datejust,3,32999.97
2025-11-29,WA,Returning,Spoon,3,14.97
2025-11-29,WA,Returning,Carbon Steel Wok,3,89.97
2025-11-29,NY,VIP,Gucci Bloom Eau de,1,79.99
2025-11-29,NY,VIP,Plant Pot,3,44.97
2025-11-29,GA,VIP,Plant Pot,3,44.97
2025-11-29,GA,VIP,Hand Blender,1,34.99
2025-11-29,GA,VIP,Rice,2,11.98
2025-11-29,GA,VIP,Black Aluminium Cup,1,5.99
2025-11-30,IL,New,Cat Food,3,26.97
2025-11-30,IL,New,Family Tree Photo Frame,3,89.97
2025-11-30,IL,New,Amazon Echo Plus,2,199.98
2025-11-30,IL,New,Fine Mesh Strainer,2,19.98
2025-11-30,TX,Returning,Eyeshadow Palette with Mirror,3,59.97
2025-11-30,TX,Returning,Tray,2,33.98
2025-11-30,TX,Returning,Eggs,2,5.98
2025-11-30,TX,Returning,Green Chili Pepper,1,0.99
2025-11-30,FL,Returning,Apple MacBook Pro 14 Inch Space Grey,3,5999.97
2025-11-30,FL,Returning,Soft Drinks,2,3.98
2025-11-30,FL,Returning,Red Lipstick,2,25.98
2025-11-30,WA,Returning,Microwave Oven,1,89.99
2025-11-30,WA,Returning,Gigabyte Aorus Men Tshirt,3,74.97
2025-11-30,FL,Returning,Spoon,2,9.98
2025-11-30,FL,Returning,Grater Black,1,10.99
2025-11-30,FL,Returning,Lemon,1,0.79
2025-11-30,CA,VIP,Plate,2,7.98
2025-11-30,CA,VIP,Knoll Saarinen Executive Conference Chair,2,999.98
2025-11-30,TX,VIP,Mulberry,1,4.99
2025-11-30,MO,VIP,Red Lipstick,2,25.98
2025-11-30,NY,Returning,Boxed Blender,1,39.99
2025-11-30,NY,Returning,Rolex Cellini Date Black Dial,2,17999.98
2025-11-30,CA,VIP,Honey Jar,3,20.97
2025-11-30,CA,VIP,Red Nail Polish,3,26.97
2025-11-30,CA,VIP,Bamboo Spatula,2,15.98
2025-11-30,CA,VIP,Cucumber,2,2.98
2025-11-30,WA,Returning,Black Whisk,3,29.97
2025-11-30,FL,New,Family Tree Photo Frame,1,29.99
2025-11-30,FL,New,New DELL XPS 13 9300 Laptop,1,1499.99
2025-11-30,FL,New,Gucci Bloom Eau de,1,79.99
2025-11-30,FL,New,Hand Blender,2,69.98
2025-11-30,TX,New,Red Nail Polish,1,8.99
2025-11-30,TX,New,Kiwi,3,7.47
2025-11-30,TX,New,Lemon,2,1.58
2025-11-30,MO,Returning,Apple,2,3.98
2025-11-30,MO,Returning,Blue & Black Check Shirt,1,29.99
2025-11-30,MO,Returning,Juice,3,11.97
2025-11-30,WA,New,Tray,1,16.99
2025-11-30,WA,New,Grater Black,3,32.97
2025-11-30,WA,New,Gucci Bloom Eau de,3,239.97
2025-11-30,WA,New,House Showpiece Plant,3,119.97
2025-11-30,WA,New,Red Tongs,2,13.98
2025-11-30,WA,New,Milk,3,10.47
2025-11-30,NY,Returning,Lemon,1,0.79
2025-11-30,FL,New,Red Nail Polish,3,26.97
2025-11-30,FL,New,Decoration Swing,3,179.97
2025-11-30,FL,New,Apple MacBook Pro 14 Inch Space Grey,3,5999.97
2025-11-30,FL,VIP,Green Chili Pepper,1,0.99
2025-11-30,FL,VIP,Cooking Oil,1,4.99
2025-11-30,MO,VIP,Red Tongs,3,20.97
2025-11-30,MO,VIP,Chanel Coco Noir Eau De,2,259.98
2025-11-30,NY,Returning,Knoll Saarinen Executive Conference Chair,1,499.99
2025-11-30,NY,Returning,Longines Master Collection,2,2999.98
2025-11-30,WA,New,Man Plaid Shirt,1,34.99
2025-11-30,GA,New,Annibale Colombo Bed,1,1899.99
2025-11-30,IL,Returning,Microwave Oven,3,269.97
2025-11-30,IL,Returning,Chanel Coco Noir Eau De,1,129.99
2025-11-30,IL,Returning,Fish Steak,1,14.99
2025-11-30,IL,Returning,Brown Leather Belt Watch,3,269.97
2025-11-30,GA,New,Green Chili Pepper,3,2.97
2025-11-30,GA,New,Slotted Turner,3,26.97
2025-11-30,GA,New,New DELL XPS 13 9300 Laptop,2,2999.98
2025-11-30,CA,VIP,Slotted Turner,3,26.97
2025-11-30,CA,VIP,Beef Steak,1,12.99
2025-11-30,CA,VIP,Asus Zenbook Pro Dual Screen Laptop,1,1799.99
2025-11-30,MO,Returning,Rolex Cellini Date Black Dial,1,8999.99
2025-11-30,MO,Returning,Wooden Bathroom Sink With Mirror,1,799.99
2025-11-30,WA,Returning,Blue & Black Check Shirt,2,59.98
2025-11-30,WA,Returning,Silver Pot With Glass Cap,2,79.98
2025-11-30,WA,Returning,Kiwi,1,2.49
2025-11-30,IL,VIP,Wooden Rolling Pin,3,35.97
2025-11-30,IL,VIP,Kitchen Sieve,1,7.99
2025-11-30,FL,VIP,Eggs,1,2.99
2025-11-30,FL,VIP,Kitchen Sieve,3,23.97
2025-11-30,FL,VIP,Annibale Colombo Sofa,1,2499.99
2025-11-30,FL,VIP,Juice,3,11.97
2025-11-30,CA,Returning,Eyeshadow Palette with Mirror,3,59.97
2025-11-30,WA,VIP,Red Onions,1,1.99
2025-11-30,WA,VIP,Glass,3,14.97
2025-11-30,WA,VIP,Longines Master Collection,1,1499.99
2025-11-30,MO,New,Nescafe Coffee,3,23.97
2025-11-30,GA,VIP,Spoon,2,9.98
2025-11-30,GA,VIP,Soft Drinks,2,3.98
2025-11-30,GA,VIP,Essence Mascara Lash Princess,2,19.98
2025-11-30,GA,VIP,Apple,1,1.99
2025-11-30,IL,VIP,Kitchen Sieve,2,15.98
2025-11-30,IL,VIP,Electric Stove,2,99.98
2025-11-30,GA,VIP,Knife,2,29.98
2025-11-30,MO,New,Gucci Bloom Eau de,1,79.99
2025-12-01,WA,New,Cooking Oil,1,4.99
2025-12-01,WA,New,Nike Air Jordan 1 Red And Black,3,449.97
2025-12-01,MO,Returning,Red Nail Polish,3,26.97
2025-12-01,MO,Returning,Tissue Paper Box,3,7.47
2025-12-01,MO,Returning,Electric Stove,3,149.97
2025-12-01,MO,Returning,Plant Pot,3,44.97
2025-12-01,FL,VIP,Rolex Datejust,2,21999.98
2025-12-01,FL,VIP,Mulberry,2,9.98
2025-12-01,FL,VIP,Apple MacBook Pro 14 Inch Space Grey,1,1999.99
2025-12-01,FL,VIP,Hand Blender,2,69.98
2025-12-01,NY,Returning,Boxed Blender,3,119.97
2025-12-01,NY,Returning,Silver Pot With Glass Cap,1,39.99
2025-12-01,NY,Returning,Cucumber,3,4.47
2025-12-01,FL,New,Man Short Sleeve Shirt,1,19.99
2025-12-01,FL,New,Rolex Datejust,3,32999.97
2025-12-01,FL,New,Grater Black,3,32.97
2025-12-01,IL,New,Nescafe Coffee,3,23.97
2025-12-01,IL,New,Puma Future Rider Trainers,2,179.98
2025-12-01,IL,New,Nike Baseball Cleats,3,239.97
2025-12-01,IL,New,Black Whisk,3,29.97
2025-12-01,CA,Returning,Family Tree Photo Frame,2,59.98
2025-12-01,CA,Returning,Knoll Saarinen Executive Conference Chair,2,999.98
2025-12-01,CA,Returning,Red Nail Polish,1,8.99
2025-12-01,CA,Returning,Juice,1,3.99
2025-12-01,TX,New,House Showpiece Plant,1,39.99
2025-12-01,TX,New,Dior J'adore,3,269.97
2025-12-01,NY,VIP,Knoll Saarinen Executive Conference Chair,1,499.99
2025-12-01,NY,VIP,Electric Stove,1,49.99
2025-12-01,NY,VIP,Rolex Submariner Watch,2,27999.98
2025-12-01,MO,Returning,Strawberry,2,7.98
2025-12-01,MO,Returning,Gucci Bloom Eau de,1,79.99
2025-12-01,MO,Returning,Rolex Submariner Watch,2,27999.98
2025-12-01,MO,New,Boxed Blender,1,39.99
2025-12-01,MO,New,Ice Cube Tray,3,17.97
2025-12-01,MO,New,Gigabyte Aorus Men Tshirt,2,49.98
2025-12-01,FL,VIP,Chicken Meat,2,19.98
2025-12-01,FL,VIP,Kiwi,2,4.98
2025-12-01,FL,VIP,Family Tree Photo Frame,2,59.98
2025-12-01,FL,VIP,Table Lamp,3,149.97
2025-12-01,NY,New,Asus Zenbook Pro Dual Screen Laptop,3,5399.97
2025-12-01,NY,New,Red Nail Polish,2,17.98
2025-12-01,NY,New,Ice Cube Tray,3,17.97
2025-12-01,NY,New,Essence Mascara Lash Princess,3,29.97
2025-12-01,GA,New,Dior J'adore,1,89.99
2025-12-01,GA,New,Red Lipstick,2,25.98
2025-12-01,GA,New,Strawberry,1,3.99
2025-12-01,GA,New,Black Aluminium Cup,1,5.99
2025-12-01,FL,New,Water,1,0.99
2025-12-01,FL,New,Red Onions,3,5.97
2025-12-01,FL,New,Dior J'adore,1,89.99
2025-12-01,WA,New,Citrus Squeezer Yellow,2,17.98
2025-12-01,FL,New,Plant Pot,3,44.97
2025-12-01,FL,New,Plate,1,3.99
2025-12-01,FL,New,Red Onions,3,5.97
2025-12-01,FL,New,Sports Sneakers Off White Red,3,329.97
2025-12-01,FL,New,Juice,1,3.99
2025-12-01,FL,New,Silver Pot With Glass Cap,2,79.98
2025-12-01,FL,New,Apple,1,1.99
2025-12-01,FL,New,Brown Leather Belt Watch,3,269.97
2025-12-01,FL,Returning,Grater Black,3,32.97
2025-12-01,FL,Returning,Protein Powder,2,39.98
2025-12-01,FL,Returning,Fine Mesh Strainer,1,9.99
2025-12-01,MO,Returning,Amazon Echo Plus,2,199.98
2025-12-01,MO,Returning,Bamboo Spatula,2,15.98
2025-12-01,MO,Returning,Dolce Shine Eau de,2,139.98
2025-12-01,MO,Returning,Longines Master Collection,2,2999.98
2025-12-01,FL,Returning,Brown Leather Belt Watch,3,269.97
2025-12-01,FL,Returning,Black Whisk,3,29.97
2025-12-01,FL,Returning,Knoll Saarinen Executive Conference Chair,2,999.98
2025-12-01,FL,Returning,Annibale Colombo Sofa,3,7499.97
2025-12-01,NY,Returning,Longines Master Collection,1,1499.99
2025-12-01,CA,Returning,Brown Leather Belt Watch,2,179.98
2025-12-01,CA,Returning,Slotted Turner,2,17.98
2025-12-01,CA,Returning,Pan,1,24.99
2025-12-01,CA,Returning,Annibale Colombo Sofa,2,4999.98
2025-12-01,MO,New,Amazon Echo Plus,1,99.99
2025-12-01,WA,Returning,Grater Black,1,10.99
2025-12-01,WA,Returning,Potatoes,1,2.29
2025-12-01,WA,Returning,Nike Air Jordan 1 Red And Black,1,149.99
2025-12-01,MO,VIP,Man Short Sleeve Shirt,1,19.99
2025-12-01,MO,VIP,Microwave Oven,1,89.99
2025-12-01,FL,New,Lemon,1,0.79
2025-12-01,FL,New,Soft Drinks,3,5.97
2025-12-01,FL,New,Nescafe Coffee,3,23.97
2025-12-01,CA,Returning,Citrus Squeezer Yellow,3,26.97
2025-12-01,CA,New,Red Onions,1,1.99
2025-12-01,CA,New,Plate,2,7.98
2025-12-01,CA,New,Asus Zenbook Pro Dual Screen Laptop,1,1799.99
2025-12-01,CA,New,Bedside Table African Cherry,3,899.97
2025-12-01,MO,VIP,Mulberry,2,9.98
2025-12-01,MO,VIP,Red Lipstick,2,25.98
2025-12-01,MO,VIP,Eyeshadow Palette with Mirror,2,39.98
2025-12-01,MO,VIP,Family Tree Photo Frame,1,29.99
2025-12-01,FL,New,Egg Slicer,3,20.97
2025-12-01,TX,New,Chicken Meat,2,19.98
2025-12-01,TX,New,Protein Powder,3,59.97
2025-12-01,TX,New,Eggs,3,8.97
2025-12-01,TX,New,Apple Airpods,1,129.99
2025-12-01,GA,New,Tissue Paper Box,3,7.47
2025-12-01,GA,New,Man Plaid Shirt,1,34.99
2025-12-01,GA,New,Lenovo Yoga 920,2,2199.98
2025-12-01,WA,Returning,Longines Master Collection,1,1499.99
2025-12-01,WA,Returning,Juice,2,7.98
2025-12-01,WA,Returning,Sports Sneakers Off White Red,1,109.99
2025-12-01,FL,Returning,Protein Powder,1,19.99
2025-12-01,FL,VIP,Red Tongs,1,6.99
2025-12-01,FL,VIP,Longines Master Collection,1,1499.99
2025-12-01,MO,New,Wooden Rolling Pin,2,23.98
2025-12-01,MO,New,Gigabyte Aorus Men Tshirt,1,24.99
2025-12-01,MO,New,House Showpiece Plant,2,79.98
2025-12-01,MO,New,Dolce Shine Eau de,2,139.98
2025-12-01,CA,VIP,Amazon Echo Plus,3,299.97
2025-12-01,CA,VIP,Cat Food,3,26.97
2025-12-01,CA,VIP,Slotted Turner,3,26.97
2025-12-01,CA,VIP,Rolex Submariner Watch,3,41999.97
2025-12-01,WA,New,Asus Zenbook Pro Dual Screen Laptop,3,5399.97
2025-12-01,WA,New,Apple,3,5.97
2025-12-01,IL,Returning,Apple Airpods,2,259.98
2025-12-01,IL,Returning,Honey Jar,1,6.99
2025-12-01,MO,Returning,Lemon,2,1.58
2025-12-01,MO,Returning,Knife,1,14.99
2025-12-01,MO,Returning,Cooking Oil,2,9.98
2025-12-01,MO,Returning,Gigabyte Aorus Men Tshirt,1,24.99
2025-12-02,GA,New,Silver Pot With Glass Cap,3,119.97
2025-12-02,GA,New,Dog Food,3,32.97
2025-12-02,FL,New,Rolex Cellini Moonphase,2,25999.98
2025-12-02,FL,New,Table Lamp,1,49.99
2025-12-02,FL,New,Glass,3,14.97
2025-12-02,MO,VIP,Gucci Bloom Eau de,1,79.99
2025-12-02,MO,VIP,Hand Blender,2,69.98
2025-12-02,NY,New,Tissue Paper Box,3,7.47
2025-12-02,NY,New,Cooking Oil,2,9.98
2025-12-02,GA,New,Spice Rack,2,39.98
2025-12-02,GA,New,Wooden Rolling Pin,2,23.98
2025-12-02,GA,New,Green Bell Pepper,1,1.29
2025-12-02,NY,VIP,Mug Tree Stand,1,15.99
2025-12-02,NY,VIP,Green Bell Pepper,1,1.29
2025-12-02,FL,Returning,Lunch Box,1,12.99
2025-12-02,FL,Returning,Gigabyte Aorus Men Tshirt,2,49.98
2025-12-02,FL,Returning,Amazon Echo Plus,2,199.98
2025-12-02,FL,Returning,Chicken Meat,2,19.98
2025-12-02,IL,New,Nescafe Coffee,3,23.97
2025-12-02,MO,VIP,Kiwi,1,2.49
2025-12-02,MO,VIP,Bamboo Spatula,3,23.97
2025-12-02,MO,VIP,Nike Air Jordan 1 Red And Black,1,149.99
2025-12-02,TX,VIP,Citrus Squeezer Yellow,2,17.98
2025-12-02,TX,VIP,Calvin Klein CK One,2,99.98
2025-12-02,TX,VIP,Bamboo Spatula,3,23.97
2025-12-02,TX,VIP,Wooden Rolling Pin,2,23.98
2025-12-02,MO,VIP,Mulberry,2,9.98
2025-12-02,MO,VIP,Dolce Shine Eau de,2,139.98
2025-12-02,MO,VIP,Red Lipstick,2,25.98
2025-12-02,FL,New,Spice Rack,1,19.99
2025-12-02,WA,Returning,Rice,1,5.99
2025-12-02,WA,Returning,Tray,3,50.97
2025-12-02,WA,Returning,Potatoes,1,2.29
2025-12-02,FL,VIP,Huawei Matebook X Pro,3,4199.97
2025-12-02,TX,VIP,Tray,1,16.99
2025-12-02,TX,VIP,Citrus Squeezer Yellow,1,8.99
2025-12-02,MO,New,New DELL XPS 13 9300 Laptop,2,2999.98
2025-12-02,MO,New,Cooking Oil,1,4.99
2025-12-02,IL,New,Lunch Box,1,12.99
2025-12-02,IL,New,Knoll Saarinen Executive Conference Chair,3,1499.97
2025-12-02,IL,New,Brown Leather Belt Watch,2,179.98
2025-12-02,IL,New,Strawberry,3,11.97
2025-12-02,WA,VIP,Strawberry,1,3.99
2025-12-02,IL,Returning,Black Aluminium Cup,2,11.98
2025-12-02,FL,Returning,Tissue Paper Box,3,7.47
2025-12-02,FL,Returning,Ice Cube Tray,1,5.99
2025-12-02,IL,VIP,Family Tree Photo Frame,2,59.98
2025-12-02,IL,VIP,Apple Airpods,1,129.99
2025-12-02,IL,VIP,Tray,1,16.99
2025-12-02,IL,VIP,Annibale Colombo Bed,2,3799.98
2025-12-02,GA,New,Bamboo Spatula,2,15.98
2025-12-02,GA,New,Beef Steak,2,25.98
2025-12-02,GA,New,Rolex Cellini Date Black Dial,1,8999.99
2025-12-02,GA,New,Spice Rack,1,19.99
2025-12-02,TX,Returning,Beef Steak,1,12.99
2025-12-02,GA,VIP,Rolex Submariner Watch,1,13999.99
2025-12-02,CA,Returning,Ice Cube Tray,2,11.98
2025-12-02,WA,VIP,Sports Sneakers Off White Red,1,109.99
2025-12-02,WA,VIP,Fish Steak,3,44.97
2025-12-02,WA,VIP,Pan,3,74.97
2025-12-02,GA,VIP,Puma Future Rider Trainers,2,179.98
2025-12-02,GA,VIP,Longines Master Collection,2,2999.98
2025-12-02,GA,VIP,Cat Food,1,8.99
2025-12-02,GA,VIP,Spoon,1,4.99
2025-12-02,MO,New,Microwave Oven,3,269.97
2025-12-02,MO,New,Family Tree Photo Frame,3,89.97
2025-12-02,MO,New,Lemon,3,2.37
2025-12-02,MO,New,Essence Mascara Lash Princess,2,19.98
2025-12-02,WA,Returning,Spoon,2,9.98
2025-12-02,WA,Returning,Table Lamp,2,99.98
2025-12-02,TX,VIP,Gucci Bloom Eau de,3,239.97
2025-12-02,TX,VIP,Wooden Bathroom Sink With Mirror,2,1599.98
2025-12-02,TX,VIP,Bamboo Spatula,1,7.99
2025-12-02,MO,New,Mug Tree Stand,1,15.99
2025-12-02,TX,VIP,Water,3,2.97
2025-12-02,TX,VIP,Red Onions,3,5.97
2025-12-02,GA,New,Beef Steak,3,38.97
2025-12-02,CA,VIP,Green Chili Pepper,1,0.99
2025-12-02,CA,VIP,Man Plaid Shirt,1,34.99
2025-12-02,GA,VIP,Apple Airpods,1,129.99
2025-12-02,GA,VIP,Red Nail Polish,3,26.97
2025-12-02,GA,VIP,Cucumber,2,2.98
2025-12-02,MO,New,Asus Zenbook Pro Dual Screen Laptop,2,3599.98
2025-12-02,MO,New,Strawberry,3,11.97
2025-12-02,CA,New,Green Bell Pepper,1,1.29
2025-12-02,CA,New,Carbon Steel Wok,2,59.98
2025-12-02,CA,New,Green Chili Pepper,1,0.99
2025-12-02,GA,New,Slotted Turner,1,8.99
2025-12-02,GA,New,Eggs,2,5.98
2025-12-02,GA,New,Blue & Black Check Shirt,1,29.99
2025-12-02,GA,New,Mug Tree Stand,2,31.98
2025-12-02,NY,New,Knife,1,14.99
2025-12-02,TX,Returning,Protein Powder,2,39.98
2025-12-02,TX,Returning,Dog Food,2,21.98
2025-12-02,TX,Returning,Essence Mascara Lash Princess,3,29.97
2025-12-02,WA,Returning,House Showpiece Plant,3,119.97
2025-12-02,WA,Returning,Spice Rack,3,59.97
2025-12-02,WA,Returning,Strawberry,3,11.97
2025-12-02,MO,VIP,Silver Pot With Glass Cap,3,119.97
2025-12-02,MO,VIP,Puma Future Rider Trainers,1,89.99
2025-12-02,MO,VIP,Sports Sneakers Off White & Red,1,119.99
2025-12-02,MO,VIP,Apple,3,5.97
2025-12-02,GA,New,Chopping Board,2,25.98
2025-12-02,GA,New,Knife,3,44.97
2025-12-02,GA,New,Lenovo Yoga 920,2,2199.98
2025-12-02,FL,New,New DELL XPS 13 9300 Laptop,1,1499.99
2025-12-02,FL,Returning,Dolce Shine Eau de,2,139.98
2025-12-02,FL,Returning,Fish Steak,2,29.98
2025-12-02,CA,Returning,Puma Future Rider Trainers,3,269.97
2025-12-02,CA,Returning,Red Onions,3,5.97
2025-12-02,GA,Returning,Water,2,1.98
2025-12-02,GA,Returning,Dolce Shine Eau de,3,209.97
2025-12-02,GA,Returning,Microwave Oven,1,89.99
2025-12-02,TX,New,Eyeshadow Palette with Mirror,1,19.99
2025-12-02,TX,New,Plant Pot,2,29.98
2025-12-02,TX,New,Nike Baseball Cleats,3,239.97
2025-12-02,WA,Returning,Sports Sneakers Off White & Red,3,359.97
2025-12-02,WA,Returning,Huawei Matebook X Pro,2,2799.98
2025-12-02,MO,VIP,Tissue Paper Box,3,7.47
2025-12-02,MO,VIP,Dior J'adore,3,269.97
2025-12-02,MO,VIP,Knife,3,44.97
2025-12-02,GA,New,Fish Steak,3,44.97
2025-12-02,GA,New,Red Onions,3,5.97
2025-12-02,CA,Returning,Microwave Oven,3,269.97
2025-12-02,CA,Returning,Juice,1,3.99
2025-12-02,CA,Returning,Bamboo Spatula,3,23.97
2025-12-02,MO,Returning,Cat Food,2,17.98
2025-12-02,MO,Returning,Apple MacBook Pro 14 Inch Space Grey,3,5999.97
2025-12-02,FL,VIP,Black Aluminium Cup,3,17.97
2025-12-02,FL,VIP,Slotted Turner,2,17.98
2025-12-02,FL,VIP,Electric Stove,3,149.97
2025-12-02,FL,VIP,Red Nail Polish,1,8.99
2025-12-02,TX,New,Rolex Cellini Moonphase,1,12999.99
2025-12-02,TX,New,Nike Baseball Cleats,1,79.99
2025-12-02,IL,Returning,Silver Pot With Glass Cap,3,119.97
2025-12-02,IL,Returning,Longines Master Collection,1,1499.99
2025-12-02,CA,New,Lunch Box,2,25.98
2025-12-02,CA,New,Bedside Table African Cherry,2,599.98
2025-12-02,IL,New,Spice Rack,3,59.97
2025-12-02,IL,New,Chopping Board,2,25.98
2025-12-02,IL,New,Red Nail Polish,3,26.97
2025-12-02,IL,New,Longines Master Collection,1,1499.99
2025-12-02,IL,New,Plate,1,3.99
2025-12-02,IL,New,Nike Air Jordan 1 Red And Black,3,449.97
2025-12-02,TX,Returning,Sports Sneakers Off White Red,1,109.99
2025-12-02,TX,Returning,Dolce Shine Eau de,3,209.97
2025-12-02,IL,Returning,Man Short Sleeve Shirt,3,59.97
2025-12-02,IL,Returning,Essence Mascara Lash Princess,2,19.98
2025-12-02,GA,New,Tray,3,50.97
2025-12-02,CA,VIP,Powder Canister,1,14.99
2025-12-02,CA,VIP,Beef Steak,3,38.97
2025-12-02,CA,VIP,Table Lamp,2,99.98
2025-12-02,CA,VIP,Mug Tree Stand,3,47.97
2025-12-02,NY,New,Cat Food,1,8.99
2025-12-02,NY,New,Lenovo Yoga 920,3,3299.97
2025-12-02,GA,VIP,Essence Mascara Lash Princess,2,19.98
2025-12-02,GA,VIP,Milk,1,3.49
2025-12-02,GA,VIP,Longines Master Collection,3,4499.97
2025-12-02,GA,VIP,Rolex Submariner Watch,2,27999.98
2025-12-02,FL,VIP,Lunch Box,1,12.99
2025-12-02,FL,VIP,Rice,3,17.97
2025-12-02,FL,VIP,Red Onions,1,1.99
2025-12-02,GA,Returning,Blue & Black Check Shirt,1,29.99
2025-12-02,GA,Returning,Kiwi,2,4.98
2025-12-02,GA,Returning,Knoll Saarinen Executive Conference Chair,3,1499.97
2025-12-02,GA,Returning,Boxed Blender,2,79.98
2025-12-02,FL,New,Fork,1,3.99
2025-12-02,FL,Returning,Spoon,2,9.98
2025-12-02,FL,Returning,Black Whisk,2,19.98
2025-12-02,MO,New,Eggs,3,8.97
2025-12-02,MO,New,Sports Sneakers Off White Red,3,329.97
2025-12-02,MO,New,Strawberry,2,7.98
2025-12-02,MO,New,Cucumber,3,4.47
2025-12-02,GA,VIP,Microwave Oven,2,179.98
2025-12-02,GA,VIP,Annibale Colombo Bed,1,1899.99
2025-12-02,GA,VIP,Black Whisk,2,19.98
2025-12-02,NY,New,Rolex Submariner Watch,2,27999.98
2025-12-02,NY,New,Annibale Colombo Bed,1,1899.99
2025-12-03,MO,Returning,Apple MacBook Pro 14 Inch Space Grey,3,5999.97
2025-12-03,MO,Returning,Pan,2,49.98
2025-12-03,CA,Returning,Black Aluminium Cup,2,11.98
2025-12-03,CA,Returning,Rolex Submariner Watch,2,27999.98
2025-12-03,CA,Returning,Men Check Shirt,3,83.97
2025-12-03,CA,Returning,Decoration Swing,3,179.97
2025-12-03,NY,New,Yellow Peeler,2,11.98
2025-12-03,NY,New,Milk,2,6.98
2025-12-03,FL,Returning,Dior J'adore,3,269.97
2025-12-03,FL,Returning,Wooden Bathroom Sink With Mirror,2,1599.98
2025-12-03,FL,Returning,Apple MacBook Pro 14 Inch Space Grey,2,3999.98
2025-12-03,GA,New,Fork,3,11.97
2025-12-03,GA,New,Huawei Matebook X Pro,3,4199.97
2025-12-03,GA,New,Mug Tree Stand,1,15.99
2025-12-03,WA,Returning,Dolce Shine Eau de,3,209.97
2025-12-03,WA,Returning,Knoll Saarinen Executive Conference Chair,1,499.99
2025-12-03,WA,Returning,Nescafe Coffee,1,7.99
2025-12-03,FL,VIP,Eyeshadow Palette with Mirror,1,19.99
2025-12-03,FL,VIP,Ice Cream,2,10.98
2025-12-03,FL,VIP,Bamboo Spatula,2,15.98
2025-12-03,IL,New,Lunch Box,2,25.98
2025-12-03,IL,New,Eggs,2,5.98
2025-12-03,IL,New,Grater Black,1,10.99
2025-12-03,IL,New,Mug Tree Stand,3,47.97
2025-12-03,CA,VIP,Yellow Peeler,2,11.98
2025-12-03,CA,VIP,Fine Mesh Strainer,2,19.98
2025-12-03,CA,VIP,Water,3,2.97
2025-12-03,CA,Returning,Brown Leather Belt Watch,1,89.99
2025-12-03,FL,VIP,Pan,2,49.98
2025-12-03,FL,VIP,Apple MacBook Pro 14 Inch Space Grey,2,3999.98
2025-12-03,FL,VIP,Hand Blender,2,69.98
2025-12-03,WA,Returning,Kitchen Sieve,3,23.97
2025-12-03,WA,Returning,Chopping Board,3,38.97
2025-12-03,WA,Returning,Red Lipstick,1,12.99
2025-12-03,WA,Returning,Plant Pot,3,44.97
2025-12-03,WA,Returning,Yellow Peeler,2,11.98
2025-12-03,FL,Returning,Pan,3,74.97
2025-12-03,TX,Returning,Soft Drinks,1,1.99
2025-12-03,TX,Returning,Bamboo Spatula,3,23.97
2025-12-03,TX,Returning,Rolex Cellini Date Black Dial,2,17999.98
2025-12-03,NY,New,Black Whisk,1,9.99
2025-12-03,NY,New,Soft Drinks,1,1.99
2025-12-03,NY,New,Chopping Board,2,25.98
2025-12-03,NY,New,Cat Food,3,26.97
2025-12-03,NY,Returning,Spoon,2,9.98
2025-12-03,NY,Returning,Soft Drinks,2,3.98
2025-12-03,WA,Returning,Tray,3,50.97
2025-12-03,WA,Returning,Potatoes,3,6.87
2025-12-03,WA,Returning,Chicken Meat,2,19.98
2025-12-03,IL,New,Strawberry,1,3.99
2025-12-03,IL,New,Black Aluminium Cup,2,11.98
2025-12-03,IL,New,Cucumber,1,1.49
2025-12-03,IL,New,Brown Leather Belt Watch,3,269.97
2025-12-03,WA,Returning,Mug Tree Stand,2,31.98
2025-12-03,WA,Returning,Strawberry,3,11.97
2025-12-03,WA,Returning,Egg Slicer,3,20.97
2025-12-03,WA,Returning,Cucumber,1,1.49
2025-12-03,WA,Returning,Gigabyte Aorus Men Tshirt,1,24.99
2025-12-03,WA,Returning,Wooden Bathroom Sink With Mirror,3,2399.97
2025-12-03,NY,VIP,Fork,2,7.98
2025-12-03,FL,New,Asus Zenbook Pro Dual Screen Laptop,3,5399.97
2025-12-03,IL,VIP,Rolex Cellini Date Black Dial,3,26999.97
2025-12-03,IL,VIP,Cooking Oil,2,9.98
2025-12-03,IL,VIP,Fork,2,7.98
2025-12-03,WA,Returning,Green Bell Pepper,3,3.87
2025-12-03,CA,VIP,Lenovo Yoga 920,1,1099.99
2025-12-03,CA,VIP,Protein Powder,1,19.99
2025-12-03,CA,VIP,Puma Future Rider Trainers,2,179.98
2025-12-03,WA,New,Men Check Shirt,3,83.97
2025-12-03,WA,New,Honey Jar,3,20.97
2025-12-03,WA,New,Carbon Steel Wok,1,29.99
2025-12-03,WA,New,Strawberry,2,7.98
2025-12-03,GA,Returning,Rolex Submariner Watch,1,13999.99
2025-12-03,GA,Returning,Citrus Squeezer Yellow,3,26.97
2025-12-03,NY,New,Annibale Colombo Sofa,1,2499.99
2025-12-03,IL,VIP,Annibale Colombo Sofa,3,7499.97
2025-12-03,IL,VIP,Eyeshadow Palette with Mirror,3,59.97
2025-12-03,IL,VIP,Fork,1,3.99
2025-12-03,CA,VIP,Ice Cube Tray,3,17.97
2025-12-03,CA,VIP,Egg Slicer,1,6.99
2025-12-03,CA,VIP,Spice Rack,3,59.97
2025-12-03,FL,New,Annibale Colombo Sofa,2,4999.98
2025-12-03,GA,Returning,Rolex Datejust,2,21999.98
2025-12-03,GA,Returning,Tissue Paper Box,2,4.98
2025-12-03,GA,Returning,Egg Slicer,2,13.98
2025-12-03,MO,New,Bedside Table African Cherry,3,899.97
2025-12-03,MO,New,Microwave Oven,2,179.98
2025-12-03,IL,New,Puma Future Rider Trainers,2,179.98
2025-12-03,IL,Returning,Gigabyte Aorus Men Tshirt,2,49.98
2025-12-03,IL,Returning,Huawei Matebook X Pro,2,2799.98
2025-12-03,CA,New,Boxed Blender,1,39.99
2025-12-03,CA,New,Men Check Shirt,2,55.98
2025-12-03,WA,New,Dog Food,3,32.97
2025-12-03,WA,New,Soft Drinks,1,1.99
2025-12-03,WA,New,Ice Cube Tray,3,17.97
2025-12-03,FL,Returning,Kiwi,1,2.49
2025-12-03,FL,New,Ice Cube Tray,2,11.98
2025-12-03,FL,New,Red Onions,3,5.97
2025-12-03,NY,New,Annibale Colombo Bed,1,1899.99
2025-12-03,CA,Returning,Powder Canister,1,14.99
2025-12-03,MO,Returning,Carbon Steel Wok,2,59.98
2025-12-03,MO,Returning,Annibale Colombo Sofa,2,4999.98
2025-12-03,MO,Returning,Egg Slicer,1,6.99
2025-12-03,MO,Returning,Spoon,3,14.97
2025-12-03,TX,New,Eyeshadow Palette with Mirror,2,39.98
2025-12-03,TX,New,Men Check Shirt,2,55.98
2025-12-03,TX,New,Silver Pot With Glass Cap,3,119.97
2025-12-03,NY,New,Soft Drinks,3,5.97
2025-12-03,TX,New,Nescafe Coffee,2,15.98
2025-12-03,TX,New,Red Lipstick,2,25.98
2025-12-03,TX,New,Man Plaid Shirt,1,34.99
2025-12-03,TX,New,Microwave Oven,3,269.97
2025-12-03,MO,New,Lemon,1,0.79
2025-12-03,MO,New,Powder Canister,2,29.98
2025-12-03,MO,New,Apple,1,1.99
2025-12-03,MO,New,Kitchen Sieve,1,7.99
2025-12-03,FL,Returning,Nike Air Jordan 1 Red And Black,3,449.97
2025-12-03,FL,Returning,Kiwi,3,7.47
2025-12-03,FL,Returning,Men Check Shirt,1,27.99
2025-12-03,FL,Returning,Bedside Table African Cherry,1,299.99
2025-12-03,NY,Returning,Asus Zenbook Pro Dual Screen Laptop,1,1799.99
2025-12-03,NY,Returning,Kiwi,3,7.47
2025-12-03,GA,New,Egg Slicer,2,13.98
2025-12-03,GA,New,Calvin Klein CK One,3,149.97
2025-12-03,WA,Returning,Juice,3,11.97
2025-12-03,MO,VIP,Amazon Echo Plus,3,299.97
2025-12-03,MO,VIP,Yellow Peeler,2,11.98
2025-12-03,MO,VIP,Juice,1,3.99
2025-12-03,MO,VIP,Red Tongs,3,20.97
2025-12-03,IL,Returning,Rolex Cellini Moonphase,3,38999.97
2025-12-03,IL,Returning,Rice,2,11.98
2025-12-03,IL,Returning,Mug Tree Stand,3,47.97
2025-12-03,IL,Returning,Eyeshadow Palette with Mirror,1,19.99
2025-12-03,FL,VIP,Black Whisk,2,19.98
2025-12-03,MO,VIP,Man Plaid Shirt,1,34.99
2025-12-03,NY,Returning,Slotted Turner,1,8.99
2025-12-03,NY,Returning,Mug Tree Stand,3,47.97
2025-12-03,WA,Returning,Milk,1,3.49
2025-12-03,WA,Returning,Potatoes,2,4.58
2025-12-03,MO,VIP,Beef Steak,2,25.98
2025-12-03,MO,VIP,Sports Sneakers Off White & Red,3,359.97
2025-12-03,MO,Returning,Egg Slicer,2,13.98
2025-12-03,MO,Returning,Strawberry,2,7.98
2025-12-03,WA,VIP,Microwave Oven,1,89.99
2025-12-03,WA,VIP,Bedside Table African Cherry,2,599.98
2025-12-03,WA,VIP,Gigabyte Aorus Men Tshirt,3,74.97
2025-12-03,NY,Returning,Cooking Oil,3,14.97
2025-12-03,FL,VIP,Microwave Oven,3,269.97
2025-12-03,FL,VIP,Spoon,1,4.99
2025-12-03,FL,VIP,Kitchen Sieve,2,15.98
2025-12-03,WA,VIP,Glass,2,9.98
2025-12-03,WA,VIP,Spoon,1,4.99
2025-12-03,WA,VIP,Red Lipstick,3,38.97
2025-12-03,NY,New,Cooking Oil,2,9.98
2025-12-03,FL,New,Cucumber,2,2.98
2025-12-03,FL,New,Men Check Shirt,2,55.98
2025-12-03,FL,New,Soft Drinks,1,1.99
2025-12-03,FL,New,Annibale Colombo Bed,2,3799.98
2025-12-03,CA,New,Juice,1,3.99
2025-12-03,CA,New,Ice Cream,2,10.98
2025-12-03,CA,New,Nike Air Jordan 1 Red And Black,1,149.99
2025-12-03,NY,VIP,Apple Airpods,1,129.99
2025-12-03,NY,VIP,Essence Mascara Lash Princess,2,19.98
2025-12-03,NY,VIP,Pan,3,74.97
2025-12-03,MO,New,Tissue Paper Box,2,4.98
2025-12-03,MO,New,Honey Jar,3,20.97
2025-12-03,GA,Returning,Chopping Board,1,12.99
2025-12-03,GA,Returning,Spice Rack,3,59.97
2025-12-03,GA,Returning,Milk,2,6.98
2025-12-03,GA,Returning,Fine Mesh Strainer,3,29.97
2025-12-03,NY,VIP,Red Nail Polish,3,26.97
2025-12-03,WA,New,Black Whisk,2,19.98
2025-12-03,WA,New,Annibale Colombo Sofa,2,4999.98
2025-12-03,WA,New,Apple,3,5.97
2025-12-03,WA,New,Fine Mesh Strainer,2,19.98
2025-12-04,GA,New,Red Nail Polish,1,8.99
2025-12-04,TX,Returning,Bamboo Spatula,3,23.97
2025-12-04,TX,Returning,Gucci Bloom Eau de,3,239.97
2025-12-04,TX,Returning,Black Whisk,1,9.99
2025-12-04,TX,Returning,Cooking Oil,2,9.98
2025-12-04,WA,New,Pan,3,74.97
2025-12-04,WA,New,Black Aluminium Cup,3,17.97
2025-12-04,IL,New,Strawberry,3,11.97
2025-12-04,IL,New,Plate,1,3.99
2025-12-04,IL,New,Red Onions,3,5.97
2025-12-04,GA,VIP,Juice,3,11.97
2025-12-04,GA,VIP,Pan,1,24.99
2025-12-04,GA,VIP,Apple Airpods,2,259.98
2025-12-04,NY,New,Man Plaid Shirt,3,104.97
2025-12-04,FL,Returning,Beef Steak,1,12.99
2025-12-04,FL,Returning,Calvin Klein CK One,2,99.98
2025-12-04,CA,Returning,Spice Rack,3,59.97
2025-12-04,CA,Returning,Apple Airpods,1,129.99
2025-12-04,CA,Returning,Microwave Oven,2,179.98
2025-12-04,CA,Returning,Juice,1,3.99
2025-12-04,IL,Returning,Boxed Blender,2,79.98
2025-12-04,IL,Returning,Lunch Box,1,12.99
2025-12-04,NY,VIP,Bedside Table African Cherry,1,299.99
2025-12-04,NY,VIP,Puma Future Rider Trainers,2,179.98
2025-12-04,NY,VIP,New DELL XPS 13 9300 Laptop,2,2999.98
2025-12-04,NY,VIP,Decoration Swing,2,119.98
2025-12-04,WA,Returning,Black Aluminium Cup,2,11.98
2025-12-04,WA,Returning,Apple,3,5.97
2025-12-04,WA,Returning,Eggs,3,8.97
2025-12-04,WA,Returning,Spice Rack,3,59.97
2025-12-04,WA,Returning,Rolex Datejust,3,32999.97
2025-12-04,NY,Returning,Chopping Board,3,38.97
2025-12-04,NY,Returning,Annibale Colombo Bed,2,3799.98
2025-12-04,NY,Returning,Red Tongs,3,20.97
2025-12-04,NY,Returning,Hand Blender,2,69.98
2025-12-04,MO,New,Gigabyte Aorus Men Tshirt,2,49.98
2025-12-04,MO,New,Strawberry,1,3.99
2025-12-04,IL,Returning,Glass,2,9.98
2025-12-04,FL,Returning,Knoll Saarinen Executive Conference Chair,1,499.99
2025-12-04,FL,VIP,Dolce Shine Eau de,2,139.98
2025-12-04,FL,VIP,Rolex Cellini Date Black Dial,1,8999.99
2025-12-04,TX,VIP,Nike Baseball Cleats,2,159.98
2025-12-04,NY,New,Water,3,2.97
2025-12-04,NY,New,Hand Blender,3,104.97
2025-12-04,NY,New,Mug Tree Stand,2,31.98
2025-12-04,NY,New,Protein Powder,2,39.98
2025-12-04,CA,Returning,Grater Black,3,32.97
2025-12-04,MO,Returning,Essence Mascara Lash Princess,2,19.98
2025-12-04,TX,Returning,Nike Air Jordan 1 Red And Black,1,149.99
2025-12-04,TX,Returning,Grater Black,3,32.97
2025-12-04,NY,VIP,Calvin Klein CK One,3,149.97
2025-12-04,NY,VIP,Dior J'adore,1,89.99
2025-12-04,NY,New,Annibale Colombo Sofa,1,2499.99
2025-12-04,NY,New,Powder Canister,2,29.98
2025-12-04,NY,New,Potatoes,2,4.58
2025-12-04,NY,VIP,Kiwi,2,4.98
2025-12-04,GA,VIP,Fork,1,3.99
2025-12-04,GA,VIP,Nike Baseball Cleats,2,159.98
2025-12-04,GA,VIP,Electric Stove,3,149.97
2025-12-04,FL,VIP,Huawei Matebook X Pro,2,2799.98
2025-12-04,FL,VIP,Knoll Saarinen Executive Conference Chair,1,499.99
2025-12-04,MO,VIP,Tray,1,16.99
2025-12-04,MO,VIP,Electric Stove,2,99.98
2025-12-04,MO,VIP,Glass,1,4.99
2025-12-04,MO,Returning,Red Lipstick,2,25.98
2025-12-04,MO,Returning,Brown Leather Belt Watch,2,179.98
2025-12-04,MO,Returning,Water,2,1.98
2025-12-04,MO,Returning,Essence Mascara Lash Princess,1,9.99
2025-12-04,MO,New,Gigabyte Aorus Men Tshirt,3,74.97
2025-12-04,MO,New,Green Bell Pepper,3,3.87
2025-12-04,MO,New,Rice,1,5.99
2025-12-04,MO,New,Cucumber,1,1.49
2025-12-04,FL,New,New DELL XPS 13 9300 Laptop,3,4499.97
2025-12-04,NY,VIP,Man Plaid Shirt,1,34.99
2025-12-04,NY,VIP,Honey Jar,1,6.99
2025-12-04,NY,VIP,Annibale Colombo Sofa,2,4999.98
2025-12-04,NY,VIP,Knife,2,29.98
2025-12-04,TX,VIP,Chicken Meat,1,9.99
2025-12-04,TX,VIP,Men Check Shirt,3,83.97
2025-12-04,GA,New,Spice Rack,1,19.99
2025-12-04,CA,Returning,Fish Steak,1,14.99
2025-12-04,TX,VIP,Rolex Cellini Date Black Dial,1,8999.99
2025-12-04,TX,VIP,Amazon Echo Plus,3,299.97
2025-12-04,TX,VIP,Brown Leather Belt Watch,3,269.97
2025-12-04,TX,VIP,Dolce Shine Eau de,3,209.97
2025-12-04,CA,VIP,Powder Canister,2,29.98
2025-12-04,CA,VIP,Huawei Matebook X Pro,1,1399.99
2025-12-04,CA,VIP,Dog Food,2,21.98
2025-12-04,FL,VIP,Annibale Colombo Sofa,3,7499.97
2025-12-04,MO,Returning,Essence Mascara Lash Princess,2,19.98
2025-12-04,MO,Returning,Tray,1,16.99
2025-12-04,MO,Returning,Huawei Matebook X Pro,1,1399.99
2025-12-04,FL,VIP,Soft Drinks,3,5.97
2025-12-04,FL,VIP,Glass,3,14.97
2025-12-04,FL,VIP,Ice Cube Tray,1,5.99
2025-12-04,FL,VIP,Microwave Oven,1,89.99
2025-12-04,CA,Returning,Slotted Turner,1,8.99
2025-12-04,CA,Returning,Calvin Klein CK One,3,149.97
2025-12-04,CA,Returning,Longines Master Collection,1,1499.99
2025-12-04,CA,Returning,Red Lipstick,3,38.97
2025-12-04,WA,VIP,Nike Air Jordan 1 Red And Black,2,299.98
2025-12-04,TX,VIP,Honey Jar,2,13.98
2025-12-04,NY,VIP,Tray,1,16.99
2025-12-04,NY,VIP,Asus Zenbook Pro Dual Screen Laptop,1,1799.99
2025-12-04,CA,Returning,Silver Pot With Glass Cap,3,119.97
2025-12-04,CA,Returning,Fine Mesh Strainer,2,19.98
2025-12-04,CA,Returning,Yellow Peeler,3,17.97
2025-12-04,CA,Returning,Apple MacBook Pro 14 Inch Space Grey,3,5999.97
2025-12-04,GA,Returning,Powder Canister,2,29.98
2025-12-04,GA,Returning,Brown Leather Belt Watch,3,269.97
2025-12-04,TX,New,Essence Mascara Lash Princess,3,29.97
2025-12-04,TX,New,Water,2,1.98
2025-12-04,WA,VIP,Soft Drinks,2,3.98
2025-12-04,WA,VIP,Fork,2,7.98
2025-12-04,WA,VIP,Apple Airpods,3,389.97
2025-12-04,FL,New,Bamboo Spatula,3,23.97
2025-12-04,FL,New,Black Whisk,2,19.98
2025-12-04,FL,New,Boxed Blender,1,39.99
2025-12-04,FL,New,Red Tongs,1,6.99
2025-12-04,IL,VIP,Man Plaid Shirt,2,69.98
2025-12-04,IL,New,Knoll Saarinen Executive Conference Chair,1,499.99
2025-12-04,IL,New,Pan,2,49.98
2025-12-04,IL,VIP,Sports Sneakers Off White & Red,1,119.99
2025-12-04,IL,VIP,Decoration Swing,2,119.98
2025-12-04,GA,VIP,New DELL XPS 13 9300 Laptop,2,2999.98
2025-12-04,GA,VIP,Wooden Bathroom Sink With Mirror,3,2399.97
2025-12-04,GA,VIP,Kitchen Sieve,2,15.98
2025-12-04,NY,New,Tissue Paper Box,2,4.98
2025-12-04,GA,VIP,Bamboo Spatula,1,7.99
2025-12-04,GA,VIP,Rolex Submariner Watch,3,41999.97
2025-12-04,GA,VIP,Nike Air Jordan 1 Red And Black,3,449.97
2025-12-04,GA,VIP,Brown Leather Belt Watch,2,179.98
2025-12-04,FL,Returning,Plate,1,3.99
2025-12-04,FL,Returning,Bamboo Spatula,1,7.99
2025-12-04,FL,Returning,Table Lamp,1,49.99
2025-12-04,FL,New,Protein Powder,2,39.98
2025-12-04,FL,New,Lenovo Yoga 920,1,1099.99
2025-12-04,FL,New,Nike Baseball Cleats,2,159.98
2025-12-05,FL,New,Slotted Turner,3,26.97
2025-12-05,FL,New,Strawberry,2,7.98
2025-12-05,CA,Returning,Apple,2,3.98
2025-12-05,CA,Returning,Potatoes,1,2.29
2025-12-05,CA,Returning,Knoll Saarinen Executive Conference Chair,1,499.99
2025-12-05,CA,Returning,Sports Sneakers Off White Red,2,219.98
2025-12-05,WA,New,Eggs,1,2.99
2025-12-05,WA,New,Tissue Paper Box,1,2.49
2025-12-05,WA,New,Carbon Steel Wok,2,59.98
2025-12-05,WA,New,Cucumber,1,1.49
2025-12-05,IL,New,Electric Stove,2,99.98
2025-12-05,IL,New,Fork,1,3.99
2025-12-05,IL,New,Grater Black,3,32.97
2025-12-05,IL,New,Red Nail Polish,1,8.99
2025-12-05,CA,New,Pan,2,49.98
2025-12-05,CA,New,Green Bell Pepper,1,1.29
2025-12-05,CA,New,Mulberry,2,9.98
2025-12-05,CA,New,Spoon,3,14.97
2025-12-05,MO,New,Protein Powder,2,39.98
2025-12-05,MO,New,Rolex Submariner Watch,1,13999.99
2025-12-05,WA,Returning,Dolce Shine Eau de,3,209.97
2025-12-05,WA,Returning,Grater Black,1,10.99
2025-12-05,GA,New,Milk,2,6.98
2025-12-05,GA,New,Essence Mascara Lash Princess,3,29.97
2025-12-05,NY,New,Bamboo Spatula,3,23.97
2025-12-05,NY,New,Puma Future Rider Trainers,2,179.98
2025-12-05,CA,New,Mulberry,3,14.97
2025-12-05,GA,Returning,Nike Baseball Cleats,1,79.99
2025-12-05,NY,Returning,Ice Cream,1,5.49
2025-12-05,TX,Returning,Kiwi,2,4.98
2025-12-05,TX,New,Red Lipstick,3,38.97
2025-12-05,TX,New,Black Whisk,2,19.98
2025-12-05,CA,New,Nike Air Jordan 1 Red And Black,3,449.97
2025-12-05,CA,New,Lemon,3,2.37
2025-12-05,CA,New,Annibale Colombo Sofa,2,4999.98
2025-12-05,TX,Returning,Protein Powder,3,59.97
2025-12-05,TX,Returning,Calvin Klein CK One,2,99.98
2025-12-05,TX,Returning,Lenovo Yoga 920,2,2199.98
2025-12-05,NY,New,Chopping Board,1,12.99
2025-12-05,TX,VIP,Water,1,0.99
2025-12-05,CA,Returning,Black Whisk,2,19.98
2025-12-05,MO,Returning,Fork,2,7.98
2025-12-05,MO,Returning,Sports Sneakers Off White & Red,1,119.99
2025-12-05,GA,New,Rolex Datejust,2,21999.98
2025-12-05,GA,New,Cucumber,3,4.47
2025-12-05,GA,New,Apple Airpods,2,259.98
2025-12-05,GA,New,Grater Black,3,32.97
2025-12-05,NY,Returning,Dolce Shine Eau de,1,69.99
2025-12-05,NY,VIP,Tissue Paper Box,2,4.98
2025-12-05,NY,VIP,Spice Rack,1,19.99
2025-12-05,TX,New,Electric Stove,1,49.99
2025-12-05,TX,New,Chopping Board,3,38.97
2025-12-05,WA,VIP,Pan,3,74.97
2025-12-05,WA,VIP,Man Plaid Shirt,1,34.99
2025-12-05,NY,VIP,Kiwi,2,4.98
2025-12-05,NY,VIP,Essence Mascara Lash Princess,3,29.97
2025-12-05,NY,VIP,Gucci Bloom Eau de,3,239.97
2025-12-05,NY,VIP,Chopping Board,1,12.99
2025-12-05,MO,New,Asus Zenbook Pro Dual Screen Laptop,2,3599.98
2025-12-05,MO,New,Nike Baseball Cleats,2,159.98
2025-12-05,GA,New,Nike Baseball Cleats,3,239.97
2025-12-05,GA,New,Egg Slicer,1,6.99
2025-12-05,GA,New,Pan,3,74.97
2025-12-05,GA,New,Kiwi,2,4.98
2025-12-05,MO,New,Hand Blender,2,69.98
2025-12-05,NY,VIP,Strawberry,2,7.98
2025-12-05,NY,VIP,Red Onions,1,1.99
2025-12-05,NY,VIP,Sports Sneakers Off White & Red,1,119.99
2025-12-05,NY,VIP,Brown Leather Belt Watch,2,179.98
2025-12-05,FL,Returning,Lemon,3,2.37
2025-12-05,FL,Returning,Annibale Colombo Sofa,1,2499.99
2025-12-05,FL,Returning,Tissue Paper Box,3,7.47
2025-12-05,CA,New,Glass,1,4.99
2025-12-05,FL,Returning,Kiwi,1,2.49
2025-12-05,GA,New,Red Nail Polish,1,8.99
2025-12-05,GA,New,Mulberry,1,4.99
2025-12-05,GA,New,Amazon Echo Plus,2,199.98
2025-12-05,GA,New,Asus Zenbook Pro Dual Screen Laptop,1,1799.99
2025-12-05,GA,New,Plant Pot,2,29.98
2025-12-05,GA,New,Nescafe Coffee,2,15.98
2025-12-05,GA,New,Man Plaid Shirt,1,34.99
2025-12-05,GA,New,Grater Black,3,32.97
2025-12-05,IL,VIP,Fork,3,11.97
2025-12-05,IL,VIP,Juice,1,3.99
2025-12-05,IL,VIP,Green Chili Pepper,1,0.99
2025-12-05,IL,VIP,Bamboo Spatula,2,15.98
2025-12-05,CA,VIP,Black Aluminium Cup,2,11.98
2025-12-05,CA,VIP,Carbon Steel Wok,2,59.98
2025-12-05,CA,VIP,Fork,3,11.97
2025-12-05,CA,VIP,Eggs,3,8.97
2025-12-05,IL,New,Milk,2,6.98
2025-12-05,IL,New,Longines Master Collection,2,2999.98
2025-12-05,MO,New,Rolex Cellini Moonphase,2,25999.98
2025-12-05,CA,VIP,Soft Drinks,1,1.99
2025-12-05,MO,New,Mulberry,1,4.99
2025-12-05,MO,New,Fine Mesh Strainer,1,9.99
2025-12-05,GA,New,Slotted Turner,1,8.99
2025-12-05,GA,New,Carbon Steel Wok,3,89.97
2025-12-05,GA,New,Microwave Oven,2,179.98
2025-12-05,GA,New,Grater Black,3,32.97
2025-12-05,TX,VIP,Brown Leather Belt Watch,2,179.98
2025-12-05,TX,VIP,Powder Canister,1,14.99
2025-12-05,TX,VIP,Soft Drinks,1,1.99
2025-12-05,TX,VIP,Cooking Oil,1,4.99
2025-12-05,FL,New,Citrus Squeezer Yellow,1,8.99
2025-12-05,FL,New,Wooden Rolling Pin,1,11.99
2025-12-05,FL,New,Rolex Submariner Watch,2,27999.98
2025-12-05,FL,New,Wooden Bathroom Sink With Mirror,2,1599.98
2025-12-05,IL,Returning,Lunch Box,3,38.97
2025-12-05,NY,Returning,Lemon,2,1.58
2025-12-05,NY,Returning,Silver Pot With Glass Cap,3,119.97
2025-12-05,NY,Returning,Sports Sneakers Off White & Red,1,119.99
2025-12-05,NY,Returning,Brown Leather Belt Watch,2,179.98
2025-12-05,CA,Returning,Yellow Peeler,3,17.97
2025-12-05,TX,VIP,Soft Drinks,3,5.97
2025-12-05,TX,VIP,Green Bell Pepper,3,3.87
2025-12-05,TX,VIP,Man Short Sleeve Shirt,3,59.97
2025-12-05,TX,VIP,Apple,1,1.99
2025-12-06,FL,Returning,Rice,3,17.97
2025-12-06,FL,Returning,Plant Pot,3,44.97
2025-12-06,FL,Returning,Citrus Squeezer Yellow,3,26.97
2025-12-06,FL,Returning,Protein Powder,1,19.99
2025-12-06,NY,New,Men Check Shirt,1,27.99
2025-12-06,NY,New,Spice Rack,2,39.98
2025-12-06,FL,VIP,Kiwi,3,7.47
2025-12-06,FL,VIP,Asus Zenbook Pro Dual Screen Laptop,1,1799.99
2025-12-06,FL,VIP,Slotted Turner,3,26.97
2025-12-06,FL,VIP,Blue & Black Check Shirt,1,29.99
2025-12-06,TX,New,Apple Airpods,1,129.99
2025-12-06,TX,New,Spoon,3,14.97
2025-12-06,TX,New,Blue & Black Check Shirt,2,59.98
2025-12-06,TX,New,Fine Mesh Strainer,2,19.98
2025-12-06,NY,New,Bedside Table African Cherry,1,299.99
2025-12-06,NY,New,Lunch Box,2,25.98
2025-12-06,NY,New,Fish Steak,1,14.99
2025-12-06,NY,New,Glass,1,4.99
2025-12-06,NY,New,Knoll Saarinen Executive Conference Chair,1,499.99
2025-12-06,TX,VIP,Apple Airpods,1,129.99
2025-12-06,IL,New,Chanel Coco Noir Eau De,3,389.97
2025-12-06,IL,New,Annibale Colombo Sofa,3,7499.97
2025-12-06,TX,Returning,Kiwi,1,2.49
2025-12-06,TX,Returning,Ice Cube Tray,1,5.99
2025-12-06,TX,Returning,Annibale Colombo Bed,1,1899.99
2025-12-06,TX,Returning,Protein Powder,1,19.99
2025-12-06,IL,Returning,Silver Pot With Glass Cap,1,39.99
2025-12-06,IL,Returning,Spoon,3,14.97
2025-12-06,IL,Returning,Rolex Cellini Moonphase,2,25999.98
2025-12-06,IL,Returning,Chicken Meat,2,19.98
2025-12-06,NY,VIP,Rolex Submariner Watch,3,41999.97
2025-12-06,CA,VIP,Water,2,1.98
2025-12-06,IL,Returning,New DELL XPS 13 9300 Laptop,3,4499.97
2025-12-06,IL,Returning,Hand Blender,1,34.99
2025-12-06,IL,Returning,Apple,1,1.99
2025-12-06,IL,Returning,Slotted Turner,1,8.99
2025-12-06,CA,New,Ice Cream,1,5.49
2025-12-06,CA,New,Dior J'adore,3,269.97
2025-12-06,CA,New,Eyeshadow Palette with Mirror,1,19.99
2025-12-06,CA,New,Chicken Meat,1,9.99
2025-12-06,CA,New,Kiwi,1,2.49
2025-12-06,CA,VIP,Green Chili Pepper,2,1.98
2025-12-06,CA,VIP,Water,1,0.99
2025-12-06,GA,New,Potatoes,1,2.29
2025-12-06,GA,New,Knoll Saarinen Executive Conference Chair,3,1499.97
2025-12-06,GA,New,Silver Pot With Glass Cap,2,79.98
2025-12-06,MO,New,Lunch Box,2,25.98
2025-12-06,MO,New,Carbon Steel Wok,3,89.97
2025-12-06,WA,Returning,Yellow Peeler,1,5.99
2025-12-06,WA,Returning,Blue & Black Check Shirt,2,59.98
2025-12-06,WA,Returning,Essence Mascara Lash Princess,1,9.99
2025-12-06,WA,Returning,Powder Canister,1,14.99
2025-12-06,WA,Returning,Black Whisk,2,19.98
2025-12-06,WA,Returning,Longines Master Collection,2,2999.98
2025-12-06,WA,Returning,Plant Pot,1,14.99
2025-12-06,WA,Returning,Bamboo Spatula,2,15.98
2025-12-06,WA,Returning,Knife,3,44.97
2025-12-06,NY,New,Rolex Datejust,3,32999.97
2025-12-06,NY,New,Essence Mascara Lash Princess,2,19.98
2025-12-06,FL,New,Blue & Black Check Shirt,1,29.99
2025-12-06,FL,New,Tissue Paper Box,1,2.49
2025-12-06,FL,New,Knife,2,29.98
2025-12-06,FL,New,Man Short Sleeve Shirt,3,59.97
2025-12-06,NY,Returning,Rolex Datejust,1,10999.99
2025-12-06,NY,Returning,Sports Sneakers Off White Red,3,329.97
2025-12-06,NY,Returning,Hand Blender,1,34.99
2025-12-06,NY,Returning,New DELL XPS 13 9300 Laptop,2,2999.98
2025-12-06,GA,New,Huawei Matebook X Pro,1,1399.99
2025-12-06,CA,VIP,Hand Blender,3,104.97
2025-12-06,CA,VIP,Puma Future Rider Trainers,2,179.98
2025-12-06,CA,VIP,Apple Airpods,2,259.98
2025-12-06,CA,VIP,Ice Cube Tray,2,11.98
2025-12-06,CA,New,Honey Jar,1,6.99
2025-12-06,CA,New,Bedside Table African Cherry,2,599.98
2025-12-06,IL,VIP,Asus Zenbook Pro Dual Screen Laptop,3,5399.97
2025-12-06,IL,VIP,Plate,3,11.97
2025-12-06,IL,VIP,Red Lipstick,2,25.98
2025-12-06,MO,Returning,Strawberry,2,7.98
2025-12-06,GA,VIP,Essence Mascara Lash Princess,3,29.97
2025-12-06,WA,VIP,Silver Pot With Glass Cap,3,119.97
2025-12-06,GA,VIP,Nescafe Coffee,1,7.99
2025-12-06,GA,VIP,Knoll Saarinen Executive Conference Chair,2,999.98
2025-12-06,GA,VIP,Black Aluminium Cup,1,5.99
2025-12-06,TX,New,Knife,1,14.99
2025-12-06,TX,New,Puma Future Rider Trainers,2,179.98
2025-12-06,TX,New,Lenovo Yoga 920,1,1099.99
2025-12-06,TX,New,Protein Powder,2,39.98
2025-12-06,TX,Returning,Puma Future Rider Trainers,3,269.97
2025-12-06,TX,Returning,Wooden Rolling Pin,3,35.97
2025-12-06,TX,Returning,Honey Jar,1,6.99
2025-12-06,WA,VIP,Honey Jar,1,6.99
2025-12-06,TX,Returning,Sports Sneakers Off White Red,1,109.99
2025-12-06,TX,Returning,Calvin Klein CK One,2,99.98
2025-12-06,GA,VIP,Hand Blender,2,69.98
2025-12-06,GA,VIP,Black Whisk,3,29.97
2025-12-06,GA,VIP,Dolce Shine Eau de,3,209.97
2025-12-06,FL,New,Black Aluminium Cup,1,5.99
2025-12-06,FL,New,Boxed Blender,2,79.98
2025-12-06,FL,New,Wooden Bathroom Sink With Mirror,2,1599.98
2025-12-06,FL,New,Microwave Oven,3,269.97
2025-12-06,NY,New,Beef Steak,2,25.98
2025-12-06,NY,New,Calvin Klein CK One,3,149.97
2025-12-06,NY,New,Rolex Cellini Moonphase,1,12999.99
2025-12-06,NY,New,Electric Stove,2,99.98
2025-12-06,NY,New,Essence Mascara Lash Princess,1,9.99
2025-12-06,NY,New,Ice Cube Tray,1,5.99
2025-12-06,NY,New,Chicken Meat,3,29.97
2025-12-06,MO,New,Spoon,1,4.99
2025-12-06,MO,New,Microwave Oven,3,269.97
2025-12-07,IL,New,Red Lipstick,3,38.97
2025-12-07,IL,New,Ice Cube Tray,1,5.99
2025-12-07,IL,New,Electric Stove,3,149.97
2025-12-07,IL,New,Fish Steak,1,14.99
2025-12-07,MO,Returning,Brown Leather Belt Watch,3,269.97
2025-12-07,MO,Returning,Ice Cream,2,10.98
2025-12-07,NY,VIP,Annibale Colombo Sofa,1,2499.99
2025-12-07,NY,VIP,Knife,2,29.98
2025-12-07,NY,VIP,New DELL XPS 13 9300 Laptop,2,2999.98
2025-12-07,NY,VIP,Chicken Meat,1,9.99
2025-12-07,MO,New,Yellow Peeler,2,11.98
2025-12-07,MO,New,Gigabyte Aorus Men Tshirt,3,74.97
2025-12-07,MO,New,Sports Sneakers Off White Red,1,109.99
2025-12-07,MO,New,Lemon,2,1.58
2025-12-07,CA,New,Family Tree Photo Frame,3,89.97
2025-12-07,CA,New,Apple Airpods,3,389.97
2025-12-07,IL,Returning,Blue & Black Check Shirt,2,59.98
2025-12-07,GA,VIP,Blue & Black Check Shirt,1,29.99
2025-12-07,GA,VIP,Spice Rack,3,59.97
2025-12-07,NY,Returning,Ice Cream,3,16.47
2025-12-07,NY,Returning,Dior J'adore,3,269.97
2025-12-07,TX,New,Apple MacBook Pro 14 Inch Space Grey,1,1999.99
2025-12-07,TX,New,Black Whisk,3,29.97
2025-12-07,TX,New,Bedside Table African Cherry,1,299.99
2025-12-07,TX,New,Man Short Sleeve Shirt,1,19.99
2025-12-07,FL,VIP,Silver Pot With Glass Cap,1,39.99
2025-12-07,FL,VIP,Blue & Black Check Shirt,3,89.97
2025-12-07,FL,VIP,Family Tree Photo Frame,2,59.98
2025-12-07,MO,Returning,Electric Stove,3,149.97
2025-12-07,MO,Returning,Red Lipstick,3,38.97
2025-12-07,MO,Returning,Red Onions,1,1.99
2025-12-07,IL,VIP,Rice,3,17.97
2025-12-07,GA,Returning,Nescafe Coffee,2,15.98
2025-12-07,GA,Returning,Yellow Peeler,2,11.98
2025-12-07,GA,Returning,Electric Stove,2,99.98
2025-12-07,TX,VIP,Eyeshadow Palette with Mirror,2,39.98
2025-12-07,NY,Returning,Calvin Klein CK One,2,99.98
2025-12-07,NY,Returning,Water,3,2.97
2025-12-07,NY,Returning,Nike Air Jordan 1 Red And Black,1,149.99
2025-12-07,WA,Returning,Blue & Black Check Shirt,3,89.97
2025-12-07,FL,VIP,Powder Canister,2,29.98
2025-12-07,MO,New,Brown Leather Belt Watch,1,89.99
2025-12-07,MO,New,Mug Tree Stand,2,31.98
2025-12-07,MO,New,Bedside Table African Cherry,2,599.98
2025-12-07,CA,New,Apple,2,3.98
2025-12-07,CA,New,Glass,3,14.97
2025-12-07,MO,Returning,Gucci Bloom Eau de,3,239.97
2025-12-07,MO,Returning,Milk,3,10.47
2025-12-07,WA,Returning,Rolex Submariner Watch,1,13999.99
2025-12-07,WA,Returning,Nescafe Coffee,1,7.99
2025-12-07,WA,Returning,Eyeshadow Palette with Mirror,1,19.99
2025-12-07,WA,Returning,Grater Black,2,21.98
2025-12-07,GA,Returning,Brown Leather Belt Watch,1,89.99
2025-12-07,GA,Returning,Eggs,1,2.99
2025-12-07,GA,Returning,New DELL XPS 13 9300 Laptop,2,2999.98
2025-12-07,GA,Returning,Lenovo Yoga 920,3,3299.97
2025-12-07,MO,VIP,Rolex Datejust,3,32999.97
2025-12-07,MO,VIP,Silver Pot With Glass Cap,3,119.97
2025-12-07,MO,VIP,Rolex Cellini Date Black Dial,2,17999.98
2025-12-07,MO,VIP,Huawei Matebook X Pro,2,2799.98
2025-12-07,NY,Returning,Knoll Saarinen Executive Conference Chair,3,1499.97
2025-12-07,NY,Returning,Red Lipstick,1,12.99
2025-12-07,NY,Returning,Apple Airpods,2,259.98
2025-12-07,IL,Returning,Table Lamp,2,99.98
2025-12-07,IL,Returning,Rice,3,17.97
2025-12-07,IL,Returning,Green Bell Pepper,1,1.29
2025-12-07,IL,VIP,Annibale Colombo Sofa,2,4999.98
2025-12-07,IL,VIP,Fish Steak,3,44.97
2025-12-07,IL,VIP,Men Check Shirt,2,55.98
2025-12-07,MO,VIP,Chopping Board,2,25.98
2025-12-08,MO,Returning,Essence Mascara Lash Princess,1,9.99
2025-12-08,MO,Returning,Dog Food,2,21.98
2025-12-08,MO,Returning,Rolex Cellini Moonphase,3,38999.97
2025-12-08,MO,Returning,Protein Powder,3,59.97
2025-12-08,WA,VIP,Yellow Peeler,2,11.98
2025-12-08,WA,VIP,Silver Pot With Glass Cap,2,79.98
2025-12-08,WA,VIP,Slotted Turner,3,26.97
2025-12-08,TX,Returning,Cat Food,1,8.99
2025-12-08,TX,Returning,Bedside Table African Cherry,2,599.98
2025-12-08,TX,Returning,Black Aluminium Cup,1,5.99
2025-12-08,IL,VIP,Cat Food,1,8.99
2025-12-08,IL,VIP,Red Onions,3,5.97
2025-12-08,IL,VIP,Mug Tree Stand,2,31.98
2025-12-08,IL,VIP,Men Check Shirt,3,83.97
2025-12-08,CA,Returning,Knife,3,44.97
2025-12-08,CA,Returning,Ice Cube Tray,3,17.97
2025-12-08,CA,Returning,Brown Leather Belt Watch,2,179.98
2025-12-08,CA,Returning,Lunch Box,1,12.99
2025-12-08,FL,VIP,Dog Food,3,32.97
2025-12-08,FL,Returning,Chicken Meat,1,9.99
2025-12-08,FL,Returning,Knife,2,29.98
2025-12-08,FL,Returning,Annibale Colombo Sofa,3,7499.97
2025-12-08,MO,New,Puma Future Rider Trainers,3,269.97
2025-12-08,MO,New,Nescafe Coffee,3,23.97
2025-12-08,MO,New,Cat Food,3,26.97
2025-12-08,FL,New,New DELL XPS 13 9300 Laptop,1,1499.99
2025-12-08,FL,Returning,Nike Air Jordan 1 Red And Black,3,449.97
2025-12-08,FL,Returning,Potatoes,3,6.87
2025-12-08,FL,Returning,Plant Pot,3,44.97
2025-12-08,CA,VIP,Bedside Table African Cherry,1,299.99
2025-12-08,CA,VIP,Ice Cream,3,16.47
2025-12-08,IL,New,Knife,2,29.98
2025-12-08,IL,New,House Showpiece Plant,1,39.99
2025-12-08,GA,Returning,Wooden Bathroom Sink With Mirror,1,799.99
2025-12-08,GA,Returning,Tissue Paper Box,3,7.47
2025-12-08,IL,VIP,Family Tree Photo Frame,3,89.97
2025-12-08,TX,New,Beef Steak,2,25.98
2025-12-08,FL,New,Soft Drinks,3,5.97
2025-12-08,FL,New,Chopping Board,1,12.99
2025-12-08,FL,New,Calvin Klein CK One,1,49.99
2025-12-08,FL,New,Citrus Squeezer Yellow,1,8.99
2025-12-08,NY,VIP,Knife,3,44.97
2025-12-08,NY,VIP,Wooden Bathroom Sink With Mirror,2,1599.98
2025-12-08,NY,VIP,House Showpiece Plant,1,39.99
2025-12-08,WA,Returning,Annibale Colombo Bed,2,3799.98
2025-12-08,WA,Returning,Man Short Sleeve Shirt,1,19.99
2025-12-08,WA,Returning,Powder Canister,1,14.99
2025-12-08,WA,Returning,Sports Sneakers Off White Red,2,219.98
2025-12-08,WA,VIP,Spoon,1,4.99
2025-12-08,WA,VIP,Dior J'adore,3,269.97
2025-12-08,WA,VIP,Juice,2,7.98
2025-12-08,NY,VIP,Spoon,1,4.99
2025-12-09,MO,New,Dior J'adore,2,179.98
2025-12-09,MO,New,Sports Sneakers Off White Red,1,109.99
2025-12-09,MO,New,Spice Rack,1,19.99
2025-12-09,MO,New,Ice Cube Tray,3,17.97
2025-12-09,CA,VIP,Juice,1,3.99
2025-12-09,CA,VIP,Fine Mesh Strainer,3,29.97
2025-12-09,CA,VIP,Spice Rack,1,19.99
2025-12-09,CA,VIP,Calvin Klein CK One,1,49.99
2025-12-09,GA,New,Electric Stove,3,149.97
2025-12-09,GA,New,Rice,3,17.97
2025-12-09,GA,New,Eyeshadow Palette with Mirror,2,39.98
2025-12-09,WA,Returning,Chanel Coco Noir Eau De,1,129.99
2025-12-09,WA,Returning,Electric Stove,1,49.99
2025-12-09,WA,Returning,Kiwi,3,7.47
2025-12-09,NY,New,Egg Slicer,1,6.99
2025-12-09,IL,Returning,Nike Baseball Cleats,3,239.97
2025-12-09,NY,VIP,Electric Stove,3,149.97
2025-12-09,NY,VIP,Carbon Steel Wok,2,59.98
2025-12-09,NY,VIP,Grater Black,1,10.99
2025-12-09,TX,VIP,Table Lamp,3,149.97
2025-12-09,TX,VIP,Man Plaid Shirt,1,34.99
2025-12-09,TX,VIP,Black Aluminium Cup,3,17.97
2025-12-09,NY,VIP,Soft Drinks,3,5.97
2025-12-09,NY,VIP,Nescafe Coffee,3,23.97
2025-12-09,TX,New,Red Lipstick,3,38.97
2025-12-09,TX,New,Longines Master Collection,1,1499.99
2025-12-09,TX,New,Milk,2,6.98
2025-12-09,IL,VIP,Table Lamp,2,99.98
2025-12-09,IL,VIP,Silver Pot With Glass Cap,2,79.98
2025-12-09,NY,Returning,Rolex Datejust,3,32999.97
2025-12-09,NY,Returning,Soft Drinks,2,3.98
2025-12-09,CA,Returning,Grater Black,1,10.99
2025-12-09,CA,Returning,Lenovo Yoga 920,2,2199.98
2025-12-09,GA,New,Citrus Squeezer Yellow,1,8.99
2025-12-09,NY,VIP,Calvin Klein CK One,2,99.98
2025-12-09,NY,VIP,Green Bell Pepper,2,2.58
2025-12-09,NY,VIP,Chanel Coco Noir Eau De,3,389.97
2025-12-09,NY,VIP,Rolex Cellini Date Black Dial,2,17999.98
2025-12-09,NY,VIP,Green Bell Pepper,3,3.87
2025-12-09,MO,New,Red Onions,1,1.99
2025-12-09,MO,New,Carbon Steel Wok,3,89.97
2025-12-09,MO,New,Annibale Colombo Sofa,1,2499.99
2025-12-09,FL,VIP,Puma Future Rider Trainers,2,179.98
2025-12-09,FL,VIP,Knoll Saarinen Executive Conference Chair,1,499.99
2025-12-09,FL,VIP,Annibale Colombo Bed,1,1899.99
2025-12-09,TX,New,Fine Mesh Strainer,1,9.99
2025-12-09,NY,New,Ice Cube Tray,3,17.97
2025-12-09,NY,New,Spoon,3,14.97
2025-12-09,NY,New,Ice Cream,2,10.98
2025-12-09,NY,New,Essence Mascara Lash Princess,3,29.97
2025-12-09,GA,New,Calvin Klein CK One,2,99.98
2025-12-09,NY,New,Lenovo Yoga 920,3,3299.97
2025-12-09,NY,New,Citrus Squeezer Yellow,1,8.99
2025-12-09,IL,New,Amazon Echo Plus,2,199.98
2025-12-09,CA,VIP,Cucumber,1,1.49
2025-12-09,CA,VIP,Table Lamp,1,49.99
2025-12-09,CA,VIP,Apple Airpods,3,389.97
2025-12-09,GA,VIP,Water,1,0.99
2025-12-09,GA,VIP,Dolce Shine Eau de,1,69.99
2025-12-09,GA,VIP,Chanel Coco Noir Eau De,2,259.98
2025-12-09,GA,VIP,Egg Slicer,3,20.97
2025-12-09,FL,VIP,Glass,3,14.97
2025-12-09,FL,VIP,Brown Leather Belt Watch,3,269.97
2025-12-10,TX,VIP,Longines Master Collection,1,1499.99
2025-12-10,TX,VIP,Milk,2,6.98
2025-12-10,TX,VIP,Chicken Meat,3,29.97
2025-12-10,TX,VIP,Honey Jar,3,20.97
2025-12-10,FL,VIP,Puma Future Rider Trainers,2,179.98
2025-12-10,IL,Returning,Hand Blender,3,104.97
2025-12-10,IL,Returning,Glass,1,4.99
2025-12-10,NY,VIP,Green Chili Pepper,3,2.97
2025-12-10,NY,VIP,Longines Master Collection,1,1499.99
2025-12-10,NY,VIP,Chanel Coco Noir Eau De,2,259.98
2025-12-10,NY,VIP,Cooking Oil,2,9.98
2025-12-10,IL,New,House Showpiece Plant,1,39.99
2025-12-10,IL,New,Bamboo Spatula,1,7.99
2025-12-10,FL,Returning,New DELL XPS 13 9300 Laptop,2,2999.98
2025-12-10,FL,Returning,Cooking Oil,1,4.99
2025-12-10,FL,Returning,Soft Drinks,1,1.99
2025-12-10,FL,Returning,Fine Mesh Strainer,2,19.98
2025-12-10,TX,Returning,Fine Mesh Strainer,3,29.97
2025-12-10,TX,Returning,Knoll Saarinen Executive Conference Chair,1,499.99
2025-12-10,TX,Returning,Kiwi,3,7.47
2025-12-10,CA,VIP,Lemon,2,1.58
2025-12-10,CA,VIP,Annibale Colombo Bed,3,5699.97
2025-12-10,CA,VIP,Gigabyte Aorus Men Tshirt,2,49.98
2025-12-10,CA,New,Table Lamp,3,149.97
2025-12-10,CA,New,Rolex Cellini Date Black Dial,1,8999.99
2025-12-10,CA,New,Grater Black,2,21.98
2025-12-10,FL,Returning,Slotted Turner,1,8.99
2025-12-10,FL,Returning,Chicken Meat,1,9.99
2025-12-10,CA,VIP,Knife,3,44.97
2025-12-10,CA,VIP,Milk,2,6.98
2025-12-10,NY,New,Red Nail Polish,2,17.98
2025-12-10,CA,Returning,Nike Baseball Cleats,2,159.98
2025-12-10,CA,Returning,Red Tongs,3,20.97
2025-12-10,WA,Returning,Hand Blender,1,34.99
2025-12-10,WA,Returning,Fish Steak,1,14.99
2025-12-10,WA,Returning,Black Whisk,1,9.99
2025-12-10,WA,Returning,Family Tree Photo Frame,2,59.98
2025-12-10,GA,VIP,Sports Sneakers Off White Red,3,329.97
2025-12-10,IL,Returning,Pan,3,74.97
2025-12-10,IL,Returning,New DELL XPS 13 9300 Laptop,2,2999.98
2025-12-10,NY,Returning,Amazon Echo Plus,1,99.99
2025-12-10,NY,Returning,Plate,2,7.98
2025-12-10,IL,VIP,Table Lamp,1,49.99
2025-12-10,IL,VIP,Apple MacBook Pro 14 Inch Space Grey,1,1999.99
2025-12-10,IL,VIP,Rolex Cellini Moonphase,3,38999.97
2025-12-10,IL,VIP,Brown Leather Belt Watch,3,269.97
2025-12-10,IL,New,Hand Blender,1,34.99
2025-12-10,MO,Returning,Fish Steak,1,14.99
2025-12-10,MO,Returning,Men Check Shirt,2,55.98
2025-12-10,MO,Returning,Egg Slicer,2,13.98
2025-12-10,MO,Returning,Honey Jar,3,20.97
2025-12-10,TX,Returning,Chopping Board,2,25.98
2025-12-10,TX,Returning,Fish Steak,3,44.97
2025-12-10,TX,Returning,Gucci Bloom Eau de,3,239.97
2025-12-10,TX,Returning,Slotted Turner,2,17.98
2025-12-10,TX,VIP,Tissue Paper Box,3,7.47
2025-12-10,FL,New,Annibale Colombo Bed,1,1899.99
2025-12-10,FL,New,Apple,3,5.97
2025-12-10,NY,New,Lunch Box,2,25.98
2025-12-10,NY,Returning,Red Onions,3,5.97
2025-12-10,NY,Returning,Eggs,1,2.99
2025-12-10,MO,VIP,Sports Sneakers Off White Red,3,329.97
2025-12-10,MO,VIP,Fork,2,7.98
2025-12-10,NY,VIP,Electric Stove,3,149.97
2025-12-10,NY,VIP,Fish Steak,1,14.99
2025-12-10,NY,VIP,Rolex Cellini Date Black Dial,3,26999.97
2025-12-10,NY,New,Eggs,3,8.97
2025-12-10,NY,New,Apple Airpods,2,259.98
2025-12-10,NY,New,Rolex Submariner Watch,3,41999.97
2025-12-10,NY,New,Wooden Rolling Pin,2,23.98
2025-12-10,IL,Returning,Rolex Cellini Date Black Dial,2,17999.98
2025-12-10,FL,New,Black Aluminium Cup,2,11.98
2025-12-10,IL,New,Slotted Turner,2,17.98
2025-12-10,IL,New,Knoll Saarinen Executive Conference Chair,2,999.98
2025-12-10,IL,New,Knife,3,44.97
2025-12-10,FL,VIP,Glass,1,4.99
2025-12-10,FL,VIP,Annibale Colombo Sofa,2,4999.98
2025-12-10,CA,Returning,Blue & Black Check Shirt,1,29.99
2025-12-10,CA,Returning,Tray,3,50.97
2025-12-10,CA,Returning,Brown Leather Belt Watch,2,179.98
2025-12-10,MO,Returning,Rolex Cellini Moonphase,1,12999.99
2025-12-10,NY,VIP,Apple,1,1.99
2025-12-10,WA,Returning,Chopping Board,1,12.99
2025-12-10,GA,Returning,Man Short Sleeve Shirt,1,19.99
2025-12-10,GA,Returning,Wooden Bathroom Sink With Mirror,1,799.99
2025-12-10,FL,VIP,Fork,2,7.98
2025-12-10,FL,VIP,Mulberry,2,9.98
2025-12-10,FL,Returning,Rice,1,5.99
2025-12-10,NY,Returning,Slotted Turner,1,8.99
2025-12-10,NY,Returning,Table Lamp,1,49.99
2025-12-10,NY,Returning,Dolce Shine Eau de,2,139.98
2025-12-10,WA,VIP,Honey Jar,3,20.97
2025-12-10,WA,VIP,Nescafe Coffee,2,15.98
2025-12-10,WA,VIP,Ice Cream,2,10.98
2025-12-10,WA,VIP,Powder Canister,1,14.99
2025-12-10,NY,Returning,Apple MacBook Pro 14 Inch Space Grey,3,5999.97
2025-12-10,NY,Returning,Beef Steak,1,12.99
2025-12-10,NY,Returning,Boxed Blender,1,39.99
2025-12-10,NY,Returning,Red Onions,3,5.97
2025-12-10,GA,VIP,Honey Jar,1,6.99
2025-12-10,GA,VIP,Knoll Saarinen Executive Conference Chair,1,499.99
2025-12-10,GA,VIP,Green Bell Pepper,1,1.29
2025-12-10,WA,VIP,Juice,2,7.98
2025-12-10,WA,VIP,Cooking Oil,1,4.99
2025-12-10,WA,VIP,Bamboo Spatula,3,23.97
2025-12-10,IL,VIP,Boxed Blender,2,79.98
2025-12-10,IL,VIP,Longines Master Collection,2,2999.98
2025-12-10,FL,New,Fork,3,11.97
2025-12-10,FL,New,Decoration Swing,1,59.99
2025-12-10,FL,New,Man Plaid Shirt,2,69.98
2025-12-10,GA,New,Pan,3,74.97
2025-12-10,GA,New,Plate,1,3.99
2025-12-10,IL,New,Man Short Sleeve Shirt,1,19.99
2025-12-10,IL,New,Red Nail Polish,3,26.97
2025-12-10,IL,New,Glass,2,9.98
2025-12-10,NY,VIP,Cat Food,3,26.97
2025-12-10,TX,Returning,Essence Mascara Lash Princess,3,29.97
2025-12-10,TX,Returning,Dog Food,1,10.99
2025-12-10,TX,Returning,Red Tongs,3,20.97
2025-12-10,MO,New,Asus Zenbook Pro Dual Screen Laptop,3,5399.97
2025-12-10,MO,New,Sports Sneakers Off White & Red,1,119.99
2025-12-10,NY,VIP,Pan,2,49.98
2025-12-10,NY,VIP,Egg Slicer,1,6.99
2025-12-10,NY,VIP,Plant Pot,1,14.99
2025-12-10,NY,VIP,Nescafe Coffee,1,7.99
2025-12-10,FL,Returning,Longines Master Collection,3,4499.97
2025-12-10,FL,Returning,Gucci Bloom Eau de,3,239.97
2025-12-10,FL,Returning,Cat Food,1,8.99
2025-12-10,FL,New,Table Lamp,2,99.98
2025-12-10,FL,New,Man Plaid Shirt,3,104.97
2025-12-10,FL,New,Apple,1,1.99
2025-12-10,FL,New,Cucumber,2,2.98
2025-12-10,WA,VIP,Electric Stove,3,149.97
2025-12-10,WA,VIP,Wooden Rolling Pin,3,35.97
2025-12-10,WA,VIP,Soft Drinks,2,3.98
2025-12-10,FL,Returning,Milk,1,3.49
2025-12-10,FL,Returning,Water,3,2.97
2025-12-10,FL,Returning,House Showpiece Plant,3,119.97
2025-12-10,WA,VIP,Rolex Submariner Watch,3,41999.97
2025-12-10,WA,VIP,Ice Cube Tray,3,17.97
2025-12-10,FL,VIP,Bamboo Spatula,1,7.99
2025-12-10,FL,VIP,Citrus Squeezer Yellow,1,8.99
2025-12-10,FL,VIP,New DELL XPS 13 9300 Laptop,2,2999.98
2025-12-10,GA,VIP,Longines Master Collection,3,4499.97
2025-12-10,GA,VIP,Table Lamp,2,99.98
2025-12-10,GA,VIP,Chopping Board,2,25.98
2025-12-10,GA,VIP,Black Aluminium Cup,2,11.98
2025-12-10,WA,Returning,Milk,1,3.49
2025-12-10,IL,Returning,Decoration Swing,3,179.97
2025-12-10,MO,Returning,Rolex Datejust,3,32999.97
2025-12-10,MO,Returning,Knoll Saarinen Executive Conference Chair,3,1499.97
2025-12-10,MO,Returning,Grater Black,3,32.97
2025-12-10,TX,VIP,Brown Leather Belt Watch,2,179.98
2025-12-10,TX,VIP,Knoll Saarinen Executive Conference Chair,1,499.99
2025-12-10,TX,VIP,Protein Powder,3,59.97
2025-12-10,WA,Returning,Wooden Rolling Pin,2,23.98
2025-12-10,WA,Returning,Rolex Cellini Date Black Dial,3,26999.97
2025-12-10,WA,VIP,Family Tree Photo Frame,1,29.99
2025-12-10,WA,VIP,Essence Mascara Lash Princess,2,19.98
2025-12-10,WA,VIP,Apple MacBook Pro 14 Inch Space Grey,2,3999.98
2025-12-10,WA,VIP,Bamboo Spatula,1,7.99
2025-12-10,CA,Returning,Annibale Colombo Sofa,2,4999.98
2025-12-10,NY,VIP,Grater Black,3,32.97
2025-12-11,FL,Returning,Men Check Shirt,1,27.99
2025-12-11,CA,New,Rolex Cellini Moonphase,3,38999.97
2025-12-11,CA,New,Green Chili Pepper,3,2.97
2025-12-11,CA,New,Dior J'adore,3,269.97
2025-12-11,FL,VIP,Pan,2,49.98
2025-12-11,FL,VIP,Decoration Swing,3,179.97
2025-12-11,FL,VIP,Eyeshadow Palette with Mirror,2,39.98
2025-12-11,FL,VIP,Apple Airpods,3,389.97
2025-12-11,IL,New,Electric Stove,1,49.99
2025-12-11,IL,New,Black Aluminium Cup,2,11.98
2025-12-11,IL,New,Sports Sneakers Off White Red,3,329.97
2025-12-11,IL,New,Beef Steak,1,12.99
2025-12-11,MO,Returning,Cooking Oil,1,4.99
2025-12-11,WA,VIP,Gucci Bloom Eau de,1,79.99
2025-12-11,WA,VIP,Chicken Meat,1,9.99
2025-12-11,WA,VIP,Strawberry,1,3.99
2025-12-11,WA,VIP,Blue & Black Check Shirt,3,89.97
2025-12-11,TX,VIP,Ice Cube Tray,3,17.97
2025-12-11,TX,VIP,Black Whisk,2,19.98
2025-12-11,TX,VIP,Mulberry,2,9.98
2025-12-11,IL,Returning,Rolex Datejust,1,10999.99
2025-12-11,IL,Returning,Chopping Board,1,12.99
2025-12-11,IL,Returning,Rolex Submariner Watch,2,27999.98
2025-12-11,MO,Returning,Ice Cube Tray,3,17.97
2025-12-11,IL,New,Silver Pot With Glass Cap,3,119.97
2025-12-11,TX,New,Beef Steak,1,12.99
2025-12-11,GA,New,Green Chili Pepper,2,1.98
2025-12-11,GA,New,Hand Blender,3,104.97
2025-12-11,GA,New,Apple Airpods,1,129.99
2025-12-11,IL,New,Mug Tree Stand,1,15.99
2025-12-11,FL,New,Puma Future Rider Trainers,2,179.98
2025-12-11,FL,New,Gucci Bloom Eau de,3,239.97
2025-12-11,FL,New,Tray,3,50.97
2025-12-11,GA,New,Strawberry,3,11.97
2025-12-11,GA,New,Rolex Submariner Watch,1,13999.99
2025-12-11,GA,New,Knoll Saarinen Executive Conference Chair,2,999.98
2025-12-11,WA,VIP,Microwave Oven,2,179.98
2025-12-11,TX,New,Chanel Coco Noir Eau De,3,389.97
2025-12-11,MO,VIP,Apple,3,5.97
2025-12-11,MO,VIP,Amazon Echo Plus,1,99.99
2025-12-11,MO,VIP,Men Check Shirt,1,27.99
2025-12-11,MO,VIP,Slotted Turner,3,26.97
2025-12-11,NY,New,Protein Powder,2,39.98
2025-12-11,NY,New,Yellow Peeler,3,17.97
2025-12-11,CA,VIP,Eggs,2,5.98
2025-12-11,CA,VIP,Lenovo Yoga 920,1,1099.99
2025-12-11,NY,Returning,Honey Jar,2,13.98
2025-12-11,NY,Returning,Rolex Cellini Date Black Dial,3,26999.97
2025-12-11,NY,Returning,Red Onions,1,1.99
2025-12-11,NY,Returning,Soft Drinks,3,5.97
2025-12-11,NY,Returning,Citrus Squeezer Yellow,3,26.97
2025-12-11,NY,Returning,Family Tree Photo Frame,3,89.97
2025-12-11,NY,Returning,Lemon,2,1.58
2025-12-11,IL,VIP,Red Lipstick,1,12.99
2025-12-11,IL,VIP,Cooking Oil,3,14.97
2025-12-11,IL,VIP,Family Tree Photo Frame,2,59.98
2025-12-11,GA,VIP,Tray,1,16.99
2025-12-11,GA,VIP,Puma Future Rider Trainers,3,269.97
2025-12-11,GA,VIP,Nescafe Coffee,3,23.97
2025-12-11,TX,VIP,House Showpiece Plant,1,39.99
2025-12-11,TX,VIP,Chopping Board,3,38.97
2025-12-11,WA,New,Cat Food,3,26.97
2025-12-11,IL,New,Strawberry,2,7.98
2025-12-11,FL,VIP,Rolex Cellini Date Black Dial,2,17999.98
2025-12-11,FL,Returning,Lemon,2,1.58
2025-12-12,FL,VIP,Men Check Shirt,3,83.97
2025-12-12,FL,VIP,Eyeshadow Palette with Mirror,1,19.99
2025-12-12,FL,VIP,Red Tongs,2,13.98
2025-12-12,FL,VIP,Black Aluminium Cup,1,5.99
2025-12-12,TX,VIP,Men Check Shirt,3,83.97
2025-12-12,TX,VIP,Water,2,1.98
2025-12-12,TX,VIP,Sports Sneakers Off White Red,1,109.99
2025-12-12,TX,VIP,Amazon Echo Plus,3,299.97
2025-12-12,GA,VIP,Nescafe Coffee,1,7.99
2025-12-12,CA,VIP,Powder Canister,1,14.99
2025-12-12,CA,VIP,Table Lamp,2,99.98
2025-12-12,CA,VIP,Red Lipstick,3,38.97
2025-12-12,CA,VIP,Plate,3,11.97
2025-12-12,WA,Returning,Gigabyte Aorus Men Tshirt,1,24.99
2025-12-12,WA,Returning,Nike Air Jordan 1 Red And Black,2,299.98
2025-12-12,WA,New,Strawberry,1,3.99
2025-12-12,GA,VIP,Lunch Box,3,38.97
2025-12-12,GA,VIP,Electric Stove,1,49.99
2025-12-12,GA,VIP,Ice Cream,2,10.98
2025-12-12,WA,Returning,Lunch Box,2,25.98
2025-12-12,WA,Returning,Carbon Steel Wok,2,59.98
2025-12-12,WA,Returning,Ice Cream,1,5.49
2025-12-12,WA,Returning,Bamboo Spatula,1,7.99
2025-12-12,NY,Returning,Slotted Turner,3,26.97
2025-12-12,NY,Returning,Black Whisk,3,29.97
2025-12-12,GA,New,Blue & Black Check Shirt,3,89.97
2025-12-12,GA,New,Black Aluminium Cup,2,11.98
2025-12-12,GA,VIP,Calvin Klein CK One,2,99.98
2025-12-12,GA,VIP,Annibale Colombo Bed,3,5699.97
2025-12-12,GA,VIP,Ice Cream,1,5.49
2025-12-12,GA,VIP,Knoll Saarinen Executive Conference Chair,1,499.99
2025-12-12,GA,VIP,Table Lamp,1,49.99
2025-12-12,GA,VIP,Bedside Table African Cherry,3,899.97
2025-12-12,GA,Returning,Bamboo Spatula,3,23.97
2025-12-12,GA,Returning,Annibale Colombo Sofa,1,2499.99
2025-12-12,GA,Returning,Cucumber,2,2.98
2025-12-12,MO,VIP,Red Lipstick,1,12.99
2025-12-12,MO,VIP,Brown Leather Belt Watch,3,269.97
2025-12-12,MO,New,Huawei Matebook X Pro,1,1399.99
2025-12-12,MO,New,Juice,3,11.97
2025-12-12,WA,Returning,Eyeshadow Palette with Mirror,1,19.99
2025-12-12,WA,Returning,Brown Leather Belt Watch,1,89.99
2025-12-12,WA,Returning,Nike Baseball Cleats,3,239.97
2025-12-12,WA,Returning,Nescafe Coffee,1,7.99
2025-12-12,FL,Returning,Gucci Bloom Eau de,1,79.99
2025-12-12,NY,New,Slotted Turner,2,17.98
2025-12-12,FL,New,Dog Food,3,32.97
2025-12-12,MO,VIP,Table Lamp,1,49.99
2025-12-12,MO,VIP,Apple,3,5.97
2025-12-12,MO,VIP,Beef Steak,3,38.97
2025-12-12,FL,New,Amazon Echo Plus,3,299.97
2025-12-12,FL,New,Nescafe Coffee,1,7.99
2025-12-12,CA,Returning,Ice Cream,3,16.47
2025-12-12,MO,VIP,Plate,2,7.98
2025-12-12,MO,VIP,Protein Powder,3,59.97
2025-12-12,MO,VIP,Slotted Turner,3,26.97
2025-12-12,MO,VIP,Chopping Board,1,12.99
2025-12-12,IL,New,Black Whisk,2,19.98
2025-12-12,IL,New,Red Nail Polish,3,26.97
2025-12-12,IL,New,Sports Sneakers Off White & Red,2,239.98
2025-12-12,GA,New,Fine Mesh Strainer,2,19.98
2025-12-12,GA,New,Nescafe Coffee,2,15.98
2025-12-12,GA,New,Mug Tree Stand,2,31.98
2025-12-12,FL,Returning,Microwave Oven,3,269.97
2025-12-12,FL,Returning,Slotted Turner,3,26.97
2025-12-12,FL,Returning,Hand Blender,2,69.98
2025-12-12,FL,Returning,Honey Jar,1,6.99
2025-12-12,GA,VIP,Red Lipstick,3,38.97
2025-12-12,GA,VIP,Carbon Steel Wok,2,59.98
2025-12-12,GA,VIP,Potatoes,2,4.58
2025-12-12,GA,VIP,Water,3,2.97
2025-12-12,TX,VIP,Powder Canister,3,44.97
2025-12-12,TX,VIP,Annibale Colombo Bed,2,3799.98
2025-12-12,IL,New,Fork,1,3.99
2025-12-12,CA,VIP,Lunch Box,2,25.98
2025-12-12,CA,VIP,Dolce Shine Eau de,2,139.98
2025-12-12,FL,VIP,Knife,3,44.97
2025-12-12,FL,VIP,Ice Cube Tray,2,11.98
2025-12-12,IL,New,Dog Food,3,32.97
2025-12-12,IL,New,Lenovo Yoga 920,3,3299.97
2025-12-12,IL,New,Annibale Colombo Bed,2,3799.98
2025-12-12,IL,New,Blue & Black Check Shirt,2,59.98
2025-12-12,FL,VIP,Lenovo Yoga 920,1,1099.99
2025-12-12,MO,Returning,Slotted Turner,1,8.99
2025-12-12,MO,Returning,Man Plaid Shirt,3,104.97
2025-12-12,FL,VIP,Cucumber,3,4.47
2025-12-12,MO,Returning,Spoon,2,9.98
2025-12-12,MO,Returning,Black Whisk,1,9.99
2025-12-12,GA,VIP,Lenovo Yoga 920,1,1099.99
2025-12-12,GA,VIP,Strawberry,3,11.97
2025-12-12,GA,VIP,Dolce Shine Eau de,3,209.97
2025-12-12,IL,VIP,Men Check Shirt,2,55.98
2025-12-12,IL,VIP,Apple MacBook Pro 14 Inch Space Grey,1,1999.99
2025-12-12,IL,VIP,Beef Steak,3,38.97
2025-12-12,IL,VIP,Powder Canister,1,14.99
2025-12-12,NY,New,Knife,3,44.97
2025-12-12,GA,Returning,Annibale Colombo Sofa,2,4999.98
2025-12-12,GA,Returning,Slotted Turner,2,17.98
2025-12-12,GA,Returning,Milk,1,3.49
2025-12-12,GA,Returning,Red Onions,1,1.99
2025-12-13,WA,Returning,Annibale Colombo Sofa,1,2499.99
2025-12-13,WA,Returning,Bamboo Spatula,3,23.97
2025-12-13,NY,New,Gigabyte Aorus Men Tshirt,1,24.99
2025-12-13,NY,New,Asus Zenbook Pro Dual Screen Laptop,2,3599.98
2025-12-13,MO,New,Boxed Blender,1,39.99
2025-12-13,NY,VIP,Black Aluminium Cup,1,5.99
2025-12-13,NY,VIP,Egg Slicer,1,6.99
2025-12-13,NY,VIP,Beef Steak,3,38.97
2025-12-13,MO,New,Milk,1,3.49
2025-12-13,FL,VIP,Strawberry,3,11.97
2025-12-13,FL,VIP,Eggs,3,8.97
2025-12-13,FL,VIP,Fork,3,11.97
2025-12-13,NY,Returning,Bamboo Spatula,3,23.97
2025-12-13,NY,Returning,Glass,3,14.97
2025-12-13,NY,Returning,Ice Cream,2,10.98
2025-12-13,FL,New,Fish Steak,2,29.98
2025-12-13,FL,New,Potatoes,2,4.58
2025-12-13,GA,Returning,Water,1,0.99
2025-12-13,GA,Returning,Rice,3,17.97
2025-12-13,CA,Returning,Dolce Shine Eau de,1,69.99
2025-12-13,IL,New,Mug Tree Stand,3,47.97
2025-12-13,IL,New,Soft Drinks,1,1.99
2025-12-13,IL,Returning,Red Lipstick,1,12.99
2025-12-13,NY,New,Spice Rack,2,39.98
2025-12-13,GA,New,Rolex Submariner Watch,1,13999.99
2025-12-13,GA,New,Gucci Bloom Eau de,2,159.98
2025-12-13,GA,New,Powder Canister,3,44.97
2025-12-13,WA,Returning,Hand Blender,1,34.99
2025-12-13,WA,Returning,Juice,1,3.99
2025-12-13,WA,Returning,Puma Future Rider Trainers,3,269.97
2025-12-13,FL,New,Asus Zenbook Pro Dual Screen Laptop,2,3599.98
2025-12-13,FL,New,Table Lamp,1,49.99
2025-12-13,FL,New,Kiwi,2,4.98
2025-12-13,FL,New,Red Nail Polish,2,17.98
2025-12-13,FL,New,Gucci Bloom Eau de,2,159.98
2025-12-13,FL,New,Asus Zenbook Pro Dual Screen Laptop,2,3599.98
2025-12-13,FL,Returning,Black Aluminium Cup,3,17.97
2025-12-13,FL,Returning,Mulberry,3,14.97
2025-12-13,FL,Returning,Honey Jar,3,20.97
2025-12-13,FL,Returning,Egg Slicer,3,20.97
2025-12-13,NY,New,Family Tree Photo Frame,3,89.97
2025-12-13,NY,Returning,Slotted Turner,1,8.99
2025-12-13,NY,Returning,Table Lamp,3,149.97
2025-12-13,NY,Returning,Ice Cream,2,10.98
2025-12-13,GA,VIP,Red Lipstick,2,25.98
2025-12-13,GA,New,Green Chili Pepper,1,0.99
2025-12-13,GA,New,Microwave Oven,2,179.98
2025-12-13,FL,VIP,Glass,1,4.99
2025-12-13,FL,VIP,Family Tree Photo Frame,1,29.99
2025-12-13,FL,VIP,Gigabyte Aorus Men Tshirt,1,24.99
2025-12-13,FL,Returning,Fork,1,3.99
2025-12-13,FL,Returning,Microwave Oven,3,269.97
2025-12-13,FL,Returning,Slotted Turner,3,26.97
2025-12-13,GA,New,Lenovo Yoga 920,3,3299.97
2025-12-13,GA,New,Eyeshadow Palette with Mirror,1,19.99
2025-12-13,GA,New,Nike Baseball Cleats,1,79.99
2025-12-13,GA,New,Nescafe Coffee,1,7.99
2025-12-13,NY,New,Tray,2,33.98
2025-12-13,NY,New,Microwave Oven,3,269.97
2025-12-13,NY,New,Amazon Echo Plus,1,99.99
2025-12-13,NY,New,Soft Drinks,3,5.97
2025-12-13,GA,VIP,Green Bell Pepper,1,1.29
2025-12-13,GA,VIP,House Showpiece Plant,1,39.99
2025-12-13,FL,VIP,Chicken Meat,1,9.99
2025-12-13,FL,VIP,Mug Tree Stand,1,15.99
2025-12-13,FL,VIP,Spice Rack,3,59.97
2025-12-13,MO,Returning,Chanel Coco Noir Eau De,3,389.97
2025-12-13,MO,Returning,Black Whisk,1,9.99
2025-12-13,MO,Returning,Plant Pot,2,29.98
2025-12-13,FL,VIP,Ice Cube Tray,1,5.99
2025-12-13,FL,VIP,Slotted Turner,1,8.99
2025-12-13,FL,VIP,Wooden Rolling Pin,2,23.98
2025-12-13,NY,New,Knife,3,44.97
2025-12-13,NY,New,Mug Tree Stand,1,15.99
2025-12-13,NY,New,Nike Air Jordan 1 Red And Black,3,449.97
2025-12-13,NY,New,Potatoes,2,4.58
2025-12-13,WA,Returning,Pan,1,24.99
2025-12-13,WA,Returning,Apple MacBook Pro 14 Inch Space Grey,1,1999.99
2025-12-13,WA,Returning,Man Plaid Shirt,2,69.98
2025-12-13,MO,New,Mulberry,1,4.99
2025-12-13,MO,New,Protein Powder,1,19.99
2025-12-13,MO,New,Powder Canister,1,14.99
2025-12-13,MO,New,Bedside Table African Cherry,1,299.99
2025-12-13,NY,New,Beef Steak,1,12.99
2025-12-13,NY,New,Eyeshadow Palette with Mirror,3,59.97
2025-12-13,NY,New,Calvin Klein CK One,3,149.97
2025-12-13,WA,Returning,Silver Pot With Glass Cap,1,39.99
2025-12-13,WA,Returning,Decoration Swing,2,119.98
2025-12-13,GA,VIP,Rolex Cellini Moonphase,3,38999.97
2025-12-13,GA,VIP,Lemon,2,1.58
2025-12-13,IL,Returning,Nike Baseball Cleats,2,159.98
2025-12-13,MO,VIP,Yellow Peeler,2,11.98
2025-12-13,MO,VIP,Glass,3,14.97
2025-12-13,MO,VIP,Chanel Coco Noir Eau De,2,259.98
2025-12-13,MO,VIP,Brown Leather Belt Watch,1,89.99
2025-12-13,TX,VIP,House Showpiece Plant,2,79.98
2025-12-13,TX,VIP,Soft Drinks,1,1.99
2025-12-13,TX,VIP,Fork,2,7.98
2025-12-13,TX,VIP,Protein Powder,1,19.99
2025-12-13,MO,New,Slotted Turner,3,26.97
2025-12-13,MO,New,Annibale Colombo Sofa,3,7499.97
2025-12-13,WA,Returning,Green Chili Pepper,3,2.97
2025-12-13,WA,Returning,Plate,1,3.99
2025-12-13,WA,Returning,Red Lipstick,2,25.98
2025-12-13,WA,Returning,Green Bell Pepper,3,3.87
2025-12-13,NY,New,Pan,1,24.99
2025-12-13,NY,New,Chopping Board,1,12.99
2025-12-13,NY,New,Ice Cream,2,10.98
2025-12-13,NY,New,Lenovo Yoga 920,2,2199.98
2025-12-13,NY,Returning,Asus Zenbook Pro Dual Screen Laptop,3,5399.97
2025-12-13,NY,Returning,Boxed Blender,2,79.98
2025-12-13,IL,VIP,Silver Pot With Glass Cap,3,119.97
2025-12-13,IL,VIP,Cat Food,2,17.98
2025-12-13,MO,Returning,Electric Stove,3,149.97
2025-12-13,MO,Returning,Nike Baseball Cleats,3,239.97
2025-12-13,MO,Returning,Annibale Colombo Bed,1,1899.99
2025-12-13,GA,New,Family Tree Photo Frame,3,89.97
2025-12-13,GA,New,Annibale Colombo Bed,2,3799.98
2025-12-13,GA,New,Yellow Peeler,3,17.97
2025-12-13,IL,New,Calvin Klein CK One,2,99.98
2025-12-13,IL,New,Sports Sneakers Off White & Red,2,239.98
2025-12-13,IL,New,Cucumber,1,1.49
2025-12-13,GA,Returning,Bedside Table African Cherry,3,899.97
2025-12-13,GA,Returning,Green Bell Pepper,3,3.87
2025-12-13,GA,Returning,Man Short Sleeve Shirt,3,59.97
2025-12-13,GA,Returning,Man Plaid Shirt,3,104.97
2025-12-13,CA,New,Rolex Submariner Watch,2,27999.98
2025-12-13,CA,New,Green Chili Pepper,3,2.97
2025-12-13,CA,New,Kitchen Sieve,2,15.98
2025-12-13,NY,VIP,Rolex Cellini Date Black Dial,3,26999.97
2025-12-13,FL,VIP,Apple,1,1.99
2025-12-13,FL,VIP,Protein Powder,2,39.98
2025-12-13,MO,Returning,Ice Cream,1,5.49
2025-12-13,MO,Returning,Apple MacBook Pro 14 Inch Space Grey,2,3999.98
2025-12-13,MO,Returning,Spoon,3,14.97
2025-12-13,TX,VIP,Juice,2,7.98
2025-12-13,TX,VIP,Carbon Steel Wok,3,89.97
2025-12-13,TX,VIP,Sports Sneakers Off White & Red,1,119.99
2025-12-13,TX,VIP,Potatoes,2,4.58
2025-12-13,TX,VIP,Mug Tree Stand,2,31.98
2025-12-13,FL,New,Red Tongs,3,20.97
2025-12-13,FL,New,Fine Mesh Strainer,2,19.98
2025-12-13,FL,New,Rice,3,17.97
2025-12-13,FL,VIP,Electric Stove,3,149.97
2025-12-13,FL,VIP,Chopping Board,2,25.98
2025-12-13,FL,Returning,Rolex Datejust,1,10999.99
2025-12-13,FL,Returning,Black Aluminium Cup,2,11.98
2025-12-13,FL,Returning,Fine Mesh Strainer,2,19.98
2025-12-13,FL,Returning,Black Whisk,2,19.98
2025-12-13,TX,Returning,Men Check Shirt,2,55.98
2025-12-13,TX,Returning,Potatoes,2,4.58
2025-12-13,TX,Returning,Juice,1,3.99
2025-12-13,TX,Returning,Apple MacBook Pro 14 Inch Space Grey,3,5999.97
2025-12-13,CA,Returning,Soft Drinks,2,3.98
2025-12-13,CA,Returning,Chopping Board,2,25.98
2025-12-13,WA,VIP,Bamboo Spatula,3,23.97
2025-12-13,WA,VIP,Cucumber,2,2.98
2025-12-13,MO,New,Lenovo Yoga 920,1,1099.99
2025-12-13,MO,New,Kiwi,2,4.98
2025-12-13,MO,New,Black Aluminium Cup,3,17.97
2025-12-13,GA,New,Gucci Bloom Eau de,3,239.97
2025-12-13,GA,New,Huawei Matebook X Pro,3,4199.97
2025-12-14,GA,New,Dolce Shine Eau de,2,139.98
2025-12-14,NY,New,Essence Mascara Lash Princess,3,29.97
2025-12-14,NY,New,Dior J'adore,3,269.97
2025-12-14,NY,New,Protein Powder,1,19.99
2025-12-14,NY,New,Nike Air Jordan 1 Red And Black,3,449.97
2025-12-14,WA,Returning,Fork,1,3.99
2025-12-14,NY,VIP,Lenovo Yoga 920,1,1099.99
2025-12-14,NY,VIP,Dog Food,1,10.99
2025-12-14,NY,New,Fine Mesh Strainer,1,9.99
2025-12-14,NY,New,Red Tongs,3,20.97
2025-12-14,NY,New,Lemon,3,2.37
2025-12-14,MO,New,Sports Sneakers Off White Red,2,219.98
2025-12-14,GA,VIP,Family Tree Photo Frame,2,59.98
2025-12-14,GA,VIP,Kitchen Sieve,3,23.97
2025-12-14,GA,VIP,Juice,1,3.99
2025-12-14,GA,VIP,Lunch Box,2,25.98
2025-12-14,WA,Returning,Table Lamp,3,149.97
2025-12-14,GA,VIP,Rolex Cellini Moonphase,1,12999.99
2025-12-14,GA,VIP,Cat Food,1,8.99
2025-12-14,GA,VIP,Bamboo Spatula,2,15.98
2025-12-14,FL,New,Asus Zenbook Pro Dual Screen Laptop,1,1799.99
2025-12-14,FL,New,Yellow Peeler,3,17.97
2025-12-14,FL,New,Rolex Cellini Moonphase,2,25999.98
2025-12-14,FL,New,Citrus Squeezer Yellow,3,26.97
2025-12-14,MO,VIP,Mug Tree Stand,3,47.97
2025-12-14,MO,VIP,Cucumber,2,2.98
2025-12-14,MO,VIP,Nike Air Jordan 1 Red And Black,2,299.98
2025-12-14,FL,New,Chopping Board,1,12.99
2025-12-14,FL,New,Family Tree Photo Frame,2,59.98
2025-12-14,FL,New,Mug Tree Stand,2,31.98
2025-12-14,FL,New,Sports Sneakers Off White & Red,2,239.98
2025-12-14,NY,New,Tissue Paper Box,2,4.98
2025-12-14,NY,VIP,Soft Drinks,1,1.99
2025-12-14,MO,Returning,Red Nail Polish,1,8.99
2025-12-14,MO,Returning,Amazon Echo Plus,3,299.97
2025-12-14,MO,Returning,Soft Drinks,1,1.99
2025-12-14,MO,Returning,New DELL XPS 13 9300 Laptop,1,1499.99
2025-12-14,GA,Returning,Silver Pot With Glass Cap,2,79.98
2025-12-14,GA,Returning,Egg Slicer,3,20.97
2025-12-14,GA,Returning,Eyeshadow Palette with Mirror,3,59.97
2025-12-14,GA,Returning,Lemon,1,0.79
2025-12-14,MO,New,Fork,2,7.98
2025-12-14,MO,Returning,Boxed Blender,1,39.99
2025-12-14,MO,Returning,Bedside Table African Cherry,2,599.98
2025-12-14,MO,Returning,Pan,1,24.99
2025-12-14,NY,VIP,Protein Powder,2,39.98
2025-12-14,NY,VIP,Dior J'adore,2,179.98
2025-12-14,NY,VIP,Fork,2,7.98
2025-12-14,NY,VIP,Slotted Turner,2,17.98
2025-12-14,NY,VIP,Kitchen Sieve,1,7.99
2025-12-14,NY,VIP,Tray,3,50.97
2025-12-14,NY,VIP,Knoll Saarinen Executive Conference Chair,2,999.98
2025-12-14,FL,VIP,Powder Canister,2,29.98
2025-12-14,FL,VIP,Apple,3,5.97
2025-12-14,WA,Returning,Bedside Table African Cherry,1,299.99
2025-12-14,WA,Returning,Puma Future Rider Trainers,3,269.97
2025-12-14,WA,Returning,Kiwi,3,7.47
2025-12-14,WA,Returning,Potatoes,2,4.58
2025-12-14,IL,New,Boxed Blender,2,79.98
2025-12-14,IL,New,Pan,1,24.99
2025-12-14,IL,New,Kiwi,2,4.98
2025-12-14,CA,New,Rice,2,11.98
2025-12-14,FL,Returning,Juice,3,11.97
2025-12-14,GA,Returning,Dolce Shine Eau de,2,139.98
2025-12-14,GA,Returning,Eggs,3,8.97
2025-12-14,CA,Returning,Plate,1,3.99
2025-12-14,WA,New,Wooden Rolling Pin,1,11.99
2025-12-14,WA,New,Egg Slicer,1,6.99
2025-12-14,WA,New,Hand Blender,1,34.99
2025-12-14,WA,New,Nescafe Coffee,1,7.99
2025-12-14,CA,New,Kiwi,1,2.49
2025-12-14,CA,New,Boxed Blender,1,39.99
2025-12-14,CA,New,Gigabyte Aorus Men Tshirt,1,24.99
2025-12-14,CA,New,Mulberry,2,9.98
2025-12-14,IL,VIP,Cat Food,2,17.98
2025-12-14,IL,VIP,New DELL XPS 13 9300 Laptop,1,1499.99
2025-12-14,IL,VIP,Man Plaid Shirt,2,69.98
2025-12-14,TX,VIP,Tray,2,33.98
2025-12-14,TX,VIP,Cooking Oil,3,14.97
2025-12-14,FL,New,Green Bell Pepper,1,1.29
2025-12-14,FL,Returning,Lemon,3,2.37
2025-12-14,FL,Returning,Essence Mascara Lash Princess,3,29.97
2025-12-14,FL,Returning,Sports Sneakers Off White Red,2,219.98
2025-12-14,FL,Returning,Black Aluminium Cup,2,11.98
2025-12-14,GA,Returning,Nescafe Coffee,1,7.99
2025-12-14,GA,Returning,Green Bell Pepper,3,3.87
2025-12-14,GA,Returning,Huawei Matebook X Pro,1,1399.99
2025-12-14,GA,Returning,Dog Food,2,21.98
2025-12-14,WA,Returning,Powder Canister,3,44.97
2025-12-14,WA,Returning,Chanel Coco Noir Eau De,3,389.97
2025-12-14,WA,Returning,Juice,2,7.98
2025-12-14,FL,Returning,Gucci Bloom Eau de,2,159.98
2025-12-14,FL,Returning,Slotted Turner,2,17.98
2025-12-14,GA,New,Pan,2,49.98
2025-12-14,TX,New,Juice,3,11.97
2025-12-14,TX,New,Eggs,3,8.97
2025-12-14,TX,New,Microwave Oven,1,89.99
2025-12-14,TX,VIP,Red Tongs,1,6.99
2025-12-14,NY,New,Spoon,2,9.98
2025-12-14,NY,New,Fish Steak,1,14.99
2025-12-14,IL,Returning,Blue & Black Check Shirt,2,59.98
2025-12-14,MO,Returning,Silver Pot With Glass Cap,1,39.99
2025-12-14,MO,Returning,Protein Powder,1,19.99
2025-12-14,MO,Returning,Spoon,3,14.97
2025-12-14,FL,VIP,Nike Baseball Cleats,3,239.97
2025-12-14,FL,VIP,Spoon,2,9.98
2025-12-14,CA,Returning,Dog Food,1,10.99
2025-12-14,CA,Returning,Kitchen Sieve,2,15.98
2025-12-14,CA,Returning,Hand Blender,2,69.98
2025-12-14,FL,VIP,Silver Pot With Glass Cap,3,119.97
2025-12-14,FL,VIP,Family Tree Photo Frame,3,89.97
2025-12-14,NY,New,Wooden Rolling Pin,3,35.97
2025-12-14,MO,New,Apple,1,1.99
2025-12-14,MO,New,Chopping Board,3,38.97
2025-12-14,MO,New,Dior J'adore,2,179.98
2025-12-14,NY,Returning,Ice Cream,1,5.49
2025-12-14,NY,Returning,House Showpiece Plant,3,119.97
2025-12-14,NY,Returning,Red Nail Polish,1,8.99
2025-12-14,NY,Returning,Black Aluminium Cup,1,5.99
2025-12-14,MO,New,Hand Blender,3,104.97
2025-12-14,MO,New,Tray,2,33.98
2025-12-14,MO,New,Slotted Turner,2,17.98
2025-12-14,FL,Returning,Green Bell Pepper,2,2.58
2025-12-14,FL,Returning,Hand Blender,3,104.97
2025-12-14,FL,Returning,Sports Sneakers Off White & Red,1,119.99
2025-12-14,FL,Returning,Strawberry,2,7.98
2025-12-14,CA,VIP,Table Lamp,2,99.98
2025-12-14,CA,VIP,Chicken Meat,1,9.99
2025-12-14,NY,Returning,Gucci Bloom Eau de,2,159.98
2025-12-14,NY,Returning,Fork,1,3.99
2025-12-14,NY,Returning,Black Whisk,2,19.98
2025-12-14,MO,Returning,Gucci Bloom Eau de,1,79.99
2025-12-14,MO,Returning,Knife,2,29.98
2025-12-14,MO,Returning,Apple MacBook Pro 14 Inch Space Grey,3,5999.97
2025-12-14,MO,Returning,Knoll Saarinen Executive Conference Chair,1,499.99
2025-12-14,CA,Returning,Citrus Squeezer Yellow,1,8.99
2025-12-14,NY,New,Men Check Shirt,3,83.97
2025-12-14,WA,New,Ice Cube Tray,2,11.98
2025-12-14,WA,New,Soft Drinks,1,1.99
2025-12-14,NY,New,Black Aluminium Cup,3,17.97
2025-12-14,NY,New,Lenovo Yoga 920,2,2199.98
2025-12-14,NY,New,Red Nail Polish,2,17.98
2025-12-14,NY,New,Beef Steak,3,38.97
2025-12-14,FL,Returning,Black Aluminium Cup,2,11.98
2025-12-14,GA,New,Strawberry,3,11.97
2025-12-14,GA,New,Brown Leather Belt Watch,2,179.98
2025-12-14,GA,New,Lenovo Yoga 920,2,2199.98
2025-12-14,IL,Returning,Nescafe Coffee,2,15.98
2025-12-14,IL,Returning,Gucci Bloom Eau de,1,79.99
2025-12-14,IL,Returning,Glass,1,4.99
2025-12-14,NY,New,Mug Tree Stand,2,31.98
2025-12-14,NY,New,Table Lamp,3,149.97
2025-12-14,NY,New,Cooking Oil,3,14.97
2025-12-14,WA,Returning,Family Tree Photo Frame,2,59.98
2025-12-14,TX,Returning,Annibale Colombo Sofa,3,7499.97
2025-12-14,TX,Returning,Dog Food,3,32.97
2025-12-15,FL,VIP,Red Nail Polish,3,26.97
2025-12-15,FL,VIP,Sports Sneakers Off White Red,3,329.97
2025-12-15,FL,VIP,Pan,3,74.97
2025-12-15,FL,VIP,Family Tree Photo Frame,3,89.97
2025-12-15,MO,VIP,Electric Stove,2,99.98
2025-12-15,MO,VIP,Strawberry,2,7.98
2025-12-15,MO,VIP,Citrus Squeezer Yellow,2,17.98
2025-12-15,MO,VIP,Honey Jar,3,20.97
2025-12-15,MO,VIP,Boxed Blender,3,119.97
2025-12-15,WA,VIP,Eyeshadow Palette with Mirror,1,19.99
2025-12-15,WA,VIP,Bedside Table African Cherry,3,899.97
2025-12-15,WA,VIP,Nescafe Coffee,3,23.97
2025-12-15,FL,VIP,Lenovo Yoga 920,1,1099.99
2025-12-15,MO,New,Citrus Squeezer Yellow,2,17.98
2025-12-15,MO,New,Black Aluminium Cup,3,17.97
2025-12-15,MO,New,Red Nail Polish,3,26.97
2025-12-15,IL,New,Mug Tree Stand,3,47.97
2025-12-15,IL,New,Gucci Bloom Eau de,2,159.98
2025-12-15,IL,New,Egg Slicer,2,13.98
2025-12-15,IL,New,Red Nail Polish,1,8.99
2025-12-15,MO,New,Rolex Cellini Moonphase,2,25999.98
2025-12-15,MO,New,Sports Sneakers Off White & Red,1,119.99
2025-12-15,TX,Returning,Silver Pot With Glass Cap,3,119.97
2025-12-15,TX,Returning,Nike Baseball Cleats,1,79.99
2025-12-15,WA,VIP,Lemon,3,2.37
2025-12-15,WA,VIP,Brown Leather Belt Watch,1,89.99
2025-12-15,IL,VIP,Protein Powder,1,19.99
2025-12-15,WA,VIP,Plant Pot,1,14.99
2025-12-15,FL,Returning,Eggs,1,2.99
2025-12-15,FL,Returning,Longines Master Collection,1,1499.99
2025-12-15,GA,New,Annibale Colombo Sofa,1,2499.99
2025-12-15,NY,Returning,Longines Master Collection,3,4499.97
2025-12-15,NY,VIP,Silver Pot With Glass Cap,3,119.97
2025-12-15,FL,VIP,Decoration Swing,3,179.97
2025-12-15,FL,VIP,New DELL XPS 13 9300 Laptop,2,2999.98
2025-12-15,FL,VIP,Knife,2,29.98
2025-12-15,GA,New,Essence Mascara Lash Princess,1,9.99
2025-12-15,WA,Returning,Red Lipstick,1,12.99
2025-12-15,WA,Returning,Fine Mesh Strainer,3,29.97
2025-12-15,WA,Returning,Soft Drinks,1,1.99
2025-12-15,WA,Returning,Apple,3,5.97
2025-12-15,GA,VIP,Nike Air Jordan 1 Red And Black,1,149.99
2025-12-15,GA,VIP,Cat Food,2,17.98
2025-12-15,NY,VIP,Essence Mascara Lash Princess,3,29.97
2025-12-15,NY,VIP,Men Check Shirt,2,55.98
2025-12-15,NY,VIP,Wooden Rolling Pin,3,35.97
2025-12-15,NY,VIP,Kiwi,3,7.47
2025-12-15,NY,VIP,Essence Mascara Lash Princess,3,29.97
2025-12-15,IL,New,Cucumber,1,1.49
2025-12-15,IL,New,Green Chili Pepper,3,2.97
2025-12-15,FL,New,Gucci Bloom Eau de,1,79.99
2025-12-15,FL,New,Potatoes,2,4.58
2025-12-15,FL,New,Rice,1,5.99
2025-12-15,FL,New,Rolex Submariner Watch,1,13999.99
2025-12-16,FL,New,New DELL XPS 13 9300 Laptop,3,4499.97
2025-12-16,FL,New,Beef Steak,2,25.98
2025-12-16,FL,New,Chopping Board,1,12.99
2025-12-16,IL,VIP,Glass,1,4.99
2025-12-16,IL,VIP,Nescafe Coffee,3,23.97
2025-12-16,IL,VIP,Potatoes,2,4.58
2025-12-16,IL,VIP,Water,2,1.98
2025-12-16,TX,VIP,Chicken Meat,3,29.97
2025-12-16,MO,VIP,Calvin Klein CK One,2,99.98
2025-12-16,MO,VIP,Egg Slicer,1,6.99
2025-12-16,MO,VIP,Cucumber,2,2.98
2025-12-16,FL,Returning,Boxed Blender,2,79.98
2025-12-16,GA,New,Ice Cream,3,16.47
2025-12-16,GA,New,Decoration Swing,1,59.99
2025-12-16,GA,New,Grater Black,2,21.98
2025-12-16,IL,VIP,Rolex Submariner Watch,3,41999.97
2025-12-16,IL,VIP,Fine Mesh Strainer,1,9.99
2025-12-16,IL,VIP,Boxed Blender,3,119.97
2025-12-16,MO,New,Essence Mascara Lash Princess,1,9.99
2025-12-16,NY,Returning,Rolex Submariner Watch,2,27999.98
2025-12-16,NY,Returning,Juice,1,3.99
2025-12-16,NY,Returning,New DELL XPS 13 9300 Laptop,2,2999.98
2025-12-16,GA,VIP,Blue & Black Check Shirt,1,29.99
2025-12-16,GA,VIP,Electric Stove,1,49.99
2025-12-16,GA,VIP,Chicken Meat,2,19.98
2025-12-16,GA,VIP,Table Lamp,2,99.98
2025-12-16,FL,VIP,Hand Blender,2,69.98
2025-12-16,FL,VIP,Kiwi,2,4.98
2025-12-16,FL,VIP,House Showpiece Plant,2,79.98
2025-12-16,WA,Returning,Red Onions,3,5.97
2025-12-16,GA,New,Rice,3,17.97
2025-12-16,GA,New,Citrus Squeezer Yellow,2,17.98
2025-12-16,GA,New,Cooking Oil,1,4.99
2025-12-16,TX,New,Sports Sneakers Off White Red,3,329.97
2025-12-16,TX,New,Silver Pot With Glass Cap,1,39.99
2025-12-16,TX,New,Red Tongs,3,20.97
2025-12-16,TX,New,Boxed Blender,3,119.97
2025-12-16,FL,New,Slotted Turner,3,26.97
2025-12-16,FL,New,Electric Stove,1,49.99
2025-12-16,GA,VIP,Decoration Swing,1,59.99
2025-12-16,GA,VIP,Dolce Shine Eau de,1,69.99
2025-12-16,NY,Returning,Tissue Paper Box,2,4.98
2025-12-16,NY,Returning,Apple,3,5.97
2025-12-16,NY,New,Fine Mesh Strainer,3,29.97
2025-12-16,NY,New,Bamboo Spatula,2,15.98
2025-12-16,NY,New,Asus Zenbook Pro Dual Screen Laptop,1,1799.99
2025-12-16,GA,New,Rolex Cellini Moonphase,2,25999.98
2025-12-16,MO,Returning,Gucci Bloom Eau de,2,159.98
2025-12-16,MO,Returning,Protein Powder,2,39.98
2025-12-16,MO,Returning,Table Lamp,3,149.97
2025-12-16,MO,Returning,Fork,2,7.98
2025-12-16,NY,VIP,Carbon Steel Wok,2,59.98
2025-12-16,NY,VIP,Chanel Coco Noir Eau De,2,259.98
2025-12-16,NY,VIP,Apple,1,1.99
2025-12-16,NY,VIP,Red Lipstick,1,12.99
2025-12-16,FL,New,Apple,2,3.98
2025-12-16,FL,New,Wooden Bathroom Sink With Mirror,3,2399.97
2025-12-16,FL,New,Sports Sneakers Off White Red,3,329.97
2025-12-16,WA,New,Eyeshadow Palette with Mirror,1,19.99
2025-12-16,GA,New,Rolex Cellini Date Black Dial,1,8999.99
2025-12-16,GA,New,Beef Steak,1,12.99
2025-12-16,GA,New,Pan,3,74.97
2025-12-17,CA,Returning,Fork,2,7.98
2025-12-17,CA,Returning,Red Nail Polish,1,8.99
2025-12-17,CA,Returning,Nike Baseball Cleats,3,239.97
2025-12-17,MO,Returning,Chanel Coco Noir Eau De,1,129.99
2025-12-17,MO,Returning,Man Plaid Shirt,3,104.97
2025-12-17,MO,Returning,Brown Leather Belt Watch,1,89.99
2025-12-17,MO,Returning,Cat Food,2,17.98
2025-12-17,CA,Returning,Yellow Peeler,3,17.97
2025-12-17,CA,Returning,New DELL XPS 13 9300 Laptop,1,1499.99
2025-12-17,CA,Returning,Longines Master Collection,1,1499.99
2025-12-17,CA,Returning,Ice Cream,1,5.49
2025-12-17,FL,Returning,Apple,3,5.97
2025-12-17,FL,Returning,Lenovo Yoga 920,2,2199.98
2025-12-17,FL,Returning,Brown Leather Belt Watch,3,269.97
2025-12-17,FL,Returning,Slotted Turner,1,8.99
2025-12-17,FL,Returning,Annibale Colombo Bed,1,1899.99
2025-12-17,MO,New,Plant Pot,3,44.97
2025-12-17,MO,New,Wooden Bathroom Sink With Mirror,3,2399.97
2025-12-17,WA,VIP,Tissue Paper Box,3,7.47
2025-12-17,WA,VIP,Dolce Shine Eau de,2,139.98
2025-12-17,NY,New,Lemon,3,2.37
2025-12-17,NY,New,Red Lipstick,2,25.98
2025-12-17,NY,New,Kitchen Sieve,2,15.98
2025-12-17,NY,New,Man Short Sleeve Shirt,1,19.99
2025-12-17,NY,New,Fine Mesh Strainer,1,9.99
2025-12-17,MO,New,Black Aluminium Cup,1,5.99
2025-12-17,WA,Returning,Rolex Datejust,2,21999.98
2025-12-17,NY,New,Dolce Shine Eau de,1,69.99
2025-12-17,NY,New,Table Lamp,2,99.98
2025-12-17,NY,New,Electric Stove,2,99.98
2025-12-17,FL,VIP,Microwave Oven,2,179.98
2025-12-17,FL,VIP,Blue & Black Check Shirt,1,29.99
2025-12-17,WA,VIP,Fish Steak,3,44.97
2025-12-17,MO,New,Hand Blender,3,104.97
2025-12-17,MO,New,Black Aluminium Cup,3,17.97
2025-12-17,MO,New,Potatoes,3,6.87
2025-12-17,FL,Returning,Milk,2,6.98
2025-12-17,FL,Returning,Egg Slicer,1,6.99
2025-12-17,FL,Returning,Grater Black,2,21.98
2025-12-17,GA,New,Juice,1,3.99
2025-12-17,WA,Returning,Nike Air Jordan 1 Red And Black,1,149.99
2025-12-17,WA,Returning,Silver Pot With Glass Cap,1,39.99
2025-12-17,GA,New,Eggs,2,5.98
2025-12-17,GA,New,Black Aluminium Cup,1,5.99
2025-12-17,MO,Returning,Decoration Swing,3,179.97
2025-12-17,MO,Returning,Spoon,3,14.97
2025-12-17,TX,VIP,Sports Sneakers Off White Red,1,109.99
2025-12-17,CA,Returning,Wooden Rolling Pin,3,35.97
2025-12-17,CA,Returning,Chopping Board,3,38.97
2025-12-17,CA,Returning,Eyeshadow Palette with Mirror,2,39.98
2025-12-17,CA,Returning,Apple,1,1.99
2025-12-17,CA,Returning,Rolex Cellini Date Black Dial,2,17999.98
2025-12-17,CA,Returning,Protein Powder,1,19.99
2025-12-17,CA,Returning,Ice Cream,1,5.49
2025-12-17,WA,VIP,Calvin Klein CK One,1,49.99
2025-12-17,WA,VIP,Chanel Coco Noir Eau De,3,389.97
2025-12-17,WA,VIP,Grater Black,3,32.97
2025-12-17,WA,VIP,Mulberry,1,4.99
2025-12-17,IL,VIP,Eggs,3,8.97
2025-12-17,IL,VIP,Rolex Cellini Moonphase,2,25999.98
2025-12-17,FL,New,Longines Master Collection,2,2999.98
2025-12-17,FL,New,Carbon Steel Wok,3,89.97
2025-12-17,FL,New,Plant Pot,2,29.98
2025-12-17,TX,New,Dog Food,3,32.97
2025-12-17,TX,New,Grater Black,2,21.98
2025-12-17,TX,New,Hand Blender,1,34.99
2025-12-17,WA,VIP,Spice Rack,1,19.99
2025-12-17,WA,VIP,Nike Air Jordan 1 Red And Black,2,299.98
2025-12-17,WA,VIP,Milk,1,3.49
2025-12-17,MO,New,Fork,3,11.97
2025-12-17,MO,New,Eggs,3,8.97
2025-12-17,GA,New,Spoon,1,4.99
2025-12-17,GA,New,Fork,1,3.99
2025-12-17,GA,New,Rice,3,17.97
2025-12-17,IL,New,Nike Air Jordan 1 Red And Black,3,449.97
2025-12-17,FL,New,Mulberry,2,9.98
2025-12-17,GA,New,Grater Black,1,10.99
2025-12-17,TX,New,New DELL XPS 13 9300 Laptop,2,2999.98
2025-12-17,TX,New,Eggs,3,8.97
2025-12-17,NY,New,Spoon,1,4.99
2025-12-17,MO,VIP,Green Chili Pepper,2,1.98
2025-12-17,GA,New,Nike Air Jordan 1 Red And Black,2,299.98
2025-12-17,GA,New,Nescafe Coffee,1,7.99
2025-12-17,GA,New,Fine Mesh Strainer,2,19.98
2025-12-17,WA,Returning,Grater Black,3,32.97
2025-12-17,CA,Returning,Knife,3,44.97
2025-12-17,CA,Returning,Fish Steak,3,44.97
2025-12-17,WA,Returning,Rolex Submariner Watch,1,13999.99
2025-12-17,WA,Returning,Men Check Shirt,3,83.97
2025-12-17,MO,New,Nescafe Coffee,3,23.97
2025-12-17,MO,Returning,Blue & Black Check Shirt,1,29.99
2025-12-17,MO,VIP,Mulberry,3,14.97
2025-12-17,MO,VIP,Rice,2,11.98
2025-12-17,IL,Returning,Black Aluminium Cup,2,11.98
2025-12-17,TX,New,Annibale Colombo Bed,1,1899.99
2025-12-17,NY,VIP,Red Tongs,2,13.98
2025-12-17,NY,VIP,Egg Slicer,2,13.98
2025-12-17,MO,VIP,Electric Stove,3,149.97
2025-12-17,MO,VIP,Longines Master Collection,2,2999.98
2025-12-17,TX,Returning,Mulberry,3,14.97
2025-12-17,MO,Returning,Ice Cube Tray,1,5.99
2025-12-17,WA,VIP,Brown Leather Belt Watch,1,89.99
2025-12-17,WA,VIP,Wooden Rolling Pin,2,23.98
2025-12-17,WA,VIP,Milk,3,10.47
2025-12-17,WA,VIP,Red Onions,1,1.99
2025-12-17,FL,New,Kiwi,3,7.47
2025-12-17,FL,New,Silver Pot With Glass Cap,3,119.97
2025-12-17,IL,VIP,Citrus Squeezer Yellow,3,26.97
2025-12-17,IL,VIP,Cooking Oil,3,14.97
2025-12-17,IL,VIP,Rolex Cellini Date Black Dial,1,8999.99
2025-12-17,WA,Returning,Wooden Bathroom Sink With Mirror,2,1599.98
2025-12-17,WA,Returning,Fish Steak,3,44.97
2025-12-17,WA,Returning,Knife,3,44.97
2025-12-17,WA,Returning,New DELL XPS 13 9300 Laptop,1,1499.99
2025-12-17,FL,Returning,Potatoes,2,4.58
2025-12-17,FL,Returning,Eggs,3,8.97
2025-12-17,FL,Returning,Kitchen Sieve,3,23.97
2025-12-17,FL,Returning,Mulberry,2,9.98
2025-12-18,GA,Returning,Grater Black,1,10.99
2025-12-18,GA,Returning,Dolce Shine Eau de,2,139.98
2025-12-18,GA,Returning,Powder Canister,2,29.98
2025-12-18,FL,Returning,Rolex Cellini Moonphase,2,25999.98
2025-12-18,FL,Returning,Bedside Table African Cherry,3,899.97
2025-12-18,GA,New,Wooden Rolling Pin,3,35.97
2025-12-18,CA,Returning,Water,2,1.98
2025-12-18,CA,Returning,Cooking Oil,1,4.99
2025-12-18,CA,Returning,Honey Jar,3,20.97
2025-12-18,CA,Returning,Annibale Colombo Bed,3,5699.97
2025-12-18,FL,Returning,Fork,1,3.99
2025-12-18,FL,Returning,Grater Black,2,21.98
2025-12-18,FL,Returning,Dolce Shine Eau de,1,69.99
2025-12-18,FL,Returning,Ice Cube Tray,3,17.97
2025-12-18,TX,Returning,Carbon Steel Wok,2,59.98
2025-12-18,NY,Returning,Milk,1,3.49
2025-12-18,NY,Returning,Chopping Board,2,25.98
2025-12-18,CA,Returning,Red Onions,2,3.98
2025-12-18,CA,Returning,Sports Sneakers Off White Red,3,329.97
2025-12-18,CA,Returning,Dior J'adore,3,269.97
2025-12-18,FL,VIP,Spice Rack,2,39.98
2025-12-18,FL,VIP,Dog Food,2,21.98
2025-12-18,FL,VIP,Decoration Swing,2,119.98
2025-12-18,MO,Returning,Hand Blender,2,69.98
2025-12-18,MO,Returning,Man Plaid Shirt,1,34.99
2025-12-18,MO,Returning,Essence Mascara Lash Princess,2,19.98
2025-12-18,MO,Returning,Fish Steak,2,29.98
2025-12-18,FL,Returning,Green Chili Pepper,3,2.97
2025-12-18,FL,Returning,Strawberry,2,7.98
2025-12-18,NY,VIP,Microwave Oven,3,269.97
2025-12-18,NY,VIP,Apple Airpods,1,129.99
2025-12-18,NY,VIP,Nike Air Jordan 1 Red And Black,3,449.97
2025-12-18,NY,VIP,Electric Stove,3,149.97
2025-12-18,IL,Returning,Red Lipstick,2,25.98
2025-12-18,MO,New,Rolex Cellini Moonphase,1,12999.99
2025-12-18,MO,New,Men Check Shirt,1,27.99
2025-12-18,MO,New,Pan,1,24.99
2025-12-18,MO,New,Calvin Klein CK One,3,149.97
2025-12-18,GA,VIP,Ice Cube Tray,2,11.98
2025-12-18,GA,VIP,Strawberry,1,3.99
2025-12-18,GA,VIP,Cooking Oil,3,14.97
2025-12-18,NY,Returning,Wooden Bathroom Sink With Mirror,2,1599.98
2025-12-18,NY,Returning,Grater Black,1,10.99
2025-12-18,NY,Returning,Calvin Klein CK One,3,149.97
2025-12-18,GA,New,Sports Sneakers Off White & Red,3,359.97
2025-12-18,GA,New,Longines Master Collection,2,2999.98
2025-12-18,GA,New,Sports Sneakers Off White Red,2,219.98
2025-12-18,GA,VIP,Lenovo Yoga 920,2,2199.98
2025-12-18,GA,VIP,Milk,3,10.47
2025-12-18,GA,VIP,Lemon,3,2.37
2025-12-18,WA,New,Water,3,2.97
2025-12-18,CA,New,Spice Rack,3,59.97
2025-12-18,CA,New,Soft Drinks,3,5.97
2025-12-18,FL,VIP,Essence Mascara Lash Princess,1,9.99
2025-12-18,IL,New,Red Lipstick,1,12.99
2025-12-18,IL,New,Chanel Coco Noir Eau De,1,129.99
2025-12-18,IL,New,Egg Slicer,1,6.99
2025-12-18,IL,New,Honey Jar,2,13.98
2025-12-18,IL,New,Pan,1,24.99
2025-12-18,MO,New,Grater Black,1,10.99
2025-12-18,MO,New,Nike Air Jordan 1 Red And Black,3,449.97
2025-12-18,MO,New,Tray,2,33.98
2025-12-18,GA,Returning,Rolex Cellini Moonphase,2,25999.98
2025-12-18,GA,Returning,Tray,1,16.99
2025-12-18,GA,Returning,Grater Black,2,21.98
2025-12-18,NY,VIP,Mulberry,2,9.98
2025-12-18,IL,New,Brown Leather Belt Watch,3,269.97
2025-12-18,IL,New,Gigabyte Aorus Men Tshirt,2,49.98
2025-12-18,IL,New,Hand Blender,1,34.99
2025-12-18,FL,Returning,Nike Baseball Cleats,2,159.98
2025-12-18,NY,VIP,Boxed Blender,2,79.98
2025-12-18,NY,VIP,Mug Tree Stand,2,31.98
2025-12-18,NY,VIP,Spoon,3,14.97
2025-12-18,FL,New,Electric Stove,3,149.97
2025-12-18,NY,VIP,Sports Sneakers Off White & Red,2,239.98
2025-12-18,NY,VIP,Potatoes,3,6.87
2025-12-18,WA,VIP,Green Chili Pepper,2,1.98
2025-12-18,WA,VIP,Eyeshadow Palette with Mirror,3,59.97
2025-12-18,WA,VIP,Nike Air Jordan 1 Red And Black,3,449.97
2025-12-18,WA,VIP,Rolex Cellini Moonphase,3,38999.97
2025-12-18,WA,VIP,Mug Tree Stand,3,47.97
2025-12-18,WA,VIP,Chicken Meat,3,29.97
2025-12-18,MO,New,Rolex Datejust,3,32999.97
2025-12-18,CA,New,Nike Baseball Cleats,2,159.98
2025-12-18,CA,New,Cooking Oil,1,4.99
2025-12-18,CA,New,Longines Master Collection,3,4499.97
2025-12-18,CA,New,Tissue Paper Box,2,4.98
2025-12-18,FL,VIP,Silver Pot With Glass Cap,3,119.97
2025-12-18,FL,VIP,Men Check Shirt,1,27.99
2025-12-18,FL,VIP,Cucumber,3,4.47
2025-12-18,FL,VIP,Fine Mesh Strainer,1,9.99
2025-12-18,MO,Returning,Nike Air Jordan 1 Red And Black,1,149.99
2025-12-18,MO,Returning,Chanel Coco Noir Eau De,2,259.98
2025-12-18,NY,Returning,Lunch Box,3,38.97
2025-12-18,MO,Returning,Tissue Paper Box,1,2.49
2025-12-18,MO,Returning,Beef Steak,1,12.99
2025-12-18,IL,VIP,Black Whisk,1,9.99
2025-12-18,IL,VIP,Yellow Peeler,3,17.97
2025-12-18,IL,New,Silver Pot With Glass Cap,1,39.99
2025-12-18,NY,Returning,Red Lipstick,3,38.97
2025-12-18,MO,New,Rolex Submariner Watch,1,13999.99
2025-12-18,MO,New,Fish Steak,3,44.97
2025-12-18,MO,New,Boxed Blender,1,39.99
2025-12-18,WA,New,Sports Sneakers Off White & Red,3,359.97
2025-12-18,WA,New,Rolex Cellini Date Black Dial,1,8999.99
2025-12-18,TX,VIP,Milk,2,6.98
2025-12-18,TX,VIP,Spoon,2,9.98
2025-12-18,TX,VIP,Rolex Submariner Watch,3,41999.97
2025-12-18,GA,New,New DELL XPS 13 9300 Laptop,2,2999.98
2025-12-18,GA,New,Soft Drinks,1,1.99
2025-12-18,GA,New,Honey Jar,1,6.99
2025-12-18,IL,Returning,Slotted Turner,2,17.98
2025-12-18,IL,Returning,Grater Black,3,32.97
2025-12-18,IL,Returning,Lemon,3,2.37
2025-12-18,MO,VIP,Grater Black,2,21.98
2025-12-18,MO,VIP,Decoration Swing,2,119.98
2025-12-18,MO,VIP,Microwave Oven,1,89.99
2025-12-18,TX,VIP,Asus Zenbook Pro Dual Screen Laptop,1,1799.99
2025-12-18,NY,Returning,Red Nail Polish,2,17.98
2025-12-18,NY,Returning,Fish Steak,3,44.97
2025-12-18,NY,Returning,Annibale Colombo Sofa,2,4999.98
2025-12-18,NY,Returning,Knife,2,29.98
2025-12-18,CA,Returning,Beef Steak,3,38.97
2025-12-18,CA,Returning,Sports Sneakers Off White & Red,1,119.99
2025-12-18,CA,Returning,Eggs,2,5.98
2025-12-18,CA,Returning,Dolce Shine Eau de,1,69.99
2025-12-18,MO,Returning,Wooden Bathroom Sink With Mirror,3,2399.97
2025-12-18,MO,Returning,Man Short Sleeve Shirt,2,39.98
2025-12-18,MO,Returning,Beef Steak,2,25.98
2025-12-18,MO,Returning,Nescafe Coffee,3,23.97
2025-12-18,GA,VIP,Fine Mesh Strainer,3,29.97
2025-12-18,GA,VIP,Red Onions,2,3.98
2025-12-18,GA,VIP,Water,3,2.97
2025-12-18,NY,Returning,Juice,2,7.98
2025-12-18,NY,Returning,Rice,3,17.97
2025-12-18,NY,Returning,Sports Sneakers Off White & Red,2,239.98
2025-12-18,NY,Returning,Fine Mesh Strainer,1,9.99
2025-12-19,NY,New,Amazon Echo Plus,2,199.98
2025-12-19,WA,Returning,Protein Powder,3,59.97
2025-12-19,GA,New,Annibale Colombo Bed,3,5699.97
2025-12-19,GA,New,Pan,3,74.97
2025-12-19,GA,New,Hand Blender,1,34.99
2025-12-19,NY,VIP,Kitchen Sieve,2,15.98
2025-12-19,GA,New,Apple MacBook Pro 14 Inch Space Grey,3,5999.97
2025-12-19,GA,New,Eggs,2,5.98
2025-12-19,GA,New,Mug Tree Stand,3,47.97
2025-12-19,GA,New,Essence Mascara Lash Princess,1,9.99
2025-12-19,MO,Returning,House Showpiece Plant,1,39.99
2025-12-19,MO,Returning,Chanel Coco Noir Eau De,1,129.99
2025-12-19,MO,Returning,Dior J'adore,2,179.98
2025-12-19,MO,Returning,Amazon Echo Plus,1,99.99
2025-12-19,MO,Returning,Slotted Turner,2,17.98
2025-12-19,MO,Returning,Nescafe Coffee,2,15.98
2025-12-19,IL,VIP,Red Onions,2,3.98
2025-12-19,IL,VIP,Dolce Shine Eau de,3,209.97
2025-12-19,IL,VIP,Fork,3,11.97
2025-12-19,IL,VIP,Hand Blender,1,34.99
2025-12-19,TX,New,Decoration Swing,3,179.97
2025-12-19,NY,VIP,Water,3,2.97
2025-12-19,WA,VIP,Red Tongs,2,13.98
2025-12-19,IL,New,Cucumber,3,4.47
2025-12-19,IL,New,Essence Mascara Lash Princess,3,29.97
2025-12-19,IL,New,Dolce Shine Eau de,3,209.97
2025-12-19,GA,Returning,Huawei Matebook X Pro,2,2799.98
2025-12-19,GA,Returning,Asus Zenbook Pro Dual Screen Laptop,3,5399.97
2025-12-19,GA,Returning,Bamboo Spatula,2,15.98
2025-12-19,GA,Returning,Apple Airpods,2,259.98
2025-12-19,GA,New,Green Chili Pepper,1,0.99
2025-12-19,GA,New,Essence Mascara Lash Princess,3,29.97
2025-12-19,FL,Returning,Chopping Board,3,38.97
2025-12-19,FL,Returning,Men Check Shirt,3,83.97
2025-12-19,WA,Returning,Amazon Echo Plus,3,299.97
2025-12-19,WA,Returning,Mulberry,3,14.97
2025-12-19,GA,New,Lunch Box,3,38.97
2025-12-19,GA,New,Beef Steak,3,38.97
2025-12-19,GA,New,Sports Sneakers Off White Red,1,109.99
2025-12-19,TX,Returning,Asus Zenbook Pro Dual Screen Laptop,1,1799.99
2025-12-19,TX,Returning,Decoration Swing,2,119.98
2025-12-19,CA,Returning,Strawberry,3,11.97
2025-12-19,CA,Returning,Annibale Colombo Sofa,1,2499.99
2025-12-19,WA,New,Gigabyte Aorus Men Tshirt,2,49.98
2025-12-19,WA,New,Sports Sneakers Off White & Red,3,359.97
2025-12-19,WA,Returning,Hand Blender,1,34.99
2025-12-19,CA,New,Yellow Peeler,3,17.97
2025-12-19,CA,New,Decoration Swing,3,179.97
2025-12-19,CA,New,Longines Master Collection,3,4499.97
2025-12-19,GA,New,Blue & Black Check Shirt,1,29.99
2025-12-19,GA,VIP,Boxed Blender,3,119.97
2025-12-19,GA,VIP,Apple MacBook Pro 14 Inch Space Grey,3,5999.97
2025-12-19,GA,VIP,Knoll Saarinen Executive Conference Chair,1,499.99
2025-12-19,MO,New,Rolex Cellini Moonphase,2,25999.98
2025-12-19,MO,New,Essence Mascara Lash Princess,2,19.98
2025-12-19,MO,New,Man Plaid Shirt,2,69.98
2025-12-19,MO,New,Brown Leather Belt Watch,2,179.98
2025-12-19,FL,New,Electric Stove,2,99.98
2025-12-19,FL,New,Chanel Coco Noir Eau De,1,129.99
2025-12-19,FL,New,Eggs,2,5.98
2025-12-19,FL,New,Lenovo Yoga 920,2,2199.98
2025-12-19,IL,VIP,Carbon Steel Wok,2,59.98
2025-12-19,IL,VIP,Juice,3,11.97
2025-12-19,NY,New,Beef Steak,1,12.99
2025-12-19,TX,Returning,Egg Slicer,2,13.98
2025-12-19,TX,Returning,Carbon Steel Wok,2,59.98
2025-12-19,TX,Returning,Annibale Colombo Sofa,3,7499.97
2025-12-19,TX,VIP,Yellow Peeler,1,5.99
2025-12-19,TX,VIP,Slotted Turner,1,8.99
2025-12-19,TX,VIP,Asus Zenbook Pro Dual Screen Laptop,3,5399.97
2025-12-19,TX,VIP,Chanel Coco Noir Eau De,1,129.99
2025-12-19,CA,Returning,Glass,3,14.97
2025-12-19,CA,Returning,Calvin Klein CK One,1,49.99
2025-12-19,CA,Returning,Wooden Rolling Pin,2,23.98
2025-12-19,CA,Returning,Chanel Coco Noir Eau De,2,259.98
2025-12-19,GA,New,Mug Tree Stand,1,15.99
2025-12-19,GA,New,Chanel Coco Noir Eau De,3,389.97
2025-12-19,GA,New,Eggs,1,2.99
2025-12-19,IL,New,Gigabyte Aorus Men Tshirt,1,24.99
2025-12-19,IL,New,Sports Sneakers Off White Red,3,329.97
2025-12-19,IL,New,Man Plaid Shirt,1,34.99
2025-12-19,IL,New,Fine Mesh Strainer,2,19.98
2025-12-19,GA,VIP,Calvin Klein CK One,1,49.99
2025-12-19,NY,Returning,Plate,3,11.97
2025-12-19,MO,New,Tissue Paper Box,3,7.47
2025-12-19,MO,New,Eyeshadow Palette with Mirror,3,59.97
2025-12-19,MO,New,Chopping Board,3,38.97
2025-12-19,GA,VIP,Sports Sneakers Off White Red,3,329.97
2025-12-19,GA,VIP,Microwave Oven,2,179.98
2025-12-19,GA,VIP,Dolce Shine Eau de,1,69.99
2025-12-19,GA,VIP,Mug Tree Stand,3,47.97
2025-12-19,NY,Returning,Ice Cube Tray,3,17.97
2025-12-19,FL,Returning,Puma Future Rider Trainers,3,269.97
2025-12-19,FL,Returning,Cucumber,3,4.47
2025-12-19,FL,Returning,Gucci Bloom Eau de,3,239.97
2025-12-19,FL,Returning,Calvin Klein CK One,2,99.98
2025-12-19,IL,Returning,Ice Cream,3,16.47
2025-12-19,FL,VIP,Puma Future Rider Trainers,2,179.98
2025-12-19,FL,VIP,Wooden Bathroom Sink With Mirror,3,2399.97
2025-12-19,FL,VIP,Decoration Swing,3,179.97
2025-12-19,FL,VIP,Dior J'adore,3,269.97
2025-12-19,WA,VIP,Family Tree Photo Frame,1,29.99
2025-12-19,WA,VIP,Wooden Rolling Pin,1,11.99
2025-12-19,CA,Returning,Bedside Table African Cherry,2,599.98
2025-12-19,CA,Returning,Brown Leather Belt Watch,3,269.97
2025-12-19,CA,Returning,Plant Pot,2,29.98
2025-12-19,FL,New,Red Nail Polish,3,26.97
2025-12-19,FL,New,Water,2,1.98
2025-12-19,FL,New,Calvin Klein CK One,2,99.98
2025-12-19,CA,VIP,Protein Powder,3,59.97
2025-12-19,CA,VIP,Lunch Box,3,38.97
2025-12-19,CA,VIP,Annibale Colombo Sofa,3,7499.97
2025-12-19,FL,Returning,Puma Future Rider Trainers,1,89.99
2025-12-19,FL,Returning,Silver Pot With Glass Cap,3,119.97
2025-12-19,FL,Returning,Water,2,1.98
2025-12-19,FL,Returning,Huawei Matebook X Pro,2,2799.98
2025-12-19,IL,New,Rolex Datejust,3,32999.97
2025-12-19,IL,New,Electric Stove,1,49.99
2025-12-19,MO,VIP,Microwave Oven,1,89.99
2025-12-19,FL,Returning,Brown Leather Belt Watch,1,89.99
2025-12-19,MO,Returning,Ice Cream,1,5.49
2025-12-19,MO,Returning,Lenovo Yoga 920,3,3299.97
2025-12-19,MO,Returning,Dior J'adore,3,269.97
2025-12-19,MO,VIP,Annibale Colombo Sofa,2,4999.98
2025-12-19,MO,VIP,Green Bell Pepper,2,2.58
2025-12-19,MO,VIP,Lunch Box,1,12.99
2025-12-19,FL,VIP,Yellow Peeler,2,11.98
2025-12-19,FL,VIP,Gigabyte Aorus Men Tshirt,3,74.97
2025-12-19,WA,New,Juice,2,7.98
2025-12-19,WA,New,Brown Leather Belt Watch,3,269.97
2025-12-19,WA,New,Annibale Colombo Sofa,3,7499.97
2025-12-19,WA,New,Kitchen Sieve,1,7.99
2025-12-19,NY,VIP,Annibale Colombo Sofa,3,7499.97
2025-12-19,NY,VIP,Mulberry,2,9.98
2025-12-19,NY,VIP,Green Bell Pepper,2,2.58
2025-12-19,WA,Returning,Dog Food,1,10.99
2025-12-19,WA,Returning,Juice,3,11.97
2025-12-19,IL,New,Rolex Submariner Watch,2,27999.98
2025-12-19,GA,VIP,Dog Food,3,32.97
2025-12-19,GA,VIP,Plate,3,11.97
2025-12-19,IL,VIP,Protein Powder,3,59.97
2025-12-19,FL,Returning,Men Check Shirt,2,55.98
2025-12-19,FL,Returning,Boxed Blender,1,39.99
2025-12-19,FL,Returning,Nescafe Coffee,2,15.98
2025-12-19,FL,Returning,Apple MacBook Pro 14 Inch Space Grey,2,3999.98
2025-12-19,CA,VIP,Bedside Table African Cherry,3,899.97
2025-12-19,CA,VIP,Boxed Blender,3,119.97
2025-12-19,CA,VIP,Annibale Colombo Sofa,3,7499.97
2025-12-19,WA,New,Apple,1,1.99
2025-12-19,WA,New,Rolex Datejust,3,32999.97
2025-12-19,WA,New,Asus Zenbook Pro Dual Screen Laptop,2,3599.98
2025-12-19,WA,New,Plant Pot,2,29.98
2025-12-19,TX,VIP,Juice,3,11.97
2025-12-19,TX,Returning,Red Nail Polish,2,17.98
2025-12-19,TX,Returning,Gigabyte Aorus Men Tshirt,1,24.99
2025-12-19,TX,Returning,Rice,2,11.98
2025-12-19,TX,Returning,Pan,1,24.99
2025-12-19,FL,New,Carbon Steel Wok,2,59.98
2025-12-19,FL,New,Microwave Oven,3,269.97
2025-12-19,IL,VIP,Rice,3,17.97
2025-12-19,IL,VIP,Fish Steak,3,44.97
2025-12-19,CA,VIP,Strawberry,1,3.99
2025-12-19,CA,VIP,Powder Canister,3,44.97
2025-12-19,CA,VIP,Water,1,0.99
2025-12-19,TX,New,Men Check Shirt,2,55.98
2025-12-19,TX,New,Water,2,1.98
2025-12-19,GA,New,Black Aluminium Cup,1,5.99
2025-12-19,GA,New,Chanel Coco Noir Eau De,3,389.97
2025-12-19,TX,Returning,Rolex Submariner Watch,1,13999.99
2025-12-19,TX,Returning,Boxed Blender,1,39.99
2025-12-19,TX,Returning,Knife,2,29.98
2025-12-19,TX,New,Green Bell Pepper,2,2.58
2025-12-19,GA,New,Annibale Colombo Sofa,2,4999.98
2025-12-19,GA,New,Ice Cream,3,16.47
2025-12-19,FL,New,Soft Drinks,2,3.98
2025-12-19,FL,New,Ice Cream,1,5.49
2025-12-19,IL,New,Cooking Oil,1,4.99
2025-12-19,CA,VIP,Rolex Datejust,2,21999.98
2025-12-19,CA,VIP,Dog Food,2,21.98
2025-12-19,CA,VIP,Lunch Box,2,25.98
2025-12-19,CA,VIP,Family Tree Photo Frame,3,89.97
2025-12-19,CA,Returning,Dog Food,3,32.97
2025-12-19,CA,Returning,Eggs,1,2.99
2025-12-19,GA,VIP,Lunch Box,3,38.97
2025-12-19,GA,VIP,Plant Pot,2,29.98
2025-12-19,GA,VIP,Water,2,1.98
2025-12-19,GA,VIP,Knoll Saarinen Executive Conference Chair,2,999.98
2025-12-19,NY,Returning,Chanel Coco Noir Eau De,3,389.97
2025-12-19,WA,VIP,Black Aluminium Cup,3,17.97
2025-12-19,WA,VIP,Water,1,0.99
2025-12-20,FL,New,Lemon,2,1.58
2025-12-20,FL,New,Citrus Squeezer Yellow,2,17.98
2025-12-20,FL,New,Family Tree Photo Frame,3,89.97
2025-12-20,FL,New,Microwave Oven,3,269.97
2025-12-20,GA,VIP,Blue & Black Check Shirt,1,29.99
2025-12-20,GA,VIP,Pan,3,74.97
2025-12-20,IL,VIP,Grater Black,1,10.99
2025-12-20,CA,VIP,Honey Jar,3,20.97
2025-12-20,CA,VIP,Beef Steak,3,38.97
2025-12-20,NY,VIP,Spice Rack,1,19.99
2025-12-20,NY,VIP,Lenovo Yoga 920,3,3299.97
2025-12-20,CA,VIP,Microwave Oven,3,269.97
2025-12-20,TX,VIP,Kitchen Sieve,1,7.99
2025-12-20,TX,VIP,Rolex Cellini Moonphase,3,38999.97
2025-12-20,IL,New,Lemon,3,2.37
2025-12-20,IL,New,Plate,2,7.98
2025-12-20,IL,New,Spoon,2,9.98
2025-12-20,WA,Returning,Eyeshadow Palette with Mirror,1,19.99
2025-12-20,WA,Returning,Ice Cream,3,16.47
2025-12-20,WA,Returning,Amazon Echo Plus,3,299.97
2025-12-20,FL,VIP,Table Lamp,2,99.98
2025-12-20,FL,VIP,Microwave Oven,3,269.97
2025-12-20,FL,VIP,Glass,1,4.99
2025-12-20,FL,New,Red Nail Polish,3,26.97
2025-12-20,TX,Returning,Table Lamp,1,49.99
2025-12-20,CA,VIP,Red Lipstick,1,12.99
2025-12-20,FL,New,Dior J'adore,3,269.97
2025-12-20,FL,New,Chicken Meat,3,29.97
2025-12-20,FL,New,Men Check Shirt,1,27.99
2025-12-20,FL,New,Essence Mascara Lash Princess,2,19.98
2025-12-20,FL,VIP,Lunch Box,3,38.97
2025-12-20,FL,VIP,Annibale Colombo Sofa,3,7499.97
2025-12-20,FL,VIP,Slotted Turner,3,26.97
2025-12-20,TX,New,Red Nail Polish,2,17.98
2025-12-20,TX,New,Dog Food,1,10.99
2025-12-20,NY,VIP,Juice,1,3.99
2025-12-20,NY,VIP,Men Check Shirt,1,27.99
2025-12-20,NY,VIP,Rice,1,5.99
2025-12-20,CA,Returning,Eggs,3,8.97
2025-12-20,CA,Returning,Honey Jar,3,20.97
2025-12-20,CA,Returning,Plant Pot,3,44.97
2025-12-20,CA,Returning,Spoon,1,4.99
2025-12-20,TX,VIP,Fork,1,3.99
2025-12-20,TX,VIP,Green Chili Pepper,1,0.99
2025-12-20,TX,VIP,Slotted Turner,1,8.99
2025-12-20,TX,VIP,Lenovo Yoga 920,1,1099.99
2025-12-20,FL,New,Gucci Bloom Eau de,2,159.98
2025-12-20,GA,VIP,Bedside Table African Cherry,1,299.99
2025-12-20,GA,VIP,Ice Cube Tray,1,5.99
2025-12-20,GA,VIP,Wooden Bathroom Sink With Mirror,2,1599.98
2025-12-20,IL,VIP,Fish Steak,3,44.97
2025-12-20,IL,VIP,Dog Food,3,32.97
2025-12-20,IL,VIP,Glass,1,4.99
2025-12-20,TX,New,Gigabyte Aorus Men Tshirt,2,49.98
2025-12-20,TX,New,Hand Blender,2,69.98
2025-12-20,TX,New,Dog Food,2,21.98
2025-12-20,TX,New,Bedside Table African Cherry,3,899.97
2025-12-20,WA,New,Knife,2,29.98
2025-12-20,MO,Returning,Cat Food,3,26.97
2025-12-20,MO,Returning,Ice Cube Tray,2,11.98
2025-12-20,MO,Returning,Mug Tree Stand,3,47.97
2025-12-20,MO,Returning,Electric Stove,1,49.99
2025-12-20,TX,VIP,Soft Drinks,2,3.98
2025-12-20,TX,VIP,Gigabyte Aorus Men Tshirt,2,49.98
2025-12-20,TX,VIP,Plant Pot,2,29.98
2025-12-20,TX,VIP,Longines Master Collection,1,1499.99
2025-12-20,IL,New,Black Whisk,3,29.97
2025-12-20,IL,New,Rolex Cellini Date Black Dial,3,26999.97
2025-12-20,IL,New,Slotted Turner,3,26.97
2025-12-20,WA,New,Red Tongs,3,20.97
2025-12-20,MO,New,Green Chili Pepper,1,0.99
2025-12-20,MO,New,Ice Cream,1,5.49
2025-12-20,MO,New,Rolex Cellini Moonphase,3,38999.97
2025-12-20,NY,Returning,Green Chili Pepper,2,1.98
2025-12-20,NY,Returning,Red Tongs,2,13.98
2025-12-20,NY,Returning,Honey Jar,1,6.99
2025-12-21,FL,New,Spice Rack,1,19.99
2025-12-21,FL,New,Amazon Echo Plus,3,299.97
2025-12-21,WA,Returning,Rolex Datejust,2,21999.98
2025-12-21,WA,Returning,Cat Food,2,17.98
2025-12-21,WA,Returning,Powder Canister,1,14.99
2025-12-21,WA,Returning,Lenovo Yoga 920,3,3299.97
2025-12-21,FL,New,Eyeshadow Palette with Mirror,2,39.98
2025-12-21,FL,New,Spoon,2,9.98
2025-12-21,GA,VIP,Red Onions,3,5.97
2025-12-21,GA,VIP,Beef Steak,1,12.99
2025-12-21,GA,VIP,Spoon,1,4.99
2025-12-21,GA,VIP,Apple,1,1.99
2025-12-21,NY,New,Lunch Box,1,12.99
2025-12-21,TX,VIP,Boxed Blender,3,119.97
2025-12-21,TX,VIP,Blue & Black Check Shirt,2,59.98
2025-12-21,TX,VIP,Longines Master Collection,2,2999.98
2025-12-21,CA,VIP,Men Check Shirt,3,83.97
2025-12-21,CA,VIP,Microwave Oven,3,269.97
2025-12-21,CA,VIP,Family Tree Photo Frame,2,59.98
2025-12-21,IL,VIP,Yellow Peeler,1,5.99
2025-12-21,IL,VIP,Nike Baseball Cleats,2,159.98
2025-12-21,IL,VIP,Sports Sneakers Off White Red,3,329.97
2025-12-21,TX,New,Puma Future Rider Trainers,3,269.97
2025-12-21,MO,New,Knoll Saarinen Executive Conference Chair,3,1499.97
2025-12-21,CA,Returning,Apple MacBook Pro 14 Inch Space Grey,1,1999.99
2025-12-21,CA,Returning,Cooking Oil,1,4.99
2025-12-21,CA,Returning,Dog Food,2,21.98
2025-12-21,CA,Returning,Electric Stove,2,99.98
2025-12-21,MO,Returning,Apple MacBook Pro 14 Inch Space Grey,1,1999.99
2025-12-21,MO,Returning,Spoon,2,9.98
2025-12-21,MO,Returning,Huawei Matebook X Pro,3,4199.97
2025-12-21,NY,New,Chicken Meat,2,19.98
2025-12-21,NY,New,Man Plaid Shirt,3,104.97
2025-12-21,MO,New,Cat Food,3,26.97
2025-12-21,GA,Returning,Mulberry,1,4.99
2025-12-21,TX,Returning,Gucci Bloom Eau de,2,159.98
2025-12-21,TX,Returning,Rolex Cellini Moonphase,3,38999.97
2025-12-21,TX,Returning,Protein Powder,1,19.99
2025-12-21,FL,Returning,Fine Mesh Strainer,1,9.99
2025-12-21,FL,Returning,Gigabyte Aorus Men Tshirt,3,74.97
2025-12-21,FL,Returning,Red Nail Polish,2,17.98
2025-12-21,FL,Returning,Green Chili Pepper,1,0.99
2025-12-21,IL,VIP,Carbon Steel Wok,1,29.99
2025-12-21,IL,VIP,Annibale Colombo Sofa,3,7499.97
2025-12-21,IL,VIP,Apple MacBook Pro 14 Inch Space Grey,3,5999.97
2025-12-21,IL,VIP,Spice Rack,2,39.98
2025-12-21,MO,VIP,Ice Cream,1,5.49
2025-12-21,MO,VIP,Carbon Steel Wok,3,89.97
2025-12-21,MO,VIP,Apple,1,1.99
2025-12-21,MO,VIP,Black Whisk,2,19.98
2025-12-21,GA,New,Silver Pot With Glass Cap,3,119.97
2025-12-21,GA,New,Sports Sneakers Off White Red,1,109.99
2025-12-21,GA,New,Cucumber,2,2.98
2025-12-21,GA,New,Yellow Peeler,2,11.98
2025-12-21,MO,New,Tissue Paper Box,2,4.98
2025-12-21,MO,New,Fish Steak,2,29.98
2025-12-21,MO,New,Rolex Cellini Moonphase,2,25999.98
2025-12-21,NY,VIP,Fish Steak,2,29.98
2025-12-21,MO,Returning,Kitchen Sieve,2,15.98
2025-12-21,MO,Returning,Dolce Shine Eau de,3,209.97
2025-12-21,MO,Returning,Grater Black,3,32.97
2025-12-21,WA,Returning,Plate,1,3.99
2025-12-21,GA,Returning,Spice Rack,2,39.98
2025-12-21,GA,Returning,Pan,1,24.99
2025-12-21,GA,Returning,Yellow Peeler,1,5.99
2025-12-21,GA,Returning,Bedside Table African Cherry,3,899.97
2025-12-21,CA,Returning,Egg Slicer,1,6.99
2025-12-21,CA,Returning,Asus Zenbook Pro Dual Screen Laptop,1,1799.99
2025-12-21,CA,Returning,Cooking Oil,3,14.97
2025-12-21,CA,Returning,Man Short Sleeve Shirt,3,59.97
2025-12-21,TX,New,Nike Baseball Cleats,2,159.98
2025-12-21,MO,New,Asus Zenbook Pro Dual Screen Laptop,3,5399.97
2025-12-21,MO,New,Dolce Shine Eau de,3,209.97
2025-12-21,MO,New,Lenovo Yoga 920,1,1099.99
2025-12-21,MO,New,Red Lipstick,1,12.99
2025-12-21,MO,VIP,Wooden Rolling Pin,3,35.97
2025-12-21,MO,VIP,Glass,3,14.97
2025-12-21,GA,New,Annibale Colombo Sofa,2,4999.98
2025-12-21,WA,New,Kiwi,2,4.98
2025-12-21,WA,New,Sports Sneakers Off White Red,2,219.98
2025-12-21,WA,New,Soft Drinks,1,1.99
2025-12-21,WA,New,Citrus Squeezer Yellow,3,26.97
2025-12-21,NY,New,Huawei Matebook X Pro,1,1399.99
2025-12-21,NY,New,House Showpiece Plant,1,39.99
2025-12-21,CA,VIP,Ice Cream,3,16.47
2025-12-21,CA,VIP,Black Aluminium Cup,2,11.98
2025-12-21,MO,New,Boxed Blender,3,119.97
2025-12-21,MO,New,Egg Slicer,3,20.97
2025-12-21,MO,New,Rolex Datejust,3,32999.97
2025-12-21,IL,VIP,Annibale Colombo Bed,1,1899.99
2025-12-21,MO,Returning,Wooden Rolling Pin,1,11.99
2025-12-22,CA,Returning,Egg Slicer,2,13.98
2025-12-22,CA,Returning,Puma Future Rider Trainers,1,89.99
2025-12-22,CA,Returning,Potatoes,3,6.87
2025-12-22,FL,New,Cucumber,1,1.49
2025-12-22,FL,New,Powder Canister,2,29.98
2025-12-22,FL,New,Microwave Oven,3,269.97
2025-12-22,TX,Returning,Dog Food,2,21.98
2025-12-22,TX,Returning,Red Lipstick,1,12.99
2025-12-22,TX,Returning,Honey Jar,2,13.98
2025-12-22,GA,VIP,Essence Mascara Lash Princess,2,19.98
2025-12-22,GA,VIP,Spoon,3,14.97
2025-12-22,IL,New,Egg Slicer,2,13.98
2025-12-22,IL,New,Grater Black,1,10.99
2025-12-22,IL,New,Black Whisk,2,19.98
2025-12-22,IL,New,Milk,2,6.98
2025-12-22,NY,New,Knoll Saarinen Executive Conference Chair,3,1499.97
2025-12-22,IL,Returning,Dog Food,1,10.99
2025-12-22,IL,Returning,Bedside Table African Cherry,2,599.98
2025-12-22,GA,VIP,Ice Cream,3,16.47
2025-12-22,GA,VIP,Calvin Klein CK One,1,49.99
2025-12-22,GA,VIP,Eyeshadow Palette with Mirror,1,19.99
2025-12-22,GA,VIP,Knife,3,44.97
2025-12-22,FL,Returning,Pan,2,49.98
2025-12-22,FL,Returning,Red Lipstick,2,25.98
2025-12-22,FL,Returning,Man Plaid Shirt,1,34.99
2025-12-22,FL,Returning,Chicken Meat,1,9.99
2025-12-22,FL,VIP,Honey Jar,1,6.99
2025-12-22,FL,VIP,Chopping Board,2,25.98
2025-12-22,FL,VIP,Hand Blender,1,34.99
2025-12-22,MO,New,Chopping Board,1,12.99
2025-12-22,MO,New,Juice,1,3.99
2025-12-22,MO,New,Black Aluminium Cup,1,5.99
2025-12-22,MO,New,Longines Master Collection,2,2999.98
2025-12-22,NY,New,Red Tongs,3,20.97
2025-12-22,WA,New,Eyeshadow Palette with Mirror,3,59.97
2025-12-22,FL,VIP,Rice,3,17.97
2025-12-22,FL,VIP,Wooden Bathroom Sink With Mirror,1,799.99
2025-12-22,MO,New,Black Whisk,1,9.99
2025-12-22,MO,New,Fish Steak,1,14.99
2025-12-22,MO,New,Chopping Board,2,25.98
2025-12-22,NY,Returning,Nescafe Coffee,3,23.97
2025-12-22,NY,Returning,Electric Stove,1,49.99
2025-12-22,NY,Returning,Kiwi,3,7.47
2025-12-22,CA,New,Green Chili Pepper,2,1.98
2025-12-22,FL,Returning,Yellow Peeler,3,17.97
2025-12-22,FL,Returning,Apple,2,3.98
2025-12-22,FL,Returning,Spoon,1,4.99
2025-12-22,FL,Returning,Essence Mascara Lash Princess,3,29.97
2025-12-22,WA,Returning,Knoll Saarinen Executive Conference Chair,1,499.99
2025-12-22,IL,New,Rolex Cellini Moonphase,3,38999.97
2025-12-22,IL,New,Kiwi,1,2.49
2025-12-22,IL,New,Honey Jar,3,20.97
2025-12-22,WA,VIP,Asus Zenbook Pro Dual Screen Laptop,2,3599.98
2025-12-22,FL,New,New DELL XPS 13 9300 Laptop,3,4499.97
2025-12-22,FL,New,Electric Stove,3,149.97
2025-12-22,IL,Returning,Yellow Peeler,2,11.98
2025-12-22,IL,Returning,Cat Food,2,17.98
2025-12-22,IL,Returning,Rolex Cellini Moonphase,2,25999.98
2025-12-22,IL,VIP,Sports Sneakers Off White Red,2,219.98
2025-12-22,IL,VIP,Annibale Colombo Sofa,3,7499.97
2025-12-22,IL,VIP,Nike Baseball Cleats,2,159.98
2025-12-22,IL,VIP,Boxed Blender,3,119.97
2025-12-22,MO,New,Potatoes,3,6.87
2025-12-22,MO,New,Black Aluminium Cup,2,11.98
2025-12-22,MO,New,Red Tongs,2,13.98
2025-12-22,MO,New,Black Whisk,1,9.99
2025-12-22,WA,New,Microwave Oven,3,269.97
2025-12-22,WA,New,Rolex Submariner Watch,1,13999.99
2025-12-22,WA,New,Fish Steak,2,29.98
2025-12-22,WA,New,Black Whisk,3,29.97
2025-12-22,CA,New,Lenovo Yoga 920,1,1099.99
2025-12-22,CA,New,Protein Powder,2,39.98
2025-12-22,MO,VIP,Man Short Sleeve Shirt,3,59.97
2025-12-22,NY,VIP,Microwave Oven,1,89.99
2025-12-22,NY,VIP,Black Whisk,2,19.98
2025-12-22,NY,VIP,Fork,2,7.98
2025-12-22,CA,Returning,Man Plaid Shirt,3,104.97
2025-12-22,CA,Returning,Knoll Saarinen Executive Conference Chair,2,999.98
2025-12-22,CA,Returning,Wooden Bathroom Sink With Mirror,1,799.99
2025-12-22,CA,Returning,Sports Sneakers Off White Red,3,329.97
2025-12-22,MO,VIP,Puma Future Rider Trainers,1,89.99
2025-12-22,MO,VIP,Dolce Shine Eau de,3,209.97
2025-12-22,MO,VIP,Dior J'adore,1,89.99
2025-12-22,WA,Returning,Glass,2,9.98
2025-12-22,WA,Returning,Cooking Oil,2,9.98
2025-12-22,WA,Returning,Water,1,0.99
2025-12-22,WA,Returning,Dior J'adore,3,269.97
2025-12-22,NY,VIP,Electric Stove,1,49.99
2025-12-22,NY,VIP,Table Lamp,1,49.99
2025-12-22,NY,VIP,Powder Canister,2,29.98
2025-12-22,NY,VIP,Gigabyte Aorus Men Tshirt,2,49.98
2025-12-22,NY,VIP,Spoon,3,14.97
2025-12-22,NY,VIP,Beef Steak,3,38.97
2025-12-22,NY,VIP,Powder Canister,1,14.99
2025-12-22,NY,VIP,Wooden Rolling Pin,2,23.98
2025-12-22,WA,Returning,Wooden Bathroom Sink With Mirror,3,2399.97
2025-12-22,WA,Returning,Eggs,1,2.99
2025-12-22,WA,Returning,Annibale Colombo Bed,2,3799.98
2025-12-22,WA,Returning,Table Lamp,2,99.98
2025-12-22,NY,New,Kitchen Sieve,2,15.98
2025-12-22,MO,VIP,Annibale Colombo Sofa,3,7499.97
2025-12-22,MO,VIP,Knoll Saarinen Executive Conference Chair,1,499.99
2025-12-22,MO,VIP,Carbon Steel Wok,3,89.97
2025-12-22,MO,VIP,Dior J'adore,1,89.99
2025-12-22,IL,VIP,Nike Baseball Cleats,3,239.97
2025-12-22,IL,VIP,Carbon Steel Wok,2,59.98
2025-12-22,IL,VIP,Soft Drinks,2,3.98
2025-12-22,IL,VIP,Bamboo Spatula,3,23.97
2025-12-22,IL,VIP,Longines Master Collection,1,1499.99
2025-12-22,IL,New,Gucci Bloom Eau de,2,159.98
2025-12-22,IL,New,Sports Sneakers Off White Red,3,329.97
2025-12-22,IL,New,Protein Powder,1,19.99
2025-12-22,WA,New,Apple MacBook Pro 14 Inch Space Grey,3,5999.97
2025-12-22,WA,New,Potatoes,1,2.29
2025-12-22,WA,New,Plant Pot,1,14.99
2025-12-22,WA,New,Green Chili Pepper,3,2.97
2025-12-22,FL,New,Apple Airpods,1,129.99
2025-12-22,FL,New,Knife,3,44.97
2025-12-22,CA,New,Nike Air Jordan 1 Red And Black,3,449.97
2025-12-22,CA,New,Wooden Rolling Pin,3,35.97
2025-12-22,CA,New,Strawberry,2,7.98
2025-12-22,CA,New,Man Plaid Shirt,2,69.98
2025-12-22,FL,VIP,Longines Master Collection,1,1499.99
2025-12-22,FL,VIP,Mug Tree Stand,1,15.99
2025-12-22,FL,VIP,Cucumber,1,1.49
2025-12-22,GA,New,Microwave Oven,2,179.98
2025-12-22,GA,New,Glass,3,14.97
2025-12-22,GA,New,Electric Stove,1,49.99
2025-12-22,MO,New,New DELL XPS 13 9300 Laptop,3,4499.97
2025-12-22,MO,New,Apple MacBook Pro 14 Inch Space Grey,1,1999.99
2025-12-22,TX,Returning,Spice Rack,2,39.98
2025-12-22,CA,Returning,Cucumber,3,4.47
2025-12-22,CA,Returning,Lunch Box,3,38.97
2025-12-22,CA,Returning,Red Onions,2,3.98
2025-12-22,CA,Returning,Eyeshadow Palette with Mirror,1,19.99
2025-12-22,CA,Returning,Red Onions,2,3.98
2025-12-22,MO,VIP,Eggs,1,2.99
2025-12-22,MO,VIP,Asus Zenbook Pro Dual Screen Laptop,1,1799.99
2025-12-22,WA,Returning,Powder Canister,3,44.97
2025-12-22,WA,Returning,Chanel Coco Noir Eau De,3,389.97
2025-12-22,WA,Returning,Table Lamp,1,49.99
2025-12-22,IL,New,Red Tongs,3,20.97
2025-12-22,IL,New,Carbon Steel Wok,1,29.99
2025-12-22,IL,New,Kitchen Sieve,1,7.99
2025-12-22,IL,VIP,Decoration Swing,2,119.98
2025-12-22,IL,VIP,Red Nail Polish,1,8.99
2025-12-22,IL,VIP,Men Check Shirt,1,27.99
2025-12-22,IL,VIP,Grater Black,1,10.99
2025-12-22,CA,New,Honey Jar,1,6.99
2025-12-22,CA,New,Green Chili Pepper,3,2.97
2025-12-22,CA,New,Spoon,2,9.98
2025-12-22,CA,New,Rolex Cellini Moonphase,2,25999.98
2025-12-22,TX,VIP,Amazon Echo Plus,1,99.99
2025-12-22,TX,VIP,Yellow Peeler,3,17.97
2025-12-22,IL,New,Silver Pot With Glass Cap,2,79.98
2025-12-22,GA,Returning,Red Tongs,1,6.99
2025-12-22,GA,Returning,Bedside Table African Cherry,1,299.99
2025-12-22,GA,Returning,Protein Powder,2,39.98
2025-12-22,GA,Returning,Cucumber,3,4.47
2025-12-22,IL,New,Lenovo Yoga 920,2,2199.98
2025-12-22,IL,New,Bedside Table African Cherry,1,299.99
2025-12-22,IL,New,Ice Cube Tray,1,5.99
2025-12-22,FL,New,Plant Pot,1,14.99
2025-12-22,FL,New,Wooden Rolling Pin,1,11.99
2025-12-22,CA,Returning,Tray,3,50.97
2025-12-22,CA,Returning,Yellow Peeler,1,5.99
2025-12-22,CA,Returning,Amazon Echo Plus,3,299.97
2025-12-22,NY,VIP,Chanel Coco Noir Eau De,3,389.97
2025-12-22,NY,VIP,Yellow Peeler,3,17.97
2025-12-22,IL,VIP,Boxed Blender,1,39.99
2025-12-22,IL,VIP,Plate,2,7.98
2025-12-22,IL,VIP,Beef Steak,2,25.98
2025-12-22,IL,VIP,Slotted Turner,1,8.99
2025-12-22,MO,Returning,Red Lipstick,2,25.98
2025-12-22,MO,Returning,Fork,2,7.98
2025-12-22,GA,Returning,Kitchen Sieve,2,15.98
2025-12-22,GA,Returning,Rice,1,5.99
2025-12-23,TX,New,Cucumber,3,4.47
2025-12-23,TX,New,Yellow Peeler,2,11.98
2025-12-23,TX,New,Dolce Shine Eau de,3,209.97
2025-12-23,TX,New,Strawberry,2,7.98
2025-12-23,FL,VIP,Asus Zenbook Pro Dual Screen Laptop,3,5399.97
2025-12-23,FL,VIP,Nescafe Coffee,1,7.99
2025-12-23,GA,Returning,Microwave Oven,1,89.99
2025-12-23,GA,Returning,Cat Food,1,8.99
2025-12-23,GA,Returning,Puma Future Rider Trainers,1,89.99
2025-12-23,GA,Returning,Red Tongs,3,20.97
2025-12-23,WA,New,Hand Blender,3,104.97
2025-12-23,WA,New,Potatoes,2,4.58
2025-12-23,WA,New,Man Short Sleeve Shirt,2,39.98
2025-12-23,IL,New,Fish Steak,2,29.98
2025-12-23,WA,Returning,Spoon,3,14.97
2025-12-23,WA,Returning,Annibale Colombo Sofa,1,2499.99
2025-12-23,MO,Returning,Family Tree Photo Frame,1,29.99
2025-12-23,MO,Returning,Black Whisk,1,9.99
2025-12-23,MO,Returning,Boxed Blender,2,79.98
2025-12-23,MO,Returning,Asus Zenbook Pro Dual Screen Laptop,1,1799.99
2025-12-23,NY,Returning,Apple MacBook Pro 14 Inch Space Grey,2,3999.98
2025-12-23,NY,Returning,Carbon Steel Wok,1,29.99
2025-12-23,FL,New,Carbon Steel Wok,3,89.97
2025-12-23,FL,New,Green Chili Pepper,2,1.98
2025-12-23,WA,VIP,Nike Baseball Cleats,1,79.99
2025-12-23,WA,VIP,Apple Airpods,1,129.99
2025-12-23,WA,VIP,Nike Air Jordan 1 Red And Black,1,149.99
2025-12-23,IL,VIP,Kitchen Sieve,2,15.98
2025-12-23,IL,VIP,Cucumber,2,2.98
2025-12-23,GA,New,Nescafe Coffee,1,7.99
2025-12-23,GA,New,Red Nail Polish,1,8.99
2025-12-23,CA,Returning,Carbon Steel Wok,2,59.98
2025-12-23,CA,Returning,Milk,1,3.49
2025-12-23,CA,Returning,Asus Zenbook Pro Dual Screen Laptop,1,1799.99
2025-12-23,TX,VIP,Lemon,3,2.37
2025-12-23,TX,VIP,Nescafe Coffee,1,7.99
2025-12-23,TX,VIP,Men Check Shirt,1,27.99
2025-12-23,FL,VIP,Knife,1,14.99
2025-12-23,FL,VIP,Powder Canister,2,29.98
2025-12-23,FL,VIP,Mug Tree Stand,3,47.97
2025-12-23,NY,Returning,Rolex Submariner Watch,3,41999.97
2025-12-23,NY,Returning,Knife,2,29.98
2025-12-23,NY,Returning,Tissue Paper Box,3,7.47
2025-12-23,NY,Returning,Honey Jar,1,6.99
2025-12-23,GA,New,Mulberry,2,9.98
2025-12-23,WA,VIP,Annibale Colombo Bed,2,3799.98
2025-12-23,IL,New,Tray,3,50.97
2025-12-23,IL,New,New DELL XPS 13 9300 Laptop,3,4499.97
2025-12-23,NY,Returning,Dolce Shine Eau de,3,209.97
2025-12-23,NY,Returning,New DELL XPS 13 9300 Laptop,3,4499.97
2025-12-23,NY,Returning,Lemon,3,2.37
2025-12-23,NY,Returning,Plant Pot,2,29.98
2025-12-23,NY,Returning,Glass,1,4.99
2025-12-23,IL,VIP,Dior J'adore,2,179.98
2025-12-23,IL,VIP,Essence Mascara Lash Princess,1,9.99
2025-12-23,IL,VIP,Tray,3,50.97
2025-12-23,IL,VIP,Annibale Colombo Sofa,3,7499.97
2025-12-23,WA,VIP,Pan,2,49.98
2025-12-23,WA,VIP,Table Lamp,2,99.98
2025-12-23,NY,VIP,Huawei Matebook X Pro,2,2799.98
2025-12-23,CA,New,Chanel Coco Noir Eau De,3,389.97
2025-12-23,IL,Returning,Man Plaid Shirt,3,104.97
2025-12-23,IL,Returning,Calvin Klein CK One,1,49.99
2025-12-23,IL,Returning,Huawei Matebook X Pro,2,2799.98
2025-12-23,GA,New,Rolex Cellini Moonphase,3,38999.97
2025-12-23,GA,New,Red Onions,2,3.98
2025-12-23,GA,New,Strawberry,3,11.97
2025-12-23,NY,New,Dolce Shine Eau de,3,209.97
2025-12-23,NY,New,Gucci Bloom Eau de,2,159.98
2025-12-23,NY,New,Soft Drinks,3,5.97
2025-12-23,NY,VIP,Red Onions,3,5.97
2025-12-23,NY,VIP,Carbon Steel Wok,1,29.99
2025-12-23,NY,VIP,Fine Mesh Strainer,1,9.99
2025-12-23,NY,VIP,Chanel Coco Noir Eau De,1,129.99
2025-12-23,TX,New,Lunch Box,3,38.97
2025-12-23,TX,New,Eyeshadow Palette with Mirror,3,59.97
2025-12-23,TX,New,Citrus Squeezer Yellow,2,17.98
2025-12-23,TX,Returning,Men Check Shirt,2,55.98
2025-12-23,TX,Returning,Honey Jar,1,6.99
2025-12-23,TX,Returning,Table Lamp,2,99.98
2025-12-23,TX,Returning,Black Whisk,1,9.99
2025-12-23,MO,New,Black Aluminium Cup,3,17.97
2025-12-23,WA,Returning,Huawei Matebook X Pro,1,1399.99
2025-12-23,WA,Returning,Dolce Shine Eau de,3,209.97
2025-12-23,FL,New,Water,3,2.97
2025-12-23,FL,New,Pan,1,24.99
2025-12-23,FL,New,Honey Jar,2,13.98
2025-12-23,GA,VIP,Rolex Submariner Watch,1,13999.99
2025-12-23,WA,New,Cucumber,2,2.98
2025-12-23,WA,New,Amazon Echo Plus,3,299.97
2025-12-23,CA,Returning,Asus Zenbook Pro Dual Screen Laptop,2,3599.98
2025-12-23,TX,New,Cooking Oil,3,14.97
2025-12-23,GA,New,Cucumber,2,2.98
2025-12-23,TX,Returning,House Showpiece Plant,2,79.98
2025-12-23,TX,Returning,Red Lipstick,3,38.97
2025-12-23,IL,New,Microwave Oven,2,179.98
2025-12-23,IL,New,Bedside Table African Cherry,2,599.98
2025-12-23,IL,New,Glass,1,4.99
2025-12-23,NY,VIP,Eggs,2,5.98
2025-12-23,NY,VIP,Red Nail Polish,2,17.98
2025-12-23,NY,VIP,Longines Master Collection,1,1499.99
2025-12-23,WA,VIP,Spice Rack,1,19.99
2025-12-23,WA,VIP,Sports Sneakers Off White Red,3,329.97
2025-12-23,WA,VIP,Glass,3,14.97
2025-12-23,CA,Returning,Apple MacBook Pro 14 Inch Space Grey,2,3999.98
2025-12-23,CA,Returning,Gucci Bloom Eau de,1,79.99
2025-12-23,GA,Returning,Fish Steak,3,44.97
2025-12-23,GA,Returning,House Showpiece Plant,1,39.99
2025-12-23,NY,VIP,Tray,1,16.99
2025-12-23,NY,VIP,Strawberry,1,3.99
2025-12-23,NY,VIP,Green Chili Pepper,3,2.97
2025-12-23,NY,VIP,Eggs,2,5.98
2025-12-24,WA,VIP,Family Tree Photo Frame,3,89.97
2025-12-24,FL,New,Chicken Meat,3,29.97
2025-12-24,FL,New,Bamboo Spatula,2,15.98
2025-12-24,FL,New,New DELL XPS 13 9300 Laptop,1,1499.99
2025-12-24,CA,Returning,Spice Rack,1,19.99
2025-12-24,CA,Returning,Rolex Cellini Moonphase,3,38999.97
2025-12-24,TX,New,Eyeshadow Palette with Mirror,3,59.97
2025-12-24,TX,New,Green Bell Pepper,1,1.29
2025-12-24,TX,New,Knoll Saarinen Executive Conference Chair,1,499.99
2025-12-24,IL,Returning,Black Whisk,1,9.99
2025-12-24,IL,Returning,Strawberry,2,7.98
2025-12-24,IL,Returning,Microwave Oven,3,269.97
2025-12-24,IL,Returning,Fine Mesh Strainer,3,29.97
2025-12-24,IL,Returning,Fish Steak,3,44.97
2025-12-24,IL,Returning,Rolex Cellini Moonphase,2,25999.98
2025-12-24,IL,VIP,Kiwi,3,7.47
2025-12-24,IL,VIP,Eggs,2,5.98
2025-12-24,IL,VIP,Wooden Bathroom Sink With Mirror,1,799.99
2025-12-24,FL,New,Kiwi,3,7.47
2025-12-24,FL,New,Powder Canister,2,29.98
2025-12-24,FL,New,Potatoes,2,4.58
2025-12-24,FL,New,Rice,2,11.98
2025-12-24,WA,Returning,Rolex Submariner Watch,1,13999.99
2025-12-24,WA,New,Spoon,1,4.99
2025-12-24,WA,New,Men Check Shirt,1,27.99
2025-12-24,WA,New,Red Tongs,3,20.97
2025-12-24,NY,VIP,Mug Tree Stand,3,47.97
2025-12-24,NY,VIP,Pan,3,74.97
2025-12-24,NY,VIP,Ice Cube Tray,1,5.99
2025-12-24,CA,VIP,Milk,1,3.49
2025-12-24,FL,Returning,Man Plaid Shirt,1,34.99
2025-12-24,TX,Returning,Chicken Meat,2,19.98
2025-12-24,TX,Returning,Chopping Board,2,25.98
2025-12-24,GA,VIP,Tray,2,33.98
2025-12-24,GA,VIP,Spoon,2,9.98
2025-12-24,GA,VIP,Knoll Saarinen Executive Conference Chair,2,999.98
2025-12-24,GA,VIP,Decoration Swing,2,119.98
2025-12-24,WA,Returning,Chopping Board,2,25.98
2025-12-24,WA,Returning,Calvin Klein CK One,1,49.99
2025-12-24,WA,Returning,Strawberry,1,3.99
2025-12-24,IL,VIP,Boxed Blender,1,39.99
2025-12-24,WA,New,Rolex Datejust,3,32999.97
2025-12-24,WA,New,Gucci Bloom Eau de,2,159.98
2025-12-24,WA,New,Rolex Cellini Date Black Dial,2,17999.98
2025-12-24,WA,New,Wooden Rolling Pin,3,35.97
2025-12-24,CA,VIP,Nike Air Jordan 1 Red And Black,1,149.99
2025-12-24,CA,VIP,Mulberry,3,14.97
2025-12-24,CA,VIP,Kitchen Sieve,2,15.98
2025-12-24,MO,New,Asus Zenbook Pro Dual Screen Laptop,1,1799.99
2025-12-24,MO,New,Amazon Echo Plus,1,99.99
2025-12-24,FL,New,Plant Pot,1,14.99
2025-12-24,FL,New,Milk,2,6.98
2025-12-24,FL,New,Mulberry,3,14.97
2025-12-24,FL,New,Mug Tree Stand,3,47.97
2025-12-24,WA,Returning,Water,2,1.98
2025-12-24,WA,Returning,Chicken Meat,3,29.97
2025-12-24,WA,Returning,Dog Food,3,32.97
2025-12-24,WA,Returning,Nike Air Jordan 1 Red And Black,2,299.98
2025-12-24,CA,Returning,New DELL XPS 13 9300 Laptop,3,4499.97
2025-12-24,CA,Returning,Dior J'adore,2,179.98
2025-12-24,TX,New,Soft Drinks,1,1.99
2025-12-24,TX,New,Citrus Squeezer Yellow,1,8.99
2025-12-24,IL,New,Rice,3,17.97
2025-12-24,IL,New,Cucumber,2,2.98
2025-12-24,IL,New,Bamboo Spatula,2,15.98
2025-12-24,TX,Returning,Boxed Blender,3,119.97
2025-12-24,TX,Returning,Men Check Shirt,3,83.97
2025-12-24,NY,VIP,Citrus Squeezer Yellow,2,17.98
2025-12-24,TX,New,Ice Cream,1,5.49
2025-12-24,FL,Returning,Rolex Cellini Date Black Dial,2,17999.98
2025-12-24,FL,Returning,Eyeshadow Palette with Mirror,2,39.98
2025-12-24,FL,Returning,Egg Slicer,2,13.98
2025-12-24,GA,New,Red Onions,2,3.98
2025-12-24,GA,New,Brown Leather Belt Watch,3,269.97
2025-12-25,TX,Returning,Cooking Oil,1,4.99
2025-12-25,TX,Returning,Table Lamp,2,99.98
2025-12-25,TX,Returning,Lemon,2,1.58
2025-12-25,TX,Returning,Sports Sneakers Off White Red,3,329.97
2025-12-25,GA,Returning,Apple,1,1.99
2025-12-25,GA,Returning,Annibale Colombo Sofa,2,4999.98
2025-12-25,GA,Returning,Nike Air Jordan 1 Red And Black,2,299.98
2025-12-25,WA,VIP,Green Chili Pepper,3,2.97
2025-12-25,WA,VIP,Man Plaid Shirt,1,34.99
2025-12-25,WA,VIP,Hand Blender,1,34.99
2025-12-25,WA,VIP,Pan,3,74.97
2025-12-25,TX,VIP,Nescafe Coffee,2,15.98
2025-12-25,TX,VIP,Honey Jar,1,6.99
2025-12-25,MO,VIP,Knife,1,14.99
2025-12-25,MO,VIP,Black Whisk,1,9.99
2025-12-25,MO,VIP,Fork,1,3.99
2025-12-25,FL,New,Dog Food,2,21.98
2025-12-25,MO,New,Men Check Shirt,1,27.99
2025-12-25,MO,New,Boxed Blender,1,39.99
2025-12-25,MO,New,Bedside Table African Cherry,3,899.97
2025-12-25,MO,New,Silver Pot With Glass Cap,2,79.98
2025-12-25,GA,VIP,New DELL XPS 13 9300 Laptop,1,1499.99
2025-12-25,GA,VIP,Kiwi,2,4.98
2025-12-25,WA,VIP,Egg Slicer,2,13.98
2025-12-25,WA,VIP,Green Chili Pepper,3,2.97
2025-12-25,MO,New,Black Whisk,2,19.98
2025-12-25,MO,New,Red Tongs,1,6.99
2025-12-25,IL,Returning,Lemon,3,2.37
2025-12-25,IL,New,Longines Master Collection,2,2999.98
2025-12-25,IL,New,Essence Mascara Lash Princess,2,19.98
2025-12-25,IL,New,Tray,1,16.99
2025-12-25,IL,New,Man Plaid Shirt,2,69.98
2025-12-25,IL,New,Fish Steak,3,44.97
2025-12-25,CA,VIP,Bedside Table African Cherry,2,599.98
2025-12-25,NY,New,Nike Baseball Cleats,1,79.99
2025-12-25,NY,New,Strawberry,1,3.99
2025-12-25,NY,New,Fine Mesh Strainer,2,19.98
2025-12-25,WA,New,Lenovo Yoga 920,3,3299.97
2025-12-25,WA,New,Blue & Black Check Shirt,3,89.97
2025-12-25,TX,New,Lemon,2,1.58
2025-12-25,TX,New,Black Aluminium Cup,3,17.97
2025-12-25,TX,New,Green Chili Pepper,2,1.98
2025-12-25,TX,New,Puma Future Rider Trainers,2,179.98
2025-12-25,IL,New,Longines Master Collection,3,4499.97
2025-12-25,FL,New,Tissue Paper Box,1,2.49
2025-12-25,FL,New,Essence Mascara Lash Princess,3,29.97
2025-12-25,FL,New,Eyeshadow Palette with Mirror,2,39.98
2025-12-25,FL,New,Gucci Bloom Eau de,2,159.98
2025-12-25,FL,New,Ice Cube Tray,3,17.97
2025-12-25,NY,VIP,Bamboo Spatula,3,23.97
2025-12-25,NY,VIP,Apple Airpods,3,389.97
2025-12-25,NY,VIP,Cooking Oil,2,9.98
2025-12-26,WA,Returning,Eggs,2,5.98
2025-12-26,WA,Returning,Rolex Datejust,1,10999.99
2025-12-26,WA,Returning,Apple Airpods,3,389.97
2025-12-26,GA,New,Table Lamp,2,99.98
2025-12-26,GA,New,Lunch Box,3,38.97
2025-12-26,IL,New,Asus Zenbook Pro Dual Screen Laptop,2,3599.98
2025-12-26,IL,New,Cooking Oil,3,14.97
2025-12-26,IL,New,Man Plaid Shirt,3,104.97
2025-12-26,IL,New,Juice,2,7.98
2025-12-26,WA,Returning,Microwave Oven,3,269.97
2025-12-26,WA,Returning,Plate,3,11.97
2025-12-26,WA,Returning,Decoration Swing,2,119.98
2025-12-26,WA,Returning,Rolex Cellini Date Black Dial,2,17999.98
2025-12-26,FL,Returning,Silver Pot With Glass Cap,2,79.98
2025-12-26,FL,Returning,Grater Black,2,21.98
2025-12-26,FL,Returning,Soft Drinks,3,5.97
2025-12-26,FL,Returning,Nike Baseball Cleats,2,159.98
2025-12-26,GA,Returning,Apple,2,3.98
2025-12-26,GA,Returning,Chopping Board,1,12.99
2025-12-26,MO,VIP,Red Nail Polish,1,8.99
2025-12-26,MO,VIP,Electric Stove,2,99.98
2025-12-26,MO,VIP,Tissue Paper Box,3,7.47
2025-12-26,MO,VIP,Beef Steak,1,12.99
2025-12-26,WA,VIP,Amazon Echo Plus,2,199.98
2025-12-26,WA,VIP,Juice,3,11.97
2025-12-26,WA,VIP,Dior J'adore,1,89.99
2025-12-26,IL,Returning,Cooking Oil,3,14.97
2025-12-26,IL,Returning,Sports Sneakers Off White Red,3,329.97
2025-12-26,IL,Returning,Apple Airpods,1,129.99
2025-12-26,FL,Returning,Citrus Squeezer Yellow,3,26.97
2025-12-26,NY,VIP,Gucci Bloom Eau de,1,79.99
2025-12-26,IL,New,Protein Powder,3,59.97
2025-12-26,IL,New,House Showpiece Plant,3,119.97
2025-12-26,IL,New,Tissue Paper Box,1,2.49
2025-12-26,IL,New,Man Plaid Shirt,2,69.98
2025-12-26,WA,Returning,Citrus Squeezer Yellow,1,8.99
2025-12-26,WA,Returning,Rolex Cellini Date Black Dial,3,26999.97
2025-12-26,WA,Returning,Glass,2,9.98
2025-12-26,FL,New,Black Aluminium Cup,1,5.99
2025-12-26,IL,New,Egg Slicer,1,6.99
2025-12-26,IL,New,Man Plaid Shirt,3,104.97
2025-12-26,CA,VIP,Slotted Turner,2,17.98
2025-12-26,CA,VIP,Ice Cube Tray,1,5.99
2025-12-26,CA,VIP,Green Bell Pepper,1,1.29
2025-12-26,CA,VIP,Essence Mascara Lash Princess,1,9.99
2025-12-26,TX,Returning,Man Short Sleeve Shirt,3,59.97
2025-12-26,TX,Returning,Apple,2,3.98
2025-12-26,TX,Returning,Sports Sneakers Off White & Red,3,359.97
2025-12-26,IL,VIP,Cat Food,2,17.98
2025-12-26,IL,VIP,Table Lamp,1,49.99
2025-12-26,IL,VIP,Green Bell Pepper,2,2.58
2025-12-26,IL,VIP,Pan,1,24.99
2025-12-26,FL,Returning,Lemon,2,1.58
2025-12-26,FL,Returning,Strawberry,3,11.97
2025-12-26,FL,Returning,Fish Steak,2,29.98
2025-12-26,FL,Returning,Microwave Oven,1,89.99
2025-12-26,NY,Returning,Lenovo Yoga 920,1,1099.99
2025-12-26,NY,Returning,House Showpiece Plant,2,79.98
2025-12-26,NY,Returning,Hand Blender,2,69.98
2025-12-26,GA,New,Knife,1,14.99
2025-12-26,GA,New,Calvin Klein CK One,2,99.98
2025-12-26,TX,New,Black Whisk,3,29.97
2025-12-26,TX,Returning,Knoll Saarinen Executive Conference Chair,3,1499.97
2025-12-26,TX,Returning,Eggs,3,8.97
2025-12-26,TX,Returning,Pan,2,49.98
2025-12-26,MO,Returning,Pan,3,74.97
2025-12-26,MO,Returning,Spice Rack,3,59.97
2025-12-26,IL,Returning,Amazon Echo Plus,3,299.97
2025-12-26,IL,Returning,Cucumber,1,1.49
2025-12-26,IL,Returning,Rice,3,17.97
2025-12-27,IL,Returning,House Showpiece Plant,2,79.98
2025-12-27,IL,Returning,Yellow Peeler,1,5.99
2025-12-27,IL,Returning,Essence Mascara Lash Princess,3,29.97
2025-12-27,IL,Returning,Hand Blender,2,69.98
2025-12-27,MO,VIP,Chopping Board,3,38.97
2025-12-27,GA,New,Red Lipstick,3,38.97
2025-12-27,GA,New,Longines Master Collection,1,1499.99
2025-12-27,CA,Returning,Annibale Colombo Bed,2,3799.98
2025-12-27,CA,Returning,Rolex Cellini Date Black Dial,3,26999.97
2025-12-27,FL,Returning,Nike Baseball Cleats,2,159.98
2025-12-27,FL,Returning,Black Aluminium Cup,2,11.98
2025-12-27,FL,Returning,Puma Future Rider Trainers,3,269.97
2025-12-27,FL,Returning,Carbon Steel Wok,3,89.97
2025-12-27,FL,Returning,Plate,3,11.97
2025-12-27,TX,Returning,Dolce Shine Eau de,2,139.98
2025-12-27,TX,New,Men Check Shirt,1,27.99
2025-12-27,TX,New,Potatoes,2,4.58
2025-12-27,WA,Returning,Boxed Blender,3,119.97
2025-12-27,WA,Returning,Annibale Colombo Sofa,1,2499.99
2025-12-27,WA,Returning,Table Lamp,1,49.99
2025-12-27,FL,New,Knife,1,14.99
2025-12-27,FL,New,Plant Pot,2,29.98
2025-12-27,FL,New,Puma Future Rider Trainers,2,179.98
2025-12-27,FL,New,House Showpiece Plant,1,39.99
2025-12-27,WA,Returning,Juice,1,3.99
2025-12-27,WA,New,New DELL XPS 13 9300 Laptop,1,1499.99
2025-12-27,WA,New,Annibale Colombo Sofa,2,4999.98
2025-12-27,WA,New,Carbon Steel Wok,1,29.99
2025-12-27,WA,New,Apple MacBook Pro 14 Inch Space Grey,3,5999.97
2025-12-27,WA,New,Plant Pot,3,44.97
2025-12-27,CA,Returning,Mug Tree Stand,2,31.98
2025-12-27,CA,Returning,Knoll Saarinen Executive Conference Chair,1,499.99
2025-12-27,CA,Returning,Apple Airpods,1,129.99
2025-12-27,CA,Returning,Potatoes,3,6.87
2025-12-27,WA,Returning,Honey Jar,1,6.99
2025-12-27,WA,Returning,Men Check Shirt,3,83.97
2025-12-27,WA,Returning,Calvin Klein CK One,1,49.99
2025-12-27,WA,Returning,Hand Blender,3,104.97
2025-12-27,IL,New,Beef Steak,2,25.98
2025-12-27,IL,New,Table Lamp,1,49.99
2025-12-27,IL,New,Asus Zenbook Pro Dual Screen Laptop,1,1799.99
2025-12-27,IL,New,Mulberry,2,9.98
2025-12-27,MO,VIP,Family Tree Photo Frame,2,59.98
2025-12-27,FL,VIP,Yellow Peeler,1,5.99
2025-12-27,NY,New,Apple,1,1.99
2025-12-27,NY,New,New DELL XPS 13 9300 Laptop,1,1499.99
2025-12-27,NY,New,Calvin Klein CK One,2,99.98
2025-12-27,NY,New,Black Whisk,2,19.98
2025-12-27,WA,VIP,Nescafe Coffee,3,23.97
2025-12-27,MO,VIP,Yellow Peeler,2,11.98
2025-12-27,MO,VIP,Electric Stove,1,49.99
2025-12-27,MO,VIP,Potatoes,3,6.87
2025-12-27,MO,VIP,Black Aluminium Cup,1,5.99
2025-12-27,WA,New,Grater Black,2,21.98
2025-12-27,WA,New,Nescafe Coffee,1,7.99
2025-12-27,CA,New,Black Aluminium Cup,3,17.97
2025-12-27,CA,New,Annibale Colombo Sofa,2,4999.98
2025-12-27,CA,New,Green Bell Pepper,2,2.58
2025-12-27,CA,New,Honey Jar,1,6.99
2025-12-27,CA,New,Gucci Bloom Eau de,1,79.99
2025-12-27,IL,Returning,Soft Drinks,2,3.98
2025-12-27,IL,Returning,Lunch Box,1,12.99
2025-12-27,IL,New,Glass,2,9.98
2025-12-27,IL,New,Hand Blender,3,104.97
2025-12-27,IL,New,Spice Rack,2,39.98
2025-12-27,IL,New,Electric Stove,1,49.99
2025-12-27,FL,VIP,Red Nail Polish,1,8.99
2025-12-27,FL,VIP,Chanel Coco Noir Eau De,3,389.97
2025-12-27,FL,VIP,Mug Tree Stand,2,31.98
2025-12-27,FL,VIP,Red Lipstick,2,25.98
2025-12-27,FL,Returning,Apple MacBook Pro 14 Inch Space Grey,3,5999.97
2025-12-27,FL,Returning,Pan,2,49.98
2025-12-27,FL,Returning,Glass,1,4.99
2025-12-27,FL,Returning,Wooden Bathroom Sink With Mirror,2,1599.98
2025-12-27,MO,VIP,Mug Tree Stand,1,15.99
2025-12-27,MO,VIP,Wooden Rolling Pin,3,35.97
2025-12-27,MO,VIP,Honey Jar,2,13.98
2025-12-27,MO,VIP,Rolex Datejust,3,32999.97
2025-12-27,GA,New,Black Whisk,1,9.99
2025-12-27,GA,VIP,Sports Sneakers Off White Red,2,219.98
2025-12-27,GA,VIP,Man Plaid Shirt,2,69.98
2025-12-27,MO,VIP,Brown Leather Belt Watch,2,179.98
2025-12-27,NY,Returning,Honey Jar,1,6.99
2025-12-27,NY,Returning,Nescafe Coffee,3,23.97
2025-12-27,NY,New,Cooking Oil,3,14.97
2025-12-27,TX,VIP,Bamboo Spatula,1,7.99
2025-12-27,TX,VIP,Black Whisk,3,29.97
2025-12-27,TX,VIP,Rice,1,5.99
2025-12-27,TX,VIP,Kitchen Sieve,1,7.99
2025-12-27,IL,VIP,House Showpiece Plant,3,119.97
2025-12-27,IL,VIP,Apple,3,5.97
2025-12-27,IL,VIP,Glass,3,14.97
2025-12-27,IL,New,Apple,1,1.99
2025-12-27,IL,New,Gigabyte Aorus Men Tshirt,2,49.98
2025-12-27,IL,New,Chicken Meat,2,19.98
2025-12-27,IL,New,Carbon Steel Wok,1,29.99
2025-12-27,GA,New,Family Tree Photo Frame,3,89.97
2025-12-27,CA,Returning,Knoll Saarinen Executive Conference Chair,1,499.99
2025-12-27,CA,Returning,Essence Mascara Lash Princess,1,9.99
2025-12-27,CA,Returning,Longines Master Collection,2,2999.98
2025-12-27,GA,Returning,Red Lipstick,2,25.98
2025-12-27,WA,Returning,Strawberry,3,11.97
2025-12-27,WA,Returning,Microwave Oven,1,89.99
2025-12-27,WA,VIP,Knoll Saarinen Executive Conference Chair,3,1499.97
2025-12-27,WA,VIP,Honey Jar,3,20.97
2025-12-27,WA,VIP,Bamboo Spatula,3,23.97
2025-12-27,GA,New,Nike Air Jordan 1 Red And Black,2,299.98
2025-12-27,GA,New,Cat Food,1,8.99
2025-12-27,GA,New,Apple MacBook Pro 14 Inch Space Grey,3,5999.97
2025-12-27,NY,VIP,Knife,2,29.98
2025-12-27,NY,VIP,Boxed Blender,1,39.99
2025-12-27,GA,VIP,Apple MacBook Pro 14 Inch Space Grey,1,1999.99
2025-12-27,GA,New,Man Plaid Shirt,1,34.99
2025-12-27,GA,New,Annibale Colombo Sofa,3,7499.97
2025-12-27,CA,New,Fine Mesh Strainer,2,19.98
2025-12-27,CA,New,Rolex Datejust,2,21999.98
2025-12-27,CA,New,Ice Cream,2,10.98
2025-12-27,CA,VIP,Cooking Oil,2,9.98
2025-12-27,CA,VIP,Chanel Coco Noir Eau De,3,389.97
2025-12-27,CA,VIP,Sports Sneakers Off White Red,1,109.99
2025-12-27,CA,VIP,Bamboo Spatula,1,7.99
2025-12-27,MO,New,Plate,3,11.97
2025-12-27,MO,New,Chicken Meat,2,19.98
2025-12-27,IL,New,Red Lipstick,1,12.99
2025-12-27,IL,New,Silver Pot With Glass Cap,2,79.98
2025-12-27,IL,New,Huawei Matebook X Pro,2,2799.98
2025-12-27,IL,New,Men Check Shirt,3,83.97
2025-12-27,IL,New,Kitchen Sieve,2,15.98
2025-12-27,IL,VIP,Fine Mesh Strainer,1,9.99
2025-12-27,IL,VIP,Eggs,1,2.99
2025-12-27,IL,VIP,Red Onions,3,5.97
2025-12-27,FL,New,Calvin Klein CK One,2,99.98
2025-12-27,FL,New,Boxed Blender,1,39.99
2025-12-27,NY,Returning,Man Plaid Shirt,1,34.99
2025-12-27,NY,Returning,Red Lipstick,2,25.98
2025-12-27,NY,Returning,Knoll Saarinen Executive Conference Chair,2,999.98
2025-12-27,NY,Returning,Mulberry,2,9.98
2025-12-27,TX,Returning,Calvin Klein CK One,3,149.97
2025-12-27,GA,New,Amazon Echo Plus,3,299.97
2025-12-27,GA,New,Apple,1,1.99
2025-12-27,NY,New,Cooking Oil,2,9.98
2025-12-27,MO,New,Nescafe Coffee,2,15.98
2025-12-27,MO,New,Honey Jar,1,6.99
2025-12-27,MO,New,Powder Canister,2,29.98
2025-12-27,FL,New,Black Whisk,3,29.97
2025-12-27,FL,New,Bamboo Spatula,3,23.97
2025-12-27,FL,New,Dog Food,2,21.98
2025-12-27,FL,New,Nike Air Jordan 1 Red And Black,2,299.98
2025-12-27,TX,VIP,Water,2,1.98
2025-12-27,NY,New,Grater Black,1,10.99
2025-12-27,NY,New,Nescafe Coffee,1,7.99
2025-12-27,TX,VIP,Green Chili Pepper,1,0.99
2025-12-27,TX,VIP,Annibale Colombo Sofa,3,7499.97
2025-12-27,TX,VIP,Gucci Bloom Eau de,3,239.97
2025-12-27,TX,VIP,Asus Zenbook Pro Dual Screen Laptop,1,1799.99
2025-12-27,FL,VIP,Dog Food,1,10.99
2025-12-27,FL,VIP,Gigabyte Aorus Men Tshirt,2,49.98
2025-12-27,MO,New,Dior J'adore,2,179.98
2025-12-27,FL,VIP,Green Bell Pepper,1,1.29
2025-12-27,FL,VIP,Gucci Bloom Eau de,2,159.98
2025-12-27,FL,VIP,Spoon,1,4.99
2025-12-27,FL,VIP,Table Lamp,2,99.98
2025-12-27,TX,VIP,Green Bell Pepper,1,1.29
2025-12-27,TX,VIP,Kitchen Sieve,3,23.97
2025-12-27,TX,VIP,Table Lamp,2,99.98
2025-12-27,TX,VIP,Honey Jar,3,20.97
2025-12-27,GA,Returning,Gucci Bloom Eau de,2,159.98
2025-12-27,GA,Returning,Cat Food,2,17.98
2025-12-27,GA,Returning,Water,3,2.97
2025-12-27,GA,Returning,Ice Cube Tray,1,5.99
2025-12-27,GA,Returning,Electric Stove,2,99.98
2025-12-27,MO,Returning,Kitchen Sieve,2,15.98
2025-12-27,TX,VIP,Honey Jar,1,6.99
2025-12-27,TX,VIP,Kiwi,2,4.98
2025-12-27,TX,VIP,House Showpiece Plant,2,79.98
2025-12-27,GA,VIP,Rice,1,5.99
2025-12-27,GA,VIP,Man Short Sleeve Shirt,2,39.98
2025-12-27,IL,New,Blue & Black Check Shirt,1,29.99
2025-12-27,IL,New,Tray,3,50.97
2025-12-27,IL,New,Longines Master Collection,3,4499.97
2025-12-27,IL,New,Red Lipstick,3,38.97
2025-12-27,MO,VIP,Boxed Blender,1,39.99
2025-12-27,MO,VIP,Apple Airpods,3,389.97
2025-12-27,CA,VIP,Honey Jar,2,13.98
2025-12-27,CA,VIP,Table Lamp,1,49.99
2025-12-27,CA,VIP,Sports Sneakers Off White Red,1,109.99
2025-12-27,NY,VIP,Spoon,3,14.97
2025-12-27,NY,VIP,Knife,2,29.98
2025-12-28,WA,New,Juice,2,7.98
2025-12-28,WA,New,House Showpiece Plant,2,79.98
2025-12-28,MO,New,Powder Canister,2,29.98
2025-12-28,MO,New,Gucci Bloom Eau de,1,79.99
2025-12-28,FL,New,Red Nail Polish,1,8.99
2025-12-28,FL,New,Chopping Board,3,38.97
2025-12-28,FL,New,Milk,2,6.98
2025-12-28,FL,VIP,Apple Airpods,1,129.99
2025-12-28,FL,VIP,Nescafe Coffee,1,7.99
2025-12-28,IL,Returning,Dog Food,3,32.97
2025-12-28,WA,Returning,Potatoes,1,2.29
2025-12-28,WA,Returning,Nike Air Jordan 1 Red And Black,1,149.99
2025-12-28,GA,Returning,Apple,3,5.97
2025-12-28,WA,VIP,Beef Steak,3,38.97
2025-12-28,WA,VIP,Red Onions,2,3.98
2025-12-28,TX,New,Electric Stove,1,49.99
2025-12-28,TX,New,Cat Food,3,26.97
2025-12-28,TX,New,Family Tree Photo Frame,3,89.97
2025-12-28,NY,Returning,Nescafe Coffee,3,23.97
2025-12-28,NY,Returning,Spice Rack,2,39.98
2025-12-28,NY,Returning,Protein Powder,2,39.98
2025-12-28,WA,New,Family Tree Photo Frame,1,29.99
2025-12-28,WA,New,Asus Zenbook Pro Dual Screen Laptop,2,3599.98
2025-12-28,WA,New,Cucumber,3,4.47
2025-12-28,WA,New,Knife,3,44.97
2025-12-28,FL,New,Pan,3,74.97
2025-12-28,FL,New,Wooden Bathroom Sink With Mirror,1,799.99
2025-12-28,FL,New,Plate,2,7.98
2025-12-28,FL,New,Cat Food,3,26.97
2025-12-28,MO,Returning,Calvin Klein CK One,3,149.97
2025-12-28,WA,VIP,Kiwi,2,4.98
2025-12-28,WA,VIP,Powder Canister,2,29.98
2025-12-28,WA,VIP,Tissue Paper Box,3,7.47
2025-12-28,IL,Returning,Red Onions,2,3.98
2025-12-28,IL,Returning,Brown Leather Belt Watch,1,89.99
2025-12-28,IL,Returning,Powder Canister,3,44.97
2025-12-28,IL,Returning,Grater Black,1,10.99
2025-12-28,FL,VIP,Mug Tree Stand,1,15.99
2025-12-28,FL,VIP,Huawei Matebook X Pro,3,4199.97
2025-12-28,IL,Returning,Asus Zenbook Pro Dual Screen Laptop,3,5399.97
2025-12-28,CA,VIP,Eyeshadow Palette with Mirror,2,39.98
2025-12-28,TX,VIP,Blue & Black Check Shirt,2,59.98
2025-12-28,TX,VIP,Table Lamp,3,149.97
2025-12-28,CA,VIP,Lemon,2,1.58
2025-12-28,CA,VIP,Essence Mascara Lash Princess,2,19.98
2025-12-28,IL,New,Sports Sneakers Off White & Red,1,119.99
2025-12-28,WA,Returning,Beef Steak,1,12.99
2025-12-28,WA,Returning,Spoon,3,14.97
2025-12-28,CA,Returning,Honey Jar,3,20.97
2025-12-28,CA,Returning,Glass,3,14.97
2025-12-28,CA,Returning,Rice,3,17.97
2025-12-28,FL,Returning,Dog Food,1,10.99
2025-12-28,FL,Returning,Soft Drinks,1,1.99
2025-12-28,FL,Returning,Black Whisk,2,19.98
2025-12-28,FL,Returning,Glass,2,9.98
2025-12-28,CA,Returning,Apple,2,3.98
2025-12-28,CA,Returning,Longines Master Collection,1,1499.99
2025-12-28,CA,Returning,Annibale Colombo Sofa,2,4999.98
2025-12-28,CA,Returning,Nescafe Coffee,3,23.97
2025-12-28,NY,Returning,Annibale Colombo Sofa,3,7499.97
2025-12-28,NY,Returning,Bamboo Spatula,2,15.98
2025-12-28,IL,New,Nike Air Jordan 1 Red And Black,2,299.98
2025-12-28,IL,New,Silver Pot With Glass Cap,1,39.99
2025-12-28,IL,New,Huawei Matebook X Pro,3,4199.97
2025-12-28,IL,New,Tray,1,16.99
2025-12-28,MO,Returning,Kitchen Sieve,2,15.98
2025-12-28,MO,Returning,Chicken Meat,3,29.97
2025-12-28,MO,New,Apple MacBook Pro 14 Inch Space Grey,3,5999.97
2025-12-28,MO,New,New DELL XPS 13 9300 Laptop,3,4499.97
2025-12-28,MO,New,Mug Tree Stand,2,31.98
2025-12-28,MO,New,Gigabyte Aorus Men Tshirt,3,74.97
2025-12-28,GA,New,Cucumber,1,1.49
2025-12-28,GA,New,Carbon Steel Wok,3,89.97
2025-12-28,GA,New,Brown Leather Belt Watch,3,269.97
2025-12-28,GA,New,Tissue Paper Box,3,7.47
2025-12-28,GA,New,Pan,1,24.99
2025-12-28,FL,VIP,Citrus Squeezer Yellow,1,8.99
2025-12-28,FL,VIP,Man Short Sleeve Shirt,1,19.99
2025-12-28,FL,VIP,Man Plaid Shirt,1,34.99
2025-12-28,FL,New,Microwave Oven,3,269.97
2025-12-28,GA,New,Protein Powder,1,19.99
2025-12-28,GA,New,Spoon,3,14.97
2025-12-28,GA,New,Nescafe Coffee,3,23.97
2025-12-28,FL,Returning,Puma Future Rider Trainers,3,269.97
2025-12-29,GA,New,Dior J'adore,3,269.97
2025-12-29,GA,New,Glass,2,9.98
2025-12-29,FL,VIP,Boxed Blender,2,79.98
2025-12-29,FL,VIP,Apple MacBook Pro 14 Inch Space Grey,1,1999.99
2025-12-29,NY,New,Amazon Echo Plus,1,99.99
2025-12-29,NY,New,Cat Food,1,8.99
2025-12-29,NY,New,Family Tree Photo Frame,2,59.98
2025-12-29,GA,New,Grater Black,3,32.97
2025-12-29,GA,New,Eggs,1,2.99
2025-12-29,NY,VIP,Fork,3,11.97
2025-12-29,NY,VIP,Sports Sneakers Off White Red,1,109.99
2025-12-29,GA,VIP,Brown Leather Belt Watch,1,89.99
2025-12-29,GA,VIP,Tissue Paper Box,3,7.47
2025-12-29,GA,VIP,Lenovo Yoga 920,3,3299.97
2025-12-29,GA,VIP,Plant Pot,2,29.98
2025-12-29,MO,VIP,Black Aluminium Cup,2,11.98
2025-12-29,MO,VIP,Chicken Meat,3,29.97
2025-12-29,MO,VIP,Red Tongs,3,20.97
2025-12-29,MO,VIP,Spoon,1,4.99
2025-12-29,GA,VIP,Rolex Cellini Date Black Dial,1,8999.99
2025-12-29,GA,VIP,Sports Sneakers Off White Red,3,329.97
2025-12-29,GA,VIP,Microwave Oven,1,89.99
2025-12-29,IL,Returning,Fork,2,7.98
2025-12-29,NY,VIP,Green Chili Pepper,2,1.98
2025-12-29,NY,VIP,Puma Future Rider Trainers,2,179.98
2025-12-29,NY,VIP,Rolex Cellini Date Black Dial,2,17999.98
2025-12-29,NY,New,Nike Baseball Cleats,2,159.98
2025-12-29,TX,VIP,Water,2,1.98
2025-12-29,IL,VIP,Egg Slicer,1,6.99
2025-12-29,IL,VIP,Apple,1,1.99
2025-12-29,IL,VIP,Sports Sneakers Off White Red,2,219.98
2025-12-29,MO,New,Silver Pot With Glass Cap,2,79.98
2025-12-29,MO,New,Cat Food,2,17.98
2025-12-29,MO,New,Red Onions,2,3.98
2025-12-29,FL,New,Essence Mascara Lash Princess,3,29.97
2025-12-29,FL,New,Man Plaid Shirt,3,104.97
2025-12-29,MO,New,Table Lamp,1,49.99
2025-12-29,MO,New,Chanel Coco Noir Eau De,2,259.98
2025-12-29,CA,Returning,Mulberry,2,9.98
2025-12-29,CA,New,Knife,3,44.97
2025-12-29,CA,New,Men Check Shirt,2,55.98
2025-12-29,CA,New,Green Bell Pepper,1,1.29
2025-12-29,CA,New,Glass,3,14.97
2025-12-29,CA,Returning,Lemon,3,2.37
2025-12-29,CA,Returning,Pan,1,24.99
2025-12-29,CA,Returning,Hand Blender,3,104.97
2025-12-29,WA,VIP,Carbon Steel Wok,1,29.99
2025-12-29,WA,New,Cat Food,3,26.97
2025-12-29,WA,New,Kiwi,1,2.49
2025-12-29,CA,Returning,Hand Blender,2,69.98
2025-12-29,CA,Returning,New DELL XPS 13 9300 Laptop,3,4499.97
2025-12-29,NY,New,Beef Steak,1,12.99
2025-12-29,NY,New,Asus Zenbook Pro Dual Screen Laptop,1,1799.99
2025-12-29,MO,New,Man Short Sleeve Shirt,3,59.97
2025-12-29,MO,New,New DELL XPS 13 9300 Laptop,3,4499.97
2025-12-29,MO,New,Wooden Rolling Pin,2,23.98
2025-12-29,FL,Returning,Men Check Shirt,3,83.97
2025-12-29,FL,Returning,Apple Airpods,1,129.99
2025-12-29,FL,Returning,New DELL XPS 13 9300 Laptop,1,1499.99
2025-12-29,TX,VIP,Essence Mascara Lash Princess,1,9.99
2025-12-29,TX,VIP,Nescafe Coffee,2,15.98
2025-12-29,TX,VIP,Rolex Datejust,2,21999.98
2025-12-29,TX,VIP,Potatoes,2,4.58
2025-12-29,CA,Returning,Lunch Box,1,12.99
2025-12-29,CA,Returning,Essence Mascara Lash Princess,2,19.98
2025-12-29,IL,Returning,Lenovo Yoga 920,1,1099.99
2025-12-29,IL,Returning,Calvin Klein CK One,2,99.98
2025-12-29,IL,Returning,Man Plaid Shirt,2,69.98
2025-12-29,IL,Returning,Fish Steak,2,29.98
2025-12-29,IL,VIP,Plate,2,7.98
2025-12-29,IL,VIP,Juice,3,11.97
2025-12-29,IL,VIP,Boxed Blender,2,79.98
2025-12-29,FL,VIP,Kiwi,2,4.98
2025-12-29,WA,Returning,Lunch Box,2,25.98
2025-12-29,WA,Returning,Annibale Colombo Sofa,1,2499.99
2025-12-29,TX,Returning,Table Lamp,2,99.98
2025-12-29,TX,Returning,Brown Leather Belt Watch,3,269.97
2025-12-29,TX,Returning,New DELL XPS 13 9300 Laptop,2,2999.98
2025-12-29,MO,New,Lenovo Yoga 920,2,2199.98
2025-12-29,MO,New,Beef Steak,1,12.99
2025-12-29,MO,New,Gigabyte Aorus Men Tshirt,2,49.98
2025-12-29,MO,New,Egg Slicer,2,13.98
2025-12-29,GA,New,Chopping Board,2,25.98
2025-12-29,GA,New,Black Whisk,1,9.99
2025-12-29,GA,New,Eggs,2,5.98
2025-12-29,FL,New,Fish Steak,1,14.99
2025-12-29,FL,New,Lenovo Yoga 920,1,1099.99
2025-12-29,FL,New,Nike Air Jordan 1 Red And Black,1,149.99
2025-12-29,FL,New,Fork,3,11.97
2025-12-29,GA,New,Spice Rack,2,39.98
2025-12-29,GA,New,Brown Leather Belt Watch,1,89.99
2025-12-29,GA,New,Knife,3,44.97
2025-12-29,CA,VIP,Apple Airpods,1,129.99
2025-12-29,CA,VIP,Green Bell Pepper,3,3.87
2025-12-29,MO,New,Mulberry,3,14.97
2025-12-29,MO,New,Carbon Steel Wok,2,59.98
2025-12-29,MO,New,Honey Jar,3,20.97
2025-12-29,MO,New,Spice Rack,2,39.98
2025-12-29,TX,Returning,Brown Leather Belt Watch,2,179.98
2025-12-29,MO,VIP,Green Chili Pepper,2,1.98
2025-12-29,MO,VIP,Bamboo Spatula,1,7.99
2025-12-29,MO,VIP,Spoon,1,4.99
2025-12-29,NY,Returning,Dolce Shine Eau de,3,209.97
2025-12-29,GA,New,Citrus Squeezer Yellow,3,26.97
2025-12-29,GA,New,Cat Food,3,26.97
2025-12-29,GA,New,Knoll Saarinen Executive Conference Chair,3,1499.97
2025-12-29,GA,New,Black Whisk,1,9.99
2025-12-30,TX,Returning,Men Check Shirt,1,27.99
2025-12-30,TX,Returning,Glass,2,9.98
2025-12-30,CA,VIP,Tray,2,33.98
2025-12-30,CA,Returning,Bedside Table African Cherry,1,299.99
2025-12-30,WA,VIP,Grater Black,1,10.99
2025-12-30,WA,VIP,Cucumber,2,2.98
2025-12-30,CA,VIP,Electric Stove,2,99.98
2025-12-30,CA,VIP,Annibale Colombo Sofa,1,2499.99
2025-12-30,CA,VIP,Fork,1,3.99
2025-12-30,TX,Returning,Wooden Rolling Pin,1,11.99
2025-12-30,TX,Returning,Powder Canister,1,14.99
2025-12-30,CA,VIP,Apple Airpods,3,389.97
2025-12-30,GA,New,Eggs,3,8.97
2025-12-30,GA,New,Nike Air Jordan 1 Red And Black,2,299.98
2025-12-30,GA,New,Green Chili Pepper,2,1.98
2025-12-30,GA,VIP,Sports Sneakers Off White Red,2,219.98
2025-12-30,GA,VIP,Mulberry,3,14.97
2025-12-30,GA,VIP,Essence Mascara Lash Princess,3,29.97
2025-12-30,NY,Returning,Plate,3,11.97
2025-12-30,GA,VIP,Strawberry,1,3.99
2025-12-30,GA,VIP,Decoration Swing,1,59.99
2025-12-30,GA,VIP,Electric Stove,3,149.97
2025-12-30,GA,New,Spoon,1,4.99
2025-12-30,GA,New,Hand Blender,2,69.98
2025-12-30,GA,New,Chicken Meat,1,9.99
2025-12-30,MO,Returning,Apple,2,3.98
2025-12-30,GA,New,New DELL XPS 13 9300 Laptop,1,1499.99
2025-12-30,GA,New,Lenovo Yoga 920,2,2199.98
2025-12-30,GA,New,Dolce Shine Eau de,2,139.98
2025-12-30,GA,New,Men Check Shirt,1,27.99
2025-12-30,CA,New,Bamboo Spatula,1,7.99
2025-12-30,CA,New,Soft Drinks,1,1.99
2025-12-30,FL,New,Dolce Shine Eau de,1,69.99
2025-12-30,FL,New,Lemon,1,0.79
2025-12-30,FL,New,Huawei Matebook X Pro,1,1399.99
2025-12-30,FL,New,Amazon Echo Plus,1,99.99
2025-12-30,NY,Returning,Eyeshadow Palette with Mirror,2,39.98
2025-12-30,NY,Returning,Pan,3,74.97
2025-12-30,NY,Returning,Apple,2,3.98
2025-12-30,GA,New,Apple Airpods,1,129.99
2025-12-30,GA,New,Microwave Oven,1,89.99
2025-12-30,GA,New,Yellow Peeler,1,5.99
2025-12-30,GA,New,Fine Mesh Strainer,1,9.99
2025-12-30,NY,VIP,Wooden Rolling Pin,3,35.97
2025-12-30,MO,New,Rice,2,11.98
2025-12-30,MO,New,Knife,1,14.99
2025-12-30,MO,New,Apple MacBook Pro 14 Inch Space Grey,3,5999.97
2025-12-30,MO,New,Juice,3,11.97
2025-12-30,GA,New,Table Lamp,2,99.98
2025-12-30,GA,New,Amazon Echo Plus,2,199.98
2025-12-30,GA,New,Rolex Cellini Date Black Dial,2,17999.98
2025-12-30,IL,VIP,Longines Master Collection,1,1499.99
2025-12-30,NY,VIP,Red Tongs,3,20.97
2025-12-30,TX,Returning,Dog Food,2,21.98
2025-12-30,TX,Returning,Black Aluminium Cup,2,11.98
2025-12-30,FL,New,Black Aluminium Cup,2,11.98
2025-12-30,FL,New,Nike Air Jordan 1 Red And Black,3,449.97
2025-12-30,FL,New,Apple Airpods,1,129.99
2025-12-30,FL,New,Black Whisk,2,19.98
2025-12-30,FL,VIP,Green Chili Pepper,3,2.97
2025-12-30,MO,New,Amazon Echo Plus,3,299.97
2025-12-30,MO,New,House Showpiece Plant,1,39.99
2025-12-30,MO,New,Ice Cream,1,5.49
2025-12-30,FL,VIP,Beef Steak,1,12.99
2025-12-30,FL,VIP,Nike Air Jordan 1 Red And Black,2,299.98
2025-12-30,FL,VIP,Cat Food,2,17.98
2025-12-30,FL,VIP,Amazon Echo Plus,3,299.97
2025-12-30,FL,Returning,Chanel Coco Noir Eau De,1,129.99
2025-12-30,FL,Returning,Apple Airpods,2,259.98
2025-12-30,NY,Returning,Strawberry,1,3.99
2025-12-30,NY,Returning,Fork,3,11.97
2025-12-30,NY,Returning,Asus Zenbook Pro Dual Screen Laptop,3,5399.97
2025-12-30,NY,Returning,Apple,3,5.97
2025-12-30,GA,Returning,Blue & Black Check Shirt,2,59.98
2025-12-30,FL,Returning,Hand Blender,1,34.99
2025-12-30,FL,Returning,Mug Tree Stand,2,31.98
2025-12-30,FL,Returning,Dog Food,3,32.97
2025-12-30,FL,Returning,Carbon Steel Wok,3,89.97
2025-12-30,IL,New,Cat Food,2,17.98
2025-12-30,IL,New,Wooden Rolling Pin,1,11.99
2025-12-30,IL,New,Chopping Board,1,12.99
2025-12-30,WA,Returning,Bamboo Spatula,1,7.99
2025-12-30,WA,Returning,Fork,2,7.98
2025-12-30,WA,Returning,Protein Powder,2,39.98
2025-12-30,IL,VIP,Rolex Cellini Moonphase,1,12999.99
2025-12-30,MO,New,Cat Food,2,17.98
2025-12-30,MO,New,Table Lamp,2,99.98
2025-12-30,MO,New,Beef Steak,2,25.98
2025-12-30,MO,New,Dolce Shine Eau de,2,139.98
2025-12-30,MO,New,Wooden Rolling Pin,1,11.99
2025-12-30,MO,New,Lunch Box,2,25.98
2025-12-30,IL,VIP,Fine Mesh Strainer,3,29.97
2025-12-30,IL,VIP,Protein Powder,2,39.98
2025-12-30,IL,VIP,Rolex Cellini Moonphase,1,12999.99
2025-12-30,IL,VIP,Apple Airpods,3,389.97
2025-12-30,TX,Returning,Brown Leather Belt Watch,1,89.99
2025-12-30,TX,Returning,Dior J'adore,1,89.99
2025-12-30,TX,Returning,Dog Food,2,21.98
2025-12-30,TX,Returning,Microwave Oven,3,269.97
2025-12-30,GA,New,Mug Tree Stand,2,31.98
2025-12-30,GA,New,Silver Pot With Glass Cap,1,39.99
2025-12-30,GA,New,Red Onions,2,3.98
2025-12-30,MO,New,Red Tongs,2,13.98
2025-12-30,WA,New,Sports Sneakers Off White & Red,1,119.99
2025-12-30,WA,New,Black Whisk,1,9.99
2025-12-30,TX,New,Blue & Black Check Shirt,2,59.98
2025-12-30,WA,New,Fine Mesh Strainer,1,9.99
2025-12-30,CA,Returning,New DELL XPS 13 9300 Laptop,1,1499.99
2025-12-30,CA,Returning,Milk,1,3.49
2025-12-30,CA,Returning,Chanel Coco Noir Eau De,2,259.98
2025-12-30,NY,VIP,Fish Steak,3,44.97
2025-12-30,NY,VIP,Table Lamp,1,49.99
2025-12-30,NY,VIP,Family Tree Photo Frame,1,29.99
2025-12-30,FL,VIP,Wooden Rolling Pin,2,23.98
2025-12-30,FL,VIP,Apple MacBook Pro 14 Inch Space Grey,3,5999.97
2025-12-31,NY,Returning,Decoration Swing,1,59.99
2025-12-31,WA,VIP,Rolex Datejust,3,32999.97
2025-12-31,WA,VIP,Man Plaid Shirt,1,34.99
2025-12-31,WA,VIP,Juice,1,3.99
2025-12-31,WA,VIP,Gigabyte Aorus Men Tshirt,2,49.98
2025-12-31,WA,Returning,Sports Sneakers Off White & Red,1,119.99
2025-12-31,WA,Returning,Fork,2,7.98
2025-12-31,GA,New,Bamboo Spatula,2,15.98
2025-12-31,IL,New,Red Tongs,2,13.98
2025-12-31,IL,Returning,Silver Pot With Glass Cap,1,39.99
2025-12-31,IL,Returning,Family Tree Photo Frame,3,89.97
2025-12-31,IL,Returning,Apple MacBook Pro 14 Inch Space Grey,2,3999.98
2025-12-31,FL,New,Ice Cream,3,16.47
2025-12-31,FL,New,Bamboo Spatula,3,23.97
2025-12-31,GA,New,Cooking Oil,2,9.98
2025-12-31,GA,New,Knife,3,44.97
2025-12-31,GA,New,Blue & Black Check Shirt,1,29.99
2025-12-31,CA,Returning,Juice,1,3.99
2025-12-31,CA,Returning,Cat Food,1,8.99
2025-12-31,MO,VIP,House Showpiece Plant,1,39.99
2025-12-31,MO,VIP,Honey Jar,3,20.97
2025-12-31,MO,VIP,Powder Canister,2,29.98
2025-12-31,MO,VIP,Carbon Steel Wok,1,29.99
2025-12-31,GA,Returning,Rolex Submariner Watch,3,41999.97
2025-12-31,GA,Returning,Electric Stove,3,149.97
2025-12-31,WA,New,Huawei Matebook X Pro,1,1399.99
2025-12-31,WA,New,Man Short Sleeve Shirt,2,39.98
2025-12-31,WA,New,Dog Food,2,21.98
2025-12-31,FL,Returning,Protein Powder,1,19.99
2025-12-31,FL,Returning,Boxed Blender,2,79.98
2025-12-31,FL,Returning,Lunch Box,3,38.97
2025-12-31,FL,Returning,Pan,1,24.99
2025-12-31,NY,VIP,Rice,3,17.97
2025-12-31,NY,VIP,Chanel Coco Noir Eau De,1,129.99
2025-12-31,NY,VIP,Longines Master Collection,1,1499.99
2025-12-31,NY,VIP,Eyeshadow Palette with Mirror,1,19.99
2025-12-31,IL,New,Red Tongs,3,20.97
2025-12-31,IL,New,Water,3,2.97
2025-12-31,IL,New,Sports Sneakers Off White & Red,1,119.99
2025-12-31,MO,New,Spoon,1,4.99
2025-12-31,MO,New,Fork,2,7.98
2025-12-31,TX,New,Yellow Peeler,1,5.99
2025-12-31,GA,New,Cat Food,2,17.98
2025-12-31,GA,New,Hand Blender,3,104.97
2025-12-31,GA,New,Rolex Submariner Watch,2,27999.98
2025-12-31,GA,New,Table Lamp,2,99.98
2025-12-31,IL,New,Mug Tree Stand,1,15.99
2025-12-31,IL,New,Slotted Turner,1,8.99
2025-12-31,FL,New,Man Plaid Shirt,1,34.99
2025-12-31,FL,New,Lunch Box,3,38.97
2025-12-31,FL,New,Rice,2,11.98
2025-12-31,FL,New,Pan,3,74.97
2025-12-31,NY,VIP,Family Tree Photo Frame,1,29.99
2025-12-31,NY,VIP,Apple Airpods,3,389.97
2025-12-31,NY,VIP,Soft Drinks,1,1.99
2025-12-31,FL,VIP,Apple MacBook Pro 14 Inch Space Grey,2,3999.98
2025-12-31,FL,VIP,Sports Sneakers Off White Red,1,109.99
2025-12-31,FL,VIP,Blue & Black Check Shirt,3,89.97
2025-12-31,NY,VIP,Glass,2,9.98
2025-12-31,NY,VIP,Red Onions,1,1.99
2025-12-31,NY,VIP,Spoon,3,14.97
2025-12-31,NY,VIP,Nike Air Jordan 1 Red And Black,3,449.97
2025-12-31,MO,New,Microwave Oven,3,269.97
2025-12-31,MO,New,Annibale Colombo Sofa,2,4999.98
2025-12-31,MO,New,Nike Air Jordan 1 Red And Black,3,449.97
2025-12-31,MO,New,Dolce Shine Eau de,2,139.98
2025-12-31,NY,New,Man Short Sleeve Shirt,3,59.97
2025-12-31,NY,New,Soft Drinks,2,3.98
2025-12-31,NY,Returning,Silver Pot With Glass Cap,2,79.98
2025-12-31,NY,Returning,Family Tree Photo Frame,3,89.97
2025-12-31,NY,Returning,Annibale Colombo Bed,2,3799.98
2025-12-31,NY,Returning,Eyeshadow Palette with Mirror,3,59.97
2025-12-31,NY,Returning,Dior J'adore,1,89.99
2025-12-31,NY,Returning,Soft Drinks,1,1.99
2025-12-31,IL,New,Annibale Colombo Bed,1,1899.99
2025-12-31,IL,New,Mug Tree Stand,2,31.98
2025-12-31,IL,New,Yellow Peeler,2,11.98
2025-12-31,IL,New,Glass,1,4.99
2025-12-31,FL,New,Sports Sneakers Off White & Red,1,119.99
2025-12-31,CA,Returning,Bamboo Spatula,1,7.99
2025-12-31,CA,Returning,Calvin Klein CK One,3,149.97
2025-12-31,IL,VIP,Hand Blender,1,34.99
2025-12-31,FL,VIP,Chanel Coco Noir Eau De,2,259.98
2025-12-31,FL,VIP,Rolex Datejust,3,32999.97
2025-12-31,FL,VIP,Electric Stove,3,149.97
2025-12-31,FL,Returning,Honey Jar,3,20.97
2025-12-31,FL,Returning,Pan,3,74.97
2025-12-31,NY,VIP,Ice Cube Tray,2,11.98
2025-12-31,NY,VIP,Brown Leather Belt Watch,1,89.99
2025-12-31,FL,VIP,Cucumber,3,4.47
2025-12-31,FL,VIP,Plate,3,11.97
2025-12-31,CA,Returning,Chanel Coco Noir Eau De,3,389.97
2025-12-31,CA,Returning,Mulberry,1,4.99
2025-12-31,CA,Returning,House Showpiece Plant,1,39.99
2025-12-31,IL,New,Ice Cube Tray,1,5.99
2025-12-31,IL,New,Tray,3,50.97
2025-12-31,IL,New,Nike Baseball Cleats,3,239.97
2025-12-31,NY,New,Spice Rack,1,19.99
2025-12-31,NY,New,Honey Jar,2,13.98
2025-12-31,NY,New,New DELL XPS 13 9300 Laptop,2,2999.98
2025-12-31,CA,VIP,Strawberry,3,11.97
2025-12-31,CA,VIP,Egg Slicer,1,6.99
2025-12-31,CA,VIP,Rice,3,17.97
2025-12-31,CA,VIP,Grater Black,1,10.99
2026-01-01,TX,New,Lemon,1,0.79
2026-01-01,TX,New,Protein Powder,1,19.99
2026-01-01,TX,New,Knife,2,29.98
2026-01-01,CA,New,Bamboo Spatula,2,15.98
2026-01-01,CA,New,Asus Zenbook Pro Dual Screen Laptop,1,1799.99
2026-01-01,CA,New,Plant Pot,3,44.97
2026-01-01,WA,Returning,Microwave Oven,2,179.98
2026-01-01,MO,VIP,Lenovo Yoga 920,2,2199.98
2026-01-01,GA,New,Fork,1,3.99
2026-01-01,GA,New,Eyeshadow Palette with Mirror,2,39.98
2026-01-01,GA,New,Essence Mascara Lash Princess,3,29.97
2026-01-01,NY,New,Cooking Oil,3,14.97
2026-01-01,NY,New,Rolex Cellini Moonphase,3,38999.97
2026-01-01,IL,Returning,Nike Baseball Cleats,2,159.98
2026-01-01,IL,Returning,Microwave Oven,1,89.99
2026-01-01,CA,Returning,Chicken Meat,2,19.98
2026-01-01,CA,Returning,Puma Future Rider Trainers,2,179.98
2026-01-01,CA,Returning,Eggs,3,8.97
2026-01-01,CA,Returning,Brown Leather Belt Watch,1,89.99
2026-01-01,CA,Returning,Family Tree Photo Frame,3,89.97
2026-01-01,CA,New,Red Tongs,2,13.98
2026-01-01,CA,New,Mug Tree Stand,1,15.99
2026-01-01,CA,New,Nescafe Coffee,2,15.98
2026-01-01,CA,New,Milk,3,10.47
2026-01-01,MO,Returning,Sports Sneakers Off White Red,1,109.99
2026-01-01,MO,Returning,House Showpiece Plant,1,39.99
2026-01-01,MO,Returning,Chopping Board,3,38.97
2026-01-01,MO,Returning,Bedside Table African Cherry,2,599.98
2026-01-01,WA,Returning,Protein Powder,2,39.98
2026-01-01,WA,Returning,Rolex Submariner Watch,1,13999.99
2026-01-01,WA,Returning,Knife,2,29.98
2026-01-01,TX,Returning,Rolex Submariner Watch,1,13999.99
2026-01-01,TX,Returning,Protein Powder,1,19.99
2026-01-01,MO,Returning,Sports Sneakers Off White Red,3,329.97
2026-01-01,CA,VIP,Annibale Colombo Sofa,2,4999.98
2026-01-01,NY,VIP,Dior J'adore,3,269.97
2026-01-01,NY,VIP,Calvin Klein CK One,3,149.97
2026-01-01,NY,VIP,Ice Cream,1,5.49
2026-01-01,NY,VIP,Water,3,2.97
2026-01-01,IL,VIP,Annibale Colombo Sofa,3,7499.97
2026-01-01,IL,VIP,Potatoes,3,6.87
2026-01-01,IL,VIP,Carbon Steel Wok,2,59.98
2026-01-01,IL,VIP,Man Plaid Shirt,3,104.97
2026-01-01,TX,Returning,Bamboo Spatula,2,15.98
2026-01-01,TX,Returning,Eyeshadow Palette with Mirror,3,59.97
2026-01-01,FL,New,Man Short Sleeve Shirt,1,19.99
2026-01-01,FL,New,Annibale Colombo Sofa,2,4999.98
2026-01-01,FL,New,Lunch Box,2,25.98
2026-01-01,FL,New,Plant Pot,3,44.97
2026-01-01,WA,New,Spice Rack,3,59.97
2026-01-01,WA,New,Apple,2,3.98
2026-01-01,MO,New,Silver Pot With Glass Cap,2,79.98
2026-01-01,MO,New,Apple,1,1.99
2026-01-01,MO,New,Rolex Submariner Watch,2,27999.98
2026-01-02,NY,New,Fine Mesh Strainer,1,9.99
2026-01-02,NY,New,Powder Canister,2,29.98
2026-01-02,NY,New,Calvin Klein CK One,1,49.99
2026-01-02,NY,New,Milk,1,3.49
2026-01-02,TX,Returning,Strawberry,1,3.99
2026-01-02,TX,Returning,Man Plaid Shirt,2,69.98
2026-01-02,TX,Returning,Annibale Colombo Bed,2,3799.98
2026-01-02,TX,Returning,New DELL XPS 13 9300 Laptop,2,2999.98
2026-01-02,MO,Returning,Tissue Paper Box,3,7.47
2026-01-02,MO,Returning,Carbon Steel Wok,3,89.97
2026-01-02,MO,Returning,Green Bell Pepper,1,1.29
2026-01-02,FL,VIP,Green Bell Pepper,2,2.58
2026-01-02,FL,VIP,Grater Black,3,32.97
2026-01-02,GA,VIP,Bamboo Spatula,2,15.98
2026-01-02,GA,VIP,Plant Pot,2,29.98
2026-01-02,MO,Returning,Rolex Submariner Watch,2,27999.98
2026-01-02,MO,Returning,Essence Mascara Lash Princess,1,9.99
2026-01-02,MO,Returning,Spice Rack,2,39.98
2026-01-02,MO,Returning,Dog Food,2,21.98
2026-01-02,FL,Returning,Nike Baseball Cleats,2,159.98
2026-01-02,IL,Returning,Knife,3,44.97
2026-01-02,CA,New,Ice Cream,2,10.98
2026-01-02,CA,New,Plant Pot,2,29.98
2026-01-02,CA,New,Rolex Cellini Date Black Dial,2,17999.98
2026-01-02,CA,New,Yellow Peeler,2,11.98
2026-01-02,MO,Returning,Beef Steak,1,12.99
2026-01-02,MO,Returning,Chicken Meat,2,19.98
2026-01-02,MO,Returning,Calvin Klein CK One,3,149.97
2026-01-02,MO,New,Rolex Cellini Date Black Dial,1,8999.99
2026-01-02,MO,New,Plant Pot,3,44.97
2026-01-02,MO,New,Wooden Bathroom Sink With Mirror,1,799.99
2026-01-02,TX,New,Rolex Datejust,1,10999.99
2026-01-02,TX,New,Pan,1,24.99
2026-01-02,TX,New,Green Bell Pepper,2,2.58
2026-01-02,FL,VIP,Men Check Shirt,1,27.99
2026-01-02,FL,VIP,Apple MacBook Pro 14 Inch Space Grey,1,1999.99
2026-01-02,FL,VIP,Mug Tree Stand,2,31.98
2026-01-02,FL,Returning,Red Tongs,2,13.98
2026-01-02,FL,Returning,Strawberry,1,3.99
2026-01-02,TX,Returning,Kitchen Sieve,1,7.99
2026-01-02,TX,Returning,Citrus Squeezer Yellow,3,26.97
2026-01-02,TX,Returning,Chopping Board,2,25.98
2026-01-02,MO,Returning,Asus Zenbook Pro Dual Screen Laptop,1,1799.99
2026-01-02,WA,VIP,Plate,3,11.97
2026-01-02,WA,VIP,Dog Food,2,21.98
2026-01-02,WA,VIP,Fork,3,11.97
2026-01-02,WA,VIP,Egg Slicer,3,20.97
2026-01-02,FL,Returning,Family Tree Photo Frame,1,29.99
2026-01-02,FL,Returning,Dog Food,2,21.98
2026-01-02,FL,Returning,Lenovo Yoga 920,1,1099.99
2026-01-02,FL,Returning,Strawberry,1,3.99
2026-01-02,TX,VIP,Men Check Shirt,2,55.98
2026-01-02,TX,VIP,Tray,1,16.99
2026-01-02,TX,VIP,Spice Rack,1,19.99
2026-01-02,TX,VIP,Rolex Datejust,1,10999.99
2026-01-02,NY,New,Potatoes,2,4.58
2026-01-02,NY,New,Juice,2,7.98
2026-01-02,NY,New,Kitchen Sieve,3,23.97
2026-01-02,NY,New,Glass,1,4.99
2026-01-02,GA,VIP,Red Lipstick,3,38.97
2026-01-02,WA,VIP,Sports Sneakers Off White & Red,2,239.98
2026-01-02,WA,VIP,Red Lipstick,2,25.98
2026-01-02,WA,VIP,Sports Sneakers Off White Red,1,109.99
2026-01-02,WA,VIP,Brown Leather Belt Watch,3,269.97
2026-01-02,MO,Returning,Dolce Shine Eau de,2,139.98
2026-01-02,MO,Returning,Man Short Sleeve Shirt,3,59.97
2026-01-02,MO,Returning,Spice Rack,2,39.98
2026-01-02,MO,Returning,Tissue Paper Box,3,7.47
2026-01-02,IL,Returning,Electric Stove,3,149.97
2026-01-02,IL,Returning,Nike Air Jordan 1 Red And Black,2,299.98
2026-01-02,IL,Returning,Bedside Table African Cherry,3,899.97
2026-01-02,WA,Returning,Fork,2,7.98
2026-01-02,WA,Returning,Sports Sneakers Off White & Red,2,239.98
2026-01-02,WA,Returning,Cooking Oil,1,4.99
2026-01-02,WA,Returning,Rice,3,17.97
2026-01-02,WA,Returning,Ice Cream,3,16.47
2026-01-02,NY,VIP,Honey Jar,3,20.97
2026-01-02,NY,VIP,Green Chili Pepper,2,1.98
2026-01-02,NY,VIP,Hand Blender,3,104.97
2026-01-02,MO,New,Black Whisk,2,19.98
2026-01-02,MO,New,Annibale Colombo Sofa,2,4999.98
2026-01-02,MO,New,Eggs,1,2.99
2026-01-02,GA,New,Knife,1,14.99
2026-01-02,GA,New,Blue & Black Check Shirt,1,29.99
2026-01-02,GA,New,Rolex Submariner Watch,3,41999.97
2026-01-02,FL,New,Bamboo Spatula,2,15.98
2026-01-02,FL,New,Green Bell Pepper,1,1.29
2026-01-02,FL,New,Annibale Colombo Bed,3,5699.97
2026-01-02,MO,New,Egg Slicer,2,13.98
2026-01-02,MO,New,Nike Air Jordan 1 Red And Black,2,299.98
2026-01-02,WA,New,Eyeshadow Palette with Mirror,3,59.97
2026-01-02,WA,New,Rice,1,5.99
2026-01-02,WA,New,Rolex Cellini Moonphase,3,38999.97
2026-01-02,GA,Returning,Hand Blender,3,104.97
2026-01-02,GA,Returning,Pan,2,49.98
2026-01-02,NY,New,Gucci Bloom Eau de,1,79.99
2026-01-02,TX,New,Apple MacBook Pro 14 Inch Space Grey,3,5999.97
2026-01-02,TX,New,Slotted Turner,1,8.99
2026-01-03,MO,Returning,Chicken Meat,3,29.97
2026-01-03,MO,Returning,Cucumber,3,4.47
2026-01-03,MO,Returning,Ice Cube Tray,3,17.97
2026-01-03,MO,Returning,Gucci Bloom Eau de,2,159.98
2026-01-03,WA,Returning,Juice,2,7.98
2026-01-03,WA,Returning,Dior J'adore,1,89.99
2026-01-03,WA,Returning,Chicken Meat,3,29.97
2026-01-03,GA,New,Apple,2,3.98
2026-01-03,GA,New,Mug Tree Stand,2,31.98
2026-01-03,TX,Returning,Mug Tree Stand,1,15.99
2026-01-03,TX,Returning,Lemon,1,0.79
2026-01-03,TX,Returning,Knoll Saarinen Executive Conference Chair,2,999.98
2026-01-03,TX,Returning,Rolex Cellini Moonphase,3,38999.97
2026-01-03,FL,Returning,Dolce Shine Eau de,1,69.99
2026-01-03,FL,Returning,Citrus Squeezer Yellow,1,8.99
2026-01-03,FL,New,Slotted Turner,1,8.99
2026-01-03,GA,VIP,Annibale Colombo Bed,1,1899.99
2026-01-03,GA,VIP,Chanel Coco Noir Eau De,2,259.98
2026-01-03,GA,VIP,Powder Canister,1,14.99
2026-01-03,GA,VIP,Cat Food,3,26.97
2026-01-03,FL,Returning,Lenovo Yoga 920,3,3299.97
2026-01-03,FL,Returning,Wooden Bathroom Sink With Mirror,1,799.99
2026-01-03,FL,New,Red Tongs,3,20.97
2026-01-03,CA,Returning,Annibale Colombo Sofa,1,2499.99
2026-01-03,CA,Returning,Potatoes,1,2.29
2026-01-03,WA,VIP,Annibale Colombo Sofa,3,7499.97
2026-01-03,WA,VIP,Boxed Blender,1,39.99
2026-01-03,FL,Returning,Annibale Colombo Bed,3,5699.97
2026-01-03,FL,Returning,Rolex Cellini Date Black Dial,3,26999.97
2026-01-03,FL,Returning,Puma Future Rider Trainers,3,269.97
2026-01-03,MO,New,Dog Food,1,10.99
2026-01-03,MO,New,Rolex Datejust,1,10999.99
2026-01-03,MO,New,Annibale Colombo Sofa,3,7499.97
2026-01-03,TX,Returning,Mug Tree Stand,1,15.99
2026-01-03,TX,Returning,Lunch Box,3,38.97
2026-01-03,TX,Returning,Wooden Rolling Pin,3,35.97
2026-01-03,TX,Returning,Gucci Bloom Eau de,2,159.98
2026-01-03,MO,Returning,Annibale Colombo Sofa,1,2499.99
2026-01-03,FL,New,Bamboo Spatula,2,15.98
2026-01-03,FL,New,Annibale Colombo Bed,1,1899.99
2026-01-03,FL,New,Blue & Black Check Shirt,3,89.97
2026-01-03,MO,New,Knoll Saarinen Executive Conference Chair,2,999.98
2026-01-03,MO,New,Red Tongs,2,13.98
2026-01-03,NY,Returning,Yellow Peeler,3,17.97
2026-01-03,NY,Returning,Apple,3,5.97
2026-01-03,NY,Returning,Man Plaid Shirt,1,34.99
2026-01-03,NY,Returning,Annibale Colombo Sofa,1,2499.99
2026-01-03,IL,VIP,Carbon Steel Wok,2,59.98
2026-01-03,IL,VIP,Man Short Sleeve Shirt,3,59.97
2026-01-03,IL,VIP,Brown Leather Belt Watch,1,89.99
2026-01-04,MO,Returning,Juice,2,7.98
2026-01-04,MO,Returning,Tissue Paper Box,3,7.47
2026-01-04,MO,Returning,Black Whisk,3,29.97
2026-01-04,MO,Returning,Man Plaid Shirt,3,104.97
2026-01-04,CA,New,Bedside Table African Cherry,3,899.97
2026-01-04,CA,New,Nike Air Jordan 1 Red And Black,1,149.99
2026-01-04,CA,New,Egg Slicer,2,13.98
2026-01-04,CA,New,Blue & Black Check Shirt,1,29.99
2026-01-04,IL,VIP,Soft Drinks,2,3.98
2026-01-04,IL,VIP,Amazon Echo Plus,3,299.97
2026-01-04,IL,VIP,Fork,2,7.98
2026-01-04,IL,VIP,Family Tree Photo Frame,3,89.97
2026-01-04,IL,Returning,Lemon,1,0.79
2026-01-04,IL,Returning,Spice Rack,1,19.99
2026-01-04,IL,Returning,Wooden Bathroom Sink With Mirror,2,1599.98
2026-01-04,IL,Returning,Fork,1,3.99
2026-01-04,MO,VIP,Water,2,1.98
2026-01-04,MO,New,Apple Airpods,3,389.97
2026-01-04,MO,New,Ice Cube Tray,2,11.98
2026-01-04,MO,New,Sports Sneakers Off White Red,2,219.98
2026-01-04,MO,New,Protein Powder,3,59.97
2026-01-04,NY,VIP,Cucumber,2,2.98
2026-01-04,NY,VIP,Mulberry,1,4.99
2026-01-04,CA,New,Spoon,3,14.97
2026-01-04,NY,Returning,Glass,1,4.99
2026-01-04,NY,Returning,Annibale Colombo Sofa,2,4999.98
2026-01-04,NY,Returning,Men Check Shirt,2,55.98
2026-01-04,IL,VIP,Sports Sneakers Off White & Red,2,239.98
2026-01-04,IL,VIP,Ice Cream,3,16.47
2026-01-04,IL,VIP,Red Onions,2,3.98
2026-01-04,IL,VIP,Red Lipstick,2,25.98
2026-01-04,TX,New,Man Plaid Shirt,2,69.98
2026-01-04,TX,New,Spoon,1,4.99
2026-01-04,TX,New,Wooden Bathroom Sink With Mirror,1,799.99
2026-01-04,TX,New,Dog Food,2,21.98
2026-01-04,MO,Returning,Cucumber,2,2.98
2026-01-04,MO,Returning,Spoon,2,9.98
2026-01-04,NY,VIP,Nike Baseball Cleats,2,159.98
2026-01-04,NY,VIP,Rice,1,5.99
2026-01-04,NY,VIP,Lunch Box,1,12.99
2026-01-04,FL,VIP,Fine Mesh Strainer,1,9.99
2026-01-04,TX,VIP,Wooden Rolling Pin,1,11.99
2026-01-04,TX,VIP,Grater Black,2,21.98
2026-01-04,MO,VIP,Lenovo Yoga 920,3,3299.97
2026-01-04,MO,VIP,Cucumber,1,1.49
2026-01-04,GA,VIP,Red Lipstick,2,25.98
2026-01-04,GA,VIP,Cat Food,2,17.98
2026-01-04,GA,VIP,Silver Pot With Glass Cap,3,119.97
2026-01-04,IL,Returning,Chicken Meat,3,29.97
2026-01-04,IL,Returning,Gucci Bloom Eau de,3,239.97
2026-01-04,IL,Returning,Fork,2,7.98
2026-01-04,GA,New,Chicken Meat,1,9.99
2026-01-04,GA,New,Wooden Rolling Pin,3,35.97
2026-01-04,CA,Returning,Wooden Rolling Pin,3,35.97
2026-01-04,MO,New,Nike Baseball Cleats,3,239.97
2026-01-04,FL,VIP,Cucumber,2,2.98
2026-01-04,FL,VIP,Red Tongs,1,6.99
2026-01-04,WA,Returning,Lemon,1,0.79
2026-01-04,MO,VIP,Pan,1,24.99
2026-01-04,MO,VIP,Fish Steak,2,29.98
2026-01-04,FL,New,Cucumber,3,4.47
2026-01-04,FL,New,Annibale Colombo Bed,1,1899.99
2026-01-04,FL,New,Green Bell Pepper,3,3.87
2026-01-04,GA,Returning,Chopping Board,2,25.98
2026-01-04,GA,Returning,Eggs,3,8.97
2026-01-04,FL,New,Brown Leather Belt Watch,1,89.99
2026-01-04,NY,New,Yellow Peeler,3,17.97
2026-01-04,NY,New,Pan,3,74.97
2026-01-04,NY,New,Black Whisk,1,9.99
2026-01-04,NY,New,Sports Sneakers Off White & Red,1,119.99
2026-01-04,FL,Returning,Mug Tree Stand,1,15.99
2026-01-04,FL,Returning,Wooden Rolling Pin,1,11.99
2026-01-04,FL,Returning,Hand Blender,2,69.98
2026-01-04,GA,VIP,House Showpiece Plant,3,119.97
2026-01-04,GA,VIP,Black Aluminium Cup,2,11.98
2026-01-04,GA,VIP,Chicken Meat,3,29.97
2026-01-04,GA,VIP,Electric Stove,1,49.99
2026-01-04,FL,New,Kiwi,3,7.47
2026-01-04,FL,New,Dior J'adore,1,89.99
2026-01-04,GA,Returning,Mulberry,1,4.99
2026-01-04,GA,Returning,Eyeshadow Palette with Mirror,2,39.98
2026-01-04,GA,Returning,Green Bell Pepper,3,3.87
2026-01-04,GA,Returning,Yellow Peeler,2,11.98
2026-01-04,WA,VIP,Apple MacBook Pro 14 Inch Space Grey,3,5999.97
2026-01-04,WA,VIP,Slotted Turner,2,17.98
2026-01-04,WA,VIP,Soft Drinks,2,3.98
2026-01-04,WA,VIP,Rolex Cellini Moonphase,2,25999.98
2026-01-04,CA,New,Huawei Matebook X Pro,1,1399.99
2026-01-04,CA,New,Green Chili Pepper,3,2.97
2026-01-04,CA,New,Lenovo Yoga 920,3,3299.97
2026-01-04,CA,New,Red Lipstick,1,12.99
2026-01-04,IL,New,Grater Black,1,10.99
2026-01-04,IL,New,Chanel Coco Noir Eau De,3,389.97
2026-01-04,MO,New,Spoon,1,4.99
2026-01-04,MO,New,Green Chili Pepper,2,1.98
2026-01-04,CA,New,Brown Leather Belt Watch,2,179.98
2026-01-04,CA,New,Black Whisk,1,9.99
2026-01-04,FL,New,Gucci Bloom Eau de,2,159.98
2026-01-04,FL,New,Puma Future Rider Trainers,3,269.97
2026-01-04,FL,New,Potatoes,1,2.29
2026-01-04,FL,New,Ice Cube Tray,1,5.99
2026-01-04,TX,New,Dior J'adore,3,269.97
2026-01-04,TX,New,Mug Tree Stand,3,47.97
2026-01-04,NY,VIP,Apple MacBook Pro 14 Inch Space Grey,2,3999.98
2026-01-04,GA,New,Cucumber,2,2.98
2026-01-04,GA,New,Gucci Bloom Eau de,1,79.99
2026-01-04,GA,New,Red Nail Polish,1,8.99
2026-01-04,GA,New,Plate,2,7.98
2026-01-04,MO,Returning,Chopping Board,3,38.97
2026-01-04,MO,Returning,Knife,3,44.97
2026-01-04,NY,New,Lenovo Yoga 920,1,1099.99
2026-01-04,NY,New,Gigabyte Aorus Men Tshirt,2,49.98
2026-01-04,NY,New,Men Check Shirt,2,55.98
2026-01-04,IL,VIP,New DELL XPS 13 9300 Laptop,3,4499.97
2026-01-04,IL,VIP,Spice Rack,1,19.99
2026-01-04,IL,VIP,Black Whisk,1,9.99
2026-01-04,IL,VIP,Chopping Board,2,25.98
2026-01-04,IL,VIP,Essence Mascara Lash Princess,3,29.97
2026-01-04,CA,VIP,Cat Food,3,26.97
2026-01-04,CA,VIP,Ice Cube Tray,3,17.97
2026-01-04,MO,Returning,Beef Steak,1,12.99
2026-01-04,MO,Returning,Dolce Shine Eau de,3,209.97
2026-01-04,MO,Returning,Glass,1,4.99
2026-01-04,FL,New,Black Whisk,2,19.98
2026-01-04,FL,New,Man Plaid Shirt,1,34.99
2026-01-04,TX,New,Blue & Black Check Shirt,1,29.99
2026-01-04,TX,New,Bamboo Spatula,3,23.97
2026-01-04,TX,New,Mug Tree Stand,2,31.98
2026-01-04,TX,New,Asus Zenbook Pro Dual Screen Laptop,2,3599.98
2026-01-04,WA,Returning,Juice,3,11.97
2026-01-04,TX,Returning,Yellow Peeler,1,5.99
2026-01-04,TX,Returning,Hand Blender,3,104.97
2026-01-04,WA,New,Chanel Coco Noir Eau De,3,389.97
2026-01-04,WA,New,New DELL XPS 13 9300 Laptop,1,1499.99
2026-01-04,WA,New,Cooking Oil,2,9.98
2026-01-04,TX,Returning,Citrus Squeezer Yellow,3,26.97
2026-01-04,TX,Returning,Sports Sneakers Off White & Red,3,359.97
2026-01-04,CA,New,Brown Leather Belt Watch,1,89.99
2026-01-04,CA,New,Annibale Colombo Bed,3,5699.97
2026-01-04,CA,New,Egg Slicer,2,13.98
2026-01-04,CA,New,Tissue Paper Box,3,7.47
2026-01-04,CA,New,Mug Tree Stand,1,15.99
2026-01-04,CA,New,Apple MacBook Pro 14 Inch Space Grey,2,3999.98
2026-01-04,NY,Returning,Rice,2,11.98
2026-01-04,IL,VIP,Table Lamp,1,49.99
2026-01-04,IL,VIP,Wooden Bathroom Sink With Mirror,1,799.99
2026-01-04,WA,New,Rolex Cellini Date Black Dial,3,26999.97
2026-01-04,WA,New,Rolex Submariner Watch,3,41999.97
2026-01-04,WA,Returning,Knife,2,29.98
2026-01-04,WA,Returning,Spoon,3,14.97
2026-01-04,WA,Returning,Rice,2,11.98
2026-01-04,MO,Returning,Ice Cream,1,5.49
2026-01-04,MO,Returning,Puma Future Rider Trainers,2,179.98
2026-01-04,FL,New,Annibale Colombo Sofa,3,7499.97
2026-01-04,IL,VIP,Yellow Peeler,1,5.99
2026-01-04,IL,VIP,Dior J'adore,2,179.98
2026-01-04,IL,VIP,Slotted Turner,3,26.97
2026-01-04,IL,VIP,Apple Airpods,1,129.99
2026-01-04,WA,Returning,Huawei Matebook X Pro,2,2799.98
2026-01-04,WA,Returning,Spice Rack,2,39.98
2026-01-04,FL,New,New DELL XPS 13 9300 Laptop,1,1499.99
2026-01-04,CA,VIP,Nike Air Jordan 1 Red And Black,1,149.99
2026-01-04,CA,VIP,Mug Tree Stand,3,47.97
2026-01-04,NY,VIP,Kiwi,2,4.98
2026-01-04,NY,VIP,Dior J'adore,3,269.97
2026-01-04,MO,Returning,Ice Cube Tray,1,5.99
2026-01-04,MO,Returning,Nescafe Coffee,1,7.99
2026-01-04,MO,Returning,Eyeshadow Palette with Mirror,3,59.97
2026-01-04,IL,Returning,Boxed Blender,2,79.98
2026-01-04,IL,Returning,Hand Blender,2,69.98
2026-01-04,IL,Returning,Asus Zenbook Pro Dual Screen Laptop,1,1799.99
2026-01-04,WA,VIP,Powder Canister,3,44.97
2026-01-04,WA,VIP,Water,2,1.98
2026-01-04,WA,VIP,Rolex Cellini Date Black Dial,2,17999.98
2026-01-04,IL,Returning,Water,1,0.99
2026-01-04,IL,Returning,Amazon Echo Plus,2,199.98
2026-01-04,IL,Returning,Blue & Black Check Shirt,3,89.97
2026-01-04,GA,New,Potatoes,1,2.29
2026-01-04,GA,New,Nescafe Coffee,1,7.99
2026-01-04,FL,VIP,Sports Sneakers Off White & Red,3,359.97
2026-01-04,FL,VIP,Annibale Colombo Sofa,2,4999.98
2026-01-04,FL,VIP,Dolce Shine Eau de,1,69.99
2026-01-04,FL,VIP,Milk,2,6.98
2026-01-04,MO,Returning,Honey Jar,2,13.98
2026-01-04,MO,Returning,Electric Stove,3,149.97
2026-01-04,MO,Returning,Wooden Rolling Pin,3,35.97
2026-01-04,FL,Returning,Honey Jar,3,20.97
2026-01-04,FL,Returning,Strawberry,2,7.98
2026-01-04,FL,Returning,Dog Food,1,10.99
2026-01-04,NY,Returning,Plant Pot,3,44.97
2026-01-04,NY,Returning,Cucumber,1,1.49
2026-01-04,NY,Returning,Annibale Colombo Bed,2,3799.98
2026-01-04,FL,VIP,Protein Powder,1,19.99
2026-01-04,TX,New,Rolex Cellini Moonphase,1,12999.99
2026-01-04,TX,New,New DELL XPS 13 9300 Laptop,1,1499.99
2026-01-04,TX,New,Wooden Rolling Pin,2,23.98
2026-01-05,GA,VIP,Ice Cream,2,10.98
2026-01-05,GA,VIP,Men Check Shirt,1,27.99
2026-01-05,FL,New,Cat Food,2,17.98
2026-01-05,FL,New,Red Lipstick,2,25.98
2026-01-05,MO,Returning,Ice Cream,2,10.98
2026-01-05,MO,Returning,Chicken Meat,2,19.98
2026-01-05,MO,Returning,Family Tree Photo Frame,2,59.98
2026-01-05,MO,Returning,Lemon,1,0.79
2026-01-05,MO,Returning,Pan,1,24.99
2026-01-05,MO,Returning,Boxed Blender,2,79.98
2026-01-05,MO,Returning,Rolex Submariner Watch,1,13999.99
2026-01-05,MO,Returning,Sports Sneakers Off White Red,2,219.98
2026-01-05,TX,New,Chicken Meat,1,9.99
2026-01-05,TX,New,Dior J'adore,3,269.97
2026-01-05,GA,Returning,Potatoes,1,2.29
2026-01-05,GA,Returning,Rolex Datejust,3,32999.97
2026-01-05,GA,Returning,Annibale Colombo Bed,2,3799.98
2026-01-05,FL,New,Slotted Turner,1,8.99
2026-01-05,FL,New,Chopping Board,2,25.98
2026-01-05,FL,New,Plate,3,11.97
2026-01-05,TX,VIP,Soft Drinks,1,1.99
2026-01-05,NY,Returning,Sports Sneakers Off White Red,3,329.97
2026-01-05,NY,New,Fine Mesh Strainer,3,29.97
2026-01-05,NY,New,Mug Tree Stand,3,47.97
2026-01-05,CA,VIP,Man Short Sleeve Shirt,2,39.98
2026-01-05,MO,New,Dog Food,3,32.97
2026-01-05,MO,New,Milk,3,10.47
2026-01-05,MO,New,Plant Pot,1,14.99
2026-01-05,MO,New,Ice Cube Tray,3,17.97
2026-01-05,MO,Returning,Rolex Cellini Date Black Dial,1,8999.99
2026-01-05,MO,Returning,Slotted Turner,1,8.99
2026-01-05,MO,Returning,Plate,3,11.97
2026-01-05,FL,New,Lunch Box,1,12.99
2026-01-05,FL,Returning,Nike Baseball Cleats,1,79.99
2026-01-05,MO,New,Sports Sneakers Off White Red,3,329.97
2026-01-05,MO,New,Annibale Colombo Bed,1,1899.99
2026-01-05,FL,New,Kitchen Sieve,3,23.97
2026-01-05,FL,New,Decoration Swing,3,179.97
2026-01-05,MO,Returning,Cucumber,2,2.98
2026-01-05,MO,Returning,Tissue Paper Box,1,2.49
2026-01-05,MO,Returning,Protein Powder,3,59.97
2026-01-05,MO,Returning,Essence Mascara Lash Princess,1,9.99
2026-01-05,NY,VIP,Black Aluminium Cup,1,5.99
2026-01-05,NY,VIP,Slotted Turner,2,17.98
2026-01-05,NY,VIP,Dolce Shine Eau de,2,139.98
2026-01-05,WA,VIP,Wooden Bathroom Sink With Mirror,3,2399.97
2026-01-05,WA,VIP,Apple Airpods,2,259.98
2026-01-05,WA,VIP,Dior J'adore,1,89.99
2026-01-05,TX,VIP,Dior J'adore,1,89.99
2026-01-05,TX,VIP,Puma Future Rider Trainers,2,179.98
2026-01-05,NY,VIP,Chopping Board,3,38.97
2026-01-05,NY,VIP,Chanel Coco Noir Eau De,1,129.99
2026-01-05,NY,VIP,Potatoes,3,6.87
2026-01-05,GA,VIP,Fine Mesh Strainer,3,29.97
2026-01-05,GA,VIP,Beef Steak,3,38.97
2026-01-05,GA,VIP,Family Tree Photo Frame,1,29.99
2026-01-05,GA,VIP,Silver Pot With Glass Cap,3,119.97
2026-01-05,NY,VIP,Wooden Bathroom Sink With Mirror,1,799.99
2026-01-05,NY,VIP,Knife,2,29.98
2026-01-05,NY,VIP,Chopping Board,2,25.98
2026-01-05,CA,New,Puma Future Rider Trainers,2,179.98
2026-01-05,CA,New,Green Bell Pepper,2,2.58
2026-01-05,CA,New,Family Tree Photo Frame,1,29.99
2026-01-05,MO,New,Strawberry,2,7.98
2026-01-05,MO,New,Kitchen Sieve,1,7.99
2026-01-05,MO,New,Rolex Datejust,2,21999.98
2026-01-05,MO,New,Tissue Paper Box,3,7.47
2026-01-05,IL,New,Mug Tree Stand,1,15.99
2026-01-05,GA,VIP,Nike Air Jordan 1 Red And Black,3,449.97
2026-01-05,GA,VIP,Rolex Submariner Watch,3,41999.97
2026-01-05,GA,VIP,Eyeshadow Palette with Mirror,1,19.99
2026-01-05,MO,Returning,Sports Sneakers Off White Red,1,109.99
2026-01-05,MO,Returning,Eggs,1,2.99
2026-01-05,FL,New,Puma Future Rider Trainers,1,89.99
2026-01-05,FL,New,Green Chili Pepper,1,0.99
2026-01-05,IL,Returning,Cat Food,3,26.97
2026-01-05,IL,Returning,Electric Stove,2,99.98
2026-01-05,WA,Returning,Family Tree Photo Frame,3,89.97
2026-01-05,WA,Returning,Red Tongs,3,20.97
2026-01-05,WA,Returning,Fine Mesh Strainer,3,29.97
2026-01-05,WA,Returning,Tray,2,33.98
2026-01-05,WA,Returning,Dior J'adore,1,89.99
2026-01-05,WA,Returning,Apple MacBook Pro 14 Inch Space Grey,1,1999.99
2026-01-05,NY,VIP,Table Lamp,1,49.99
2026-01-05,NY,VIP,Blue & Black Check Shirt,3,89.97
2026-01-05,NY,VIP,Potatoes,3,6.87
2026-01-05,NY,VIP,Slotted Turner,1,8.99
2026-01-05,GA,New,Gucci Bloom Eau de,2,159.98
2026-01-05,GA,New,Rice,1,5.99
2026-01-05,GA,New,Cat Food,1,8.99
2026-01-05,GA,New,Huawei Matebook X Pro,1,1399.99
2026-01-05,IL,VIP,Glass,1,4.99
2026-01-05,IL,VIP,Eggs,1,2.99
2026-01-05,WA,New,Nike Baseball Cleats,2,159.98
2026-01-05,WA,New,Milk,1,3.49
2026-01-05,TX,Returning,Family Tree Photo Frame,3,89.97
2026-01-05,TX,Returning,Eyeshadow Palette with Mirror,3,59.97
2026-01-05,TX,Returning,Glass,1,4.99
2026-01-05,TX,Returning,Blue & Black Check Shirt,2,59.98
2026-01-05,WA,New,Brown Leather Belt Watch,2,179.98
2026-01-05,WA,New,Annibale Colombo Bed,3,5699.97
2026-01-05,WA,New,Fine Mesh Strainer,1,9.99
2026-01-05,TX,VIP,Plant Pot,3,44.97
2026-01-05,TX,VIP,Sports Sneakers Off White Red,2,219.98
2026-01-05,TX,VIP,Black Whisk,2,19.98
2026-01-05,TX,VIP,Glass,1,4.99
2026-01-05,MO,VIP,Powder Canister,3,44.97
2026-01-05,MO,VIP,Nike Baseball Cleats,1,79.99
2026-01-05,MO,VIP,Decoration Swing,2,119.98
2026-01-05,GA,Returning,Man Plaid Shirt,1,34.99
2026-01-05,GA,Returning,Amazon Echo Plus,2,199.98
2026-01-05,GA,Returning,New DELL XPS 13 9300 Laptop,1,1499.99
2026-01-05,MO,New,Dog Food,1,10.99
2026-01-05,CA,VIP,Black Whisk,3,29.97
2026-01-05,CA,VIP,Wooden Rolling Pin,1,11.99
2026-01-05,MO,New,Bamboo Spatula,1,7.99
2026-01-05,TX,VIP,Rolex Datejust,2,21999.98
2026-01-05,TX,VIP,Soft Drinks,2,3.98
2026-01-05,WA,New,Microwave Oven,1,89.99
2026-01-05,WA,New,Lemon,2,1.58
2026-01-05,WA,New,Black Whisk,2,19.98
2026-01-05,WA,New,Dior J'adore,2,179.98
2026-01-05,WA,Returning,Sports Sneakers Off White Red,2,219.98
2026-01-05,WA,Returning,Eggs,2,5.98
2026-01-05,FL,Returning,Apple,3,5.97
2026-01-05,FL,Returning,Calvin Klein CK One,2,99.98
2026-01-05,IL,New,Knoll Saarinen Executive Conference Chair,2,999.98
2026-01-05,IL,New,Potatoes,3,6.87
2026-01-05,IL,New,Hand Blender,3,104.97
2026-01-05,WA,Returning,Pan,2,49.98
2026-01-05,WA,New,Lenovo Yoga 920,1,1099.99
2026-01-05,WA,New,Boxed Blender,1,39.99
2026-01-05,WA,New,Brown Leather Belt Watch,2,179.98
2026-01-05,WA,New,Eggs,2,5.98
2026-01-05,MO,Returning,Plant Pot,2,29.98
2026-01-05,TX,New,Essence Mascara Lash Princess,3,29.97
2026-01-05,TX,New,Plate,3,11.97
2026-01-05,TX,New,Black Aluminium Cup,1,5.99
2026-01-05,TX,New,Man Short Sleeve Shirt,3,59.97
2026-01-05,CA,VIP,Annibale Colombo Bed,1,1899.99
2026-01-05,CA,VIP,Mulberry,2,9.98
2026-01-05,CA,VIP,Cat Food,1,8.99
2026-01-05,NY,VIP,Eyeshadow Palette with Mirror,2,39.98
2026-01-05,NY,VIP,Rice,2,11.98
2026-01-05,NY,VIP,Family Tree Photo Frame,1,29.99
2026-01-05,NY,VIP,Silver Pot With Glass Cap,2,79.98
2026-01-05,IL,New,Table Lamp,1,49.99
2026-01-05,IL,New,Fine Mesh Strainer,2,19.98
2026-01-05,IL,New,New DELL XPS 13 9300 Laptop,2,2999.98
2026-01-05,WA,New,Water,2,1.98
2026-01-05,WA,New,Red Nail Polish,1,8.99
2026-01-05,WA,New,Egg Slicer,1,6.99
2026-01-05,WA,New,Amazon Echo Plus,1,99.99
2026-01-06,NY,VIP,Rolex Cellini Date Black Dial,3,26999.97
2026-01-06,NY,VIP,Egg Slicer,3,20.97
2026-01-06,NY,VIP,Green Bell Pepper,2,2.58
2026-01-06,NY,VIP,Powder Canister,1,14.99
2026-01-06,FL,VIP,Sports Sneakers Off White Red,1,109.99
2026-01-06,FL,VIP,Bedside Table African Cherry,3,899.97
2026-01-06,FL,Returning,Eyeshadow Palette with Mirror,3,59.97
2026-01-06,FL,Returning,Gigabyte Aorus Men Tshirt,3,74.97
2026-01-06,FL,Returning,Eggs,1,2.99
2026-01-06,FL,Returning,Apple Airpods,3,389.97
2026-01-06,WA,New,Black Aluminium Cup,2,11.98
2026-01-06,WA,New,Glass,3,14.97
2026-01-06,WA,New,Gucci Bloom Eau de,3,239.97
2026-01-06,IL,New,Fork,1,3.99
2026-01-06,FL,New,Tissue Paper Box,2,4.98
2026-01-06,IL,Returning,Man Short Sleeve Shirt,2,39.98
2026-01-06,IL,Returning,Lunch Box,3,38.97
2026-01-06,IL,Returning,Mulberry,3,14.97
2026-01-06,IL,Returning,Ice Cube Tray,3,17.97
2026-01-06,WA,Returning,Annibale Colombo Sofa,1,2499.99
2026-01-06,WA,Returning,Men Check Shirt,2,55.98
2026-01-06,WA,Returning,Dog Food,1,10.99
2026-01-06,WA,New,Knoll Saarinen Executive Conference Chair,2,999.98
2026-01-06,WA,VIP,Green Chili Pepper,3,2.97
2026-01-06,WA,VIP,Green Bell Pepper,2,2.58
2026-01-06,CA,New,Rice,3,17.97
2026-01-06,CA,New,Mulberry,1,4.99
2026-01-06,CA,New,Blue & Black Check Shirt,3,89.97
2026-01-06,IL,VIP,Longines Master Collection,2,2999.98
2026-01-06,IL,VIP,Honey Jar,2,13.98
2026-01-06,WA,Returning,House Showpiece Plant,1,39.99
2026-01-06,WA,Returning,Decoration Swing,2,119.98
2026-01-06,CA,VIP,Sports Sneakers Off White & Red,2,239.98
2026-01-06,CA,VIP,Rolex Submariner Watch,3,41999.97
2026-01-06,MO,Returning,Chicken Meat,3,29.97
2026-01-06,WA,New,Mug Tree Stand,3,47.97
2026-01-06,WA,New,Electric Stove,3,149.97
2026-01-06,FL,VIP,Rolex Submariner Watch,2,27999.98
2026-01-06,WA,New,Chanel Coco Noir Eau De,2,259.98
2026-01-06,WA,New,Pan,3,74.97
2026-01-06,WA,New,Water,2,1.98
2026-01-06,NY,VIP,Red Tongs,2,13.98
2026-01-06,NY,VIP,Table Lamp,3,149.97
2026-01-06,NY,VIP,Essence Mascara Lash Princess,1,9.99
2026-01-06,NY,VIP,Apple Airpods,1,129.99
2026-01-06,CA,New,Nike Baseball Cleats,3,239.97
2026-01-06,GA,New,Beef Steak,3,38.97
2026-01-06,GA,New,Blue & Black Check Shirt,3,89.97
2026-01-06,IL,VIP,Rolex Cellini Date Black Dial,2,17999.98
2026-01-06,IL,VIP,Apple Airpods,1,129.99
2026-01-06,IL,VIP,Water,2,1.98
2026-01-06,GA,Returning,Strawberry,2,7.98
2026-01-06,GA,Returning,Gucci Bloom Eau de,2,159.98
2026-01-07,CA,New,Wooden Rolling Pin,1,11.99
2026-01-07,CA,New,Mulberry,2,9.98
2026-01-07,CA,New,Ice Cream,3,16.47
2026-01-07,CA,New,Knife,2,29.98
2026-01-07,MO,New,Pan,1,24.99
2026-01-07,MO,New,Water,1,0.99
2026-01-07,NY,New,Juice,2,7.98
2026-01-07,NY,New,Chopping Board,2,25.98
2026-01-07,NY,New,Plant Pot,2,29.98
2026-01-07,NY,New,Puma Future Rider Trainers,1,89.99
2026-01-07,CA,VIP,Men Check Shirt,1,27.99
2026-01-07,TX,VIP,Wooden Rolling Pin,2,23.98
2026-01-07,TX,VIP,Silver Pot With Glass Cap,2,79.98
2026-01-07,TX,VIP,Dolce Shine Eau de,1,69.99
2026-01-07,TX,VIP,Potatoes,1,2.29
2026-01-07,GA,New,New DELL XPS 13 9300 Laptop,1,1499.99
2026-01-07,GA,New,Eggs,2,5.98
2026-01-07,GA,New,Tissue Paper Box,3,7.47
2026-01-07,GA,New,Lemon,2,1.58
2026-01-07,FL,New,Knife,2,29.98
2026-01-07,FL,New,Hand Blender,1,34.99
2026-01-07,TX,New,Lunch Box,3,38.97
2026-01-07,TX,New,Rolex Cellini Moonphase,1,12999.99
2026-01-07,TX,New,Annibale Colombo Sofa,2,4999.98
2026-01-07,TX,New,New DELL XPS 13 9300 Laptop,2,2999.98
2026-01-07,WA,Returning,Bedside Table African Cherry,2,599.98
2026-01-07,WA,Returning,Calvin Klein CK One,3,149.97
2026-01-07,GA,VIP,Juice,1,3.99
2026-01-07,GA,VIP,Ice Cream,3,16.47
2026-01-07,FL,New,Glass,2,9.98
2026-01-07,FL,New,Knife,3,44.97
2026-01-07,FL,New,Mulberry,1,4.99
2026-01-07,FL,New,Wooden Rolling Pin,3,35.97
2026-01-07,CA,Returning,Sports Sneakers Off White & Red,3,359.97
2026-01-07,CA,Returning,Red Lipstick,2,25.98
2026-01-07,NY,VIP,Electric Stove,3,149.97
2026-01-07,WA,Returning,Family Tree Photo Frame,3,89.97
2026-01-07,WA,Returning,Annibale Colombo Bed,3,5699.97
2026-01-07,WA,Returning,Lemon,2,1.58
2026-01-07,TX,VIP,Dog Food,3,32.97
2026-01-07,TX,VIP,Lemon,1,0.79
2026-01-07,TX,VIP,Red Tongs,3,20.97
2026-01-07,WA,VIP,Cat Food,2,17.98
2026-01-07,WA,VIP,Boxed Blender,1,39.99
2026-01-07,WA,VIP,Asus Zenbook Pro Dual Screen Laptop,1,1799.99
2026-01-07,WA,VIP,Longines Master Collection,2,2999.98
2026-01-07,FL,New,Pan,2,49.98
2026-01-07,NY,Returning,Red Tongs,2,13.98
2026-01-07,NY,Returning,Cooking Oil,3,14.97
2026-01-07,NY,Returning,Kiwi,1,2.49
2026-01-07,NY,Returning,Lunch Box,3,38.97
2026-01-07,MO,Returning,Slotted Turner,1,8.99
2026-01-07,MO,Returning,Cooking Oil,2,9.98
2026-01-07,MO,Returning,Cucumber,3,4.47
2026-01-07,WA,New,Knife,2,29.98
2026-01-07,WA,New,Chanel Coco Noir Eau De,3,389.97
2026-01-07,IL,New,Carbon Steel Wok,2,59.98
2026-01-07,IL,New,House Showpiece Plant,2,79.98
2026-01-07,IL,New,Eyeshadow Palette with Mirror,3,59.97
2026-01-07,IL,New,Cooking Oil,3,14.97
2026-01-07,CA,New,Mulberry,3,14.97
2026-01-07,CA,New,Kitchen Sieve,2,15.98
2026-01-07,IL,VIP,Spice Rack,2,39.98
2026-01-07,IL,VIP,Silver Pot With Glass Cap,1,39.99
2026-01-07,IL,VIP,Wooden Bathroom Sink With Mirror,1,799.99
2026-01-07,IL,VIP,Calvin Klein CK One,1,49.99
2026-01-07,IL,Returning,Yellow Peeler,3,17.97
2026-01-07,IL,Returning,Rolex Cellini Date Black Dial,1,8999.99
2026-01-07,NY,New,Boxed Blender,3,119.97
2026-01-07,NY,New,Mulberry,3,14.97
2026-01-07,NY,New,Pan,1,24.99
2026-01-07,MO,New,Gigabyte Aorus Men Tshirt,1,24.99
2026-01-07,MO,New,Soft Drinks,3,5.97
2026-01-07,MO,Returning,Electric Stove,1,49.99
2026-01-07,MO,Returning,Apple MacBook Pro 14 Inch Space Grey,3,5999.97
2026-01-07,MO,Returning,Red Tongs,3,20.97
2026-01-07,GA,New,Glass,3,14.97
2026-01-07,GA,New,Bamboo Spatula,2,15.98
2026-01-07,GA,New,Milk,3,10.47
2026-01-07,WA,VIP,Bedside Table African Cherry,2,599.98
2026-01-07,IL,Returning,Lunch Box,2,25.98
2026-01-07,IL,Returning,Chicken Meat,3,29.97
2026-01-07,NY,VIP,Bamboo Spatula,1,7.99
2026-01-07,NY,VIP,Chicken Meat,2,19.98
2026-01-07,NY,VIP,Blue & Black Check Shirt,3,89.97
2026-01-07,NY,VIP,Chanel Coco Noir Eau De,3,389.97
2026-01-07,NY,VIP,Grater Black,1,10.99
2026-01-07,WA,New,Fork,3,11.97
2026-01-07,WA,New,Green Chili Pepper,2,1.98
2026-01-07,NY,New,Mulberry,3,14.97
2026-01-07,WA,VIP,Nike Baseball Cleats,2,159.98
2026-01-07,WA,VIP,Bamboo Spatula,3,23.97
2026-01-07,WA,VIP,Honey Jar,2,13.98
2026-01-07,TX,Returning,Men Check Shirt,3,83.97
2026-01-07,FL,Returning,Citrus Squeezer Yellow,1,8.99
2026-01-07,FL,Returning,Brown Leather Belt Watch,2,179.98
2026-01-07,FL,Returning,Grater Black,1,10.99
2026-01-07,IL,VIP,Apple Airpods,2,259.98
2026-01-07,IL,VIP,Wooden Rolling Pin,2,23.98
2026-01-07,NY,Returning,Black Aluminium Cup,2,11.98
2026-01-07,NY,Returning,Huawei Matebook X Pro,2,2799.98
2026-01-07,NY,New,Family Tree Photo Frame,3,89.97
2026-01-07,MO,VIP,Pan,2,49.98
2026-01-07,MO,VIP,Amazon Echo Plus,3,299.97
2026-01-07,MO,VIP,Cucumber,3,4.47
2026-01-07,GA,VIP,Chicken Meat,1,9.99
2026-01-07,FL,New,Mulberry,2,9.98
2026-01-07,FL,New,Yellow Peeler,1,5.99
2026-01-07,FL,New,Lenovo Yoga 920,3,3299.97
2026-01-07,TX,Returning,Cucumber,3,4.47
2026-01-07,TX,Returning,New DELL XPS 13 9300 Laptop,1,1499.99
2026-01-07,TX,Returning,Puma Future Rider Trainers,1,89.99
2026-01-07,TX,Returning,Calvin Klein CK One,3,149.97
2026-01-07,CA,Returning,Lunch Box,1,12.99
2026-01-07,CA,Returning,Huawei Matebook X Pro,3,4199.97
2026-01-07,CA,Returning,Kitchen Sieve,3,23.97
2026-01-07,FL,VIP,Amazon Echo Plus,2,199.98
2026-01-07,FL,VIP,Egg Slicer,3,20.97
2026-01-07,FL,VIP,Beef Steak,2,25.98
2026-01-07,MO,Returning,Dior J'adore,2,179.98
2026-01-07,MO,Returning,Black Whisk,3,29.97
2026-01-07,NY,Returning,Sports Sneakers Off White Red,3,329.97
2026-01-07,NY,Returning,Chanel Coco Noir Eau De,3,389.97
2026-01-07,NY,Returning,New DELL XPS 13 9300 Laptop,2,2999.98
2026-01-07,NY,Returning,House Showpiece Plant,1,39.99
2026-01-07,NY,Returning,Essence Mascara Lash Princess,1,9.99
2026-01-07,NY,Returning,Kitchen Sieve,2,15.98
2026-01-07,GA,VIP,Potatoes,2,4.58
2026-01-07,GA,VIP,Longines Master Collection,1,1499.99
2026-01-07,GA,Returning,Eyeshadow Palette with Mirror,1,19.99
2026-01-07,GA,New,Rolex Submariner Watch,2,27999.98
2026-01-07,GA,New,Longines Master Collection,1,1499.99
2026-01-07,GA,New,Wooden Bathroom Sink With Mirror,1,799.99
2026-01-07,WA,Returning,House Showpiece Plant,3,119.97
2026-01-07,WA,Returning,Spoon,1,4.99
2026-01-07,GA,New,Plant Pot,2,29.98
2026-01-07,GA,New,Black Aluminium Cup,3,17.97
2026-01-07,GA,New,Chicken Meat,1,9.99
2026-01-07,GA,New,Hand Blender,3,104.97
2026-01-07,MO,Returning,Spoon,3,14.97
2026-01-07,MO,Returning,Black Aluminium Cup,3,17.97
2026-01-07,MO,Returning,Puma Future Rider Trainers,1,89.99
2026-01-07,IL,VIP,Kitchen Sieve,1,7.99
2026-01-07,IL,VIP,Amazon Echo Plus,2,199.98
2026-01-07,IL,VIP,Nescafe Coffee,3,23.97
2026-01-07,IL,VIP,Chicken Meat,2,19.98
2026-01-07,CA,New,Green Chili Pepper,2,1.98
2026-01-07,IL,New,Rolex Cellini Date Black Dial,2,17999.98
2026-01-07,IL,New,Sports Sneakers Off White & Red,1,119.99
2026-01-07,IL,New,Kiwi,3,7.47
2026-01-07,CA,New,Dog Food,2,21.98
2026-01-07,CA,New,Annibale Colombo Sofa,3,7499.97
2026-01-07,TX,VIP,New DELL XPS 13 9300 Laptop,3,4499.97
2026-01-07,TX,VIP,Decoration Swing,1,59.99
2026-01-07,TX,VIP,Mulberry,3,14.97
2026-01-07,IL,VIP,Plate,3,11.97
2026-01-07,IL,VIP,Lenovo Yoga 920,1,1099.99
2026-01-07,WA,Returning,Electric Stove,1,49.99
2026-01-08,IL,VIP,Man Plaid Shirt,2,69.98
2026-01-08,IL,VIP,Plate,1,3.99
2026-01-08,IL,VIP,Kitchen Sieve,2,15.98
2026-01-08,IL,VIP,Family Tree Photo Frame,3,89.97
2026-01-08,TX,Returning,Fish Steak,2,29.98
2026-01-08,TX,Returning,Red Lipstick,3,38.97
2026-01-08,TX,Returning,Fine Mesh Strainer,3,29.97
2026-01-08,TX,Returning,Dolce Shine Eau de,3,209.97
2026-01-08,NY,VIP,Man Short Sleeve Shirt,1,19.99
2026-01-08,NY,VIP,Ice Cream,1,5.49
2026-01-08,NY,VIP,Sports Sneakers Off White Red,1,109.99
2026-01-08,NY,VIP,Honey Jar,2,13.98
2026-01-08,MO,New,Apple,1,1.99
2026-01-08,MO,New,Green Chili Pepper,3,2.97
2026-01-08,GA,Returning,Citrus Squeezer Yellow,2,17.98
2026-01-08,GA,Returning,Family Tree Photo Frame,2,59.98
2026-01-08,GA,Returning,Brown Leather Belt Watch,1,89.99
2026-01-08,FL,New,Apple MacBook Pro 14 Inch Space Grey,1,1999.99
2026-01-08,FL,New,Apple,2,3.98
2026-01-08,FL,New,Juice,3,11.97
2026-01-08,MO,New,Cucumber,3,4.47
2026-01-08,MO,New,Plant Pot,1,14.99
2026-01-08,MO,New,Kitchen Sieve,1,7.99
2026-01-08,MO,New,New DELL XPS 13 9300 Laptop,1,1499.99
2026-01-08,MO,VIP,Rolex Cellini Date Black Dial,2,17999.98
2026-01-08,MO,VIP,Cooking Oil,1,4.99
2026-01-08,MO,VIP,Cat Food,1,8.99
2026-01-08,MO,VIP,Gigabyte Aorus Men Tshirt,3,74.97
2026-01-08,MO,Returning,Gigabyte Aorus Men Tshirt,3,74.97
2026-01-08,MO,Returning,Tissue Paper Box,2,4.98
2026-01-08,FL,VIP,Chopping Board,2,25.98
2026-01-08,FL,VIP,Black Whisk,3,29.97
2026-01-08,FL,VIP,Huawei Matebook X Pro,2,2799.98
2026-01-08,TX,VIP,Potatoes,2,4.58
2026-01-08,MO,VIP,Puma Future Rider Trainers,3,269.97
2026-01-08,MO,VIP,Electric Stove,2,99.98
2026-01-08,MO,VIP,New DELL XPS 13 9300 Laptop,3,4499.97
2026-01-08,MO,VIP,Microwave Oven,3,269.97
2026-01-08,MO,New,Glass,2,9.98
2026-01-08,MO,New,Pan,3,74.97
2026-01-08,MO,New,Electric Stove,1,49.99
2026-01-08,MO,New,Fork,1,3.99
2026-01-08,GA,VIP,Man Short Sleeve Shirt,2,39.98
2026-01-08,GA,VIP,New DELL XPS 13 9300 Laptop,1,1499.99
2026-01-08,GA,VIP,Tray,2,33.98
2026-01-08,NY,VIP,Amazon Echo Plus,2,199.98
2026-01-08,NY,VIP,Asus Zenbook Pro Dual Screen Laptop,1,1799.99
2026-01-08,WA,New,Knife,1,14.99
2026-01-08,WA,New,Nike Baseball Cleats,1,79.99
2026-01-08,WA,New,Chicken Meat,2,19.98
2026-01-08,WA,New,Eggs,1,2.99
2026-01-08,IL,Returning,Red Tongs,2,13.98
2026-01-08,IL,Returning,Calvin Klein CK One,2,99.98
2026-01-08,IL,Returning,Red Tongs,3,20.97
2026-01-08,IL,Returning,Knoll Saarinen Executive Conference Chair,2,999.98
2026-01-08,IL,Returning,Man Plaid Shirt,2,69.98
2026-01-08,GA,New,Grater Black,2,21.98
2026-01-08,GA,New,Green Bell Pepper,3,3.87
2026-01-08,GA,New,Gigabyte Aorus Men Tshirt,1,24.99
2026-01-08,GA,New,House Showpiece Plant,2,79.98
2026-01-08,NY,New,Man Short Sleeve Shirt,3,59.97
2026-01-08,NY,New,Brown Leather Belt Watch,1,89.99
2026-01-08,NY,New,Citrus Squeezer Yellow,3,26.97
2026-01-08,NY,New,Eggs,2,5.98
2026-01-08,MO,New,Rolex Submariner Watch,2,27999.98
2026-01-08,MO,New,Man Plaid Shirt,2,69.98
2026-01-08,MO,New,Spoon,3,14.97
2026-01-08,WA,VIP,Egg Slicer,3,20.97
2026-01-08,WA,VIP,Kiwi,2,4.98
2026-01-08,NY,Returning,Red Onions,3,5.97
2026-01-08,NY,Returning,Red Nail Polish,1,8.99
2026-01-08,NY,Returning,Spoon,1,4.99
2026-01-08,NY,Returning,New DELL XPS 13 9300 Laptop,3,4499.97
2026-01-08,FL,New,Dog Food,2,21.98
2026-01-08,FL,New,Kiwi,1,2.49
2026-01-08,FL,New,Man Short Sleeve Shirt,2,39.98
2026-01-08,FL,New,Black Aluminium Cup,1,5.99
2026-01-08,MO,New,Grater Black,1,10.99
2026-01-08,MO,VIP,Pan,3,74.97
2026-01-08,MO,VIP,Rolex Cellini Date Black Dial,1,8999.99
2026-01-08,MO,VIP,Spice Rack,1,19.99
2026-01-08,MO,VIP,Boxed Blender,1,39.99
2026-01-08,MO,New,Cucumber,3,4.47
2026-01-08,MO,New,Cooking Oil,3,14.97
2026-01-08,MO,New,Knoll Saarinen Executive Conference Chair,3,1499.97
2026-01-08,IL,New,Cucumber,3,4.47
2026-01-08,IL,New,Eyeshadow Palette with Mirror,1,19.99
2026-01-08,TX,Returning,Brown Leather Belt Watch,2,179.98
2026-01-08,TX,Returning,Red Tongs,2,13.98
2026-01-08,TX,Returning,Annibale Colombo Sofa,2,4999.98
2026-01-08,MO,New,Knife,1,14.99
2026-01-08,MO,New,Longines Master Collection,3,4499.97
2026-01-08,MO,New,Cucumber,2,2.98
2026-01-08,WA,Returning,Kiwi,2,4.98
2026-01-08,NY,Returning,Eyeshadow Palette with Mirror,1,19.99
2026-01-08,GA,New,Amazon Echo Plus,3,299.97
2026-01-08,GA,New,Table Lamp,1,49.99
2026-01-08,GA,New,Fork,3,11.97
2026-01-08,FL,Returning,Electric Stove,3,149.97
2026-01-08,CA,New,Fork,2,7.98
2026-01-08,CA,New,Kiwi,1,2.49
2026-01-08,CA,New,Glass,2,9.98
2026-01-08,NY,VIP,Dior J'adore,3,269.97
2026-01-08,NY,New,Beef Steak,2,25.98
2026-01-08,MO,VIP,Silver Pot With Glass Cap,3,119.97
2026-01-08,MO,VIP,Huawei Matebook X Pro,3,4199.97
2026-01-08,MO,VIP,Ice Cream,1,5.49
2026-01-08,FL,VIP,Cat Food,1,8.99
2026-01-08,FL,VIP,Powder Canister,1,14.99
2026-01-08,FL,VIP,Citrus Squeezer Yellow,2,17.98
2026-01-08,GA,VIP,Nike Baseball Cleats,3,239.97
2026-01-08,GA,VIP,Mug Tree Stand,1,15.99
2026-01-08,GA,VIP,Silver Pot With Glass Cap,1,39.99
2026-01-08,FL,Returning,Black Aluminium Cup,3,17.97
2026-01-08,WA,Returning,Nike Baseball Cleats,3,239.97
2026-01-08,WA,Returning,Green Chili Pepper,1,0.99
2026-01-08,WA,Returning,Apple,3,5.97
2026-01-08,GA,VIP,Beef Steak,1,12.99
2026-01-08,GA,VIP,Grater Black,1,10.99
2026-01-08,GA,VIP,Potatoes,1,2.29
2026-01-08,GA,VIP,Dog Food,1,10.99
2026-01-08,MO,New,Apple MacBook Pro 14 Inch Space Grey,2,3999.98
2026-01-08,MO,New,Wooden Bathroom Sink With Mirror,3,2399.97
2026-01-08,MO,New,Longines Master Collection,2,2999.98
2026-01-08,MO,New,Chicken Meat,3,29.97
2026-01-08,MO,Returning,Knife,2,29.98
2026-01-08,NY,New,Bedside Table African Cherry,2,599.98
2026-01-08,NY,New,Microwave Oven,3,269.97
2026-01-08,NY,New,Annibale Colombo Sofa,2,4999.98
2026-01-08,NY,New,Rolex Cellini Moonphase,1,12999.99
2026-01-08,NY,New,Annibale Colombo Bed,2,3799.98
2026-01-08,NY,New,Fork,2,7.98
2026-01-08,MO,New,Hand Blender,3,104.97
2026-01-08,FL,Returning,Mug Tree Stand,3,47.97
2026-01-08,FL,Returning,Eggs,1,2.99
2026-01-08,NY,New,Kitchen Sieve,3,23.97
2026-01-08,WA,VIP,Glass,3,14.97
2026-01-08,WA,VIP,Mulberry,2,9.98
2026-01-08,WA,VIP,Decoration Swing,1,59.99
2026-01-09,IL,VIP,Wooden Bathroom Sink With Mirror,2,1599.98
2026-01-09,CA,Returning,Knife,3,44.97
2026-01-09,CA,Returning,Red Lipstick,3,38.97
2026-01-09,CA,Returning,Table Lamp,2,99.98
2026-01-09,CA,Returning,Dolce Shine Eau de,2,139.98
2026-01-09,FL,New,Knoll Saarinen Executive Conference Chair,3,1499.97
2026-01-09,FL,New,Cooking Oil,1,4.99
2026-01-09,FL,New,Potatoes,2,4.58
2026-01-09,NY,VIP,Cat Food,3,26.97
2026-01-09,NY,VIP,Eyeshadow Palette with Mirror,2,39.98
2026-01-09,GA,New,Boxed Blender,1,39.99
2026-01-09,GA,New,Beef Steak,3,38.97
2026-01-09,GA,New,Cat Food,2,17.98
2026-01-09,GA,New,Kiwi,1,2.49
2026-01-09,CA,Returning,New DELL XPS 13 9300 Laptop,3,4499.97
2026-01-09,CA,Returning,Rolex Cellini Moonphase,3,38999.97
2026-01-09,MO,New,Family Tree Photo Frame,1,29.99
2026-01-09,NY,VIP,Electric Stove,1,49.99
2026-01-09,NY,VIP,Potatoes,1,2.29
2026-01-09,NY,VIP,Chanel Coco Noir Eau De,2,259.98
2026-01-09,FL,VIP,Grater Black,2,21.98
2026-01-09,FL,VIP,House Showpiece Plant,2,79.98
2026-01-09,TX,Returning,Pan,1,24.99
2026-01-09,TX,Returning,Mug Tree Stand,1,15.99
2026-01-09,TX,Returning,Beef Steak,2,25.98
2026-01-09,MO,VIP,Amazon Echo Plus,1,99.99
2026-01-09,MO,VIP,Longines Master Collection,1,1499.99
2026-01-09,MO,VIP,Milk,3,10.47
2026-01-09,FL,VIP,Red Tongs,3,20.97
2026-01-09,FL,VIP,Kiwi,3,7.47
2026-01-09,FL,VIP,Apple MacBook Pro 14 Inch Space Grey,3,5999.97
2026-01-09,FL,VIP,Glass,3,14.97
2026-01-09,TX,VIP,Powder Canister,3,44.97
2026-01-09,TX,VIP,Rolex Submariner Watch,2,27999.98
2026-01-09,FL,New,Protein Powder,2,39.98
2026-01-09,FL,New,Rolex Cellini Moonphase,1,12999.99
2026-01-09,IL,Returning,Mulberry,1,4.99
2026-01-09,IL,Returning,Lunch Box,2,25.98
2026-01-09,FL,Returning,Microwave Oven,3,269.97
2026-01-09,FL,Returning,Mulberry,2,9.98
2026-01-09,TX,VIP,Eggs,3,8.97
2026-01-09,TX,VIP,Kiwi,3,7.47
2026-01-09,TX,VIP,Red Tongs,1,6.99
2026-01-09,TX,VIP,Silver Pot With Glass Cap,2,79.98
2026-01-09,NY,VIP,Annibale Colombo Bed,3,5699.97
2026-01-09,NY,VIP,Eyeshadow Palette with Mirror,3,59.97
2026-01-09,NY,VIP,Man Plaid Shirt,3,104.97
2026-01-09,GA,VIP,Cooking Oil,1,4.99
2026-01-09,GA,VIP,Table Lamp,2,99.98
2026-01-09,GA,VIP,Cat Food,2,17.98
2026-01-09,GA,VIP,Boxed Blender,2,79.98
2026-01-09,CA,VIP,Tissue Paper Box,1,2.49
2026-01-09,CA,VIP,Hand Blender,1,34.99
2026-01-09,CA,VIP,Lemon,2,1.58
2026-01-09,CA,VIP,Nike Baseball Cleats,3,239.97
2026-01-09,WA,Returning,Decoration Swing,1,59.99
2026-01-09,WA,Returning,Apple MacBook Pro 14 Inch Space Grey,3,5999.97
2026-01-09,WA,Returning,Table Lamp,1,49.99
2026-01-09,CA,Returning,New DELL XPS 13 9300 Laptop,1,1499.99
2026-01-09,CA,Returning,Wooden Bathroom Sink With Mirror,1,799.99
2026-01-09,GA,VIP,Knife,2,29.98
2026-01-09,GA,VIP,Men Check Shirt,3,83.97
2026-01-09,GA,VIP,Mulberry,3,14.97
2026-01-09,CA,Returning,Beef Steak,2,25.98
2026-01-09,CA,Returning,Tray,3,50.97
2026-01-09,CA,Returning,Apple MacBook Pro 14 Inch Space Grey,3,5999.97
2026-01-09,CA,Returning,Table Lamp,2,99.98
2026-01-09,IL,VIP,Egg Slicer,1,6.99
2026-01-09,IL,VIP,Fork,1,3.99
2026-01-09,NY,Returning,Ice Cream,2,10.98
2026-01-09,CA,Returning,Potatoes,3,6.87
2026-01-09,MO,Returning,Eggs,2,5.98
2026-01-09,GA,New,Carbon Steel Wok,1,29.99
2026-01-09,GA,New,Gucci Bloom Eau de,3,239.97
2026-01-09,CA,Returning,Red Tongs,1,6.99
2026-01-09,CA,Returning,Plate,2,7.98
2026-01-09,CA,Returning,Table Lamp,2,99.98
2026-01-09,TX,New,Essence Mascara Lash Princess,2,19.98
2026-01-09,WA,New,Wooden Rolling Pin,1,11.99
2026-01-09,NY,New,Cooking Oil,2,9.98
2026-01-09,NY,New,Juice,2,7.98
2026-01-09,WA,New,Calvin Klein CK One,1,49.99
2026-01-09,WA,New,Knife,2,29.98
2026-01-09,WA,New,Lenovo Yoga 920,1,1099.99
2026-01-09,NY,VIP,Dolce Shine Eau de,3,209.97
2026-01-09,NY,VIP,Sports Sneakers Off White Red,3,329.97
2026-01-09,MO,Returning,Carbon Steel Wok,1,29.99
2026-01-09,MO,Returning,Rolex Datejust,1,10999.99
2026-01-09,MO,Returning,Tray,3,50.97
2026-01-09,MO,VIP,Green Chili Pepper,3,2.97
2026-01-09,MO,VIP,Knife,3,44.97
2026-01-09,MO,VIP,Rice,2,11.98
2026-01-09,CA,New,Men Check Shirt,3,83.97
2026-01-09,NY,Returning,Apple,2,3.98
2026-01-09,NY,Returning,Kitchen Sieve,3,23.97
2026-01-09,IL,VIP,Electric Stove,3,149.97
2026-01-09,IL,VIP,Red Lipstick,2,25.98
2026-01-09,IL,VIP,Chanel Coco Noir Eau De,3,389.97
2026-01-09,TX,Returning,Tissue Paper Box,2,4.98
2026-01-09,CA,VIP,Nike Baseball Cleats,3,239.97
2026-01-09,CA,VIP,Family Tree Photo Frame,1,29.99
2026-01-09,CA,VIP,Apple MacBook Pro 14 Inch Space Grey,3,5999.97
2026-01-09,CA,VIP,Men Check Shirt,2,55.98
2026-01-09,CA,VIP,Black Whisk,3,29.97
2026-01-09,CA,VIP,Dolce Shine Eau de,1,69.99
2026-01-09,FL,Returning,Man Short Sleeve Shirt,3,59.97
2026-01-09,FL,Returning,Black Whisk,1,9.99
2026-01-09,FL,Returning,Longines Master Collection,1,1499.99
2026-01-09,FL,Returning,Spice Rack,2,39.98
2026-01-09,GA,New,Rolex Cellini Date Black Dial,1,8999.99
2026-01-09,GA,New,Fine Mesh Strainer,1,9.99
2026-01-09,CA,Returning,Knife,1,14.99
2026-01-09,FL,Returning,Puma Future Rider Trainers,1,89.99
2026-01-09,CA,VIP,Dog Food,3,32.97
2026-01-09,CA,VIP,Man Plaid Shirt,3,104.97
2026-01-09,GA,New,Rice,3,17.97
2026-01-09,GA,New,Silver Pot With Glass Cap,3,119.97
2026-01-09,GA,New,Chanel Coco Noir Eau De,1,129.99
2026-01-09,MO,New,Rolex Datejust,3,32999.97
2026-01-09,FL,Returning,Fork,3,11.97
2026-01-09,FL,Returning,Dog Food,1,10.99
2026-01-09,FL,Returning,Microwave Oven,3,269.97
2026-01-09,FL,Returning,Yellow Peeler,1,5.99
2026-01-09,WA,New,Wooden Bathroom Sink With Mirror,3,2399.97
2026-01-09,WA,New,Puma Future Rider Trainers,1,89.99
2026-01-09,NY,VIP,Boxed Blender,1,39.99
2026-01-09,NY,VIP,Huawei Matebook X Pro,2,2799.98
2026-01-09,NY,VIP,Wooden Rolling Pin,3,35.97
2026-01-09,NY,VIP,Eyeshadow Palette with Mirror,2,39.98
2026-01-09,WA,New,Tray,3,50.97
2026-01-09,WA,New,Spoon,1,4.99
2026-01-09,TX,New,Tray,1,16.99
2026-01-09,IL,VIP,Rolex Cellini Moonphase,3,38999.97
2026-01-09,IL,VIP,Asus Zenbook Pro Dual Screen Laptop,2,3599.98
2026-01-09,FL,Returning,Apple Airpods,3,389.97
2026-01-09,NY,New,Yellow Peeler,2,11.98
2026-01-09,NY,New,Green Chili Pepper,2,1.98
2026-01-09,NY,New,Tissue Paper Box,1,2.49
2026-01-09,NY,New,Plate,1,3.99
2026-01-09,MO,VIP,Man Plaid Shirt,1,34.99
2026-01-09,MO,VIP,Lenovo Yoga 920,2,2199.98
2026-01-09,FL,VIP,Yellow Peeler,2,11.98
2026-01-09,FL,VIP,Dior J'adore,2,179.98
2026-01-09,FL,VIP,Hand Blender,3,104.97
2026-01-09,FL,VIP,New DELL XPS 13 9300 Laptop,2,2999.98
2026-01-09,GA,New,Rice,2,11.98
2026-01-09,GA,New,Rolex Cellini Date Black Dial,2,17999.98
2026-01-09,GA,New,Chicken Meat,2,19.98
2026-01-09,IL,New,Apple MacBook Pro 14 Inch Space Grey,3,5999.97
2026-01-09,IL,New,Nescafe Coffee,3,23.97
2026-01-09,FL,New,Fine Mesh Strainer,1,9.99
2026-01-09,FL,New,Calvin Klein CK One,1,49.99
2026-01-09,FL,New,Honey Jar,1,6.99
2026-01-09,FL,New,Blue & Black Check Shirt,2,59.98
2026-01-09,TX,Returning,Knife,3,44.97
2026-01-09,TX,Returning,Plant Pot,1,14.99
2026-01-09,TX,Returning,Ice Cream,3,16.47
2026-01-09,TX,Returning,Red Nail Polish,3,26.97
2026-01-09,GA,New,Apple,1,1.99
2026-01-09,GA,New,Ice Cube Tray,1,5.99
2026-01-09,GA,New,Lemon,1,0.79
2026-01-09,GA,New,Water,2,1.98
2026-01-09,CA,VIP,Silver Pot With Glass Cap,3,119.97
2026-01-09,CA,VIP,New DELL XPS 13 9300 Laptop,2,2999.98
2026-01-09,WA,VIP,Black Whisk,3,29.97
2026-01-09,WA,VIP,House Showpiece Plant,2,79.98
2026-01-09,WA,VIP,Essence Mascara Lash Princess,1,9.99
2026-01-09,MO,New,Chopping Board,3,38.97
2026-01-09,MO,New,Lemon,3,2.37
2026-01-09,MO,New,Sports Sneakers Off White & Red,3,359.97
2026-01-09,MO,New,Men Check Shirt,1,27.99
2026-01-09,MO,VIP,Eyeshadow Palette with Mirror,1,19.99
2026-01-09,MO,VIP,Lemon,3,2.37
2026-01-09,MO,VIP,Man Short Sleeve Shirt,2,39.98
2026-01-09,NY,VIP,Kitchen Sieve,1,7.99
2026-01-09,NY,VIP,Longines Master Collection,2,2999.98
2026-01-09,NY,VIP,Apple,2,3.98
2026-01-09,NY,VIP,Chicken Meat,3,29.97
2026-01-09,CA,New,New DELL XPS 13 9300 Laptop,1,1499.99
2026-01-09,GA,New,Nescafe Coffee,2,15.98
2026-01-09,GA,New,Cooking Oil,1,4.99
2026-01-09,GA,New,Beef Steak,1,12.99
2026-01-09,GA,New,Annibale Colombo Sofa,1,2499.99
2026-01-09,FL,New,Carbon Steel Wok,1,29.99
2026-01-09,CA,VIP,Puma Future Rider Trainers,1,89.99
2026-01-09,CA,VIP,Knife,3,44.97
2026-01-09,CA,VIP,Annibale Colombo Sofa,3,7499.97
2026-01-09,CA,Returning,Fine Mesh Strainer,2,19.98
2026-01-09,CA,Returning,Plant Pot,3,44.97
2026-01-09,FL,Returning,Hand Blender,1,34.99
2026-01-09,MO,Returning,Wooden Rolling Pin,3,35.97
2026-01-09,MO,Returning,Sports Sneakers Off White Red,1,109.99
2026-01-09,MO,Returning,Cucumber,3,4.47
2026-01-10,CA,Returning,Grater Black,2,21.98
2026-01-10,CA,Returning,Essence Mascara Lash Princess,3,29.97
2026-01-10,CA,Returning,Rolex Datejust,3,32999.97
2026-01-10,NY,New,Apple MacBook Pro 14 Inch Space Grey,1,1999.99
2026-01-10,NY,New,Annibale Colombo Bed,3,5699.97
2026-01-10,FL,VIP,Rolex Datejust,3,32999.97
2026-01-10,FL,VIP,Milk,1,3.49
2026-01-10,FL,VIP,Mug Tree Stand,1,15.99
2026-01-10,GA,VIP,Yellow Peeler,3,17.97
2026-01-10,FL,Returning,Cat Food,3,26.97
2026-01-10,FL,Returning,Red Nail Polish,1,8.99
2026-01-10,FL,Returning,Family Tree Photo Frame,3,89.97
2026-01-10,NY,Returning,Sports Sneakers Off White & Red,3,359.97
2026-01-10,NY,Returning,Mulberry,2,9.98
2026-01-10,GA,VIP,Microwave Oven,2,179.98
2026-01-10,GA,VIP,Apple MacBook Pro 14 Inch Space Grey,2,3999.98
2026-01-10,GA,VIP,Honey Jar,1,6.99
2026-01-10,NY,New,Water,1,0.99
2026-01-10,NY,New,Asus Zenbook Pro Dual Screen Laptop,3,5399.97
2026-01-10,NY,New,Amazon Echo Plus,3,299.97
2026-01-10,NY,New,Tray,3,50.97
2026-01-10,IL,New,Gucci Bloom Eau de,3,239.97
2026-01-10,IL,New,Honey Jar,3,20.97
2026-01-10,IL,New,Blue & Black Check Shirt,3,89.97
2026-01-10,TX,New,Red Nail Polish,2,17.98
2026-01-10,TX,New,Bamboo Spatula,2,15.98
2026-01-10,CA,Returning,Carbon Steel Wok,3,89.97
2026-01-10,CA,Returning,Kitchen Sieve,3,23.97
2026-01-10,CA,Returning,Strawberry,3,11.97
2026-01-10,CA,Returning,Spice Rack,1,19.99
2026-01-10,MO,Returning,Red Tongs,3,20.97
2026-01-10,MO,Returning,Spice Rack,1,19.99
2026-01-10,MO,Returning,Strawberry,3,11.97
2026-01-10,MO,Returning,Rice,3,17.97
2026-01-10,NY,New,Essence Mascara Lash Princess,1,9.99
2026-01-10,NY,New,Eggs,1,2.99
2026-01-10,NY,New,House Showpiece Plant,3,119.97
2026-01-10,NY,New,Silver Pot With Glass Cap,3,119.97
2026-01-10,WA,Returning,Nescafe Coffee,1,7.99
2026-01-10,FL,Returning,Knoll Saarinen Executive Conference Chair,3,1499.97
2026-01-10,GA,New,Dolce Shine Eau de,3,209.97
2026-01-10,GA,New,Honey Jar,2,13.98
2026-01-10,GA,New,Amazon Echo Plus,1,99.99
2026-01-10,TX,Returning,Eggs,1,2.99
2026-01-10,IL,VIP,Rolex Datejust,3,32999.97
2026-01-10,IL,VIP,Essence Mascara Lash Princess,3,29.97
2026-01-10,FL,VIP,Kitchen Sieve,2,15.98
2026-01-10,FL,VIP,Sports Sneakers Off White Red,1,109.99
2026-01-10,CA,VIP,Gigabyte Aorus Men Tshirt,2,49.98
2026-01-10,CA,New,Rice,1,5.99
2026-01-10,CA,New,Rolex Cellini Date Black Dial,1,8999.99
2026-01-10,IL,New,Green Chili Pepper,2,1.98
2026-01-10,IL,New,Family Tree Photo Frame,3,89.97
2026-01-10,IL,New,Pan,1,24.99
2026-01-10,TX,Returning,Silver Pot With Glass Cap,1,39.99
2026-01-10,TX,Returning,Brown Leather Belt Watch,1,89.99
2026-01-10,TX,Returning,Black Aluminium Cup,2,11.98
2026-01-10,TX,Returning,Dog Food,3,32.97
2026-01-10,TX,New,House Showpiece Plant,3,119.97
2026-01-10,TX,New,Cucumber,1,1.49
2026-01-10,TX,New,Citrus Squeezer Yellow,1,8.99
2026-01-10,TX,New,Plate,1,3.99
2026-01-10,CA,VIP,Sports Sneakers Off White & Red,3,359.97
2026-01-10,CA,VIP,Nescafe Coffee,1,7.99
2026-01-10,MO,VIP,Mulberry,1,4.99
2026-01-10,MO,VIP,Huawei Matebook X Pro,3,4199.97
2026-01-10,MO,VIP,Longines Master Collection,3,4499.97
2026-01-10,MO,VIP,Cooking Oil,1,4.99
2026-01-10,FL,Returning,Red Nail Polish,3,26.97
2026-01-10,FL,Returning,Kiwi,1,2.49
2026-01-10,FL,Returning,Citrus Squeezer Yellow,3,26.97
2026-01-10,FL,Returning,Mug Tree Stand,2,31.98
2026-01-10,NY,Returning,Men Check Shirt,1,27.99
2026-01-10,CA,Returning,Table Lamp,3,149.97
2026-01-10,CA,Returning,Calvin Klein CK One,3,149.97
2026-01-10,CA,Returning,Hand Blender,1,34.99
2026-01-10,GA,VIP,Carbon Steel Wok,2,59.98
2026-01-10,GA,VIP,Man Plaid Shirt,3,104.97
2026-01-10,CA,Returning,Black Aluminium Cup,2,11.98
2026-01-10,CA,Returning,Citrus Squeezer Yellow,1,8.99
2026-01-10,CA,Returning,Carbon Steel Wok,3,89.97
2026-01-10,FL,Returning,Dior J'adore,2,179.98
2026-01-10,FL,Returning,Dolce Shine Eau de,1,69.99
2026-01-10,FL,Returning,Tissue Paper Box,3,7.47
2026-01-10,FL,Returning,Boxed Blender,3,119.97
2026-01-10,TX,VIP,Ice Cream,1,5.49
2026-01-10,WA,Returning,Tray,1,16.99
2026-01-10,WA,Returning,Gigabyte Aorus Men Tshirt,1,24.99
2026-01-10,GA,Returning,Rolex Submariner Watch,2,27999.98
2026-01-10,GA,Returning,Nike Baseball Cleats,1,79.99
2026-01-10,GA,Returning,Red Tongs,2,13.98
2026-01-10,NY,VIP,Red Onions,1,1.99
2026-01-10,FL,New,Wooden Bathroom Sink With Mirror,2,1599.98
2026-01-10,FL,New,Strawberry,1,3.99
2026-01-10,FL,New,Lenovo Yoga 920,3,3299.97
2026-01-10,FL,New,Spice Rack,2,39.98
2026-01-10,TX,New,Rolex Submariner Watch,2,27999.98
2026-01-10,TX,New,Longines Master Collection,1,1499.99
2026-01-10,IL,VIP,Grater Black,1,10.99
2026-01-10,IL,VIP,Nike Air Jordan 1 Red And Black,1,149.99
2026-01-10,IL,VIP,Egg Slicer,3,20.97
2026-01-10,IL,VIP,Family Tree Photo Frame,1,29.99
2026-01-10,IL,VIP,Black Whisk,3,29.97
2026-01-10,IL,VIP,Cucumber,3,4.47
2026-01-10,IL,VIP,Fine Mesh Strainer,1,9.99
2026-01-10,MO,New,Apple MacBook Pro 14 Inch Space Grey,3,5999.97
2026-01-10,MO,New,Black Aluminium Cup,3,17.97
2026-01-10,MO,New,Apple Airpods,1,129.99
2026-01-10,IL,VIP,Mug Tree Stand,2,31.98
2026-01-10,MO,Returning,Amazon Echo Plus,3,299.97
2026-01-10,MO,Returning,Annibale Colombo Bed,3,5699.97
2026-01-10,MO,Returning,Kitchen Sieve,2,15.98
2026-01-10,CA,New,Spoon,2,9.98
2026-01-10,FL,New,Nescafe Coffee,2,15.98
2026-01-10,FL,Returning,Gigabyte Aorus Men Tshirt,3,74.97
2026-01-10,FL,Returning,Beef Steak,1,12.99
2026-01-10,CA,Returning,Carbon Steel Wok,1,29.99
2026-01-10,CA,Returning,Sports Sneakers Off White Red,2,219.98
2026-01-10,CA,Returning,Juice,3,11.97
2026-01-10,CA,Returning,Eyeshadow Palette with Mirror,2,39.98
2026-01-10,FL,VIP,Kiwi,1,2.49
2026-01-10,IL,Returning,Red Lipstick,2,25.98
2026-01-10,IL,Returning,Man Short Sleeve Shirt,2,39.98
2026-01-10,IL,Returning,Gucci Bloom Eau de,1,79.99
2026-01-10,WA,Returning,Table Lamp,1,49.99
2026-01-10,WA,Returning,Carbon Steel Wok,1,29.99
2026-01-10,WA,Returning,Apple MacBook Pro 14 Inch Space Grey,3,5999.97
2026-01-10,WA,Returning,Rolex Datejust,2,21999.98
2026-01-10,FL,VIP,Microwave Oven,3,269.97
2026-01-10,FL,VIP,Kitchen Sieve,2,15.98
2026-01-10,TX,Returning,Carbon Steel Wok,2,59.98
2026-01-10,MO,VIP,Sports Sneakers Off White & Red,3,359.97
2026-01-10,MO,VIP,Black Aluminium Cup,1,5.99
2026-01-10,CA,VIP,Apple MacBook Pro 14 Inch Space Grey,3,5999.97
2026-01-10,CA,VIP,Glass,3,14.97
2026-01-10,CA,VIP,Dog Food,1,10.99
2026-01-10,IL,Returning,Microwave Oven,3,269.97
2026-01-10,GA,New,Strawberry,2,7.98
2026-01-10,GA,New,Knoll Saarinen Executive Conference Chair,3,1499.97
2026-01-10,GA,Returning,Green Chili Pepper,1,0.99
2026-01-10,GA,Returning,Men Check Shirt,1,27.99
2026-01-10,MO,New,Ice Cube Tray,3,17.97
2026-01-10,MO,New,Plate,3,11.97
2026-01-10,MO,New,Amazon Echo Plus,2,199.98
2026-01-10,MO,New,Apple MacBook Pro 14 Inch Space Grey,1,1999.99
2026-01-10,TX,VIP,Spice Rack,1,19.99
2026-01-10,WA,VIP,Nike Air Jordan 1 Red And Black,1,149.99
2026-01-10,WA,VIP,Juice,1,3.99
2026-01-10,FL,Returning,Rolex Datejust,2,21999.98
2026-01-10,FL,Returning,Powder Canister,2,29.98
2026-01-10,FL,Returning,Dog Food,2,21.98
2026-01-10,FL,Returning,Protein Powder,3,59.97
2026-01-10,FL,Returning,Yellow Peeler,3,17.97
2026-01-10,FL,Returning,Gigabyte Aorus Men Tshirt,3,74.97
2026-01-10,FL,Returning,Rolex Cellini Date Black Dial,2,17999.98
2026-01-10,FL,Returning,Essence Mascara Lash Princess,3,29.97
2026-01-10,WA,VIP,Microwave Oven,3,269.97
2026-01-10,WA,VIP,Spice Rack,2,39.98
2026-01-10,WA,VIP,Ice Cream,2,10.98
2026-01-10,WA,VIP,Dior J'adore,1,89.99
2026-01-10,FL,Returning,Longines Master Collection,3,4499.97
2026-01-10,CA,Returning,Spoon,1,4.99
2026-01-10,CA,Returning,Hand Blender,3,104.97
2026-01-11,NY,New,Chanel Coco Noir Eau De,1,129.99
2026-01-11,NY,New,Microwave Oven,2,179.98
2026-01-11,TX,Returning,Tissue Paper Box,1,2.49
2026-01-11,NY,New,Lemon,1,0.79
2026-01-11,NY,New,Honey Jar,3,20.97
2026-01-11,NY,New,Protein Powder,2,39.98
2026-01-11,GA,Returning,Men Check Shirt,1,27.99
2026-01-11,GA,Returning,Boxed Blender,3,119.97
2026-01-11,GA,Returning,Cooking Oil,2,9.98
2026-01-11,TX,Returning,Black Whisk,1,9.99
2026-01-11,TX,Returning,Table Lamp,1,49.99
2026-01-11,TX,Returning,Red Nail Polish,3,26.97
2026-01-11,IL,Returning,Puma Future Rider Trainers,2,179.98
2026-01-11,IL,Returning,Apple,1,1.99
2026-01-11,IL,Returning,Dolce Shine Eau de,1,69.99
2026-01-11,NY,New,Bedside Table African Cherry,1,299.99
2026-01-11,NY,New,Man Short Sleeve Shirt,3,59.97
2026-01-11,NY,VIP,Black Aluminium Cup,3,17.97
2026-01-11,NY,VIP,Red Tongs,1,6.99
2026-01-11,NY,VIP,Men Check Shirt,1,27.99
2026-01-11,NY,VIP,Honey Jar,1,6.99
2026-01-11,CA,VIP,Cooking Oil,3,14.97
2026-01-11,MO,Returning,Nike Baseball Cleats,3,239.97
2026-01-11,MO,Returning,Fine Mesh Strainer,3,29.97
2026-01-11,NY,Returning,Ice Cube Tray,1,5.99
2026-01-11,NY,Returning,Man Plaid Shirt,3,104.97
2026-01-11,NY,Returning,Nike Air Jordan 1 Red And Black,2,299.98
2026-01-11,NY,VIP,Carbon Steel Wok,1,29.99
2026-01-11,FL,Returning,Kiwi,1,2.49
2026-01-11,MO,Returning,Puma Future Rider Trainers,3,269.97
2026-01-11,WA,New,Grater Black,1,10.99
2026-01-11,WA,New,Red Nail Polish,3,26.97
2026-01-11,CA,Returning,Red Nail Polish,2,17.98
2026-01-11,CA,Returning,Lunch Box,1,12.99
2026-01-11,MO,New,Rolex Cellini Moonphase,1,12999.99
2026-01-11,MO,New,Pan,1,24.99
2026-01-11,MO,New,Knoll Saarinen Executive Conference Chair,1,499.99
2026-01-11,MO,New,Potatoes,3,6.87
2026-01-11,CA,VIP,Electric Stove,1,49.99
2026-01-11,CA,VIP,Amazon Echo Plus,1,99.99
2026-01-11,CA,VIP,Sports Sneakers Off White & Red,3,359.97
2026-01-11,NY,New,Milk,3,10.47
2026-01-11,NY,New,Powder Canister,1,14.99
2026-01-11,FL,VIP,Dior J'adore,2,179.98
2026-01-11,FL,VIP,Rolex Datejust,1,10999.99
2026-01-11,WA,Returning,Essence Mascara Lash Princess,1,9.99
2026-01-11,GA,Returning,Hand Blender,2,69.98
2026-01-11,WA,Returning,Eyeshadow Palette with Mirror,1,19.99
2026-01-11,WA,Returning,Egg Slicer,3,20.97
2026-01-11,WA,Returning,New DELL XPS 13 9300 Laptop,3,4499.97
2026-01-11,TX,VIP,Hand Blender,1,34.99
2026-01-12,CA,Returning,Strawberry,3,11.97
2026-01-12,FL,Returning,Wooden Rolling Pin,2,23.98
2026-01-12,FL,Returning,Lunch Box,1,12.99
2026-01-12,FL,Returning,Black Whisk,1,9.99
2026-01-12,FL,Returning,Family Tree Photo Frame,3,89.97
2026-01-12,FL,New,Calvin Klein CK One,3,149.97
2026-01-12,WA,VIP,Tray,1,16.99
2026-01-12,WA,VIP,Mug Tree Stand,3,47.97
2026-01-12,WA,VIP,Apple Airpods,1,129.99
2026-01-12,WA,VIP,Men Check Shirt,2,55.98
2026-01-12,WA,VIP,Man Short Sleeve Shirt,3,59.97
2026-01-12,GA,Returning,Tissue Paper Box,3,7.47
2026-01-12,GA,Returning,Knife,1,14.99
2026-01-12,GA,Returning,Soft Drinks,1,1.99
2026-01-12,TX,VIP,Knife,2,29.98
2026-01-12,TX,VIP,Gucci Bloom Eau de,3,239.97
2026-01-12,NY,VIP,Knoll Saarinen Executive Conference Chair,2,999.98
2026-01-12,NY,VIP,Man Plaid Shirt,3,104.97
2026-01-12,FL,VIP,Bedside Table African Cherry,1,299.99
2026-01-12,FL,VIP,Kiwi,2,4.98
2026-01-12,FL,VIP,Lunch Box,2,25.98
2026-01-12,TX,Returning,Glass,1,4.99
2026-01-12,TX,Returning,Rice,1,5.99
2026-01-12,FL,VIP,Men Check Shirt,2,55.98
2026-01-12,CA,VIP,Yellow Peeler,3,17.97
2026-01-12,GA,New,Fish Steak,3,44.97
2026-01-12,GA,New,Green Chili Pepper,2,1.98
2026-01-12,FL,New,Eyeshadow Palette with Mirror,3,59.97
2026-01-12,CA,VIP,Chopping Board,3,38.97
2026-01-12,GA,New,Family Tree Photo Frame,3,89.97
2026-01-12,GA,New,Tray,1,16.99
2026-01-12,GA,New,Cooking Oil,1,4.99
2026-01-12,MO,New,Knoll Saarinen Executive Conference Chair,3,1499.97
2026-01-12,MO,New,Family Tree Photo Frame,3,89.97
2026-01-12,MO,New,Plant Pot,1,14.99
2026-01-12,NY,New,Man Plaid Shirt,1,34.99
2026-01-12,NY,New,Decoration Swing,1,59.99
2026-01-12,NY,New,Kitchen Sieve,3,23.97
2026-01-12,TX,New,Nescafe Coffee,3,23.97
2026-01-12,TX,New,Beef Steak,2,25.98
2026-01-12,TX,New,Hand Blender,3,104.97
2026-01-12,TX,Returning,Rolex Datejust,3,32999.97
2026-01-12,TX,Returning,Annibale Colombo Bed,3,5699.97
2026-01-12,MO,New,Egg Slicer,2,13.98
2026-01-12,MO,New,Sports Sneakers Off White Red,2,219.98
2026-01-12,MO,New,Bamboo Spatula,3,23.97
2026-01-12,MO,New,Kitchen Sieve,1,7.99
2026-01-12,NY,New,Strawberry,1,3.99
2026-01-12,MO,New,Nike Baseball Cleats,3,239.97
2026-01-12,MO,New,Cooking Oil,3,14.97
2026-01-12,MO,New,Dog Food,3,32.97
2026-01-12,MO,New,Fine Mesh Strainer,3,29.97
2026-01-12,WA,VIP,Calvin Klein CK One,1,49.99
2026-01-12,WA,VIP,Chanel Coco Noir Eau De,2,259.98
2026-01-13,FL,VIP,Family Tree Photo Frame,2,59.98
2026-01-13,FL,VIP,Knoll Saarinen Executive Conference Chair,1,499.99
2026-01-13,FL,VIP,Black Aluminium Cup,2,11.98
2026-01-13,FL,VIP,Microwave Oven,3,269.97
2026-01-13,WA,VIP,Kitchen Sieve,3,23.97
2026-01-13,WA,VIP,Microwave Oven,3,269.97
2026-01-13,WA,VIP,Puma Future Rider Trainers,1,89.99
2026-01-13,WA,VIP,Nike Baseball Cleats,3,239.97
2026-01-13,WA,VIP,Men Check Shirt,1,27.99
2026-01-13,WA,VIP,Mug Tree Stand,2,31.98
2026-01-13,WA,VIP,Ice Cube Tray,2,11.98
2026-01-13,WA,VIP,Men Check Shirt,1,27.99
2026-01-13,NY,VIP,Fork,2,7.98
2026-01-13,NY,VIP,Brown Leather Belt Watch,2,179.98
2026-01-13,WA,VIP,Nike Baseball Cleats,2,159.98
2026-01-13,WA,VIP,Spice Rack,2,39.98
2026-01-13,WA,VIP,Slotted Turner,1,8.99
2026-01-13,WA,VIP,Green Bell Pepper,1,1.29
2026-01-13,WA,VIP,Carbon Steel Wok,3,89.97
2026-01-13,CA,VIP,Milk,1,3.49
2026-01-13,CA,VIP,Green Chili Pepper,1,0.99
2026-01-13,CA,VIP,Protein Powder,2,39.98
2026-01-13,FL,Returning,Red Onions,2,3.98
2026-01-13,CA,VIP,Red Lipstick,1,12.99
2026-01-13,CA,VIP,Grater Black,2,21.98
2026-01-13,CA,VIP,Black Whisk,3,29.97
2026-01-13,TX,VIP,Slotted Turner,1,8.99
2026-01-13,TX,VIP,Juice,3,11.97
2026-01-13,TX,VIP,Lemon,2,1.58
2026-01-13,WA,Returning,New DELL XPS 13 9300 Laptop,1,1499.99
2026-01-13,WA,Returning,Apple Airpods,3,389.97
2026-01-13,WA,Returning,Asus Zenbook Pro Dual Screen Laptop,3,5399.97
2026-01-13,TX,New,Nescafe Coffee,3,23.97
2026-01-13,NY,Returning,Sports Sneakers Off White Red,2,219.98
2026-01-13,NY,Returning,Man Short Sleeve Shirt,2,39.98
2026-01-13,NY,Returning,Green Bell Pepper,3,3.87
2026-01-13,NY,Returning,Grater Black,3,32.97
2026-01-13,MO,Returning,Blue & Black Check Shirt,3,89.97
2026-01-13,MO,Returning,Nescafe Coffee,1,7.99
2026-01-13,TX,Returning,Amazon Echo Plus,1,99.99
2026-01-13,CA,VIP,Eyeshadow Palette with Mirror,2,39.98
2026-01-13,WA,New,Apple MacBook Pro 14 Inch Space Grey,3,5999.97
2026-01-13,WA,New,Microwave Oven,3,269.97
2026-01-13,IL,Returning,Milk,1,3.49
2026-01-13,IL,Returning,Wooden Rolling Pin,1,11.99
2026-01-13,IL,Returning,Fish Steak,2,29.98
2026-01-13,CA,Returning,Red Onions,2,3.98
2026-01-13,CA,Returning,Sports Sneakers Off White Red,1,109.99
2026-01-13,CA,Returning,Hand Blender,1,34.99
2026-01-13,WA,VIP,Ice Cream,1,5.49
2026-01-13,WA,VIP,Rice,3,17.97
2026-01-13,WA,VIP,Electric Stove,3,149.97
2026-01-13,WA,VIP,Nike Baseball Cleats,1,79.99
2026-01-13,WA,New,Plant Pot,3,44.97
2026-01-13,WA,New,Sports Sneakers Off White Red,3,329.97
2026-01-13,WA,New,Glass,3,14.97
2026-01-13,TX,Returning,Tissue Paper Box,2,4.98
2026-01-13,TX,Returning,Puma Future Rider Trainers,2,179.98
2026-01-13,TX,Returning,Chanel Coco Noir Eau De,3,389.97
2026-01-13,CA,Returning,Soft Drinks,3,5.97
2026-01-13,CA,Returning,Glass,1,4.99
2026-01-13,CA,Returning,Longines Master Collection,1,1499.99
2026-01-13,CA,Returning,Lunch Box,1,12.99
2026-01-13,FL,VIP,Black Whisk,3,29.97
2026-01-13,FL,VIP,Cooking Oil,3,14.97
2026-01-13,FL,VIP,Potatoes,2,4.58
2026-01-13,NY,New,Man Short Sleeve Shirt,1,19.99
2026-01-13,WA,VIP,Amazon Echo Plus,1,99.99
2026-01-13,WA,VIP,Beef Steak,2,25.98
2026-01-13,WA,VIP,Huawei Matebook X Pro,1,1399.99
2026-01-13,WA,VIP,Chopping Board,2,25.98
2026-01-13,WA,VIP,Dog Food,2,21.98
2026-01-13,WA,VIP,Knife,3,44.97
2026-01-13,WA,VIP,Asus Zenbook Pro Dual Screen Laptop,3,5399.97
2026-01-13,WA,VIP,Essence Mascara Lash Princess,1,9.99
2026-01-13,NY,Returning,Citrus Squeezer Yellow,2,17.98
2026-01-13,NY,Returning,House Showpiece Plant,3,119.97
2026-01-13,GA,VIP,Green Bell Pepper,1,1.29
2026-01-13,GA,VIP,Ice Cream,3,16.47
2026-01-13,FL,VIP,Lemon,3,2.37
2026-01-13,IL,Returning,Ice Cream,1,5.49
2026-01-13,IL,Returning,Black Aluminium Cup,1,5.99
2026-01-13,FL,New,Fork,1,3.99
2026-01-13,FL,New,Fish Steak,2,29.98
2026-01-13,TX,VIP,Boxed Blender,2,79.98
2026-01-13,TX,VIP,Longines Master Collection,3,4499.97
2026-01-13,TX,VIP,Red Tongs,2,13.98
2026-01-13,TX,VIP,Powder Canister,2,29.98
2026-01-13,MO,Returning,Eggs,2,5.98
2026-01-13,MO,Returning,Slotted Turner,2,17.98
2026-01-13,MO,Returning,Lenovo Yoga 920,2,2199.98
2026-01-13,MO,Returning,Green Bell Pepper,2,2.58
2026-01-13,NY,Returning,Rice,3,17.97
2026-01-13,NY,Returning,Silver Pot With Glass Cap,2,79.98
2026-01-13,NY,Returning,Essence Mascara Lash Princess,1,9.99
2026-01-13,NY,Returning,Rolex Cellini Date Black Dial,2,17999.98
2026-01-13,MO,VIP,Slotted Turner,2,17.98
2026-01-13,MO,VIP,Spice Rack,3,59.97
2026-01-13,MO,VIP,Gigabyte Aorus Men Tshirt,3,74.97
2026-01-13,MO,VIP,Microwave Oven,3,269.97
2026-01-13,GA,New,Mulberry,3,14.97
2026-01-13,GA,New,Rolex Cellini Moonphase,2,25999.98
2026-01-13,GA,New,Sports Sneakers Off White Red,1,109.99
2026-01-13,GA,New,Honey Jar,3,20.97
2026-01-14,FL,VIP,Yellow Peeler,1,5.99
2026-01-14,NY,Returning,Microwave Oven,1,89.99
2026-01-14,NY,Returning,Table Lamp,3,149.97
2026-01-14,NY,Returning,Chopping Board,2,25.98
2026-01-14,IL,Returning,Soft Drinks,2,3.98
2026-01-14,GA,New,Knoll Saarinen Executive Conference Chair,3,1499.97
2026-01-14,GA,New,Decoration Swing,3,179.97
2026-01-14,GA,New,Apple,3,5.97
2026-01-14,GA,New,Red Lipstick,3,38.97
2026-01-14,NY,VIP,Knoll Saarinen Executive Conference Chair,3,1499.97
2026-01-14,NY,VIP,Strawberry,2,7.98
2026-01-14,WA,Returning,Boxed Blender,2,79.98
2026-01-14,WA,Returning,Wooden Rolling Pin,1,11.99
2026-01-14,NY,VIP,Green Bell Pepper,2,2.58
2026-01-14,NY,VIP,Citrus Squeezer Yellow,3,26.97
2026-01-14,NY,VIP,Potatoes,3,6.87
2026-01-14,NY,VIP,Strawberry,1,3.99
2026-01-14,WA,New,Nescafe Coffee,3,23.97
2026-01-14,WA,New,Grater Black,1,10.99
2026-01-14,WA,New,Lenovo Yoga 920,2,2199.98
2026-01-14,WA,New,Rolex Datejust,2,21999.98
2026-01-14,MO,Returning,Plant Pot,3,44.97
2026-01-14,MO,Returning,Man Plaid Shirt,2,69.98
2026-01-14,MO,Returning,Gucci Bloom Eau de,3,239.97
2026-01-14,MO,Returning,Soft Drinks,3,5.97
2026-01-14,MO,Returning,Lemon,3,2.37
2026-01-14,TX,VIP,Mulberry,1,4.99
2026-01-14,TX,VIP,Rolex Cellini Moonphase,3,38999.97
2026-01-14,TX,VIP,Chicken Meat,2,19.98
2026-01-14,NY,VIP,Knife,2,29.98
2026-01-14,NY,VIP,Slotted Turner,3,26.97
2026-01-14,NY,VIP,Annibale Colombo Bed,1,1899.99
2026-01-14,FL,New,Puma Future Rider Trainers,2,179.98
2026-01-14,FL,VIP,Cat Food,1,8.99
2026-01-14,FL,VIP,Family Tree Photo Frame,1,29.99
2026-01-14,FL,VIP,New DELL XPS 13 9300 Laptop,2,2999.98
2026-01-14,FL,VIP,Apple Airpods,2,259.98
2026-01-14,GA,Returning,Sports Sneakers Off White Red,2,219.98
2026-01-14,IL,Returning,Nike Baseball Cleats,1,79.99
2026-01-14,IL,Returning,Cucumber,2,2.98
2026-01-14,IL,Returning,Sports Sneakers Off White Red,3,329.97
2026-01-14,WA,New,Sports Sneakers Off White & Red,3,359.97
2026-01-14,MO,New,Family Tree Photo Frame,3,89.97
2026-01-14,MO,New,Fine Mesh Strainer,2,19.98
2026-01-14,MO,New,Rice,2,11.98
2026-01-14,NY,New,Rolex Cellini Date Black Dial,1,8999.99
2026-01-14,NY,New,Lenovo Yoga 920,3,3299.97
2026-01-14,NY,New,Table Lamp,1,49.99
2026-01-14,NY,New,Apple Airpods,2,259.98
2026-01-14,WA,Returning,Sports Sneakers Off White Red,3,329.97
2026-01-14,GA,New,Longines Master Collection,2,2999.98
2026-01-14,NY,New,Cooking Oil,2,9.98
2026-01-14,NY,New,Rolex Cellini Moonphase,3,38999.97
2026-01-14,WA,Returning,Rice,1,5.99
2026-01-14,WA,Returning,Powder Canister,1,14.99
2026-01-14,WA,Returning,Hand Blender,1,34.99
2026-01-14,WA,Returning,Calvin Klein CK One,2,99.98
2026-01-14,CA,VIP,Red Lipstick,1,12.99
2026-01-14,CA,VIP,Dior J'adore,2,179.98
2026-01-14,CA,VIP,Water,1,0.99
2026-01-14,WA,New,Cat Food,1,8.99
2026-01-14,WA,New,Cooking Oil,3,14.97
2026-01-14,WA,New,Man Short Sleeve Shirt,3,59.97
2026-01-14,MO,New,Essence Mascara Lash Princess,3,29.97
2026-01-14,MO,New,Men Check Shirt,2,55.98
2026-01-14,FL,VIP,Chicken Meat,2,19.98
2026-01-14,FL,VIP,Eyeshadow Palette with Mirror,2,39.98
2026-01-14,FL,VIP,Knife,3,44.97
2026-01-14,TX,VIP,Mulberry,2,9.98
2026-01-14,TX,VIP,Spice Rack,3,59.97
2026-01-14,TX,VIP,Ice Cream,2,10.98
2026-01-14,TX,VIP,Electric Stove,2,99.98
2026-01-14,NY,New,Apple MacBook Pro 14 Inch Space Grey,2,3999.98
2026-01-14,NY,New,Asus Zenbook Pro Dual Screen Laptop,3,5399.97
2026-01-14,GA,VIP,Black Aluminium Cup,3,17.97
2026-01-14,GA,VIP,Hand Blender,2,69.98
2026-01-14,GA,VIP,Beef Steak,1,12.99
2026-01-14,GA,VIP,Apple Airpods,2,259.98
2026-01-14,FL,New,Rolex Datejust,1,10999.99
2026-01-14,FL,New,Tissue Paper Box,3,7.47
2026-01-14,FL,New,Blue & Black Check Shirt,3,89.97
2026-01-14,FL,New,New DELL XPS 13 9300 Laptop,3,4499.97
2026-01-14,FL,VIP,Soft Drinks,3,5.97
2026-01-14,FL,VIP,Nike Baseball Cleats,1,79.99
2026-01-14,FL,VIP,Longines Master Collection,1,1499.99
2026-01-14,TX,VIP,Lemon,3,2.37
2026-01-14,TX,VIP,Dolce Shine Eau de,3,209.97
2026-01-14,TX,VIP,Soft Drinks,3,5.97
2026-01-14,TX,VIP,Green Chili Pepper,3,2.97
2026-01-14,NY,VIP,Strawberry,1,3.99
2026-01-14,NY,VIP,Dog Food,1,10.99
2026-01-14,FL,Returning,Red Tongs,2,13.98
2026-01-14,FL,Returning,Knife,3,44.97
2026-01-14,FL,Returning,Red Onions,3,5.97
2026-01-14,CA,Returning,Gigabyte Aorus Men Tshirt,3,74.97
2026-01-15,MO,VIP,Grater Black,1,10.99
2026-01-15,MO,VIP,Potatoes,1,2.29
2026-01-15,FL,Returning,Rolex Cellini Moonphase,2,25999.98
2026-01-15,TX,New,Egg Slicer,2,13.98
2026-01-15,TX,New,Cooking Oil,3,14.97
2026-01-15,FL,Returning,Blue & Black Check Shirt,2,59.98
2026-01-15,FL,Returning,Kiwi,3,7.47
2026-01-15,FL,Returning,Fork,3,11.97
2026-01-15,MO,Returning,Strawberry,3,11.97
2026-01-15,MO,Returning,Cooking Oil,1,4.99
2026-01-15,MO,Returning,Longines Master Collection,1,1499.99
2026-01-15,MO,Returning,Electric Stove,2,99.98
2026-01-15,FL,New,Nescafe Coffee,1,7.99
2026-01-15,FL,New,Eggs,3,8.97
2026-01-15,FL,New,Mug Tree Stand,2,31.98
2026-01-15,FL,New,Ice Cream,3,16.47
2026-01-15,FL,New,Family Tree Photo Frame,3,89.97
2026-01-15,FL,New,Longines Master Collection,2,2999.98
2026-01-15,FL,New,Rolex Cellini Moonphase,1,12999.99
2026-01-15,FL,New,Plant Pot,3,44.97
2026-01-15,CA,New,Wooden Rolling Pin,1,11.99
2026-01-15,CA,New,Tray,1,16.99
2026-01-15,FL,Returning,Electric Stove,1,49.99
2026-01-15,FL,Returning,Silver Pot With Glass Cap,2,79.98
2026-01-15,CA,VIP,Dog Food,2,21.98
2026-01-15,TX,VIP,Lunch Box,3,38.97
2026-01-15,TX,VIP,Gigabyte Aorus Men Tshirt,3,74.97
2026-01-15,TX,VIP,Apple,2,3.98
2026-01-15,TX,VIP,Cooking Oil,2,9.98
2026-01-15,TX,Returning,Cucumber,3,4.47
2026-01-15,TX,Returning,Chicken Meat,1,9.99
2026-01-15,NY,Returning,Red Onions,2,3.98
2026-01-15,TX,Returning,Asus Zenbook Pro Dual Screen Laptop,1,1799.99
2026-01-15,TX,Returning,Fine Mesh Strainer,2,19.98
2026-01-15,IL,Returning,Nike Air Jordan 1 Red And Black,3,449.97
2026-01-15,IL,Returning,Ice Cream,2,10.98
2026-01-15,GA,New,Silver Pot With Glass Cap,2,79.98
2026-01-15,GA,New,Yellow Peeler,1,5.99
2026-01-15,GA,New,Annibale Colombo Sofa,1,2499.99
2026-01-15,MO,Returning,Lemon,1,0.79
2026-01-15,MO,VIP,Black Whisk,3,29.97
2026-01-15,MO,VIP,Citrus Squeezer Yellow,1,8.99
2026-01-15,MO,VIP,Rolex Cellini Date Black Dial,2,17999.98
2026-01-15,WA,New,Nescafe Coffee,2,15.98
2026-01-15,WA,New,Water,3,2.97
2026-01-15,WA,New,Mulberry,1,4.99
2026-01-15,NY,Returning,Lunch Box,3,38.97
2026-01-15,NY,Returning,Ice Cream,1,5.49
2026-01-15,CA,Returning,Knoll Saarinen Executive Conference Chair,1,499.99
2026-01-15,CA,Returning,Soft Drinks,2,3.98
2026-01-15,CA,Returning,Yellow Peeler,2,11.98
2026-01-15,IL,New,Sports Sneakers Off White Red,1,109.99
2026-01-15,IL,New,Dolce Shine Eau de,1,69.99
2026-01-16,GA,New,Rolex Datejust,1,10999.99
2026-01-16,TX,VIP,Gucci Bloom Eau de,2,159.98
2026-01-16,NY,New,Rolex Datejust,2,21999.98
2026-01-16,NY,New,Table Lamp,1,49.99
2026-01-16,MO,New,Wooden Rolling Pin,3,35.97
2026-01-16,CA,New,Plate,1,3.99
2026-01-16,MO,VIP,Men Check Shirt,3,83.97
2026-01-16,MO,VIP,Ice Cream,3,16.47
2026-01-16,MO,VIP,Knoll Saarinen Executive Conference Chair,2,999.98
2026-01-16,MO,VIP,Chopping Board,3,38.97
2026-01-16,TX,New,Dog Food,3,32.97
2026-01-16,TX,New,Annibale Colombo Bed,1,1899.99
2026-01-16,TX,New,Honey Jar,3,20.97
2026-01-16,TX,New,Plate,2,7.98
2026-01-16,MO,VIP,Citrus Squeezer Yellow,2,17.98
2026-01-16,MO,VIP,Grater Black,2,21.98
2026-01-16,MO,VIP,Fork,1,3.99
2026-01-16,NY,Returning,Cat Food,1,8.99
2026-01-16,NY,Returning,Nescafe Coffee,2,15.98
2026-01-16,NY,Returning,Rolex Datejust,3,32999.97
2026-01-16,NY,Returning,Lenovo Yoga 920,3,3299.97
2026-01-16,IL,New,Wooden Rolling Pin,2,23.98
2026-01-16,IL,New,Microwave Oven,3,269.97
2026-01-16,FL,New,Potatoes,1,2.29
2026-01-16,FL,New,Yellow Peeler,2,11.98
2026-01-16,FL,New,Hand Blender,1,34.99
2026-01-16,FL,Returning,Ice Cream,2,10.98
2026-01-16,FL,Returning,Apple,2,3.98
2026-01-16,FL,Returning,Strawberry,1,3.99
2026-01-16,WA,New,Gucci Bloom Eau de,3,239.97
2026-01-16,WA,New,Man Plaid Shirt,1,34.99
2026-01-16,WA,New,Cat Food,1,8.99
2026-01-16,WA,Returning,Rolex Cellini Moonphase,2,25999.98
2026-01-16,WA,Returning,Black Whisk,1,9.99
2026-01-16,WA,VIP,Mulberry,1,4.99
2026-01-16,WA,VIP,Green Bell Pepper,3,3.87
2026-01-16,WA,VIP,Carbon Steel Wok,3,89.97
2026-01-16,NY,Returning,New DELL XPS 13 9300 Laptop,2,2999.98
2026-01-16,FL,Returning,Nike Air Jordan 1 Red And Black,3,449.97
2026-01-16,FL,Returning,Spice Rack,2,39.98
2026-01-16,FL,Returning,Kiwi,3,7.47
2026-01-16,WA,VIP,Amazon Echo Plus,1,99.99
2026-01-16,MO,VIP,Kiwi,1,2.49
2026-01-16,MO,VIP,Black Whisk,3,29.97
2026-01-16,MO,VIP,Cat Food,2,17.98
2026-01-16,MO,VIP,Citrus Squeezer Yellow,2,17.98
2026-01-16,TX,Returning,Annibale Colombo Sofa,3,7499.97
2026-01-16,CA,VIP,Egg Slicer,3,20.97
2026-01-16,CA,VIP,Apple MacBook Pro 14 Inch Space Grey,1,1999.99
2026-01-16,GA,New,Table Lamp,1,49.99
2026-01-16,GA,New,Glass,3,14.97
2026-01-16,WA,VIP,Egg Slicer,2,13.98
2026-01-16,WA,VIP,Table Lamp,1,49.99
2026-01-16,WA,VIP,Wooden Rolling Pin,1,11.99
2026-01-16,FL,Returning,Fish Steak,2,29.98
2026-01-16,FL,Returning,Chicken Meat,1,9.99
2026-01-16,WA,VIP,Electric Stove,2,99.98
2026-01-16,WA,VIP,House Showpiece Plant,2,79.98
2026-01-16,WA,Returning,Nescafe Coffee,2,15.98
2026-01-16,WA,Returning,Men Check Shirt,1,27.99
2026-01-16,WA,Returning,Apple Airpods,1,129.99
2026-01-16,WA,VIP,Microwave Oven,2,179.98
2026-01-16,WA,VIP,Milk,3,10.47
2026-01-16,WA,VIP,Red Tongs,1,6.99
2026-01-16,WA,VIP,Yellow Peeler,2,11.98
2026-01-16,MO,VIP,Spice Rack,3,59.97
2026-01-16,WA,Returning,Black Whisk,2,19.98
2026-01-16,WA,Returning,Rolex Datejust,2,21999.98
2026-01-16,WA,Returning,Lunch Box,1,12.99
2026-01-16,WA,Returning,Knoll Saarinen Executive Conference Chair,3,1499.97
2026-01-16,FL,Returning,Man Short Sleeve Shirt,1,19.99
2026-01-16,FL,Returning,Annibale Colombo Sofa,2,4999.98
2026-01-16,FL,Returning,Black Aluminium Cup,2,11.98
2026-01-16,NY,Returning,Eggs,1,2.99
2026-01-16,NY,Returning,Soft Drinks,2,3.98
2026-01-16,NY,Returning,Egg Slicer,2,13.98
2026-01-16,NY,Returning,Tissue Paper Box,3,7.47
2026-01-16,FL,VIP,Annibale Colombo Sofa,1,2499.99
2026-01-16,FL,VIP,Asus Zenbook Pro Dual Screen Laptop,1,1799.99
2026-01-16,FL,VIP,Lemon,1,0.79
2026-01-16,FL,VIP,Brown Leather Belt Watch,1,89.99
2026-01-16,IL,New,Longines Master Collection,1,1499.99
2026-01-16,IL,New,Lemon,3,2.37
2026-01-16,IL,New,Boxed Blender,1,39.99
2026-01-16,GA,New,Red Lipstick,3,38.97
2026-01-16,GA,New,Ice Cream,1,5.49
2026-01-16,GA,New,Gigabyte Aorus Men Tshirt,3,74.97
2026-01-16,TX,VIP,Red Lipstick,1,12.99
2026-01-16,TX,VIP,Glass,2,9.98
2026-01-16,MO,New,Green Chili Pepper,2,1.98
2026-01-16,TX,New,Lemon,2,1.58
2026-01-16,NY,New,Apple Airpods,3,389.97
2026-01-16,MO,Returning,Black Aluminium Cup,2,11.98
2026-01-16,MO,New,Mug Tree Stand,1,15.99
2026-01-16,IL,New,Nike Air Jordan 1 Red And Black,3,449.97
2026-01-16,IL,New,Egg Slicer,2,13.98
2026-01-16,IL,New,Bamboo Spatula,2,15.98
2026-01-16,IL,New,Plate,1,3.99
2026-01-16,TX,VIP,Lunch Box,1,12.99
2026-01-16,WA,Returning,Hand Blender,2,69.98
2026-01-16,WA,Returning,Dog Food,3,32.97
2026-01-16,WA,Returning,Glass,3,14.97
2026-01-16,WA,Returning,Gucci Bloom Eau de,3,239.97
2026-01-16,NY,Returning,Soft Drinks,2,3.98
2026-01-16,NY,Returning,Silver Pot With Glass Cap,1,39.99
2026-01-16,NY,Returning,Grater Black,3,32.97
2026-01-16,WA,VIP,Dolce Shine Eau de,1,69.99
2026-01-16,NY,New,Bedside Table African Cherry,1,299.99
2026-01-16,NY,New,Soft Drinks,3,5.97
2026-01-16,GA,New,House Showpiece Plant,3,119.97
2026-01-16,GA,New,Calvin Klein CK One,1,49.99
2026-01-16,GA,New,Dog Food,1,10.99
2026-01-16,GA,New,House Showpiece Plant,1,39.99
2026-01-16,GA,New,Mug Tree Stand,3,47.97
2026-01-16,MO,VIP,Lenovo Yoga 920,1,1099.99
2026-01-16,MO,VIP,Electric Stove,3,149.97
2026-01-16,MO,VIP,Boxed Blender,2,79.98
2026-01-16,IL,New,Kitchen Sieve,1,7.99
2026-01-16,IL,New,Wooden Bathroom Sink With Mirror,3,2399.97
2026-01-16,GA,Returning,Table Lamp,1,49.99
2026-01-16,CA,Returning,Sports Sneakers Off White & Red,1,119.99
2026-01-16,CA,Returning,Decoration Swing,1,59.99
2026-01-16,CA,Returning,Apple MacBook Pro 14 Inch Space Grey,2,3999.98
2026-01-16,CA,Returning,Honey Jar,2,13.98
2026-01-16,CA,Returning,Family Tree Photo Frame,1,29.99
2026-01-16,CA,VIP,Fish Steak,2,29.98
2026-01-16,CA,VIP,Red Nail Polish,1,8.99
2026-01-16,CA,VIP,Spoon,2,9.98
2026-01-16,CA,VIP,Electric Stove,1,49.99
2026-01-16,NY,Returning,Green Chili Pepper,1,0.99
2026-01-16,NY,Returning,Plate,2,7.98
2026-01-16,NY,Returning,Black Aluminium Cup,1,5.99
2026-01-16,NY,Returning,Sports Sneakers Off White Red,3,329.97
2026-01-16,WA,VIP,Grater Black,1,10.99
2026-01-16,WA,VIP,Puma Future Rider Trainers,2,179.98
2026-01-16,WA,VIP,Asus Zenbook Pro Dual Screen Laptop,1,1799.99
2026-01-16,WA,VIP,Honey Jar,2,13.98
2026-01-16,MO,Returning,Lenovo Yoga 920,3,3299.97
2026-01-16,MO,Returning,Kitchen Sieve,3,23.97
2026-01-16,IL,VIP,Dog Food,2,21.98
2026-01-16,IL,VIP,Water,3,2.97
2026-01-16,MO,New,Brown Leather Belt Watch,1,89.99
2026-01-16,IL,New,Cucumber,1,1.49
2026-01-17,MO,VIP,Fine Mesh Strainer,2,19.98
2026-01-17,MO,VIP,Black Aluminium Cup,1,5.99
2026-01-17,MO,VIP,Asus Zenbook Pro Dual Screen Laptop,1,1799.99
2026-01-17,MO,VIP,Apple Airpods,3,389.97
2026-01-17,WA,Returning,Sports Sneakers Off White & Red,1,119.99
2026-01-17,MO,New,Fine Mesh Strainer,1,9.99
2026-01-17,MO,New,Microwave Oven,1,89.99
2026-01-17,MO,New,Nike Baseball Cleats,1,79.99
2026-01-17,MO,New,Red Onions,1,1.99
2026-01-17,WA,VIP,Huawei Matebook X Pro,3,4199.97
2026-01-17,WA,VIP,Grater Black,2,21.98
2026-01-17,IL,VIP,Lemon,3,2.37
2026-01-17,IL,VIP,Amazon Echo Plus,2,199.98
2026-01-17,CA,New,Lenovo Yoga 920,2,2199.98
2026-01-17,CA,New,Citrus Squeezer Yellow,2,17.98
2026-01-17,CA,New,Plate,2,7.98
2026-01-17,CA,New,Water,1,0.99
2026-01-17,CA,VIP,Gigabyte Aorus Men Tshirt,3,74.97
2026-01-17,CA,New,Microwave Oven,3,269.97
2026-01-17,MO,Returning,Milk,3,10.47
2026-01-17,MO,Returning,Black Whisk,2,19.98
2026-01-17,GA,New,Huawei Matebook X Pro,2,2799.98
2026-01-17,GA,New,Asus Zenbook Pro Dual Screen Laptop,1,1799.99
2026-01-17,GA,New,Apple MacBook Pro 14 Inch Space Grey,1,1999.99
2026-01-17,GA,New,Rolex Cellini Date Black Dial,1,8999.99
2026-01-17,CA,New,Plant Pot,3,44.97
2026-01-17,CA,New,Wooden Bathroom Sink With Mirror,1,799.99
2026-01-17,CA,New,Green Chili Pepper,1,0.99
2026-01-17,IL,New,Strawberry,3,11.97
2026-01-17,MO,New,Pan,1,24.99
2026-01-17,WA,VIP,Red Nail Polish,3,26.97
2026-01-17,WA,VIP,Brown Leather Belt Watch,1,89.99
2026-01-17,CA,Returning,Rice,3,17.97
2026-01-17,CA,Returning,Table Lamp,3,149.97
2026-01-17,CA,Returning,Dolce Shine Eau de,2,139.98
2026-01-17,GA,New,Red Nail Polish,1,8.99
2026-01-17,GA,New,Ice Cream,2,10.98
2026-01-17,GA,New,Mulberry,1,4.99
2026-01-17,NY,Returning,Green Chili Pepper,1,0.99
2026-01-17,TX,Returning,Fish Steak,1,14.99
2026-01-17,TX,Returning,Potatoes,3,6.87
2026-01-17,TX,Returning,Mug Tree Stand,3,47.97
2026-01-17,MO,New,Chanel Coco Noir Eau De,1,129.99
2026-01-17,MO,New,Puma Future Rider Trainers,1,89.99
2026-01-17,NY,VIP,Calvin Klein CK One,3,149.97
2026-01-17,NY,VIP,Annibale Colombo Bed,3,5699.97
2026-01-17,NY,New,Ice Cube Tray,2,11.98
2026-01-17,NY,New,Black Aluminium Cup,2,11.98
2026-01-17,NY,New,Huawei Matebook X Pro,2,2799.98
2026-01-17,FL,VIP,Citrus Squeezer Yellow,1,8.99
2026-01-17,FL,VIP,Strawberry,2,7.98
2026-01-17,FL,VIP,Puma Future Rider Trainers,1,89.99
2026-01-17,MO,VIP,Yellow Peeler,1,5.99
2026-01-17,MO,VIP,Apple MacBook Pro 14 Inch Space Grey,3,5999.97
2026-01-17,MO,VIP,Gigabyte Aorus Men Tshirt,2,49.98
2026-01-17,MO,VIP,Glass,2,9.98
2026-01-17,MO,VIP,Family Tree Photo Frame,2,59.98
2026-01-17,MO,VIP,Tissue Paper Box,3,7.47
2026-01-17,MO,VIP,Rolex Datejust,1,10999.99
2026-01-17,MO,VIP,Annibale Colombo Sofa,1,2499.99
2026-01-17,NY,New,Nike Air Jordan 1 Red And Black,3,449.97
2026-01-17,MO,New,Lenovo Yoga 920,3,3299.97
2026-01-17,MO,New,Blue & Black Check Shirt,1,29.99
2026-01-17,MO,New,Microwave Oven,3,269.97
2026-01-17,MO,Returning,Eyeshadow Palette with Mirror,2,39.98
2026-01-17,MO,Returning,Electric Stove,2,99.98
2026-01-17,IL,VIP,Annibale Colombo Bed,1,1899.99
2026-01-17,IL,VIP,Fish Steak,1,14.99
2026-01-17,TX,VIP,Eyeshadow Palette with Mirror,3,59.97
2026-01-17,TX,VIP,Knife,2,29.98
2026-01-17,TX,VIP,Huawei Matebook X Pro,2,2799.98
2026-01-17,NY,New,Plant Pot,1,14.99
2026-01-17,NY,New,Slotted Turner,1,8.99
2026-01-17,WA,Returning,Bamboo Spatula,3,23.97
2026-01-17,WA,Returning,Calvin Klein CK One,2,99.98
2026-01-17,MO,Returning,Bedside Table African Cherry,3,899.97
2026-01-17,NY,New,Protein Powder,1,19.99
2026-01-17,NY,New,Lemon,1,0.79
2026-01-17,NY,New,Mug Tree Stand,1,15.99
2026-01-17,CA,Returning,Apple MacBook Pro 14 Inch Space Grey,3,5999.97
2026-01-17,CA,Returning,Kitchen Sieve,3,23.97
2026-01-17,CA,Returning,Longines Master Collection,1,1499.99
2026-01-17,CA,Returning,Bamboo Spatula,1,7.99
2026-01-17,CA,Returning,Spice Rack,1,19.99
2026-01-17,CA,Returning,Honey Jar,3,20.97
2026-01-17,CA,Returning,Huawei Matebook X Pro,3,4199.97
2026-01-17,WA,New,Rolex Cellini Moonphase,3,38999.97
2026-01-17,MO,Returning,Decoration Swing,2,119.98
2026-01-17,MO,Returning,Boxed Blender,1,39.99
2026-01-17,CA,New,Black Whisk,1,9.99
2026-01-17,CA,New,Red Lipstick,2,25.98
2026-01-17,IL,Returning,Sports Sneakers Off White Red,3,329.97
2026-01-17,IL,Returning,Mug Tree Stand,2,31.98
2026-01-17,IL,Returning,Black Whisk,2,19.98
2026-01-17,IL,Returning,Beef Steak,1,12.99
2026-01-17,WA,Returning,Plate,1,3.99
2026-01-17,NY,New,Plant Pot,2,29.98
2026-01-17,NY,New,Ice Cream,1,5.49
2026-01-17,NY,New,Wooden Rolling Pin,1,11.99
2026-01-17,NY,New,Eyeshadow Palette with Mirror,1,19.99
2026-01-18,TX,Returning,Yellow Peeler,3,17.97
2026-01-18,TX,Returning,Silver Pot With Glass Cap,2,79.98
2026-01-18,TX,Returning,Wooden Bathroom Sink With Mirror,1,799.99
2026-01-18,GA,VIP,Family Tree Photo Frame,3,89.97
2026-01-18,GA,VIP,Longines Master Collection,1,1499.99
2026-01-18,GA,VIP,Gigabyte Aorus Men Tshirt,1,24.99
2026-01-18,GA,VIP,Hand Blender,1,34.99
2026-01-18,IL,VIP,Lunch Box,1,12.99
2026-01-18,IL,VIP,House Showpiece Plant,2,79.98
2026-01-18,IL,VIP,Grater Black,3,32.97
2026-01-18,IL,VIP,Milk,2,6.98
2026-01-18,FL,VIP,Sports Sneakers Off White & Red,3,359.97
2026-01-18,TX,Returning,Huawei Matebook X Pro,3,4199.97
2026-01-18,NY,New,Nescafe Coffee,2,15.98
2026-01-18,NY,New,Carbon Steel Wok,2,59.98
2026-01-18,TX,VIP,Rice,3,17.97
2026-01-18,TX,Returning,Pan,1,24.99
2026-01-18,MO,New,Lenovo Yoga 920,1,1099.99
2026-01-18,MO,New,Beef Steak,2,25.98
2026-01-18,MO,New,Eggs,2,5.98
2026-01-18,WA,VIP,Lemon,1,0.79
2026-01-18,WA,VIP,Dolce Shine Eau de,1,69.99
2026-01-18,WA,VIP,Soft Drinks,1,1.99
2026-01-18,WA,VIP,Ice Cream,2,10.98
2026-01-18,NY,Returning,Glass,3,14.97
2026-01-18,NY,Returning,Plate,3,11.97
2026-01-18,NY,Returning,Ice Cube Tray,1,5.99
2026-01-18,WA,New,Red Onions,1,1.99
2026-01-18,TX,New,Eggs,3,8.97
2026-01-18,TX,New,Brown Leather Belt Watch,1,89.99
2026-01-18,TX,New,Dior J'adore,1,89.99
2026-01-18,TX,Returning,Annibale Colombo Sofa,1,2499.99
2026-01-18,TX,Returning,Rolex Datejust,2,21999.98
2026-01-18,TX,Returning,Mug Tree Stand,1,15.99
2026-01-18,NY,VIP,Dog Food,3,32.97
2026-01-18,NY,VIP,Honey Jar,2,13.98
2026-01-18,CA,VIP,Soft Drinks,1,1.99
2026-01-18,CA,VIP,Nike Baseball Cleats,1,79.99
2026-01-18,WA,Returning,Strawberry,1,3.99
2026-01-18,FL,Returning,Red Tongs,3,20.97
2026-01-18,TX,VIP,Decoration Swing,1,59.99
2026-01-18,TX,VIP,Silver Pot With Glass Cap,2,79.98
2026-01-18,GA,VIP,Citrus Squeezer Yellow,1,8.99
2026-01-18,GA,VIP,Wooden Rolling Pin,2,23.98
2026-01-18,GA,VIP,Mug Tree Stand,3,47.97
2026-01-18,GA,VIP,Pan,2,49.98
2026-01-18,WA,Returning,House Showpiece Plant,1,39.99
2026-01-18,TX,Returning,Kitchen Sieve,3,23.97
2026-01-18,TX,Returning,Annibale Colombo Bed,2,3799.98
2026-01-18,GA,VIP,Cat Food,2,17.98
2026-01-18,GA,VIP,Blue & Black Check Shirt,2,59.98
2026-01-18,GA,VIP,Microwave Oven,2,179.98
2026-01-18,GA,VIP,Chanel Coco Noir Eau De,2,259.98
2026-01-18,WA,Returning,Honey Jar,1,6.99
2026-01-18,WA,Returning,Puma Future Rider Trainers,3,269.97
2026-01-19,GA,New,Nike Baseball Cleats,1,79.99
2026-01-19,GA,New,Black Aluminium Cup,1,5.99
2026-01-19,GA,New,Chopping Board,1,12.99
2026-01-19,GA,New,House Showpiece Plant,1,39.99
2026-01-19,IL,Returning,Green Chili Pepper,1,0.99
2026-01-19,IL,Returning,Fish Steak,1,14.99
2026-01-19,IL,Returning,Amazon Echo Plus,2,199.98
2026-01-19,CA,Returning,Puma Future Rider Trainers,3,269.97
2026-01-19,CA,Returning,Gucci Bloom Eau de,3,239.97
2026-01-19,CA,Returning,Bedside Table African Cherry,1,299.99
2026-01-19,CA,Returning,Huawei Matebook X Pro,3,4199.97
2026-01-19,TX,Returning,Fine Mesh Strainer,3,29.97
2026-01-19,CA,VIP,Nike Baseball Cleats,1,79.99
2026-01-19,CA,VIP,Spoon,1,4.99
2026-01-19,CA,VIP,Black Whisk,1,9.99
2026-01-19,NY,VIP,Rolex Submariner Watch,1,13999.99
2026-01-19,NY,VIP,Grater Black,3,32.97
2026-01-19,NY,VIP,Electric Stove,1,49.99
2026-01-19,NY,VIP,Cucumber,3,4.47
2026-01-19,FL,New,Decoration Swing,2,119.98
2026-01-19,FL,New,Green Bell Pepper,3,3.87
2026-01-19,FL,New,Tissue Paper Box,1,2.49
2026-01-19,FL,New,Fork,2,7.98
2026-01-19,WA,VIP,Black Aluminium Cup,2,11.98
2026-01-19,WA,VIP,Glass,1,4.99
2026-01-19,WA,VIP,Rolex Submariner Watch,3,41999.97
2026-01-19,GA,Returning,Man Plaid Shirt,1,34.99
2026-01-19,GA,Returning,Apple,3,5.97
2026-01-19,GA,Returning,New DELL XPS 13 9300 Laptop,3,4499.97
2026-01-19,GA,Returning,Fork,1,3.99
2026-01-19,WA,Returning,Apple,2,3.98
2026-01-19,TX,Returning,Red Tongs,3,20.97
2026-01-19,TX,Returning,Sports Sneakers Off White Red,3,329.97
2026-01-19,WA,New,Essence Mascara Lash Princess,3,29.97
2026-01-19,WA,New,Milk,3,10.47
2026-01-19,WA,New,Electric Stove,1,49.99
2026-01-19,FL,VIP,Spice Rack,3,59.97
2026-01-19,GA,New,Beef Steak,1,12.99
2026-01-19,GA,New,Blue & Black Check Shirt,2,59.98
2026-01-19,GA,New,Cat Food,1,8.99
2026-01-19,CA,New,Nike Baseball Cleats,1,79.99
2026-01-19,NY,New,Pan,3,74.97
2026-01-19,NY,New,Rolex Cellini Date Black Dial,3,26999.97
2026-01-19,CA,VIP,Citrus Squeezer Yellow,1,8.99
2026-01-19,TX,Returning,Mulberry,1,4.99
2026-01-19,TX,Returning,Citrus Squeezer Yellow,2,17.98
2026-01-19,TX,Returning,Red Lipstick,2,25.98
2026-01-19,TX,Returning,Ice Cube Tray,2,11.98
2026-01-19,GA,VIP,Dolce Shine Eau de,2,139.98
2026-01-19,FL,VIP,Calvin Klein CK One,3,149.97
2026-01-19,FL,VIP,Protein Powder,3,59.97
2026-01-19,FL,VIP,Rolex Datejust,2,21999.98
2026-01-19,FL,VIP,Knife,1,14.99
2026-01-19,GA,VIP,Brown Leather Belt Watch,1,89.99
2026-01-19,GA,VIP,House Showpiece Plant,1,39.99
2026-01-19,GA,VIP,Wooden Bathroom Sink With Mirror,3,2399.97
2026-01-19,IL,VIP,Men Check Shirt,3,83.97
2026-01-19,IL,VIP,Rolex Submariner Watch,1,13999.99
2026-01-19,IL,VIP,Nike Baseball Cleats,1,79.99
2026-01-19,IL,VIP,Lunch Box,3,38.97
2026-01-19,WA,Returning,Spice Rack,1,19.99
2026-01-19,WA,Returning,Red Onions,2,3.98
2026-01-19,WA,Returning,Annibale Colombo Sofa,3,7499.97
2026-01-19,WA,Returning,Slotted Turner,3,26.97
2026-01-19,NY,Returning,Powder Canister,3,44.97
2026-01-19,NY,Returning,Potatoes,1,2.29
2026-01-19,NY,Returning,Man Plaid Shirt,1,34.99
2026-01-19,MO,Returning,Puma Future Rider Trainers,1,89.99
2026-01-19,MO,Returning,Beef Steak,3,38.97
2026-01-19,MO,Returning,Slotted Turner,2,17.98
2026-01-19,MO,Returning,Green Chili Pepper,3,2.97
2026-01-19,MO,New,Grater Black,2,21.98
2026-01-19,MO,New,Cooking Oil,2,9.98
2026-01-19,MO,New,Lunch Box,2,25.98
2026-01-19,MO,New,Kitchen Sieve,1,7.99
2026-01-19,GA,VIP,Man Plaid Shirt,1,34.99
2026-01-19,GA,VIP,Rolex Submariner Watch,3,41999.97
2026-01-19,GA,VIP,Ice Cube Tray,2,11.98
2026-01-19,GA,VIP,Lenovo Yoga 920,3,3299.97
2026-01-19,CA,VIP,Man Short Sleeve Shirt,3,59.97
2026-01-19,CA,VIP,Essence Mascara Lash Princess,1,9.99
2026-01-19,CA,VIP,Gucci Bloom Eau de,3,239.97
2026-01-19,CA,VIP,Red Tongs,2,13.98
2026-01-19,NY,VIP,Nescafe Coffee,1,7.99
2026-01-19,NY,VIP,Mug Tree Stand,2,31.98
2026-01-19,GA,New,Chanel Coco Noir Eau De,2,259.98
2026-01-19,WA,Returning,Black Aluminium Cup,2,11.98
2026-01-19,IL,VIP,Kitchen Sieve,3,23.97
2026-01-19,IL,VIP,Tray,2,33.98
2026-01-19,IL,VIP,Slotted Turner,1,8.99
2026-01-19,IL,VIP,Cat Food,3,26.97
2026-01-19,GA,VIP,Amazon Echo Plus,1,99.99
2026-01-19,GA,VIP,Black Whisk,2,19.98
2026-01-19,GA,VIP,Cooking Oil,3,14.97
2026-01-19,TX,VIP,Microwave Oven,1,89.99
2026-01-19,TX,VIP,Rice,1,5.99
2026-01-19,CA,New,Microwave Oven,1,89.99
2026-01-19,CA,New,Beef Steak,3,38.97
2026-01-19,NY,New,Protein Powder,2,39.98
2026-01-19,NY,New,Essence Mascara Lash Princess,1,9.99
2026-01-19,NY,New,Knife,1,14.99
2026-01-19,NY,New,Citrus Squeezer Yellow,2,17.98
2026-01-19,NY,New,Longines Master Collection,3,4499.97
2026-01-19,TX,Returning,Potatoes,2,4.58
2026-01-19,TX,Returning,Apple Airpods,1,129.99
2026-01-19,IL,New,Green Chili Pepper,3,2.97
2026-01-19,IL,New,Milk,3,10.47
2026-01-19,IL,New,Rice,1,5.99
2026-01-19,IL,New,Man Short Sleeve Shirt,1,19.99
2026-01-19,CA,VIP,Family Tree Photo Frame,2,59.98
2026-01-19,GA,New,Boxed Blender,1,39.99
2026-01-19,MO,New,Glass,1,4.99
2026-01-19,IL,New,Brown Leather Belt Watch,3,269.97
2026-01-19,IL,New,Mulberry,2,9.98
2026-01-19,NY,New,Honey Jar,2,13.98
2026-01-19,NY,New,Tray,2,33.98
2026-01-19,IL,Returning,Citrus Squeezer Yellow,3,26.97
2026-01-19,IL,Returning,Yellow Peeler,2,11.98
2026-01-19,IL,Returning,Rolex Cellini Date Black Dial,2,17999.98
2026-01-19,IL,Returning,Red Onions,3,5.97
2026-01-19,GA,New,Mug Tree Stand,2,31.98
2026-01-19,GA,New,Boxed Blender,3,119.97
2026-01-19,NY,New,Hand Blender,2,69.98
2026-01-19,NY,New,Mulberry,2,9.98
2026-01-19,GA,Returning,Strawberry,3,11.97
2026-01-19,GA,Returning,Chanel Coco Noir Eau De,2,259.98
2026-01-19,GA,Returning,Potatoes,3,6.87
2026-01-19,GA,Returning,Tissue Paper Box,3,7.47
2026-01-19,FL,VIP,Eggs,1,2.99
2026-01-19,FL,VIP,Powder Canister,2,29.98
2026-01-19,CA,VIP,Silver Pot With Glass Cap,3,119.97
2026-01-19,CA,VIP,Egg Slicer,1,6.99
2026-01-19,CA,VIP,Sports Sneakers Off White Red,2,219.98
2026-01-19,CA,VIP,Longines Master Collection,2,2999.98
2026-01-19,NY,New,Puma Future Rider Trainers,1,89.99
2026-01-19,NY,VIP,Family Tree Photo Frame,1,29.99
2026-01-19,NY,VIP,Strawberry,1,3.99
2026-01-19,MO,New,Soft Drinks,2,3.98
2026-01-19,MO,New,Honey Jar,1,6.99
2026-01-19,MO,New,Chopping Board,2,25.98
2026-01-19,NY,Returning,Knife,1,14.99
2026-01-19,NY,Returning,Kiwi,1,2.49
2026-01-19,FL,Returning,Knife,2,29.98
2026-01-19,MO,New,Chicken Meat,2,19.98
2026-01-19,MO,New,Nike Baseball Cleats,1,79.99
2026-01-19,MO,VIP,Spice Rack,1,19.99
2026-01-19,MO,VIP,Cucumber,1,1.49
2026-01-19,MO,New,Microwave Oven,3,269.97
2026-01-19,MO,New,Silver Pot With Glass Cap,3,119.97
2026-01-19,MO,New,Lemon,2,1.58
2026-01-19,MO,New,Glass,1,4.99
2026-01-19,TX,VIP,Knoll Saarinen Executive Conference Chair,3,1499.97
2026-01-19,TX,VIP,Fork,2,7.98
2026-01-19,IL,New,Apple Airpods,2,259.98
2026-01-19,IL,New,Man Short Sleeve Shirt,2,39.98
2026-01-19,IL,New,Wooden Bathroom Sink With Mirror,1,799.99
2026-01-19,CA,VIP,Citrus Squeezer Yellow,2,17.98
2026-01-19,CA,VIP,Soft Drinks,2,3.98
2026-01-19,CA,VIP,Pan,3,74.97
2026-01-19,CA,VIP,Gigabyte Aorus Men Tshirt,1,24.99
2026-01-19,TX,Returning,Nike Air Jordan 1 Red And Black,1,149.99
2026-01-19,TX,Returning,Family Tree Photo Frame,1,29.99
2026-01-19,TX,Returning,Apple,3,5.97
2026-01-19,TX,Returning,Mug Tree Stand,2,31.98
2026-01-19,NY,New,Powder Canister,2,29.98
2026-01-19,MO,Returning,Fine Mesh Strainer,3,29.97
2026-01-19,MO,Returning,Red Nail Polish,3,26.97
2026-01-19,WA,New,Longines Master Collection,3,4499.97
2026-01-19,WA,New,Rice,2,11.98
2026-01-19,IL,New,Longines Master Collection,2,2999.98
2026-01-19,IL,New,Green Chili Pepper,1,0.99
2026-01-19,IL,New,Knife,1,14.99
2026-01-19,IL,New,Sports Sneakers Off White & Red,1,119.99
2026-01-19,MO,New,Yellow Peeler,2,11.98
2026-01-19,MO,New,Men Check Shirt,1,27.99
2026-01-19,MO,New,Red Onions,2,3.98
2026-01-19,MO,New,Brown Leather Belt Watch,3,269.97
2026-01-19,IL,VIP,Chopping Board,1,12.99
2026-01-19,IL,VIP,Eggs,1,2.99
2026-01-19,IL,VIP,Powder Canister,2,29.98
2026-01-19,IL,VIP,New DELL XPS 13 9300 Laptop,2,2999.98
2026-01-19,MO,New,Cat Food,2,17.98
2026-01-19,MO,New,Fine Mesh Strainer,1,9.99
2026-01-19,MO,New,Apple Airpods,1,129.99
2026-01-19,MO,New,Asus Zenbook Pro Dual Screen Laptop,3,5399.97
2026-01-19,MO,New,Carbon Steel Wok,2,59.98
2026-01-19,MO,New,Dog Food,3,32.97
2026-01-20,CA,VIP,Juice,2,7.98
2026-01-20,CA,VIP,Grater Black,2,21.98
2026-01-20,MO,VIP,Black Whisk,1,9.99
2026-01-20,IL,Returning,Apple MacBook Pro 14 Inch Space Grey,3,5999.97
2026-01-20,IL,New,Dog Food,3,32.97
2026-01-20,IL,New,Table Lamp,1,49.99
2026-01-20,IL,New,Green Chili Pepper,2,1.98
2026-01-20,CA,VIP,Lenovo Yoga 920,1,1099.99
2026-01-20,IL,New,Mulberry,1,4.99
2026-01-20,IL,New,Red Onions,3,5.97
2026-01-20,FL,VIP,Mulberry,2,9.98
2026-01-20,WA,VIP,Black Aluminium Cup,1,5.99
2026-01-20,WA,VIP,Lunch Box,2,25.98
2026-01-20,TX,Returning,Cooking Oil,1,4.99
2026-01-20,TX,Returning,Fine Mesh Strainer,1,9.99
2026-01-20,WA,Returning,Carbon Steel Wok,3,89.97
2026-01-20,NY,New,Rolex Cellini Moonphase,2,25999.98
2026-01-20,NY,New,Lemon,1,0.79
2026-01-20,GA,VIP,Cooking Oil,2,9.98
2026-01-20,GA,VIP,Black Aluminium Cup,1,5.99
2026-01-20,FL,New,Powder Canister,2,29.98
2026-01-20,FL,New,Longines Master Collection,2,2999.98
2026-01-20,FL,New,Fish Steak,3,44.97
2026-01-20,FL,New,Nike Air Jordan 1 Red And Black,2,299.98
2026-01-20,GA,VIP,Mulberry,3,14.97
2026-01-20,FL,VIP,Kitchen Sieve,1,7.99
2026-01-20,FL,VIP,Rolex Cellini Moonphase,1,12999.99
2026-01-20,FL,VIP,Apple,1,1.99
2026-01-20,FL,VIP,Chicken Meat,2,19.98
2026-01-20,WA,VIP,Spice Rack,1,19.99
2026-01-20,WA,VIP,Fish Steak,1,14.99
2026-01-20,NY,Returning,Knife,2,29.98
2026-01-20,NY,Returning,Essence Mascara Lash Princess,1,9.99
2026-01-20,NY,New,Carbon Steel Wok,2,59.98
2026-01-20,NY,New,Cucumber,3,4.47
2026-01-20,NY,New,Bedside Table African Cherry,3,899.97
2026-01-20,GA,VIP,House Showpiece Plant,3,119.97
2026-01-20,GA,VIP,Men Check Shirt,2,55.98
2026-01-20,GA,VIP,Sports Sneakers Off White & Red,2,239.98
2026-01-20,GA,VIP,Strawberry,3,11.97
2026-01-20,WA,Returning,Man Short Sleeve Shirt,2,39.98
2026-01-20,WA,Returning,Black Aluminium Cup,2,11.98
2026-01-20,WA,Returning,Ice Cube Tray,1,5.99
2026-01-20,FL,Returning,Black Whisk,3,29.97
2026-01-20,FL,Returning,Gigabyte Aorus Men Tshirt,2,49.98
2026-01-20,FL,Returning,Fine Mesh Strainer,2,19.98
2026-01-20,FL,Returning,Nike Baseball Cleats,3,239.97
2026-01-20,CA,New,Hand Blender,1,34.99
2026-01-20,CA,New,Soft Drinks,3,5.97
2026-01-20,CA,New,Cat Food,3,26.97
2026-01-20,CA,New,Knoll Saarinen Executive Conference Chair,1,499.99
2026-01-20,NY,Returning,Slotted Turner,1,8.99
2026-01-20,IL,VIP,Rolex Submariner Watch,3,41999.97
2026-01-20,CA,VIP,Family Tree Photo Frame,3,89.97
2026-01-20,CA,VIP,Kitchen Sieve,2,15.98
2026-01-20,CA,VIP,Table Lamp,1,49.99
2026-01-21,MO,Returning,Strawberry,2,7.98
2026-01-21,MO,Returning,Gigabyte Aorus Men Tshirt,3,74.97
2026-01-21,NY,Returning,Boxed Blender,3,119.97
2026-01-21,WA,New,Annibale Colombo Sofa,1,2499.99
2026-01-21,WA,New,Chicken Meat,3,29.97
2026-01-21,WA,New,House Showpiece Plant,1,39.99
2026-01-21,TX,Returning,Red Tongs,2,13.98
2026-01-21,TX,Returning,Microwave Oven,3,269.97
2026-01-21,TX,Returning,Plate,1,3.99
2026-01-21,TX,Returning,Rolex Datejust,2,21999.98
2026-01-21,FL,Returning,Calvin Klein CK One,2,99.98
2026-01-21,FL,Returning,Men Check Shirt,3,83.97
2026-01-21,FL,Returning,Man Short Sleeve Shirt,2,39.98
2026-01-21,WA,Returning,Fine Mesh Strainer,1,9.99
2026-01-21,WA,Returning,Potatoes,1,2.29
2026-01-21,WA,Returning,Bedside Table African Cherry,1,299.99
2026-01-21,FL,Returning,Boxed Blender,3,119.97
2026-01-21,FL,Returning,Bedside Table African Cherry,2,599.98
2026-01-21,FL,Returning,Protein Powder,3,59.97
2026-01-21,FL,Returning,Black Aluminium Cup,3,17.97
2026-01-21,TX,VIP,Essence Mascara Lash Princess,2,19.98
2026-01-21,TX,VIP,Kitchen Sieve,3,23.97
2026-01-21,TX,VIP,Lunch Box,3,38.97
2026-01-21,TX,VIP,Silver Pot With Glass Cap,3,119.97
2026-01-21,CA,Returning,Lenovo Yoga 920,1,1099.99
2026-01-21,MO,New,Sports Sneakers Off White & Red,3,359.97
2026-01-21,IL,Returning,Soft Drinks,3,5.97
2026-01-21,IL,Returning,Grater Black,3,32.97
2026-01-21,IL,Returning,Rolex Submariner Watch,2,27999.98
2026-01-21,IL,Returning,Green Chili Pepper,3,2.97
2026-01-21,GA,VIP,Hand Blender,2,69.98
2026-01-21,GA,VIP,Longines Master Collection,1,1499.99
2026-01-21,GA,VIP,Mug Tree Stand,3,47.97
2026-01-21,GA,VIP,Rolex Cellini Moonphase,1,12999.99
2026-01-21,MO,New,Rolex Cellini Date Black Dial,1,8999.99
2026-01-21,GA,New,Brown Leather Belt Watch,3,269.97
2026-01-21,GA,New,Red Tongs,2,13.98
2026-01-21,GA,New,Ice Cube Tray,3,17.97
2026-01-21,MO,Returning,Blue & Black Check Shirt,3,89.97
2026-01-21,MO,Returning,Rolex Datejust,3,32999.97
2026-01-21,MO,Returning,Annibale Colombo Sofa,1,2499.99
2026-01-21,WA,New,Egg Slicer,3,20.97
2026-01-21,MO,Returning,Tissue Paper Box,3,7.47
2026-01-21,MO,Returning,Black Aluminium Cup,3,17.97
2026-01-21,MO,VIP,Beef Steak,1,12.99
2026-01-21,GA,New,Rolex Cellini Date Black Dial,3,26999.97
2026-01-21,GA,New,Pan,2,49.98
2026-01-21,GA,New,Green Bell Pepper,3,3.87
2026-01-21,GA,New,Powder Canister,3,44.97
2026-01-21,TX,New,Microwave Oven,2,179.98
2026-01-21,NY,New,Brown Leather Belt Watch,1,89.99
2026-01-21,NY,New,Lunch Box,3,38.97
2026-01-21,NY,New,Men Check Shirt,1,27.99
2026-01-21,MO,New,Mug Tree Stand,2,31.98
2026-01-21,MO,New,Microwave Oven,1,89.99
2026-01-21,MO,New,Lemon,1,0.79
2026-01-21,MO,New,Tray,2,33.98
2026-01-21,IL,Returning,Green Chili Pepper,3,2.97
2026-01-21,IL,Returning,Nike Baseball Cleats,1,79.99
2026-01-21,IL,Returning,Kitchen Sieve,2,15.98
2026-01-21,IL,Returning,Wooden Bathroom Sink With Mirror,3,2399.97
2026-01-21,GA,Returning,Amazon Echo Plus,1,99.99
2026-01-21,GA,Returning,Honey Jar,3,20.97
2026-01-21,MO,VIP,Amazon Echo Plus,3,299.97
2026-01-21,MO,VIP,Water,1,0.99
2026-01-21,MO,VIP,Ice Cream,2,10.98
2026-01-21,GA,New,Family Tree Photo Frame,2,59.98
2026-01-21,GA,New,New DELL XPS 13 9300 Laptop,1,1499.99
2026-01-21,GA,New,Amazon Echo Plus,1,99.99
2026-01-21,FL,New,Microwave Oven,1,89.99
2026-01-21,FL,New,Mug Tree Stand,1,15.99
2026-01-21,FL,New,Kiwi,3,7.47
2026-01-21,FL,New,Soft Drinks,1,1.99
2026-01-21,CA,VIP,Dog Food,1,10.99
2026-01-21,WA,Returning,Beef Steak,2,25.98
2026-01-21,WA,Returning,Red Nail Polish,2,17.98
2026-01-21,WA,Returning,Cucumber,1,1.49
2026-01-21,WA,Returning,Strawberry,2,7.98
2026-01-21,GA,New,Kitchen Sieve,2,15.98
2026-01-21,GA,New,Glass,2,9.98
2026-01-21,MO,New,Cucumber,3,4.47
2026-01-21,TX,New,House Showpiece Plant,3,119.97
2026-01-21,TX,New,Milk,1,3.49
2026-01-21,TX,New,Grater Black,3,32.97
2026-01-21,TX,New,Kiwi,3,7.47
2026-01-21,TX,VIP,Amazon Echo Plus,1,99.99
2026-01-21,TX,VIP,New DELL XPS 13 9300 Laptop,3,4499.97
2026-01-21,WA,New,Slotted Turner,3,26.97
2026-01-21,TX,VIP,Lenovo Yoga 920,1,1099.99
2026-01-21,TX,VIP,Eggs,2,5.98
2026-01-21,TX,VIP,Rolex Submariner Watch,1,13999.99
2026-01-22,WA,New,Protein Powder,2,39.98
2026-01-22,WA,New,Rolex Datejust,1,10999.99
2026-01-22,IL,Returning,Juice,3,11.97
2026-01-22,IL,Returning,House Showpiece Plant,2,79.98
2026-01-22,IL,Returning,Honey Jar,3,20.97
2026-01-22,WA,Returning,Black Aluminium Cup,1,5.99
2026-01-22,WA,Returning,Microwave Oven,3,269.97
2026-01-22,WA,Returning,Amazon Echo Plus,2,199.98
2026-01-22,WA,Returning,Lemon,1,0.79
2026-01-22,WA,Returning,Bamboo Spatula,2,15.98
2026-01-22,WA,Returning,Kiwi,3,7.47
2026-01-22,WA,Returning,Brown Leather Belt Watch,1,89.99
2026-01-22,WA,Returning,Slotted Turner,1,8.99
2026-01-22,CA,New,Wooden Rolling Pin,3,35.97
2026-01-22,CA,New,Strawberry,2,7.98
2026-01-22,CA,New,Dior J'adore,3,269.97
2026-01-22,GA,Returning,Potatoes,2,4.58
2026-01-22,GA,Returning,Dior J'adore,2,179.98
2026-01-22,GA,Returning,Wooden Rolling Pin,2,23.98
2026-01-22,GA,Returning,Rolex Cellini Date Black Dial,3,26999.97
2026-01-22,MO,New,Black Whisk,2,19.98
2026-01-22,MO,New,Rolex Submariner Watch,1,13999.99
2026-01-22,TX,Returning,Nike Air Jordan 1 Red And Black,2,299.98
2026-01-22,TX,Returning,Cat Food,2,17.98
2026-01-22,TX,Returning,Boxed Blender,3,119.97
2026-01-22,TX,Returning,Nike Baseball Cleats,1,79.99
2026-01-22,FL,New,Asus Zenbook Pro Dual Screen Laptop,2,3599.98
2026-01-22,FL,New,Cat Food,3,26.97
2026-01-22,GA,New,Green Chili Pepper,2,1.98
2026-01-22,GA,New,Dolce Shine Eau de,3,209.97
2026-01-22,GA,New,Green Bell Pepper,1,1.29
2026-01-22,GA,New,Kiwi,1,2.49
2026-01-22,TX,Returning,Cat Food,2,17.98
2026-01-22,TX,Returning,House Showpiece Plant,1,39.99
2026-01-22,TX,Returning,Spoon,1,4.99
2026-01-22,TX,Returning,Red Onions,2,3.98
2026-01-22,WA,Returning,Tissue Paper Box,2,4.98
2026-01-22,WA,Returning,Kitchen Sieve,3,23.97
2026-01-22,WA,Returning,Mug Tree Stand,2,31.98
2026-01-22,WA,Returning,Wooden Bathroom Sink With Mirror,2,1599.98
2026-01-22,MO,Returning,Lunch Box,1,12.99
2026-01-22,MO,Returning,Man Short Sleeve Shirt,2,39.98
2026-01-22,MO,Returning,Kiwi,2,4.98
2026-01-22,MO,Returning,Gigabyte Aorus Men Tshirt,1,24.99
2026-01-22,TX,VIP,Ice Cube Tray,2,11.98
2026-01-22,TX,VIP,Red Lipstick,3,38.97
2026-01-22,FL,VIP,Wooden Bathroom Sink With Mirror,1,799.99
2026-01-22,WA,New,Pan,3,74.97
2026-01-22,WA,New,Fork,1,3.99
2026-01-22,MO,New,Black Whisk,2,19.98
2026-01-22,TX,VIP,Man Plaid Shirt,1,34.99
2026-01-22,TX,VIP,Protein Powder,1,19.99
2026-01-22,TX,VIP,Cucumber,3,4.47
2026-01-22,TX,VIP,Gucci Bloom Eau de,3,239.97
2026-01-22,GA,VIP,Ice Cream,1,5.49
2026-01-22,FL,New,Men Check Shirt,1,27.99
2026-01-22,FL,New,Tissue Paper Box,1,2.49
2026-01-22,FL,New,Table Lamp,1,49.99
2026-01-22,FL,New,Gucci Bloom Eau de,3,239.97
2026-01-22,FL,New,Puma Future Rider Trainers,2,179.98
2026-01-22,FL,New,Rolex Cellini Date Black Dial,3,26999.97
2026-01-22,FL,New,Soft Drinks,3,5.97
2026-01-22,FL,Returning,Gigabyte Aorus Men Tshirt,1,24.99
2026-01-22,FL,Returning,Nike Baseball Cleats,1,79.99
2026-01-22,FL,Returning,Red Tongs,3,20.97
2026-01-22,FL,VIP,Ice Cube Tray,3,17.97
2026-01-22,FL,VIP,Family Tree Photo Frame,1,29.99
2026-01-22,FL,VIP,Green Bell Pepper,3,3.87
2026-01-22,FL,VIP,Chanel Coco Noir Eau De,1,129.99
2026-01-22,NY,VIP,Red Lipstick,2,25.98
2026-01-22,NY,New,Knoll Saarinen Executive Conference Chair,1,499.99
2026-01-22,NY,New,Grater Black,2,21.98
2026-01-22,NY,New,Plate,2,7.98
2026-01-22,NY,New,Blue & Black Check Shirt,1,29.99
2026-01-22,NY,VIP,Calvin Klein CK One,3,149.97
2026-01-22,NY,VIP,Electric Stove,1,49.99
2026-01-22,NY,VIP,Black Whisk,3,29.97
2026-01-22,WA,VIP,Green Bell Pepper,3,3.87
2026-01-22,WA,VIP,Soft Drinks,3,5.97
2026-01-22,WA,VIP,Men Check Shirt,2,55.98
2026-01-22,TX,Returning,Calvin Klein CK One,2,99.98
2026-01-22,CA,New,Fish Steak,1,14.99
2026-01-22,CA,New,Plate,2,7.98
2026-01-22,CA,New,Gucci Bloom Eau de,3,239.97
2026-01-22,CA,New,Knoll Saarinen Executive Conference Chair,2,999.98
2026-01-22,WA,Returning,Rolex Cellini Date Black Dial,2,17999.98
2026-01-22,CA,Returning,Cat Food,2,17.98
2026-01-22,CA,Returning,Plate,3,11.97
2026-01-22,CA,Returning,Annibale Colombo Sofa,2,4999.98
2026-01-23,IL,VIP,Strawberry,1,3.99
2026-01-23,IL,VIP,Calvin Klein CK One,2,99.98
2026-01-23,IL,VIP,Boxed Blender,2,79.98
2026-01-23,IL,VIP,Cat Food,1,8.99
2026-01-23,GA,New,Calvin Klein CK One,2,99.98
2026-01-23,CA,Returning,Beef Steak,1,12.99
2026-01-23,IL,VIP,Strawberry,3,11.97
2026-01-23,FL,New,Dog Food,1,10.99
2026-01-23,FL,New,Fork,1,3.99
2026-01-23,FL,New,Kiwi,3,7.47
2026-01-23,FL,VIP,Apple Airpods,3,389.97
2026-01-23,TX,Returning,Rolex Submariner Watch,1,13999.99
2026-01-23,TX,Returning,Knoll Saarinen Executive Conference Chair,3,1499.97
2026-01-23,TX,Returning,Water,2,1.98
2026-01-23,TX,Returning,Black Aluminium Cup,1,5.99
2026-01-23,FL,VIP,Green Bell Pepper,2,2.58
2026-01-23,FL,VIP,Ice Cube Tray,3,17.97
2026-01-23,IL,New,Red Nail Polish,2,17.98
2026-01-23,MO,Returning,Protein Powder,3,59.97
2026-01-23,MO,Returning,Chicken Meat,2,19.98
2026-01-23,IL,Returning,Chopping Board,3,38.97
2026-01-23,IL,Returning,Calvin Klein CK One,3,149.97
2026-01-23,MO,New,Gucci Bloom Eau de,3,239.97
2026-01-23,MO,New,Wooden Rolling Pin,3,35.97
2026-01-23,MO,New,Green Bell Pepper,2,2.58
2026-01-23,MO,VIP,Honey Jar,1,6.99
2026-01-23,MO,VIP,Blue & Black Check Shirt,3,89.97
2026-01-23,MO,VIP,Nike Air Jordan 1 Red And Black,1,149.99
2026-01-23,MO,VIP,Man Plaid Shirt,1,34.99
2026-01-23,MO,VIP,Citrus Squeezer Yellow,2,17.98
2026-01-23,MO,VIP,Fine Mesh Strainer,1,9.99
2026-01-23,TX,New,Protein Powder,2,39.98
2026-01-23,TX,New,Eggs,2,5.98
2026-01-23,TX,New,Man Short Sleeve Shirt,3,59.97
2026-01-23,TX,New,Yellow Peeler,2,11.98
2026-01-23,MO,New,Apple,2,3.98
2026-01-23,MO,New,Sports Sneakers Off White Red,2,219.98
2026-01-23,IL,New,Honey Jar,3,20.97
2026-01-23,IL,New,Nike Air Jordan 1 Red And Black,3,449.97
2026-01-23,IL,New,Juice,3,11.97
2026-01-23,IL,New,Red Tongs,2,13.98
2026-01-23,FL,VIP,Black Aluminium Cup,2,11.98
2026-01-23,FL,VIP,Rice,1,5.99
2026-01-23,FL,VIP,Soft Drinks,1,1.99
2026-01-23,NY,New,Electric Stove,2,99.98
2026-01-23,NY,New,Gigabyte Aorus Men Tshirt,1,24.99
2026-01-23,NY,New,Chanel Coco Noir Eau De,1,129.99
2026-01-23,NY,New,Man Short Sleeve Shirt,1,19.99
2026-01-23,IL,New,Ice Cube Tray,2,11.98
2026-01-23,IL,New,Powder Canister,1,14.99
2026-01-23,IL,New,Mulberry,1,4.99
2026-01-23,CA,VIP,Citrus Squeezer Yellow,1,8.99
2026-01-23,CA,VIP,Mulberry,3,14.97
2026-01-23,CA,VIP,Apple MacBook Pro 14 Inch Space Grey,1,1999.99
2026-01-23,CA,VIP,Cat Food,1,8.99
2026-01-23,IL,VIP,Citrus Squeezer Yellow,3,26.97
2026-01-23,IL,VIP,Calvin Klein CK One,1,49.99
2026-01-23,IL,VIP,Slotted Turner,3,26.97
2026-01-23,IL,VIP,Amazon Echo Plus,2,199.98
2026-01-23,MO,Returning,Men Check Shirt,1,27.99
2026-01-23,WA,VIP,Cat Food,1,8.99
2026-01-23,CA,New,Decoration Swing,3,179.97
2026-01-23,CA,New,Hand Blender,1,34.99
2026-01-23,CA,New,Dior J'adore,3,269.97
2026-01-23,MO,VIP,Chicken Meat,3,29.97
2026-01-23,MO,VIP,Protein Powder,1,19.99
2026-01-23,MO,VIP,Pan,1,24.99
2026-01-23,MO,VIP,Wooden Rolling Pin,2,23.98
2026-01-23,MO,Returning,Cooking Oil,1,4.99
2026-01-23,MO,Returning,Cat Food,2,17.98
2026-01-23,TX,VIP,Red Tongs,2,13.98
2026-01-23,NY,Returning,Bedside Table African Cherry,3,899.97
2026-01-23,NY,Returning,House Showpiece Plant,2,79.98
2026-01-23,NY,Returning,Puma Future Rider Trainers,1,89.99
2026-01-23,NY,Returning,Microwave Oven,2,179.98
2026-01-23,MO,Returning,Protein Powder,2,39.98
2026-01-23,NY,New,Honey Jar,3,20.97
2026-01-23,NY,New,Chicken Meat,1,9.99
2026-01-23,NY,New,Knife,3,44.97
2026-01-23,NY,New,Knoll Saarinen Executive Conference Chair,2,999.98
2026-01-23,NY,Returning,Fish Steak,3,44.97
2026-01-23,CA,New,Glass,3,14.97
2026-01-23,CA,New,Boxed Blender,2,79.98
2026-01-23,CA,New,Honey Jar,2,13.98
2026-01-23,WA,New,Fish Steak,3,44.97
2026-01-23,GA,New,Red Nail Polish,3,26.97
2026-01-23,GA,New,Protein Powder,2,39.98
2026-01-23,MO,Returning,Rolex Cellini Moonphase,3,38999.97
2026-01-23,MO,Returning,Nescafe Coffee,1,7.99
2026-01-23,MO,Returning,Milk,3,10.47
2026-01-23,MO,Returning,Tray,2,33.98
2026-01-23,TX,New,Spoon,1,4.99
2026-01-23,CA,New,Chopping Board,3,38.97
2026-01-23,CA,New,Wooden Bathroom Sink With Mirror,2,1599.98
2026-01-23,CA,New,Fish Steak,1,14.99
2026-01-23,CA,New,Rolex Submariner Watch,3,41999.97
2026-01-23,MO,VIP,Mug Tree Stand,3,47.97
2026-01-23,MO,VIP,Lenovo Yoga 920,2,2199.98
2026-01-23,MO,VIP,Lemon,1,0.79
2026-01-23,MO,VIP,Spice Rack,1,19.99
2026-01-23,MO,Returning,Potatoes,2,4.58
2026-01-23,MO,Returning,Eyeshadow Palette with Mirror,3,59.97
2026-01-23,MO,Returning,Cat Food,3,26.97
2026-01-23,FL,VIP,Wooden Bathroom Sink With Mirror,3,2399.97
2026-01-23,FL,VIP,Nike Baseball Cleats,1,79.99
2026-01-23,FL,VIP,Dior J'adore,2,179.98
2026-01-23,FL,VIP,Lunch Box,3,38.97
2026-01-23,FL,VIP,Honey Jar,3,20.97
2026-01-23,WA,VIP,Slotted Turner,3,26.97
2026-01-23,WA,VIP,Eyeshadow Palette with Mirror,2,39.98
2026-01-23,TX,VIP,Silver Pot With Glass Cap,1,39.99
2026-01-23,IL,Returning,New DELL XPS 13 9300 Laptop,1,1499.99
2026-01-23,IL,Returning,Green Bell Pepper,3,3.87
2026-01-23,IL,Returning,Knife,2,29.98
2026-01-23,TX,VIP,Mulberry,3,14.97
2026-01-23,TX,VIP,Man Short Sleeve Shirt,3,59.97
2026-01-23,TX,VIP,Juice,2,7.98
2026-01-23,FL,New,Chanel Coco Noir Eau De,3,389.97
2026-01-23,FL,New,Plant Pot,1,14.99
2026-01-23,NY,New,Strawberry,1,3.99
2026-01-23,NY,New,Rolex Cellini Moonphase,2,25999.98
2026-01-23,NY,New,Man Short Sleeve Shirt,3,59.97
2026-01-23,NY,VIP,Asus Zenbook Pro Dual Screen Laptop,1,1799.99
2026-01-23,MO,VIP,Nike Baseball Cleats,1,79.99
2026-01-23,MO,VIP,Ice Cube Tray,2,11.98
2026-01-23,MO,VIP,Ice Cream,2,10.98
2026-01-23,MO,VIP,Kiwi,1,2.49
2026-01-23,WA,Returning,Honey Jar,1,6.99
2026-01-23,WA,Returning,Lunch Box,1,12.99
2026-01-23,WA,Returning,Tray,1,16.99
2026-01-23,MO,New,Calvin Klein CK One,2,99.98
2026-01-23,MO,New,Men Check Shirt,1,27.99
2026-01-23,MO,New,Annibale Colombo Bed,2,3799.98
2026-01-23,CA,VIP,Silver Pot With Glass Cap,1,39.99
2026-01-23,CA,VIP,Family Tree Photo Frame,3,89.97
2026-01-23,CA,VIP,Rolex Submariner Watch,3,41999.97
2026-01-23,FL,VIP,Potatoes,2,4.58
2026-01-23,TX,Returning,Green Chili Pepper,3,2.97
2026-01-23,TX,Returning,Chopping Board,3,38.97
2026-01-23,TX,Returning,Dior J'adore,1,89.99
2026-01-23,TX,Returning,Lenovo Yoga 920,1,1099.99
2026-01-23,WA,New,Juice,1,3.99
2026-01-23,CA,Returning,Protein Powder,1,19.99
2026-01-23,CA,Returning,Knoll Saarinen Executive Conference Chair,1,499.99
2026-01-23,CA,Returning,Man Short Sleeve Shirt,1,19.99
2026-01-23,CA,Returning,Beef Steak,3,38.97
2026-01-23,MO,Returning,House Showpiece Plant,3,119.97
2026-01-23,NY,Returning,Fork,1,3.99
2026-01-23,NY,Returning,Bamboo Spatula,3,23.97
2026-01-23,NY,Returning,Milk,2,6.98
2026-01-23,IL,VIP,Protein Powder,2,39.98
2026-01-23,IL,New,Longines Master Collection,1,1499.99
2026-01-23,IL,New,Kiwi,2,4.98
2026-01-23,IL,New,Amazon Echo Plus,3,299.97
2026-01-23,MO,VIP,Gucci Bloom Eau de,3,239.97
2026-01-23,MO,VIP,Longines Master Collection,3,4499.97
2026-01-23,FL,VIP,Fork,2,7.98
2026-01-23,NY,New,Fork,2,7.98
2026-01-23,NY,New,Gucci Bloom Eau de,2,159.98
2026-01-23,NY,New,Yellow Peeler,1,5.99
2026-01-23,NY,New,Table Lamp,2,99.98
2026-01-23,TX,VIP,Wooden Bathroom Sink With Mirror,3,2399.97
2026-01-23,TX,VIP,Cat Food,3,26.97
2026-01-23,TX,VIP,Eyeshadow Palette with Mirror,1,19.99
2026-01-23,TX,VIP,Apple Airpods,2,259.98
2026-01-23,IL,New,Fine Mesh Strainer,3,29.97
2026-01-23,IL,New,Cat Food,3,26.97
2026-01-23,IL,New,Grater Black,3,32.97
2026-01-23,FL,New,Apple,1,1.99
2026-01-23,FL,New,Fish Steak,2,29.98
2026-01-23,FL,New,Men Check Shirt,1,27.99
2026-01-23,CA,New,Nike Baseball Cleats,3,239.97
2026-01-23,CA,New,Kiwi,2,4.98
2026-01-23,CA,New,Apple MacBook Pro 14 Inch Space Grey,3,5999.97
2026-01-23,FL,Returning,Dior J'adore,1,89.99
2026-01-23,FL,Returning,Nike Baseball Cleats,2,159.98
2026-01-23,FL,Returning,Red Tongs,3,20.97
2026-01-23,FL,Returning,Blue & Black Check Shirt,3,89.97
2026-01-24,MO,Returning,New DELL XPS 13 9300 Laptop,2,2999.98
2026-01-24,MO,Returning,Cat Food,2,17.98
2026-01-24,WA,VIP,Puma Future Rider Trainers,2,179.98
2026-01-24,WA,VIP,Fine Mesh Strainer,3,29.97
2026-01-24,WA,VIP,Potatoes,1,2.29
2026-01-24,WA,VIP,Rice,2,11.98
2026-01-24,WA,Returning,Electric Stove,2,99.98
2026-01-24,WA,Returning,Annibale Colombo Sofa,1,2499.99
2026-01-24,WA,Returning,Decoration Swing,1,59.99
2026-01-24,WA,Returning,Red Nail Polish,2,17.98
2026-01-24,FL,Returning,Fork,2,7.98
2026-01-24,FL,New,Kiwi,3,7.47
2026-01-24,FL,New,Fork,1,3.99
2026-01-24,FL,New,Table Lamp,1,49.99
2026-01-24,FL,New,Rolex Submariner Watch,3,41999.97
2026-01-24,MO,New,Beef Steak,2,25.98
2026-01-24,MO,New,Fine Mesh Strainer,1,9.99
2026-01-24,MO,New,Sports Sneakers Off White Red,3,329.97
2026-01-24,MO,New,Milk,1,3.49
2026-01-24,MO,New,Grater Black,1,10.99
2026-01-24,MO,New,Red Tongs,2,13.98
2026-01-24,MO,New,Yellow Peeler,3,17.97
2026-01-24,NY,VIP,Strawberry,2,7.98
2026-01-24,NY,VIP,Cooking Oil,3,14.97
2026-01-24,NY,VIP,Carbon Steel Wok,1,29.99
2026-01-24,TX,Returning,Ice Cream,1,5.49
2026-01-24,TX,Returning,Annibale Colombo Sofa,2,4999.98
2026-01-24,MO,VIP,Milk,2,6.98
2026-01-24,MO,VIP,Mug Tree Stand,3,47.97
2026-01-24,MO,VIP,Ice Cube Tray,2,11.98
2026-01-24,IL,VIP,Green Chili Pepper,2,1.98
2026-01-24,FL,Returning,Boxed Blender,2,79.98
2026-01-24,FL,Returning,Juice,2,7.98
2026-01-24,TX,VIP,Protein Powder,3,59.97
2026-01-24,CA,New,Man Plaid Shirt,3,104.97
2026-01-24,CA,New,Silver Pot With Glass Cap,1,39.99
2026-01-24,CA,New,Amazon Echo Plus,1,99.99
2026-01-24,CA,New,Mulberry,2,9.98
2026-01-24,GA,New,Rice,3,17.97
2026-01-24,GA,New,Asus Zenbook Pro Dual Screen Laptop,3,5399.97
2026-01-24,GA,New,Dolce Shine Eau de,1,69.99
2026-01-24,GA,New,Kitchen Sieve,1,7.99
2026-01-24,FL,New,Wooden Bathroom Sink With Mirror,2,1599.98
2026-01-24,FL,New,Mug Tree Stand,3,47.97
2026-01-24,FL,New,Grater Black,1,10.99
2026-01-24,MO,Returning,Rolex Datejust,2,21999.98
2026-01-24,MO,Returning,Dior J'adore,3,269.97
2026-01-24,MO,Returning,Rice,1,5.99
2026-01-24,WA,Returning,Men Check Shirt,2,55.98
2026-01-24,WA,Returning,Tray,3,50.97
2026-01-24,WA,Returning,Green Bell Pepper,2,2.58
2026-01-24,CA,Returning,Powder Canister,1,14.99
2026-01-24,TX,New,Yellow Peeler,1,5.99
2026-01-24,TX,New,Protein Powder,2,39.98
2026-01-24,TX,New,New DELL XPS 13 9300 Laptop,2,2999.98
2026-01-24,TX,New,Calvin Klein CK One,1,49.99
2026-01-24,GA,VIP,Carbon Steel Wok,2,59.98
2026-01-24,GA,VIP,Bedside Table African Cherry,1,299.99
2026-01-24,FL,New,Lenovo Yoga 920,3,3299.97
2026-01-24,FL,New,Sports Sneakers Off White & Red,3,359.97
2026-01-24,FL,Returning,Fork,3,11.97
2026-01-24,FL,Returning,Glass,3,14.97
2026-01-24,FL,Returning,Fine Mesh Strainer,1,9.99
2026-01-24,FL,Returning,Slotted Turner,1,8.99
2026-01-24,NY,New,Bamboo Spatula,3,23.97
2026-01-24,NY,New,Cucumber,1,1.49
2026-01-24,FL,Returning,Rolex Datejust,1,10999.99
2026-01-24,FL,Returning,Ice Cube Tray,1,5.99
2026-01-24,FL,Returning,Water,1,0.99
2026-01-24,IL,VIP,Family Tree Photo Frame,3,89.97
2026-01-24,IL,VIP,Yellow Peeler,1,5.99
2026-01-24,IL,New,Lenovo Yoga 920,2,2199.98
2026-01-24,IL,New,Rolex Submariner Watch,1,13999.99
2026-01-24,IL,New,Honey Jar,1,6.99
2026-01-24,IL,New,Man Short Sleeve Shirt,1,19.99
2026-01-24,WA,Returning,Tray,2,33.98
2026-01-24,FL,New,Egg Slicer,3,20.97
2026-01-24,FL,New,Water,3,2.97
2026-01-24,NY,New,Apple,2,3.98
2026-01-24,GA,VIP,Apple,2,3.98
2026-01-24,GA,VIP,Amazon Echo Plus,1,99.99
2026-01-24,TX,Returning,Brown Leather Belt Watch,3,269.97
2026-01-24,TX,Returning,Decoration Swing,3,179.97
2026-01-24,TX,Returning,Man Plaid Shirt,1,34.99
2026-01-24,TX,Returning,Black Aluminium Cup,3,17.97
2026-01-24,WA,Returning,Grater Black,2,21.98
2026-01-24,WA,Returning,Chanel Coco Noir Eau De,3,389.97
2026-01-24,WA,Returning,House Showpiece Plant,3,119.97
2026-01-24,TX,VIP,Glass,2,9.98
2026-01-24,TX,VIP,Plant Pot,3,44.97
2026-01-24,TX,VIP,Annibale Colombo Sofa,3,7499.97
2026-01-24,TX,VIP,Boxed Blender,2,79.98
2026-01-24,FL,New,Apple MacBook Pro 14 Inch Space Grey,3,5999.97
2026-01-24,WA,VIP,Red Nail Polish,2,17.98
2026-01-24,WA,VIP,Eggs,1,2.99
2026-01-24,WA,VIP,Yellow Peeler,2,11.98
2026-01-24,WA,VIP,Red Onions,3,5.97
2026-01-24,IL,VIP,Spice Rack,3,59.97
2026-01-24,IL,VIP,Gigabyte Aorus Men Tshirt,2,49.98
2026-01-24,IL,VIP,Boxed Blender,3,119.97
2026-01-24,IL,VIP,Huawei Matebook X Pro,1,1399.99
2026-01-25,NY,VIP,Rolex Cellini Date Black Dial,1,8999.99
2026-01-25,MO,New,Dog Food,1,10.99
2026-01-25,MO,New,Fork,2,7.98
2026-01-25,NY,Returning,Chicken Meat,3,29.97
2026-01-25,NY,Returning,Cat Food,2,17.98
2026-01-25,NY,Returning,Lemon,2,1.58
2026-01-25,NY,Returning,Ice Cream,1,5.49
2026-01-25,MO,VIP,Rolex Cellini Moonphase,1,12999.99
2026-01-25,MO,VIP,Strawberry,1,3.99
2026-01-25,IL,Returning,Plate,3,11.97
2026-01-25,IL,Returning,Nike Air Jordan 1 Red And Black,1,149.99
2026-01-25,IL,Returning,Apple MacBook Pro 14 Inch Space Grey,3,5999.97
2026-01-25,IL,Returning,Beef Steak,1,12.99
2026-01-25,CA,New,Annibale Colombo Bed,1,1899.99
2026-01-25,TX,VIP,Powder Canister,3,44.97
2026-01-25,TX,VIP,Mulberry,3,14.97
2026-01-25,GA,New,Silver Pot With Glass Cap,3,119.97
2026-01-25,GA,New,Kiwi,1,2.49
2026-01-25,CA,Returning,Cat Food,1,8.99
2026-01-25,CA,Returning,Nescafe Coffee,3,23.97
2026-01-25,CA,Returning,Tray,2,33.98
2026-01-25,CA,Returning,Chopping Board,2,25.98
2026-01-25,GA,New,Fork,2,7.98
2026-01-25,GA,New,Silver Pot With Glass Cap,2,79.98
2026-01-25,GA,New,Powder Canister,3,44.97
2026-01-25,GA,New,Apple,1,1.99
2026-01-25,GA,Returning,Apple Airpods,2,259.98
2026-01-25,GA,Returning,Glass,2,9.98
2026-01-25,GA,Returning,Man Plaid Shirt,1,34.99
2026-01-25,MO,VIP,Red Lipstick,1,12.99
2026-01-25,CA,VIP,Apple Airpods,3,389.97
2026-01-25,CA,VIP,Knife,1,14.99
2026-01-25,MO,New,Rolex Datejust,3,32999.97
2026-01-25,MO,New,Sports Sneakers Off White & Red,2,239.98
2026-01-25,FL,New,Lenovo Yoga 920,3,3299.97
2026-01-25,TX,VIP,Red Nail Polish,3,26.97
2026-01-25,TX,VIP,Hand Blender,1,34.99
2026-01-25,TX,VIP,Dog Food,3,32.97
2026-01-25,IL,New,Red Onions,1,1.99
2026-01-25,IL,New,Kitchen Sieve,3,23.97
2026-01-25,IL,New,Ice Cream,2,10.98
2026-01-25,IL,New,Spoon,3,14.97
2026-01-25,IL,Returning,Lenovo Yoga 920,1,1099.99
2026-01-25,IL,Returning,Plant Pot,2,29.98
2026-01-25,IL,Returning,Glass,1,4.99
2026-01-25,CA,Returning,Glass,2,9.98
2026-01-25,CA,Returning,Green Chili Pepper,1,0.99
2026-01-25,CA,Returning,Slotted Turner,3,26.97
2026-01-25,WA,Returning,Cooking Oil,3,14.97
2026-01-25,WA,Returning,Glass,1,4.99
2026-01-25,WA,Returning,Bamboo Spatula,3,23.97
2026-01-25,NY,Returning,Nescafe Coffee,1,7.99
2026-01-25,NY,Returning,Nike Baseball Cleats,3,239.97
2026-01-25,NY,Returning,Puma Future Rider Trainers,1,89.99
2026-01-25,NY,Returning,Hand Blender,1,34.99
2026-01-25,FL,Returning,Microwave Oven,1,89.99
2026-01-25,FL,Returning,Glass,2,9.98
2026-01-25,FL,New,Silver Pot With Glass Cap,3,119.97
2026-01-25,FL,New,Mulberry,3,14.97
2026-01-25,FL,New,Wooden Bathroom Sink With Mirror,3,2399.97
2026-01-25,FL,New,House Showpiece Plant,2,79.98
2026-01-25,GA,New,Boxed Blender,1,39.99
2026-01-25,GA,New,Mulberry,2,9.98
2026-01-25,GA,New,Rolex Datejust,3,32999.97
2026-01-25,GA,New,Longines Master Collection,3,4499.97
2026-01-25,WA,New,Tray,3,50.97
2026-01-25,WA,New,Boxed Blender,2,79.98
2026-01-25,WA,New,Essence Mascara Lash Princess,3,29.97
2026-01-25,WA,New,Protein Powder,1,19.99
2026-01-25,FL,New,Rice,2,11.98
2026-01-25,MO,New,Sports Sneakers Off White & Red,3,359.97
2026-01-25,GA,Returning,New DELL XPS 13 9300 Laptop,2,2999.98
2026-01-25,GA,Returning,Bedside Table African Cherry,3,899.97
2026-01-25,GA,Returning,Nescafe Coffee,1,7.99
2026-01-25,GA,Returning,Plant Pot,3,44.97
2026-01-25,NY,VIP,Men Check Shirt,3,83.97
2026-01-25,NY,VIP,Spice Rack,3,59.97
2026-01-25,CA,New,Boxed Blender,2,79.98
2026-01-25,WA,VIP,Pan,3,74.97
2026-01-25,WA,VIP,Table Lamp,3,149.97
2026-01-25,WA,VIP,Ice Cream,1,5.49
2026-01-25,WA,VIP,Glass,1,4.99
2026-01-25,NY,New,Microwave Oven,2,179.98
2026-01-25,NY,New,Huawei Matebook X Pro,1,1399.99
2026-01-25,NY,New,Red Tongs,3,20.97
2026-01-25,NY,New,Bamboo Spatula,2,15.98
2026-01-25,TX,New,Green Chili Pepper,3,2.97
2026-01-25,TX,New,Ice Cream,3,16.47
2026-01-25,TX,New,Man Plaid Shirt,2,69.98
2026-01-25,NY,VIP,Cooking Oil,2,9.98
2026-01-25,NY,New,Strawberry,3,11.97
2026-01-25,NY,New,Brown Leather Belt Watch,3,269.97
2026-01-25,MO,VIP,Potatoes,2,4.58
2026-01-25,MO,New,Red Nail Polish,3,26.97
2026-01-26,WA,Returning,Cat Food,3,26.97
2026-01-26,GA,VIP,Longines Master Collection,3,4499.97
2026-01-26,GA,VIP,Eggs,1,2.99
2026-01-26,MO,Returning,Nike Baseball Cleats,3,239.97
2026-01-26,GA,New,Rice,1,5.99
2026-01-26,GA,New,Pan,1,24.99
2026-01-26,GA,New,Family Tree Photo Frame,1,29.99
2026-01-26,GA,New,Cooking Oil,3,14.97
2026-01-26,FL,New,Milk,2,6.98
2026-01-26,FL,New,Puma Future Rider Trainers,2,179.98
2026-01-26,FL,New,Cucumber,1,1.49
2026-01-26,TX,New,Nescafe Coffee,3,23.97
2026-01-26,FL,VIP,Water,2,1.98
2026-01-26,FL,VIP,Dog Food,1,10.99
2026-01-26,FL,VIP,Bamboo Spatula,3,23.97
2026-01-26,IL,Returning,Green Chili Pepper,2,1.98
2026-01-26,IL,Returning,Tissue Paper Box,3,7.47
2026-01-26,IL,Returning,Rolex Submariner Watch,2,27999.98
2026-01-26,IL,Returning,Spice Rack,3,59.97
2026-01-26,MO,VIP,Nike Air Jordan 1 Red And Black,3,449.97
2026-01-26,MO,VIP,Dior J'adore,1,89.99
2026-01-26,MO,VIP,Plate,3,11.97
2026-01-26,TX,VIP,Fish Steak,2,29.98
2026-01-26,TX,VIP,Rolex Cellini Moonphase,1,12999.99
2026-01-26,TX,VIP,Microwave Oven,1,89.99
2026-01-26,NY,Returning,Powder Canister,1,14.99
2026-01-26,NY,Returning,Mug Tree Stand,1,15.99
2026-01-26,TX,New,Grater Black,3,32.97
2026-01-26,TX,New,Mug Tree Stand,3,47.97
2026-01-26,TX,New,Slotted Turner,2,17.98
2026-01-26,TX,New,Decoration Swing,1,59.99
2026-01-26,TX,VIP,Black Aluminium Cup,3,17.97
2026-01-26,TX,VIP,Beef Steak,3,38.97
2026-01-26,FL,Returning,Brown Leather Belt Watch,1,89.99
2026-01-26,FL,Returning,Glass,3,14.97
2026-01-26,FL,Returning,Knoll Saarinen Executive Conference Chair,2,999.98
2026-01-26,FL,Returning,Boxed Blender,2,79.98
2026-01-26,GA,Returning,Eyeshadow Palette with Mirror,3,59.97
2026-01-26,GA,Returning,Citrus Squeezer Yellow,1,8.99
2026-01-26,CA,New,Bamboo Spatula,2,15.98
2026-01-26,CA,New,Carbon Steel Wok,2,59.98
2026-01-26,CA,New,Green Chili Pepper,3,2.97
2026-01-26,FL,New,Plate,3,11.97
2026-01-26,FL,New,Red Lipstick,1,12.99
2026-01-26,FL,New,Annibale Colombo Bed,2,3799.98
2026-01-26,FL,New,Man Short Sleeve Shirt,3,59.97
2026-01-26,WA,Returning,Asus Zenbook Pro Dual Screen Laptop,3,5399.97
2026-01-26,WA,Returning,Red Onions,1,1.99
2026-01-26,IL,New,Bedside Table African Cherry,1,299.99
2026-01-26,IL,New,Calvin Klein CK One,1,49.99
2026-01-26,WA,New,Nike Baseball Cleats,3,239.97
2026-01-26,WA,New,Ice Cube Tray,2,11.98
2026-01-26,WA,New,Cooking Oil,2,9.98
2026-01-26,WA,New,Protein Powder,1,19.99
2026-01-26,GA,New,Dog Food,1,10.99
2026-01-26,GA,New,Green Chili Pepper,1,0.99
2026-01-26,CA,New,Spice Rack,3,59.97
2026-01-26,CA,New,Tray,1,16.99
2026-01-26,CA,New,Blue & Black Check Shirt,3,89.97
2026-01-26,CA,New,Dog Food,3,32.97
2026-01-26,CA,VIP,Green Bell Pepper,1,1.29
2026-01-26,CA,VIP,Ice Cube Tray,2,11.98
2026-01-26,CA,Returning,Boxed Blender,1,39.99
2026-01-26,CA,Returning,Potatoes,1,2.29
2026-01-26,NY,New,Citrus Squeezer Yellow,1,8.99
2026-01-26,NY,New,Man Short Sleeve Shirt,2,39.98
2026-01-26,CA,Returning,Rolex Cellini Moonphase,3,38999.97
2026-01-27,IL,Returning,Plant Pot,2,29.98
2026-01-27,NY,VIP,Kiwi,2,4.98
2026-01-27,CA,Returning,Apple MacBook Pro 14 Inch Space Grey,2,3999.98
2026-01-27,CA,Returning,Dior J'adore,1,89.99
2026-01-27,CA,Returning,Green Chili Pepper,1,0.99
2026-01-27,CA,Returning,Glass,2,9.98
2026-01-27,GA,New,Family Tree Photo Frame,3,89.97
2026-01-27,GA,New,Knoll Saarinen Executive Conference Chair,2,999.98
2026-01-27,GA,New,Huawei Matebook X Pro,3,4199.97
2026-01-27,GA,New,Red Onions,3,5.97
2026-01-27,GA,New,Yellow Peeler,3,17.97
2026-01-27,NY,VIP,Sports Sneakers Off White & Red,3,359.97
2026-01-27,MO,Returning,Dior J'adore,2,179.98
2026-01-27,FL,New,Boxed Blender,1,39.99
2026-01-27,FL,New,Tray,2,33.98
2026-01-27,GA,VIP,Longines Master Collection,1,1499.99
2026-01-27,FL,VIP,Tissue Paper Box,3,7.47
2026-01-27,NY,New,Juice,2,7.98
2026-01-27,NY,Returning,Rolex Datejust,3,32999.97
2026-01-27,TX,VIP,Ice Cube Tray,2,11.98
2026-01-27,TX,VIP,Juice,3,11.97
2026-01-27,GA,New,Apple Airpods,2,259.98
2026-01-27,GA,New,Bamboo Spatula,1,7.99
2026-01-27,GA,New,Knife,2,29.98
2026-01-27,NY,Returning,Calvin Klein CK One,1,49.99
2026-01-27,NY,Returning,Nike Air Jordan 1 Red And Black,3,449.97
2026-01-27,NY,Returning,Fork,1,3.99
2026-01-27,NY,Returning,Man Short Sleeve Shirt,3,59.97
2026-01-27,FL,VIP,Huawei Matebook X Pro,2,2799.98
2026-01-27,FL,VIP,Bedside Table African Cherry,3,899.97
2026-01-27,FL,VIP,Egg Slicer,3,20.97
2026-01-27,FL,VIP,Hand Blender,1,34.99
2026-01-27,MO,New,Lunch Box,1,12.99
2026-01-27,MO,New,Water,1,0.99
2026-01-27,WA,New,Spoon,3,14.97
2026-01-27,WA,New,Apple Airpods,2,259.98
2026-01-27,WA,New,Man Plaid Shirt,2,69.98
2026-01-27,WA,New,Annibale Colombo Bed,2,3799.98
2026-01-27,WA,VIP,Black Whisk,1,9.99
2026-01-27,CA,VIP,Rolex Datejust,3,32999.97
2026-01-27,CA,VIP,Carbon Steel Wok,2,59.98
2026-01-27,CA,VIP,Cucumber,1,1.49
2026-01-27,CA,VIP,Nike Air Jordan 1 Red And Black,2,299.98
2026-01-27,CA,VIP,Black Aluminium Cup,2,11.98
2026-01-27,GA,Returning,Rice,1,5.99
2026-01-27,NY,VIP,Cooking Oil,1,4.99
2026-01-27,NY,VIP,Red Onions,1,1.99
2026-01-27,WA,VIP,Annibale Colombo Sofa,3,7499.97
2026-01-27,WA,VIP,Annibale Colombo Bed,2,3799.98
2026-01-27,WA,VIP,Glass,3,14.97
2026-01-27,WA,New,Beef Steak,3,38.97
2026-01-27,WA,New,Powder Canister,2,29.98
2026-01-27,WA,New,Apple Airpods,1,129.99
2026-01-27,WA,New,Ice Cube Tray,1,5.99
2026-01-27,WA,New,Calvin Klein CK One,2,99.98
2026-01-27,NY,New,Dior J'adore,2,179.98
2026-01-27,GA,New,Table Lamp,3,149.97
2026-01-27,GA,New,Longines Master Collection,2,2999.98
2026-01-27,GA,New,Black Aluminium Cup,1,5.99
2026-01-27,CA,VIP,Kitchen Sieve,1,7.99
2026-01-27,CA,VIP,Man Plaid Shirt,2,69.98
2026-01-27,CA,VIP,Silver Pot With Glass Cap,1,39.99
2026-01-27,WA,New,Mug Tree Stand,1,15.99
2026-01-27,WA,New,Apple MacBook Pro 14 Inch Space Grey,2,3999.98
2026-01-27,WA,New,Chopping Board,3,38.97
2026-01-27,CA,Returning,Fork,3,11.97
2026-01-27,CA,Returning,Plate,3,11.97
2026-01-27,CA,Returning,Microwave Oven,1,89.99
2026-01-27,CA,Returning,Juice,1,3.99
2026-01-27,TX,VIP,Mulberry,2,9.98
2026-01-27,TX,VIP,Wooden Rolling Pin,3,35.97
2026-01-27,FL,VIP,Powder Canister,2,29.98
2026-01-27,IL,New,Black Aluminium Cup,2,11.98
2026-01-27,IL,New,Chopping Board,2,25.98
2026-01-27,IL,New,Boxed Blender,2,79.98
2026-01-27,IL,New,Chanel Coco Noir Eau De,3,389.97
2026-01-27,WA,Returning,Cucumber,1,1.49
2026-01-27,WA,Returning,Cooking Oil,1,4.99
2026-01-27,IL,New,Soft Drinks,2,3.98
2026-01-27,IL,New,Hand Blender,2,69.98
2026-01-27,IL,New,Powder Canister,2,29.98
2026-01-27,IL,New,Strawberry,1,3.99
2026-01-27,WA,Returning,Rice,3,17.97
2026-01-27,WA,Returning,Gigabyte Aorus Men Tshirt,1,24.99
2026-01-27,IL,VIP,Calvin Klein CK One,1,49.99
2026-01-27,CA,VIP,Green Bell Pepper,1,1.29
2026-01-27,CA,VIP,Pan,1,24.99
2026-01-27,IL,VIP,Black Aluminium Cup,1,5.99
2026-01-27,FL,VIP,Red Onions,1,1.99
2026-01-27,FL,VIP,Gucci Bloom Eau de,1,79.99
2026-01-27,FL,VIP,Rice,1,5.99
2026-01-27,FL,New,Water,1,0.99
2026-01-27,IL,VIP,Green Bell Pepper,1,1.29
2026-01-27,CA,VIP,Chanel Coco Noir Eau De,1,129.99
2026-01-27,CA,VIP,Beef Steak,1,12.99
2026-01-27,CA,VIP,Pan,3,74.97
2026-01-27,NY,New,Water,2,1.98
2026-01-27,NY,New,Mug Tree Stand,1,15.99
2026-01-27,MO,VIP,Kitchen Sieve,3,23.97
2026-01-27,MO,VIP,Silver Pot With Glass Cap,1,39.99
2026-01-27,TX,Returning,Slotted Turner,3,26.97
2026-01-27,TX,Returning,Rolex Cellini Moonphase,2,25999.98
2026-01-27,TX,Returning,Huawei Matebook X Pro,2,2799.98
2026-01-27,TX,Returning,Rice,3,17.97
2026-01-27,CA,VIP,Water,3,2.97
2026-01-27,CA,VIP,Beef Steak,2,25.98
2026-01-27,CA,VIP,Protein Powder,2,39.98
2026-01-27,CA,VIP,Wooden Bathroom Sink With Mirror,2,1599.98
2026-01-27,GA,New,Strawberry,2,7.98
2026-01-27,GA,New,Mug Tree Stand,3,47.97
2026-01-27,GA,New,Blue & Black Check Shirt,3,89.97
2026-01-27,GA,New,Rolex Submariner Watch,3,41999.97
2026-01-27,NY,New,Cat Food,3,26.97
2026-01-27,NY,New,Water,2,1.98
2026-01-27,NY,New,Rolex Cellini Date Black Dial,2,17999.98
2026-01-27,NY,New,Sports Sneakers Off White & Red,2,239.98
2026-01-27,NY,New,Gigabyte Aorus Men Tshirt,1,24.99
2026-01-27,NY,New,Electric Stove,2,99.98
2026-01-27,NY,New,Chopping Board,3,38.97
2026-01-27,WA,New,Annibale Colombo Sofa,2,4999.98
2026-01-27,WA,New,Red Tongs,2,13.98
2026-01-27,WA,New,Tray,3,50.97
2026-01-27,MO,New,Dog Food,1,10.99
2026-01-27,MO,New,Mulberry,3,14.97
2026-01-27,MO,New,Water,3,2.97
2026-01-27,MO,New,House Showpiece Plant,1,39.99
2026-01-27,WA,VIP,Black Whisk,2,19.98
2026-01-27,WA,VIP,Man Plaid Shirt,1,34.99
2026-01-27,WA,VIP,Sports Sneakers Off White Red,3,329.97
2026-01-27,GA,New,Red Tongs,3,20.97
2026-01-27,GA,New,Puma Future Rider Trainers,2,179.98
2026-01-27,GA,New,Annibale Colombo Sofa,1,2499.99
2026-01-27,WA,Returning,Eggs,1,2.99
2026-01-27,WA,Returning,Mug Tree Stand,1,15.99
2026-01-27,WA,Returning,Cat Food,1,8.99
2026-01-27,WA,Returning,Pan,3,74.97
2026-01-27,NY,VIP,Chanel Coco Noir Eau De,3,389.97
2026-01-27,NY,VIP,Red Lipstick,1,12.99
2026-01-27,NY,VIP,Eggs,2,5.98
2026-01-27,IL,Returning,Lemon,1,0.79
2026-01-27,IL,Returning,Eyeshadow Palette with Mirror,3,59.97
2026-01-27,IL,Returning,Red Nail Polish,2,17.98
2026-01-27,IL,Returning,Men Check Shirt,1,27.99
2026-01-27,IL,VIP,Huawei Matebook X Pro,1,1399.99
2026-01-27,IL,VIP,Electric Stove,2,99.98
2026-01-27,IL,VIP,House Showpiece Plant,2,79.98
2026-01-27,WA,Returning,Spoon,3,14.97
2026-01-27,WA,Returning,Chopping Board,3,38.97
2026-01-27,WA,Returning,Apple Airpods,1,129.99
2026-01-27,MO,Returning,Water,3,2.97
2026-01-27,MO,Returning,Green Chili Pepper,1,0.99
2026-01-27,MO,Returning,Cat Food,2,17.98
2026-01-27,IL,New,Spoon,2,9.98
2026-01-27,IL,New,Red Nail Polish,3,26.97
2026-01-27,IL,New,Puma Future Rider Trainers,2,179.98
2026-01-27,IL,New,Tissue Paper Box,1,2.49
2026-01-27,IL,Returning,Ice Cube Tray,3,17.97
2026-01-27,NY,VIP,Bamboo Spatula,1,7.99
2026-01-27,NY,VIP,Chicken Meat,1,9.99
2026-01-27,IL,Returning,New DELL XPS 13 9300 Laptop,2,2999.98
2026-01-27,IL,Returning,Black Whisk,2,19.98
2026-01-27,IL,VIP,Ice Cream,3,16.47
2026-01-27,IL,VIP,Essence Mascara Lash Princess,3,29.97
2026-01-27,IL,VIP,Lenovo Yoga 920,2,2199.98
2026-01-27,IL,VIP,Milk,2,6.98
2026-01-27,WA,VIP,Blue & Black Check Shirt,1,29.99
2026-01-27,WA,VIP,Dior J'adore,2,179.98
2026-01-27,WA,VIP,Slotted Turner,3,26.97
2026-01-27,WA,VIP,Brown Leather Belt Watch,2,179.98
2026-01-27,GA,New,Decoration Swing,3,179.97
2026-01-27,GA,New,Kitchen Sieve,2,15.98
2026-01-27,GA,New,Table Lamp,3,149.97
2026-01-27,MO,New,Kiwi,3,7.47
2026-01-27,WA,Returning,Mug Tree Stand,3,47.97
2026-01-27,IL,VIP,Milk,3,10.47
2026-01-27,IL,VIP,Kiwi,3,7.47
2026-01-27,IL,VIP,Fork,1,3.99
2026-01-27,IL,VIP,Sports Sneakers Off White & Red,3,359.97
2026-01-27,GA,Returning,Chicken Meat,3,29.97
2026-01-27,GA,Returning,Family Tree Photo Frame,3,89.97
2026-01-27,GA,Returning,Protein Powder,1,19.99
2026-01-27,GA,Returning,Spoon,3,14.97
2026-01-27,NY,Returning,Pan,2,49.98
2026-01-27,NY,Returning,Gigabyte Aorus Men Tshirt,1,24.99
2026-01-27,CA,Returning,Red Nail Polish,3,26.97
2026-01-27,CA,Returning,Plant Pot,3,44.97
2026-01-27,CA,VIP,Potatoes,2,4.58
2026-01-27,TX,Returning,Dog Food,1,10.99
2026-01-27,TX,Returning,Eyeshadow Palette with Mirror,1,19.99
2026-01-27,FL,New,Apple MacBook Pro 14 Inch Space Grey,3,5999.97
2026-01-27,FL,New,Huawei Matebook X Pro,3,4199.97
2026-01-27,CA,Returning,Nike Baseball Cleats,2,159.98
2026-01-27,CA,Returning,Gucci Bloom Eau de,1,79.99
2026-01-28,FL,Returning,Green Bell Pepper,1,1.29
2026-01-28,GA,VIP,Apple,1,1.99
2026-01-28,GA,VIP,Carbon Steel Wok,1,29.99
2026-01-28,GA,VIP,Pan,2,49.98
2026-01-28,GA,VIP,Chopping Board,3,38.97
2026-01-28,CA,VIP,Decoration Swing,3,179.97
2026-01-28,CA,VIP,Tissue Paper Box,2,4.98
2026-01-28,CA,VIP,Potatoes,1,2.29
2026-01-28,CA,VIP,Eggs,2,5.98
2026-01-28,WA,New,Egg Slicer,1,6.99
2026-01-28,WA,New,Man Short Sleeve Shirt,2,39.98
2026-01-28,WA,New,Beef Steak,2,25.98
2026-01-28,WA,New,Hand Blender,1,34.99
2026-01-28,FL,New,Lemon,2,1.58
2026-01-28,TX,New,Eggs,1,2.99
2026-01-28,TX,New,Red Nail Polish,2,17.98
2026-01-28,IL,VIP,Bamboo Spatula,3,23.97
2026-01-28,IL,VIP,Microwave Oven,1,89.99
2026-01-28,IL,VIP,Calvin Klein CK One,1,49.99
2026-01-28,IL,VIP,Apple MacBook Pro 14 Inch Space Grey,1,1999.99
2026-01-28,WA,VIP,Tissue Paper Box,1,2.49
2026-01-28,WA,VIP,Rolex Cellini Moonphase,2,25999.98
2026-01-28,WA,VIP,Blue & Black Check Shirt,1,29.99
2026-01-28,WA,VIP,Bedside Table African Cherry,1,299.99
2026-01-28,CA,Returning,Plate,3,11.97
2026-01-28,CA,Returning,Water,2,1.98
2026-01-28,CA,New,Eyeshadow Palette with Mirror,3,59.97
2026-01-28,CA,New,Dolce Shine Eau de,3,209.97
2026-01-28,WA,Returning,Soft Drinks,3,5.97
2026-01-28,WA,Returning,Dolce Shine Eau de,3,209.97
2026-01-28,WA,Returning,Apple,3,5.97
2026-01-28,WA,Returning,Annibale Colombo Bed,2,3799.98
2026-01-28,TX,Returning,Gigabyte Aorus Men Tshirt,2,49.98
2026-01-28,TX,Returning,Kiwi,3,7.47
2026-01-28,GA,Returning,Silver Pot With Glass Cap,3,119.97
2026-01-28,GA,Returning,Eggs,3,8.97
2026-01-28,GA,New,Red Lipstick,2,25.98
2026-01-28,GA,New,Chopping Board,2,25.98
2026-01-28,GA,New,Knoll Saarinen Executive Conference Chair,3,1499.97
2026-01-28,NY,New,Yellow Peeler,3,17.97
2026-01-28,NY,New,Kitchen Sieve,3,23.97
2026-01-28,NY,New,Calvin Klein CK One,3,149.97
2026-01-28,GA,New,Plate,3,11.97
2026-01-28,GA,New,Apple MacBook Pro 14 Inch Space Grey,3,5999.97
2026-01-28,GA,New,Lemon,2,1.58
2026-01-28,WA,Returning,Honey Jar,3,20.97
2026-01-28,WA,Returning,Gucci Bloom Eau de,2,159.98
2026-01-28,NY,Returning,Pan,3,74.97
2026-01-28,GA,Returning,Boxed Blender,3,119.97
2026-01-28,GA,Returning,Yellow Peeler,3,17.97
2026-01-28,GA,Returning,Nescafe Coffee,3,23.97
2026-01-28,IL,New,Man Short Sleeve Shirt,1,19.99
2026-01-28,IL,New,Apple Airpods,1,129.99
2026-01-28,IL,New,Plate,1,3.99
2026-01-28,GA,New,Spoon,3,14.97
2026-01-28,GA,New,Blue & Black Check Shirt,3,89.97
2026-01-28,GA,New,Microwave Oven,1,89.99
2026-01-28,GA,New,Fork,3,11.97
2026-01-28,IL,Returning,Eyeshadow Palette with Mirror,2,39.98
2026-01-28,IL,Returning,Chicken Meat,2,19.98
2026-01-28,IL,Returning,Protein Powder,3,59.97
2026-01-28,IL,Returning,Tray,2,33.98
2026-01-28,IL,VIP,Sports Sneakers Off White & Red,2,239.98
2026-01-28,FL,Returning,Plant Pot,3,44.97
2026-01-28,FL,Returning,Fork,2,7.98
2026-01-28,GA,VIP,Glass,1,4.99
2026-01-28,GA,VIP,Green Chili Pepper,3,2.97
2026-01-28,GA,VIP,Boxed Blender,2,79.98
2026-01-28,TX,VIP,New DELL XPS 13 9300 Laptop,3,4499.97
2026-01-28,TX,VIP,Eyeshadow Palette with Mirror,2,39.98
2026-01-28,MO,VIP,Man Plaid Shirt,2,69.98
2026-01-28,MO,VIP,Green Chili Pepper,3,2.97
2026-01-28,MO,Returning,Honey Jar,3,20.97
2026-01-28,MO,Returning,Man Short Sleeve Shirt,1,19.99
2026-01-28,MO,Returning,Amazon Echo Plus,1,99.99
2026-01-28,MO,Returning,Wooden Bathroom Sink With Mirror,2,1599.98
2026-01-28,MO,VIP,Boxed Blender,2,79.98
2026-01-28,FL,Returning,Gucci Bloom Eau de,3,239.97
2026-01-28,FL,Returning,Grater Black,3,32.97
2026-01-28,GA,Returning,Longines Master Collection,2,2999.98
2026-01-28,WA,VIP,Annibale Colombo Sofa,2,4999.98
2026-01-28,WA,VIP,Essence Mascara Lash Princess,3,29.97
2026-01-28,WA,VIP,Grater Black,2,21.98
2026-01-28,WA,VIP,Egg Slicer,1,6.99
2026-01-28,NY,VIP,Sports Sneakers Off White & Red,3,359.97
2026-01-28,NY,New,Kitchen Sieve,3,23.97
2026-01-28,NY,New,Black Aluminium Cup,1,5.99
2026-01-28,WA,Returning,Water,2,1.98
2026-01-28,TX,VIP,New DELL XPS 13 9300 Laptop,1,1499.99
2026-01-28,TX,VIP,Tissue Paper Box,2,4.98
2026-01-28,TX,VIP,Bamboo Spatula,3,23.97
2026-01-28,IL,New,Eggs,2,5.98
2026-01-28,IL,New,Rolex Cellini Moonphase,2,25999.98
2026-01-28,IL,New,Decoration Swing,1,59.99
2026-01-28,CA,VIP,Hand Blender,1,34.99
2026-01-28,NY,New,Rolex Submariner Watch,1,13999.99
2026-01-28,NY,New,Beef Steak,1,12.99
2026-01-28,NY,New,Family Tree Photo Frame,1,29.99
2026-01-28,MO,Returning,Boxed Blender,1,39.99
2026-01-28,MO,Returning,Asus Zenbook Pro Dual Screen Laptop,2,3599.98
2026-01-28,MO,Returning,Tissue Paper Box,3,7.47
2026-01-28,MO,Returning,Blue & Black Check Shirt,3,89.97
2026-01-28,TX,New,Decoration Swing,3,179.97
2026-01-28,IL,New,Bamboo Spatula,3,23.97
2026-01-28,IL,Returning,Sports Sneakers Off White & Red,2,239.98
2026-01-28,IL,Returning,Fine Mesh Strainer,3,29.97
2026-01-28,TX,Returning,Bedside Table African Cherry,2,599.98
2026-01-28,TX,Returning,Red Nail Polish,1,8.99
2026-01-28,TX,Returning,Wooden Bathroom Sink With Mirror,2,1599.98
2026-01-28,TX,Returning,Fork,2,7.98
2026-01-28,WA,New,Bamboo Spatula,1,7.99
2026-01-28,WA,New,Black Aluminium Cup,1,5.99
2026-01-28,WA,New,Annibale Colombo Sofa,1,2499.99
2026-01-28,WA,New,Men Check Shirt,2,55.98
2026-01-28,GA,VIP,House Showpiece Plant,3,119.97
2026-01-28,GA,VIP,Green Chili Pepper,3,2.97
2026-01-28,GA,VIP,Amazon Echo Plus,3,299.97
2026-01-28,TX,VIP,Mulberry,3,14.97
2026-01-28,FL,Returning,Grater Black,2,21.98
2026-01-28,FL,Returning,Men Check Shirt,1,27.99
2026-01-28,FL,Returning,Apple MacBook Pro 14 Inch Space Grey,3,5999.97
2026-01-28,FL,Returning,Hand Blender,2,69.98
2026-01-28,MO,Returning,Green Chili Pepper,1,0.99
2026-01-28,MO,Returning,Longines Master Collection,1,1499.99
2026-01-28,MO,Returning,Essence Mascara Lash Princess,3,29.97
2026-01-28,MO,New,House Showpiece Plant,3,119.97
2026-01-28,MO,New,Green Chili Pepper,1,0.99
2026-01-28,MO,New,Red Lipstick,3,38.97
2026-01-28,NY,New,Ice Cube Tray,2,11.98
2026-01-28,NY,New,Knife,1,14.99
2026-01-28,NY,Returning,Rolex Datejust,1,10999.99
2026-01-28,NY,Returning,Cat Food,3,26.97
2026-01-28,IL,Returning,Milk,3,10.47
2026-01-28,GA,Returning,Dior J'adore,1,89.99
2026-01-28,FL,VIP,Microwave Oven,2,179.98
2026-01-28,FL,VIP,Apple Airpods,3,389.97
2026-01-28,FL,VIP,Blue & Black Check Shirt,2,59.98
2026-01-28,FL,VIP,Sports Sneakers Off White Red,2,219.98
2026-01-28,WA,VIP,Wooden Bathroom Sink With Mirror,1,799.99
2026-01-28,MO,Returning,Chicken Meat,1,9.99
2026-01-28,MO,Returning,Plate,2,7.98
2026-01-28,MO,Returning,Nike Air Jordan 1 Red And Black,3,449.97
2026-01-28,MO,Returning,Chanel Coco Noir Eau De,1,129.99
2026-01-28,GA,New,Rolex Cellini Date Black Dial,2,17999.98
2026-01-28,GA,New,Citrus Squeezer Yellow,2,17.98
2026-01-28,GA,New,Powder Canister,3,44.97
2026-01-28,WA,Returning,Citrus Squeezer Yellow,3,26.97
2026-01-28,WA,Returning,Lemon,3,2.37
2026-01-28,WA,Returning,Soft Drinks,3,5.97
2026-01-28,TX,Returning,Water,3,2.97
2026-01-28,TX,Returning,Nike Air Jordan 1 Red And Black,2,299.98
2026-01-28,TX,Returning,Kitchen Sieve,3,23.97
2026-01-28,TX,Returning,Plate,1,3.99
2026-01-28,GA,VIP,Rolex Cellini Date Black Dial,3,26999.97
2026-01-28,GA,VIP,Rice,1,5.99
2026-01-28,GA,VIP,Fine Mesh Strainer,3,29.97
2026-01-28,GA,VIP,Hand Blender,1,34.99
2026-01-28,TX,Returning,Spice Rack,1,19.99
2026-01-28,TX,Returning,Black Aluminium Cup,1,5.99
2026-01-28,TX,Returning,Rolex Cellini Moonphase,3,38999.97
2026-01-28,TX,Returning,Plate,3,11.97
2026-01-28,CA,Returning,Nescafe Coffee,3,23.97
2026-01-28,CA,Returning,Grater Black,1,10.99
2026-01-28,CA,Returning,Dolce Shine Eau de,2,139.98
2026-01-28,CA,Returning,Green Chili Pepper,3,2.97
2026-01-28,IL,New,Cooking Oil,3,14.97
2026-01-28,IL,New,Kitchen Sieve,1,7.99
2026-01-28,IL,New,Apple,1,1.99
2026-01-28,IL,New,Chopping Board,2,25.98
2026-01-28,CA,Returning,Slotted Turner,3,26.97
2026-01-29,IL,VIP,Pan,2,49.98
2026-01-29,IL,VIP,Cat Food,1,8.99
2026-01-29,IL,VIP,Ice Cream,2,10.98
2026-01-29,IL,VIP,Annibale Colombo Sofa,3,7499.97
2026-01-29,IL,VIP,Green Chili Pepper,2,1.98
2026-01-29,IL,VIP,Honey Jar,1,6.99
2026-01-29,IL,VIP,Black Aluminium Cup,2,11.98
2026-01-29,FL,New,Milk,3,10.47
2026-01-29,FL,New,Chicken Meat,3,29.97
2026-01-29,NY,New,Red Nail Polish,3,26.97
2026-01-29,NY,New,Plant Pot,2,29.98
2026-01-29,NY,New,Fine Mesh Strainer,1,9.99
2026-01-29,CA,VIP,Essence Mascara Lash Princess,3,29.97
2026-01-29,CA,VIP,Apple Airpods,1,129.99
2026-01-29,CA,VIP,Lemon,2,1.58
2026-01-29,GA,New,Potatoes,3,6.87
2026-01-29,GA,New,Rolex Cellini Moonphase,3,38999.97
2026-01-29,GA,New,Wooden Rolling Pin,2,23.98
2026-01-29,GA,New,Table Lamp,1,49.99
2026-01-29,CA,VIP,Lenovo Yoga 920,3,3299.97
2026-01-29,CA,VIP,House Showpiece Plant,3,119.97
2026-01-29,WA,Returning,Mulberry,1,4.99
2026-01-29,WA,Returning,Black Aluminium Cup,1,5.99
2026-01-29,WA,Returning,Wooden Bathroom Sink With Mirror,1,799.99
2026-01-29,CA,VIP,Soft Drinks,3,5.97
2026-01-29,CA,VIP,Man Short Sleeve Shirt,2,39.98
2026-01-29,CA,VIP,Bedside Table African Cherry,3,899.97
2026-01-29,TX,Returning,Puma Future Rider Trainers,2,179.98
2026-01-29,TX,Returning,Carbon Steel Wok,2,59.98
2026-01-29,IL,VIP,Nike Baseball Cleats,3,239.97
2026-01-29,WA,Returning,Sports Sneakers Off White & Red,3,359.97
2026-01-29,WA,Returning,Black Aluminium Cup,1,5.99
2026-01-29,WA,Returning,Slotted Turner,1,8.99
2026-01-29,WA,Returning,Fork,1,3.99
2026-01-29,MO,VIP,Knife,1,14.99
2026-01-29,MO,VIP,Red Onions,1,1.99
2026-01-29,GA,Returning,Fork,3,11.97
2026-01-29,NY,New,Microwave Oven,2,179.98
2026-01-29,CA,New,Mug Tree Stand,3,47.97
2026-01-29,NY,VIP,Red Onions,3,5.97
2026-01-29,NY,VIP,Potatoes,1,2.29
2026-01-29,NY,VIP,Kiwi,3,7.47
2026-01-29,GA,VIP,Ice Cream,2,10.98
2026-01-29,GA,VIP,Dolce Shine Eau de,3,209.97
2026-01-29,GA,VIP,Longines Master Collection,2,2999.98
2026-01-29,GA,VIP,Rice,1,5.99
2026-01-29,WA,Returning,Annibale Colombo Bed,3,5699.97
2026-01-29,WA,Returning,Family Tree Photo Frame,1,29.99
2026-01-29,WA,Returning,Knife,1,14.99
2026-01-29,MO,Returning,Kitchen Sieve,1,7.99
2026-01-29,MO,Returning,Chopping Board,3,38.97
2026-01-29,MO,Returning,Eyeshadow Palette with Mirror,3,59.97
2026-01-29,MO,Returning,Wooden Bathroom Sink With Mirror,1,799.99
2026-01-30,MO,New,Knife,1,14.99
2026-01-30,MO,New,Kiwi,2,4.98
2026-01-30,NY,VIP,Lenovo Yoga 920,3,3299.97
2026-01-30,NY,VIP,Ice Cream,3,16.47
2026-01-30,NY,VIP,Mulberry,3,14.97
2026-01-30,MO,New,Table Lamp,2,99.98
2026-01-30,MO,New,Chanel Coco Noir Eau De,2,259.98
2026-01-30,MO,New,Rice,1,5.99
2026-01-30,MO,New,Dog Food,1,10.99
2026-01-30,IL,VIP,Decoration Swing,3,179.97
2026-01-30,IL,VIP,Rolex Submariner Watch,3,41999.97
2026-01-30,IL,VIP,Plate,2,7.98
2026-01-30,TX,VIP,Egg Slicer,1,6.99
2026-01-30,TX,VIP,Chanel Coco Noir Eau De,3,389.97
2026-01-30,TX,VIP,Ice Cube Tray,3,17.97
2026-01-30,TX,VIP,Rolex Cellini Date Black Dial,2,17999.98
2026-01-30,NY,VIP,Water,2,1.98
2026-01-30,NY,VIP,Blue & Black Check Shirt,2,59.98
2026-01-30,NY,VIP,Potatoes,2,4.58
2026-01-30,CA,VIP,Apple MacBook Pro 14 Inch Space Grey,3,5999.97
2026-01-30,CA,VIP,Red Lipstick,2,25.98
2026-01-30,CA,VIP,Tray,2,33.98
2026-01-30,CA,VIP,Water,3,2.97
2026-01-30,FL,VIP,Wooden Rolling Pin,3,35.97
2026-01-30,FL,VIP,Rice,2,11.98
2026-01-30,FL,VIP,Huawei Matebook X Pro,2,2799.98
2026-01-30,FL,VIP,Bamboo Spatula,1,7.99
2026-01-30,FL,VIP,Kiwi,2,4.98
2026-01-30,WA,Returning,Nike Baseball Cleats,1,79.99
2026-01-30,FL,Returning,Man Plaid Shirt,1,34.99
2026-01-30,FL,Returning,Cat Food,2,17.98
2026-01-30,FL,Returning,Wooden Rolling Pin,1,11.99
2026-01-30,FL,Returning,Mulberry,2,9.98
2026-01-30,IL,Returning,Mulberry,3,14.97
2026-01-30,IL,Returning,Glass,1,4.99
2026-01-30,IL,Returning,Ice Cube Tray,3,17.97
2026-01-30,MO,New,Cat Food,2,17.98
2026-01-30,MO,New,Brown Leather Belt Watch,1,89.99
2026-01-30,MO,New,Fine Mesh Strainer,2,19.98
2026-01-30,IL,Returning,Kiwi,2,4.98
2026-01-30,FL,New,Knife,1,14.99
2026-01-30,FL,New,Nescafe Coffee,1,7.99
2026-01-30,CA,New,Blue & Black Check Shirt,3,89.97
2026-01-30,CA,New,Asus Zenbook Pro Dual Screen Laptop,3,5399.97
2026-01-30,CA,New,Beef Steak,2,25.98
2026-01-30,FL,VIP,Black Whisk,2,19.98
2026-01-30,FL,VIP,Cooking Oil,3,14.97
2026-01-30,FL,VIP,Silver Pot With Glass Cap,3,119.97
2026-01-30,FL,VIP,Egg Slicer,1,6.99
2026-01-30,FL,New,Wooden Bathroom Sink With Mirror,3,2399.97
2026-01-30,FL,New,Fork,1,3.99
2026-01-30,FL,New,Rolex Cellini Date Black Dial,1,8999.99
2026-01-30,FL,New,Eggs,3,8.97
2026-01-30,FL,New,Yellow Peeler,1,5.99
2026-01-30,FL,New,Tissue Paper Box,1,2.49
2026-01-30,NY,New,Electric Stove,2,99.98
2026-01-30,CA,New,Longines Master Collection,3,4499.97
2026-01-30,CA,New,Kiwi,2,4.98
2026-01-30,CA,New,Cucumber,1,1.49
2026-01-30,MO,Returning,Black Whisk,1,9.99
2026-01-30,MO,Returning,Kiwi,1,2.49
2026-01-30,MO,Returning,Fork,3,11.97
2026-01-30,WA,Returning,Silver Pot With Glass Cap,2,79.98
2026-01-30,WA,Returning,Glass,3,14.97
2026-01-30,WA,Returning,Lenovo Yoga 920,3,3299.97
2026-01-30,WA,Returning,Juice,2,7.98
2026-01-30,CA,VIP,Gigabyte Aorus Men Tshirt,1,24.99
2026-01-30,CA,VIP,Glass,3,14.97
2026-01-30,CA,VIP,Blue & Black Check Shirt,1,29.99
2026-01-30,WA,Returning,Chanel Coco Noir Eau De,1,129.99
2026-01-30,WA,Returning,Beef Steak,3,38.97
2026-01-30,GA,Returning,Gucci Bloom Eau de,3,239.97
2026-01-30,GA,New,Ice Cream,3,16.47
2026-01-30,GA,New,Sports Sneakers Off White Red,1,109.99
2026-01-30,GA,New,Silver Pot With Glass Cap,2,79.98
2026-01-30,CA,Returning,Grater Black,1,10.99
2026-01-30,CA,Returning,Lunch Box,2,25.98
2026-01-30,CA,Returning,Huawei Matebook X Pro,1,1399.99
2026-01-30,NY,New,Boxed Blender,2,79.98
2026-01-30,TX,VIP,Family Tree Photo Frame,2,59.98
2026-01-30,TX,VIP,Amazon Echo Plus,2,199.98
2026-01-30,TX,VIP,Soft Drinks,3,5.97
2026-01-30,IL,Returning,Plate,2,7.98
2026-01-30,IL,Returning,Chicken Meat,1,9.99
2026-01-30,TX,New,Juice,1,3.99
2026-01-30,TX,New,Green Bell Pepper,2,2.58
2026-01-30,TX,New,Lemon,1,0.79
2026-01-30,NY,Returning,Lenovo Yoga 920,1,1099.99
2026-01-30,NY,Returning,Tray,2,33.98
2026-01-30,NY,New,Glass,1,4.99
2026-01-30,NY,New,Bamboo Spatula,2,15.98
2026-01-30,GA,New,Citrus Squeezer Yellow,1,8.99
2026-01-30,NY,Returning,Family Tree Photo Frame,2,59.98
2026-01-30,NY,Returning,New DELL XPS 13 9300 Laptop,2,2999.98
2026-01-30,IL,VIP,Sports Sneakers Off White Red,1,109.99
2026-01-30,GA,New,Nike Air Jordan 1 Red And Black,2,299.98
2026-01-30,GA,New,Dior J'adore,2,179.98
2026-01-30,GA,New,Wooden Bathroom Sink With Mirror,3,2399.97
2026-01-30,GA,VIP,Bamboo Spatula,3,23.97
2026-01-30,GA,Returning,Spice Rack,1,19.99
2026-01-30,GA,Returning,Eggs,2,5.98
2026-01-30,GA,Returning,Longines Master Collection,3,4499.97
2026-01-30,TX,VIP,Spice Rack,2,39.98
2026-01-30,MO,Returning,Cat Food,3,26.97
2026-01-30,MO,Returning,Puma Future Rider Trainers,2,179.98
2026-01-30,MO,Returning,Carbon Steel Wok,1,29.99
2026-01-30,WA,Returning,Cooking Oil,1,4.99
2026-01-30,MO,VIP,Essence Mascara Lash Princess,2,19.98
2026-01-30,MO,VIP,Ice Cube Tray,1,5.99
2026-01-30,MO,VIP,Kiwi,1,2.49
2026-01-30,MO,VIP,Chanel Coco Noir Eau De,3,389.97
2026-01-30,WA,Returning,Knife,1,14.99
2026-01-30,WA,Returning,Brown Leather Belt Watch,2,179.98
2026-01-30,IL,New,Beef Steak,3,38.97
2026-01-30,IL,New,Bamboo Spatula,1,7.99
2026-01-30,IL,New,Dolce Shine Eau de,2,139.98
2026-01-30,FL,Returning,Annibale Colombo Bed,1,1899.99
2026-01-30,FL,Returning,Red Nail Polish,1,8.99
2026-01-30,MO,New,Lunch Box,2,25.98
2026-01-30,MO,New,Rolex Submariner Watch,3,41999.97
2026-01-30,MO,New,Milk,1,3.49
2026-01-30,CA,VIP,Yellow Peeler,3,17.97
2026-01-30,CA,VIP,Nike Baseball Cleats,2,159.98
2026-01-30,WA,Returning,Plate,1,3.99
2026-01-30,WA,Returning,Citrus Squeezer Yellow,1,8.99
2026-01-30,WA,Returning,Lenovo Yoga 920,3,3299.97
2026-01-30,GA,VIP,Strawberry,3,11.97
2026-01-30,GA,VIP,Calvin Klein CK One,1,49.99
2026-01-30,GA,VIP,Spice Rack,2,39.98
2026-01-30,NY,VIP,Spoon,3,14.97
2026-01-30,NY,VIP,Kiwi,3,7.47
2026-01-30,NY,Returning,Apple,2,3.98
2026-01-30,NY,New,Lemon,1,0.79
2026-01-30,NY,New,Nike Air Jordan 1 Red And Black,3,449.97
2026-01-30,NY,New,Black Whisk,3,29.97
2026-01-30,CA,Returning,Eyeshadow Palette with Mirror,3,59.97
2026-01-30,IL,New,Sports Sneakers Off White Red,1,109.99
2026-01-30,IL,New,Chopping Board,2,25.98
2026-01-30,IL,New,Grater Black,3,32.97
2026-01-30,IL,New,Essence Mascara Lash Princess,1,9.99
2026-01-30,MO,New,Red Onions,3,5.97
2026-01-30,MO,New,Red Lipstick,3,38.97
2026-01-30,TX,VIP,Family Tree Photo Frame,3,89.97
2026-01-30,TX,VIP,Strawberry,1,3.99
2026-01-30,FL,New,Tissue Paper Box,3,7.47
2026-01-30,FL,New,Tray,1,16.99
2026-01-30,TX,VIP,Honey Jar,2,13.98
2026-01-30,TX,VIP,Eggs,3,8.97
2026-01-30,TX,VIP,Ice Cube Tray,3,17.97
2026-01-30,TX,VIP,Soft Drinks,2,3.98
2026-01-30,WA,Returning,Tray,3,50.97
2026-01-30,CA,VIP,Nescafe Coffee,3,23.97
2026-01-30,CA,VIP,Ice Cube Tray,3,17.97
2026-01-30,FL,VIP,Fork,3,11.97
2026-01-30,FL,VIP,Gucci Bloom Eau de,2,159.98
2026-01-30,FL,New,Plate,2,7.98
2026-01-30,FL,New,New DELL XPS 13 9300 Laptop,1,1499.99
2026-01-30,FL,New,Fish Steak,2,29.98
2026-01-30,GA,Returning,Red Tongs,2,13.98
2026-01-30,GA,Returning,Men Check Shirt,2,55.98
2026-01-30,GA,Returning,Puma Future Rider Trainers,3,269.97
2026-01-30,WA,VIP,Wooden Bathroom Sink With Mirror,1,799.99
2026-01-30,WA,VIP,Knife,1,14.99
2026-01-30,IL,VIP,Man Plaid Shirt,3,104.97
2026-01-30,IL,VIP,Mulberry,1,4.99
2026-01-30,IL,VIP,Fine Mesh Strainer,1,9.99
2026-01-30,IL,VIP,Gucci Bloom Eau de,2,159.98
2026-01-30,WA,Returning,Red Onions,2,3.98
2026-01-30,WA,Returning,Honey Jar,2,13.98
2026-01-30,WA,Returning,Hand Blender,1,34.99
2026-01-30,WA,Returning,Mug Tree Stand,3,47.97
2026-01-30,FL,VIP,Spoon,3,14.97
2026-01-30,MO,VIP,Chanel Coco Noir Eau De,2,259.98
2026-01-30,MO,VIP,Spoon,1,4.99
2026-01-30,MO,VIP,Sports Sneakers Off White & Red,3,359.97
2026-01-30,MO,VIP,Apple Airpods,2,259.98
2026-01-30,FL,Returning,Strawberry,3,11.97
2026-01-30,FL,Returning,Calvin Klein CK One,1,49.99
2026-01-30,FL,Returning,Slotted Turner,1,8.99
2026-01-30,FL,Returning,House Showpiece Plant,3,119.97
2026-01-30,MO,Returning,Boxed Blender,3,119.97
2026-01-30,MO,Returning,Nike Baseball Cleats,1,79.99
2026-01-30,NY,Returning,Calvin Klein CK One,1,49.99
2026-01-30,NY,Returning,Man Plaid Shirt,3,104.97
2026-01-30,NY,Returning,Mug Tree Stand,3,47.97
2026-01-31,WA,New,Kiwi,2,4.98
2026-01-31,WA,New,Rice,1,5.99
2026-01-31,WA,New,Plate,3,11.97
2026-01-31,IL,New,Blue & Black Check Shirt,2,59.98
2026-01-31,IL,New,Rice,3,17.97
2026-01-31,IL,New,Spice Rack,2,39.98
2026-01-31,IL,New,Annibale Colombo Bed,2,3799.98
2026-01-31,FL,Returning,Men Check Shirt,1,27.99
2026-01-31,MO,VIP,Strawberry,1,3.99
2026-01-31,MO,VIP,Lenovo Yoga 920,2,2199.98
2026-01-31,MO,VIP,Electric Stove,2,99.98
2026-01-31,WA,Returning,Table Lamp,2,99.98
2026-01-31,WA,Returning,Lenovo Yoga 920,2,2199.98
2026-01-31,GA,VIP,Longines Master Collection,1,1499.99
2026-01-31,GA,VIP,Apple Airpods,1,129.99
2026-01-31,GA,VIP,Mulberry,3,14.97
2026-01-31,WA,New,Dolce Shine Eau de,2,139.98
2026-01-31,WA,New,Citrus Squeezer Yellow,3,26.97
2026-01-31,WA,New,Fish Steak,2,29.98
2026-01-31,FL,New,Plant Pot,2,29.98
2026-01-31,FL,New,Family Tree Photo Frame,2,59.98
2026-01-31,MO,New,Rolex Cellini Date Black Dial,2,17999.98
2026-01-31,MO,New,Black Aluminium Cup,2,11.98
2026-01-31,MO,New,Mulberry,1,4.99
2026-01-31,MO,New,House Showpiece Plant,3,119.97
2026-01-31,NY,VIP,Dog Food,1,10.99
2026-01-31,NY,VIP,Fish Steak,2,29.98
2026-01-31,CA,VIP,Spice Rack,1,19.99
2026-01-31,CA,VIP,Knife,1,14.99
2026-01-31,MO,New,Plate,3,11.97
2026-01-31,WA,Returning,Citrus Squeezer Yellow,3,26.97
2026-01-31,WA,Returning,Cucumber,3,4.47
2026-01-31,WA,Returning,Kiwi,2,4.98
2026-01-31,IL,Returning,Decoration Swing,2,119.98
2026-01-31,IL,Returning,Egg Slicer,3,20.97
2026-01-31,IL,Returning,Kiwi,1,2.49
2026-01-31,GA,New,Tissue Paper Box,2,4.98
2026-01-31,GA,New,Sports Sneakers Off White & Red,1,119.99
2026-01-31,GA,New,Slotted Turner,1,8.99
2026-01-31,GA,New,Longines Master Collection,3,4499.97
2026-01-31,GA,New,Plate,2,7.98
2026-01-31,GA,New,Dior J'adore,2,179.98
2026-01-31,NY,VIP,Mulberry,2,9.98
2026-01-31,NY,VIP,Green Chili Pepper,1,0.99
2026-01-31,NY,VIP,Knoll Saarinen Executive Conference Chair,3,1499.97
2026-01-31,NY,VIP,Sports Sneakers Off White Red,3,329.97
2026-01-31,IL,VIP,Spoon,1,4.99
2026-01-31,IL,VIP,Apple Airpods,2,259.98
2026-01-31,IL,VIP,Spice Rack,1,19.99
2026-01-31,IL,VIP,Strawberry,3,11.97
2026-01-31,FL,New,Mulberry,2,9.98
2026-01-31,FL,New,Fork,3,11.97
2026-01-31,NY,VIP,Mulberry,1,4.99
2026-01-31,NY,VIP,Table Lamp,1,49.99
2026-01-31,NY,VIP,Silver Pot With Glass Cap,3,119.97
2026-01-31,NY,VIP,Nike Baseball Cleats,1,79.99
2026-01-31,NY,VIP,Rolex Submariner Watch,3,41999.97
2026-01-31,NY,VIP,Chopping Board,1,12.99
2026-01-31,MO,Returning,Kiwi,2,4.98
2026-01-31,MO,Returning,Man Short Sleeve Shirt,2,39.98
2026-01-31,MO,Returning,Fish Steak,3,44.97
2026-01-31,IL,VIP,Nike Baseball Cleats,2,159.98
2026-01-31,IL,VIP,Kitchen Sieve,3,23.97
2026-01-31,IL,VIP,Rolex Datejust,3,32999.97
2026-01-31,IL,VIP,Gigabyte Aorus Men Tshirt,2,49.98
2026-01-31,WA,VIP,Plant Pot,2,29.98
2026-01-31,WA,VIP,Pan,1,24.99
2026-01-31,WA,VIP,Slotted Turner,2,17.98
2026-01-31,TX,Returning,Red Lipstick,2,25.98
2026-01-31,TX,Returning,Huawei Matebook X Pro,1,1399.99
2026-01-31,TX,Returning,Milk,1,3.49
2026-01-31,FL,New,Black Whisk,2,19.98
2026-01-31,IL,VIP,Soft Drinks,3,5.97
2026-01-31,IL,VIP,Apple,2,3.98
2026-01-31,IL,VIP,Eggs,1,2.99
2026-01-31,IL,VIP,Grater Black,3,32.97
2026-01-31,FL,New,Gigabyte Aorus Men Tshirt,3,74.97
2026-01-31,FL,New,Red Lipstick,3,38.97
2026-01-31,FL,New,New DELL XPS 13 9300 Laptop,2,2999.98
2026-01-31,FL,New,Milk,1,3.49
2026-01-31,GA,Returning,Chanel Coco Noir Eau De,1,129.99
2026-01-31,GA,Returning,Tissue Paper Box,3,7.47
2026-01-31,GA,VIP,Rolex Cellini Moonphase,3,38999.97
2026-01-31,GA,VIP,Milk,2,6.98
2026-01-31,GA,VIP,Lemon,3,2.37
2026-01-31,GA,VIP,Lenovo Yoga 920,1,1099.99
2026-01-31,IL,Returning,Wooden Bathroom Sink With Mirror,1,799.99
2026-01-31,GA,Returning,Cucumber,2,2.98
2026-01-31,GA,Returning,Wooden Rolling Pin,1,11.99
2026-01-31,GA,Returning,Water,2,1.98
2026-01-31,GA,Returning,Hand Blender,3,104.97
2026-01-31,TX,New,Cooking Oil,1,4.99
2026-01-31,TX,New,Dolce Shine Eau de,2,139.98
2026-01-31,WA,VIP,Annibale Colombo Sofa,1,2499.99
2026-01-31,WA,VIP,Red Lipstick,2,25.98
2026-01-31,WA,VIP,Rolex Cellini Moonphase,3,38999.97
2026-01-31,WA,VIP,Cucumber,2,2.98
2026-01-31,GA,VIP,Honey Jar,1,6.99
2026-01-31,GA,VIP,Fork,2,7.98
2026-01-31,GA,VIP,Citrus Squeezer Yellow,1,8.99
2026-01-31,NY,Returning,Boxed Blender,1,39.99
2026-01-31,FL,Returning,Chanel Coco Noir Eau De,1,129.99
2026-01-31,FL,Returning,Black Aluminium Cup,3,17.97
2026-01-31,NY,VIP,Eyeshadow Palette with Mirror,1,19.99
2026-01-31,NY,VIP,Sports Sneakers Off White & Red,3,359.97
2026-01-31,NY,VIP,Cucumber,1,1.49
2026-01-31,NY,VIP,Dog Food,1,10.99
2026-01-31,MO,VIP,Milk,1,3.49
2026-01-31,MO,VIP,Fork,1,3.99
2026-01-31,MO,VIP,Gucci Bloom Eau de,1,79.99
2026-02-01,CA,VIP,Eyeshadow Palette with Mirror,1,19.99
2026-02-01,CA,VIP,Cooking Oil,3,14.97
2026-02-01,CA,VIP,Black Aluminium Cup,3,17.97
2026-02-01,CA,VIP,Potatoes,2,4.58
2026-02-01,TX,Returning,Microwave Oven,1,89.99
2026-02-01,TX,Returning,Tissue Paper Box,3,7.47
2026-02-01,IL,VIP,Gigabyte Aorus Men Tshirt,1,24.99
2026-02-01,MO,New,Sports Sneakers Off White & Red,3,359.97
2026-02-01,MO,VIP,Lenovo Yoga 920,2,2199.98
2026-02-01,MO,VIP,Chicken Meat,3,29.97
2026-02-01,MO,VIP,Spice Rack,3,59.97
2026-02-01,MO,VIP,Red Lipstick,3,38.97
2026-02-01,GA,New,Water,2,1.98
2026-02-01,FL,VIP,Spoon,2,9.98
2026-02-01,FL,VIP,Strawberry,3,11.97
2026-02-01,FL,VIP,Blue & Black Check Shirt,2,59.98
2026-02-01,MO,New,Chanel Coco Noir Eau De,1,129.99
2026-02-01,CA,New,Slotted Turner,1,8.99
2026-02-01,FL,Returning,Nike Baseball Cleats,1,79.99
2026-02-01,FL,Returning,Lemon,3,2.37
2026-02-01,FL,Returning,Grater Black,2,21.98
2026-02-01,FL,Returning,Strawberry,2,7.98
2026-02-01,MO,VIP,Man Plaid Shirt,1,34.99
2026-02-01,MO,VIP,Potatoes,1,2.29
2026-02-01,MO,VIP,Plate,2,7.98
2026-02-01,MO,VIP,Egg Slicer,1,6.99
2026-02-01,NY,Returning,Red Nail Polish,1,8.99
2026-02-01,CA,VIP,Chanel Coco Noir Eau De,1,129.99
2026-02-01,CA,VIP,Powder Canister,3,44.97
2026-02-01,CA,VIP,Microwave Oven,3,269.97
2026-02-01,GA,VIP,Citrus Squeezer Yellow,3,26.97
2026-02-01,GA,VIP,Pan,2,49.98
2026-02-01,GA,VIP,Nike Baseball Cleats,2,159.98
2026-02-01,NY,VIP,Kitchen Sieve,2,15.98
2026-02-01,NY,VIP,Family Tree Photo Frame,1,29.99
2026-02-01,NY,VIP,Protein Powder,3,59.97
2026-02-01,FL,New,Spoon,1,4.99
2026-02-01,FL,New,Apple MacBook Pro 14 Inch Space Grey,3,5999.97
2026-02-01,FL,New,Essence Mascara Lash Princess,3,29.97
2026-02-01,IL,VIP,Green Chili Pepper,3,2.97
2026-02-01,IL,VIP,Rolex Cellini Date Black Dial,2,17999.98
2026-02-01,IL,VIP,Asus Zenbook Pro Dual Screen Laptop,1,1799.99
2026-02-01,IL,VIP,Black Whisk,1,9.99
2026-02-01,TX,VIP,Table Lamp,3,149.97
2026-02-01,TX,VIP,Red Onions,2,3.98
2026-02-01,TX,VIP,Plate,1,3.99
2026-02-01,WA,VIP,Red Tongs,3,20.97
2026-02-01,WA,VIP,Beef Steak,1,12.99
2026-02-01,WA,VIP,Carbon Steel Wok,2,59.98
2026-02-01,NY,Returning,Tray,1,16.99
2026-02-01,NY,Returning,Lenovo Yoga 920,1,1099.99
2026-02-01,MO,New,Blue & Black Check Shirt,1,29.99
2026-02-01,MO,New,Annibale Colombo Sofa,3,7499.97
2026-02-01,MO,New,Strawberry,1,3.99
2026-02-01,MO,New,Rolex Cellini Date Black Dial,2,17999.98
2026-02-01,TX,VIP,Knife,1,14.99
2026-02-01,TX,VIP,Decoration Swing,2,119.98
2026-02-01,TX,VIP,Chicken Meat,3,29.97
2026-02-01,GA,New,House Showpiece Plant,2,79.98
2026-02-01,NY,VIP,Wooden Bathroom Sink With Mirror,3,2399.97
2026-02-01,NY,VIP,Honey Jar,2,13.98
2026-02-01,WA,Returning,Puma Future Rider Trainers,2,179.98
2026-02-01,WA,Returning,Cooking Oil,1,4.99
2026-02-01,NY,New,Man Plaid Shirt,1,34.99
2026-02-01,NY,New,Chopping Board,1,12.99
2026-02-01,NY,New,Nike Baseball Cleats,1,79.99
2026-02-01,WA,VIP,Soft Drinks,2,3.98
2026-02-01,WA,VIP,Strawberry,3,11.97
2026-02-01,NY,Returning,Apple,2,3.98
2026-02-01,IL,New,Eggs,2,5.98
2026-02-01,IL,New,Red Lipstick,2,25.98
2026-02-01,IL,New,Fork,1,3.99
2026-02-01,IL,VIP,Silver Pot With Glass Cap,2,79.98
2026-02-01,MO,New,Green Chili Pepper,3,2.97
2026-02-01,MO,New,Annibale Colombo Bed,2,3799.98
2026-02-01,NY,New,Calvin Klein CK One,2,99.98
2026-02-01,NY,New,Apple MacBook Pro 14 Inch Space Grey,3,5999.97
2026-02-01,TX,New,Kiwi,1,2.49
2026-02-01,TX,New,Kitchen Sieve,3,23.97
2026-02-01,TX,New,Dior J'adore,1,89.99
2026-02-01,TX,New,Annibale Colombo Sofa,1,2499.99
2026-02-01,NY,New,Silver Pot With Glass Cap,1,39.99
2026-02-01,NY,New,Microwave Oven,2,179.98
2026-02-01,NY,New,Kiwi,3,7.47
2026-02-01,WA,VIP,Cucumber,1,1.49
2026-02-01,WA,VIP,Black Aluminium Cup,2,11.98
2026-02-01,WA,VIP,Rice,3,17.97
2026-02-01,WA,VIP,Beef Steak,1,12.99
2026-02-01,CA,VIP,Lenovo Yoga 920,3,3299.97
2026-02-01,FL,VIP,Milk,3,10.47
2026-02-01,WA,New,Spice Rack,1,19.99
2026-02-01,WA,New,Table Lamp,1,49.99
2026-02-01,WA,New,Decoration Swing,1,59.99
2026-02-01,FL,New,Honey Jar,2,13.98
2026-02-01,GA,VIP,Mulberry,1,4.99
2026-02-01,NY,New,Dog Food,1,10.99
2026-02-01,NY,New,Longines Master Collection,1,1499.99
2026-02-01,NY,New,Brown Leather Belt Watch,1,89.99
2026-02-01,NY,New,Green Bell Pepper,2,2.58
2026-02-01,GA,New,Grater Black,1,10.99
2026-02-01,GA,New,House Showpiece Plant,2,79.98
2026-02-01,WA,Returning,Table Lamp,2,99.98
2026-02-01,WA,Returning,Slotted Turner,2,17.98
2026-02-01,WA,Returning,Fish Steak,2,29.98
2026-02-01,WA,Returning,Hand Blender,2,69.98
2026-02-01,GA,Returning,Lemon,1,0.79
2026-02-01,GA,Returning,Chicken Meat,3,29.97
2026-02-01,WA,Returning,Asus Zenbook Pro Dual Screen Laptop,3,5399.97
2026-02-01,FL,New,Eyeshadow Palette with Mirror,2,39.98
2026-02-01,FL,New,Gigabyte Aorus Men Tshirt,2,49.98
2026-02-01,CA,New,Spice Rack,3,59.97
2026-02-01,CA,New,Rolex Submariner Watch,3,41999.97
2026-02-01,CA,New,Table Lamp,1,49.99
2026-02-01,CA,New,Green Bell Pepper,2,2.58
2026-02-01,GA,New,Dior J'adore,3,269.97
2026-02-01,GA,New,Knoll Saarinen Executive Conference Chair,3,1499.97
2026-02-01,GA,New,Men Check Shirt,2,55.98
2026-02-01,GA,New,Green Bell Pepper,2,2.58
2026-02-01,FL,Returning,Red Tongs,1,6.99
2026-02-01,FL,Returning,Dog Food,3,32.97
2026-02-01,FL,Returning,Pan,3,74.97
2026-02-01,FL,Returning,Hand Blender,1,34.99
2026-02-01,TX,Returning,Kitchen Sieve,3,23.97
2026-02-01,TX,Returning,Cat Food,1,8.99
2026-02-01,TX,Returning,Lenovo Yoga 920,2,2199.98
2026-02-01,WA,VIP,Cucumber,2,2.98
2026-02-01,WA,VIP,Apple MacBook Pro 14 Inch Space Grey,1,1999.99
2026-02-01,NY,New,Asus Zenbook Pro Dual Screen Laptop,1,1799.99
2026-02-01,NY,New,Rolex Cellini Date Black Dial,1,8999.99
2026-02-01,NY,New,Lenovo Yoga 920,1,1099.99
2026-02-01,GA,Returning,Dior J'adore,2,179.98
2026-02-01,CA,New,Spoon,1,4.99
2026-02-01,CA,New,Tissue Paper Box,2,4.98
2026-02-01,CA,New,Fork,2,7.98
2026-02-01,IL,New,Chicken Meat,3,29.97
2026-02-01,IL,New,Strawberry,1,3.99
2026-02-01,GA,New,Black Whisk,1,9.99
2026-02-01,IL,New,Glass,2,9.98
2026-02-01,IL,New,Wooden Bathroom Sink With Mirror,1,799.99
2026-02-01,IL,New,Cooking Oil,2,9.98
2026-02-01,FL,VIP,Apple,1,1.99
2026-02-01,FL,VIP,Nike Air Jordan 1 Red And Black,1,149.99
2026-02-01,FL,VIP,Rice,2,11.98
2026-02-01,WA,New,Fork,3,11.97
2026-02-01,WA,Returning,Boxed Blender,2,79.98
2026-02-01,WA,Returning,Rolex Datejust,3,32999.97
2026-02-01,WA,Returning,Sports Sneakers Off White & Red,2,239.98
2026-02-01,NY,Returning,Red Onions,2,3.98
2026-02-01,NY,Returning,Wooden Rolling Pin,1,11.99
2026-02-01,NY,Returning,Annibale Colombo Sofa,1,2499.99
2026-02-01,NY,Returning,Rolex Submariner Watch,1,13999.99
2026-02-01,GA,New,Pan,2,49.98
2026-02-01,GA,New,Gucci Bloom Eau de,3,239.97
2026-02-01,GA,New,Green Chili Pepper,3,2.97
2026-02-01,GA,New,Man Short Sleeve Shirt,2,39.98
2026-02-01,IL,New,Knoll Saarinen Executive Conference Chair,3,1499.97
2026-02-01,TX,Returning,Cat Food,1,8.99
2026-02-01,CA,VIP,Decoration Swing,3,179.97
2026-02-01,CA,VIP,Fork,3,11.97
2026-02-01,CA,VIP,Rice,2,11.98
2026-02-01,MO,New,Chanel Coco Noir Eau De,1,129.99
2026-02-01,MO,New,Silver Pot With Glass Cap,1,39.99
2026-02-02,WA,Returning,Red Tongs,1,6.99
2026-02-02,WA,Returning,Kitchen Sieve,2,15.98
2026-02-02,WA,Returning,Cooking Oil,2,9.98
2026-02-02,WA,Returning,Lenovo Yoga 920,2,2199.98
2026-02-02,WA,Returning,Amazon Echo Plus,2,199.98
2026-02-02,WA,Returning,Ice Cube Tray,3,17.97
2026-02-02,IL,New,Sports Sneakers Off White & Red,1,119.99
2026-02-02,IL,New,Nike Air Jordan 1 Red And Black,2,299.98
2026-02-02,GA,New,Brown Leather Belt Watch,3,269.97
2026-02-02,GA,New,Wooden Rolling Pin,2,23.98
2026-02-02,GA,New,Asus Zenbook Pro Dual Screen Laptop,3,5399.97
2026-02-02,GA,New,Black Aluminium Cup,1,5.99
2026-02-02,TX,Returning,Citrus Squeezer Yellow,2,17.98
2026-02-02,NY,New,Rice,1,5.99
2026-02-02,NY,New,Bamboo Spatula,2,15.98
2026-02-02,MO,Returning,Nike Baseball Cleats,2,159.98
2026-02-02,MO,Returning,Citrus Squeezer Yellow,1,8.99
2026-02-02,TX,VIP,Calvin Klein CK One,2,99.98
2026-02-02,TX,VIP,Chicken Meat,1,9.99
2026-02-02,MO,VIP,Plant Pot,1,14.99
2026-02-02,MO,VIP,Kiwi,1,2.49
2026-02-02,MO,VIP,Cooking Oil,3,14.97
2026-02-02,MO,VIP,Spice Rack,2,39.98
2026-02-02,NY,New,Egg Slicer,2,13.98
2026-02-02,NY,New,Fork,3,11.97
2026-02-02,NY,New,Rolex Datejust,3,32999.97
2026-02-02,NY,New,Potatoes,1,2.29
2026-02-02,CA,Returning,Potatoes,1,2.29
2026-02-02,CA,Returning,Rolex Datejust,3,32999.97
2026-02-02,CA,Returning,Beef Steak,3,38.97
2026-02-02,CA,Returning,Cat Food,3,26.97
2026-02-02,FL,VIP,Man Short Sleeve Shirt,1,19.99
2026-02-02,WA,New,Family Tree Photo Frame,1,29.99
2026-02-02,WA,New,Sports Sneakers Off White Red,2,219.98
2026-02-02,NY,New,Calvin Klein CK One,1,49.99
2026-02-02,NY,New,Table Lamp,3,149.97
2026-02-02,NY,VIP,Microwave Oven,1,89.99
2026-02-02,NY,VIP,Tissue Paper Box,3,7.47
2026-02-02,NY,VIP,Sports Sneakers Off White & Red,2,239.98
2026-02-02,GA,New,Nike Baseball Cleats,2,159.98
2026-02-02,GA,New,Fine Mesh Strainer,3,29.97
2026-02-02,GA,New,Citrus Squeezer Yellow,2,17.98
2026-02-02,GA,New,Rolex Cellini Moonphase,3,38999.97
2026-02-02,IL,Returning,Black Whisk,2,19.98
2026-02-02,IL,Returning,Pan,1,24.99
2026-02-02,IL,Returning,Slotted Turner,1,8.99
2026-02-02,FL,New,Puma Future Rider Trainers,3,269.97
2026-02-02,GA,Returning,Strawberry,3,11.97
2026-02-02,GA,Returning,Apple Airpods,3,389.97
2026-02-02,GA,Returning,Black Aluminium Cup,1,5.99
2026-02-02,MO,New,Silver Pot With Glass Cap,3,119.97
2026-02-02,MO,New,Rolex Cellini Moonphase,2,25999.98
2026-02-02,MO,New,Gucci Bloom Eau de,1,79.99
2026-02-02,IL,VIP,Citrus Squeezer Yellow,1,8.99
2026-02-02,IL,VIP,Honey Jar,1,6.99
2026-02-02,FL,Returning,Red Onions,2,3.98
2026-02-02,FL,Returning,Kitchen Sieve,3,23.97
2026-02-02,FL,Returning,Fork,2,7.98
2026-02-02,FL,Returning,Annibale Colombo Bed,1,1899.99
2026-02-02,NY,VIP,Silver Pot With Glass Cap,3,119.97
2026-02-02,NY,VIP,Powder Canister,2,29.98
2026-02-02,NY,VIP,Rice,3,17.97
2026-02-02,NY,VIP,Black Whisk,2,19.98
2026-02-02,CA,New,Family Tree Photo Frame,3,89.97
2026-02-02,GA,New,Kitchen Sieve,3,23.97
2026-02-02,GA,New,Lunch Box,1,12.99
2026-02-02,GA,New,House Showpiece Plant,1,39.99
2026-02-02,GA,New,Egg Slicer,3,20.97
2026-02-02,IL,VIP,Grater Black,2,21.98
2026-02-02,IL,VIP,Carbon Steel Wok,2,59.98
2026-02-02,IL,New,Black Aluminium Cup,2,11.98
2026-02-02,IL,New,Family Tree Photo Frame,3,89.97
2026-02-02,IL,New,Rolex Cellini Date Black Dial,1,8999.99
2026-02-02,IL,New,Grater Black,3,32.97
2026-02-02,MO,New,Red Lipstick,1,12.99
2026-02-02,FL,Returning,Amazon Echo Plus,2,199.98
2026-02-02,FL,Returning,Family Tree Photo Frame,1,29.99
2026-02-02,FL,Returning,Green Chili Pepper,3,2.97
2026-02-02,WA,VIP,Tray,2,33.98
2026-02-02,WA,VIP,Man Short Sleeve Shirt,2,39.98
2026-02-02,NY,New,Powder Canister,1,14.99
2026-02-02,NY,New,Mug Tree Stand,2,31.98
2026-02-02,NY,New,Gucci Bloom Eau de,2,159.98
2026-02-02,WA,Returning,Dolce Shine Eau de,1,69.99
2026-02-02,WA,Returning,Eggs,3,8.97
2026-02-02,WA,Returning,Cooking Oil,2,9.98
2026-02-02,WA,Returning,Calvin Klein CK One,2,99.98
2026-02-02,TX,VIP,Ice Cube Tray,2,11.98
2026-02-02,TX,VIP,Family Tree Photo Frame,1,29.99
2026-02-02,TX,VIP,Protein Powder,2,39.98
2026-02-02,TX,VIP,Juice,1,3.99
2026-02-02,MO,VIP,Beef Steak,3,38.97
2026-02-02,MO,VIP,Tray,2,33.98
2026-02-02,MO,VIP,Sports Sneakers Off White Red,3,329.97
2026-02-02,GA,New,Kitchen Sieve,3,23.97
2026-02-02,WA,New,Microwave Oven,2,179.98
2026-02-02,WA,New,Fork,1,3.99
2026-02-02,WA,New,Dog Food,3,32.97
2026-02-02,CA,New,Kiwi,1,2.49
2026-02-02,CA,New,New DELL XPS 13 9300 Laptop,3,4499.97
2026-02-02,CA,New,Bedside Table African Cherry,1,299.99
2026-02-02,CA,New,House Showpiece Plant,3,119.97
2026-02-02,TX,New,Potatoes,2,4.58
2026-02-02,TX,New,Beef Steak,2,25.98
2026-02-02,CA,VIP,Cat Food,2,17.98
2026-02-02,IL,Returning,Gigabyte Aorus Men Tshirt,2,49.98
2026-02-02,FL,New,Fork,3,11.97
2026-02-02,WA,VIP,Huawei Matebook X Pro,1,1399.99
2026-02-02,WA,VIP,Black Aluminium Cup,2,11.98
2026-02-02,WA,VIP,Kiwi,1,2.49
2026-02-02,WA,VIP,Calvin Klein CK One,1,49.99
2026-02-02,GA,New,Decoration Swing,1,59.99
2026-02-02,GA,New,Pan,3,74.97
2026-02-02,GA,New,New DELL XPS 13 9300 Laptop,1,1499.99
2026-02-02,GA,New,Mulberry,1,4.99
2026-02-02,CA,New,Fish Steak,2,29.98
2026-02-02,CA,New,Mug Tree Stand,1,15.99
2026-02-02,CA,New,Cooking Oil,2,9.98
2026-02-02,CA,New,Rolex Submariner Watch,2,27999.98
2026-02-02,IL,VIP,Calvin Klein CK One,2,99.98
2026-02-02,IL,VIP,Spice Rack,1,19.99
2026-02-02,IL,VIP,Amazon Echo Plus,1,99.99
2026-02-02,FL,Returning,Knife,3,44.97
2026-02-02,FL,Returning,Wooden Rolling Pin,2,23.98
2026-02-02,FL,Returning,Gigabyte Aorus Men Tshirt,1,24.99
2026-02-02,WA,VIP,Ice Cream,1,5.49
2026-02-02,WA,VIP,Water,2,1.98
2026-02-02,WA,VIP,Egg Slicer,1,6.99
2026-02-02,MO,New,Knoll Saarinen Executive Conference Chair,2,999.98
2026-02-02,MO,New,Longines Master Collection,2,2999.98
2026-02-02,FL,VIP,New DELL XPS 13 9300 Laptop,3,4499.97
2026-02-02,WA,Returning,Powder Canister,1,14.99
2026-02-02,WA,Returning,Microwave Oven,1,89.99
2026-02-02,WA,Returning,Apple Airpods,3,389.97
2026-02-02,WA,Returning,Slotted Turner,3,26.97
2026-02-02,WA,Returning,Fine Mesh Strainer,1,9.99
2026-02-02,WA,Returning,Milk,2,6.98
2026-02-02,CA,New,Red Tongs,2,13.98
2026-02-02,CA,New,Knoll Saarinen Executive Conference Chair,1,499.99
2026-02-02,FL,Returning,Yellow Peeler,3,17.97
2026-02-02,FL,Returning,Apple,2,3.98
2026-02-03,FL,Returning,Chanel Coco Noir Eau De,1,129.99
2026-02-03,NY,VIP,Red Tongs,3,20.97
2026-02-03,NY,VIP,Family Tree Photo Frame,2,59.98
2026-02-03,NY,VIP,Table Lamp,3,149.97
2026-02-03,CA,VIP,Dolce Shine Eau de,2,139.98
2026-02-03,CA,VIP,Black Aluminium Cup,3,17.97
2026-02-03,CA,VIP,Plant Pot,3,44.97
2026-02-03,WA,Returning,Red Lipstick,3,38.97
2026-02-03,FL,New,Eyeshadow Palette with Mirror,2,39.98
2026-02-03,FL,New,Rice,3,17.97
2026-02-03,FL,New,Gigabyte Aorus Men Tshirt,1,24.99
2026-02-03,NY,VIP,Man Plaid Shirt,1,34.99
2026-02-03,CA,VIP,Water,1,0.99
2026-02-03,CA,VIP,Tray,2,33.98
2026-02-03,CA,VIP,Spoon,3,14.97
2026-02-03,CA,VIP,Rice,3,17.97
2026-02-03,NY,Returning,Eggs,3,8.97
2026-02-03,WA,Returning,Fish Steak,3,44.97
2026-02-03,WA,Returning,Amazon Echo Plus,3,299.97
2026-02-03,IL,Returning,Black Whisk,1,9.99
2026-02-03,IL,Returning,Wooden Bathroom Sink With Mirror,3,2399.97
2026-02-03,IL,Returning,Decoration Swing,2,119.98
2026-02-03,IL,Returning,Rolex Datejust,2,21999.98
2026-02-03,IL,New,Juice,2,7.98
2026-02-03,IL,New,Carbon Steel Wok,2,59.98
2026-02-03,NY,Returning,Spice Rack,1,19.99
2026-02-03,FL,New,Fine Mesh Strainer,1,9.99
2026-02-03,FL,New,Dior J'adore,3,269.97
2026-02-03,FL,New,Apple,2,3.98
2026-02-03,FL,New,Annibale Colombo Sofa,1,2499.99
2026-02-03,GA,New,Cucumber,3,4.47
2026-02-03,GA,New,Green Bell Pepper,1,1.29
2026-02-03,GA,New,Apple Airpods,3,389.97
2026-02-03,TX,VIP,Rolex Submariner Watch,2,27999.98
2026-02-03,TX,VIP,Fish Steak,2,29.98
2026-02-03,TX,VIP,Family Tree Photo Frame,2,59.98
2026-02-03,TX,VIP,Black Aluminium Cup,3,17.97
2026-02-03,GA,VIP,Soft Drinks,2,3.98
2026-02-03,GA,VIP,Red Onions,1,1.99
2026-02-03,GA,VIP,Nescafe Coffee,2,15.98
2026-02-03,CA,New,Annibale Colombo Bed,3,5699.97
2026-02-03,CA,New,House Showpiece Plant,2,79.98
2026-02-03,CA,New,Rolex Cellini Moonphase,3,38999.97
2026-02-03,CA,Returning,Red Tongs,1,6.99
2026-02-03,CA,Returning,Egg Slicer,2,13.98
2026-02-03,CA,Returning,Fine Mesh Strainer,1,9.99
2026-02-03,NY,VIP,Nescafe Coffee,1,7.99
2026-02-03,NY,VIP,Cat Food,1,8.99
2026-02-03,WA,Returning,Tissue Paper Box,2,4.98
2026-02-03,WA,Returning,Family Tree Photo Frame,1,29.99
2026-02-03,NY,Returning,Powder Canister,1,14.99
2026-02-03,NY,Returning,Knife,3,44.97
2026-02-03,NY,Returning,Cat Food,2,17.98
2026-02-03,TX,Returning,Red Tongs,1,6.99
2026-02-03,TX,Returning,Fine Mesh Strainer,2,19.98
2026-02-03,WA,VIP,Juice,2,7.98
2026-02-03,WA,VIP,Cooking Oil,2,9.98
2026-02-03,WA,VIP,Silver Pot With Glass Cap,3,119.97
2026-02-03,GA,VIP,Strawberry,3,11.97
2026-02-03,GA,VIP,Spice Rack,1,19.99
2026-02-03,GA,VIP,Potatoes,2,4.58
2026-02-03,FL,Returning,Calvin Klein CK One,2,99.98
2026-02-03,FL,Returning,Longines Master Collection,3,4499.97
2026-02-03,IL,Returning,Citrus Squeezer Yellow,1,8.99
2026-02-03,IL,Returning,Grater Black,2,21.98
2026-02-03,IL,Returning,Annibale Colombo Sofa,2,4999.98
2026-02-03,IL,Returning,Black Aluminium Cup,3,17.97
2026-02-03,GA,VIP,Honey Jar,1,6.99
2026-02-03,GA,VIP,Red Tongs,2,13.98
2026-02-03,GA,New,Cooking Oil,3,14.97
2026-02-03,GA,New,Wooden Rolling Pin,2,23.98
2026-02-03,TX,New,Nike Air Jordan 1 Red And Black,3,449.97
2026-02-03,TX,New,Green Chili Pepper,3,2.97
2026-02-03,TX,New,Rolex Datejust,2,21999.98
2026-02-03,TX,New,Annibale Colombo Bed,1,1899.99
2026-02-03,NY,New,Brown Leather Belt Watch,3,269.97
2026-02-03,TX,Returning,Glass,2,9.98
2026-02-03,WA,VIP,Red Lipstick,1,12.99
2026-02-03,WA,VIP,Glass,3,14.97
2026-02-03,IL,New,Green Chili Pepper,1,0.99
2026-02-03,IL,New,Nike Baseball Cleats,3,239.97
2026-02-03,IL,New,Knoll Saarinen Executive Conference Chair,3,1499.97
2026-02-03,FL,VIP,Red Tongs,3,20.97
2026-02-03,MO,New,Dog Food,2,21.98
2026-02-03,MO,New,Plant Pot,3,44.97
2026-02-03,MO,New,Men Check Shirt,2,55.98
2026-02-03,TX,Returning,Annibale Colombo Sofa,2,4999.98
2026-02-03,TX,Returning,Plate,2,7.98
2026-02-03,NY,Returning,Chopping Board,2,25.98
2026-02-03,NY,Returning,Apple Airpods,1,129.99
2026-02-03,NY,Returning,Rice,1,5.99
2026-02-03,NY,Returning,Water,1,0.99
2026-02-03,NY,VIP,Ice Cream,2,10.98
2026-02-03,NY,VIP,Dolce Shine Eau de,2,139.98
2026-02-03,NY,VIP,Juice,1,3.99
2026-02-03,NY,VIP,Dior J'adore,1,89.99
2026-02-03,TX,Returning,Honey Jar,1,6.99
2026-02-03,WA,Returning,Chopping Board,1,12.99
2026-02-03,WA,Returning,Yellow Peeler,3,17.97
2026-02-03,WA,Returning,Soft Drinks,1,1.99
2026-02-03,TX,Returning,Men Check Shirt,1,27.99
2026-02-03,TX,Returning,Citrus Squeezer Yellow,1,8.99
2026-02-03,TX,Returning,Chanel Coco Noir Eau De,2,259.98
2026-02-03,TX,Returning,Juice,2,7.98
2026-02-03,MO,VIP,Plate,3,11.97
2026-02-03,MO,VIP,Dior J'adore,3,269.97
2026-02-03,FL,Returning,Chicken Meat,1,9.99
2026-02-03,CA,New,Rolex Submariner Watch,3,41999.97
2026-02-03,CA,New,Beef Steak,3,38.97
2026-02-03,CA,New,Soft Drinks,2,3.98
2026-02-03,CA,New,Cucumber,3,4.47
2026-02-03,IL,VIP,Huawei Matebook X Pro,1,1399.99
2026-02-03,WA,VIP,Red Tongs,1,6.99
2026-02-03,WA,VIP,House Showpiece Plant,2,79.98
2026-02-03,WA,VIP,Tissue Paper Box,2,4.98
2026-02-03,WA,VIP,Sports Sneakers Off White Red,1,109.99
2026-02-03,MO,Returning,Man Short Sleeve Shirt,3,59.97
2026-02-03,MO,Returning,Family Tree Photo Frame,3,89.97
2026-02-03,MO,Returning,Chicken Meat,1,9.99
2026-02-03,MO,Returning,Tissue Paper Box,1,2.49
2026-02-03,FL,New,Dior J'adore,1,89.99
2026-02-03,IL,New,Rolex Datejust,1,10999.99
2026-02-03,IL,New,Spoon,3,14.97
2026-02-03,IL,New,Lunch Box,3,38.97
2026-02-03,IL,New,New DELL XPS 13 9300 Laptop,2,2999.98
2026-02-03,TX,Returning,Wooden Bathroom Sink With Mirror,3,2399.97
2026-02-03,TX,Returning,Microwave Oven,2,179.98
2026-02-03,TX,Returning,Slotted Turner,2,17.98
2026-02-03,TX,Returning,Ice Cream,1,5.49
2026-02-03,TX,VIP,Asus Zenbook Pro Dual Screen Laptop,2,3599.98
2026-02-03,TX,VIP,Ice Cream,3,16.47
2026-02-03,TX,VIP,Grater Black,3,32.97
2026-02-03,TX,Returning,Soft Drinks,1,1.99
2026-02-03,CA,VIP,Blue & Black Check Shirt,2,59.98
2026-02-03,IL,Returning,Black Whisk,1,9.99
2026-02-03,IL,Returning,Microwave Oven,2,179.98
2026-02-03,WA,Returning,Cucumber,3,4.47
2026-02-03,WA,New,Fork,2,7.98
2026-02-03,WA,New,Annibale Colombo Sofa,2,4999.98
2026-02-03,WA,New,Mulberry,3,14.97
2026-02-03,TX,Returning,Ice Cream,3,16.47
2026-02-03,TX,Returning,Juice,1,3.99
2026-02-03,TX,Returning,Rolex Submariner Watch,3,41999.97
2026-02-03,GA,Returning,Table Lamp,1,49.99
2026-02-03,GA,Returning,Microwave Oven,1,89.99
2026-02-03,GA,Returning,Men Check Shirt,1,27.99
2026-02-03,GA,Returning,Wooden Rolling Pin,3,35.97
2026-02-03,WA,New,Potatoes,3,6.87
2026-02-03,WA,New,Longines Master Collection,1,1499.99
2026-02-03,WA,New,Annibale Colombo Bed,2,3799.98
2026-02-03,TX,VIP,Protein Powder,1,19.99
2026-02-03,TX,VIP,Microwave Oven,1,89.99
2026-02-03,TX,VIP,Annibale Colombo Sofa,2,4999.98
2026-02-03,MO,Returning,Apple MacBook Pro 14 Inch Space Grey,1,1999.99
2026-02-03,MO,Returning,Calvin Klein CK One,2,99.98
2026-02-03,MO,Returning,Red Nail Polish,3,26.97
2026-02-03,MO,Returning,Milk,1,3.49
2026-02-03,IL,New,Wooden Bathroom Sink With Mirror,2,1599.98
2026-02-03,IL,New,Boxed Blender,1,39.99
2026-02-03,IL,New,Nescafe Coffee,2,15.98
2026-02-03,FL,VIP,Citrus Squeezer Yellow,1,8.99
2026-02-03,FL,VIP,Kitchen Sieve,1,7.99
2026-02-03,NY,VIP,Lemon,2,1.58
2026-02-03,NY,VIP,Gigabyte Aorus Men Tshirt,3,74.97
2026-02-03,NY,VIP,Dog Food,1,10.99
2026-02-03,NY,VIP,Annibale Colombo Sofa,3,7499.97
2026-02-03,NY,New,Fine Mesh Strainer,2,19.98
2026-02-03,NY,New,Strawberry,1,3.99
2026-02-03,WA,New,Huawei Matebook X Pro,3,4199.97
2026-02-03,WA,New,Protein Powder,3,59.97
2026-02-03,TX,New,Mulberry,2,9.98
2026-02-03,TX,New,Carbon Steel Wok,1,29.99
2026-02-03,TX,New,Boxed Blender,1,39.99
2026-02-03,TX,New,Kiwi,2,4.98
2026-02-03,TX,New,Apple,1,1.99
2026-02-03,FL,Returning,Lemon,1,0.79
2026-02-03,FL,Returning,Decoration Swing,1,59.99
2026-02-03,NY,VIP,Gigabyte Aorus Men Tshirt,3,74.97
2026-02-03,NY,VIP,Slotted Turner,3,26.97
2026-02-03,IL,Returning,Juice,3,11.97
2026-02-03,IL,Returning,Fish Steak,2,29.98
2026-02-03,IL,Returning,Carbon Steel Wok,1,29.99
2026-02-03,IL,Returning,Gucci Bloom Eau de,1,79.99
2026-02-03,NY,New,Pan,1,24.99
2026-02-03,NY,New,Decoration Swing,2,119.98
2026-02-03,NY,New,Plant Pot,2,29.98
2026-02-03,NY,New,Table Lamp,3,149.97
2026-02-03,TX,VIP,Wooden Rolling Pin,1,11.99
2026-02-03,TX,VIP,Silver Pot With Glass Cap,3,119.97
2026-02-03,WA,Returning,Beef Steak,1,12.99
2026-02-03,WA,Returning,Water,2,1.98
2026-02-03,MO,VIP,Black Whisk,1,9.99
2026-02-03,FL,Returning,Spice Rack,1,19.99
2026-02-03,FL,Returning,Beef Steak,3,38.97
2026-02-03,FL,New,Eggs,3,8.97
2026-02-04,MO,VIP,Cat Food,3,26.97
2026-02-04,MO,VIP,Rolex Cellini Moonphase,2,25999.98
2026-02-04,MO,VIP,Grater Black,3,32.97
2026-02-04,GA,New,Cucumber,3,4.47
2026-02-04,GA,New,Red Lipstick,1,12.99
2026-02-04,NY,VIP,Huawei Matebook X Pro,3,4199.97
2026-02-04,NY,VIP,Tray,3,50.97
2026-02-04,NY,VIP,Water,2,1.98
2026-02-04,MO,New,Potatoes,3,6.87
2026-02-04,MO,New,Egg Slicer,2,13.98
2026-02-04,MO,New,Calvin Klein CK One,2,99.98
2026-02-04,NY,New,Plate,1,3.99
2026-02-04,NY,New,Green Bell Pepper,3,3.87
2026-02-04,NY,New,Plant Pot,1,14.99
2026-02-04,NY,New,Cat Food,1,8.99
2026-02-04,NY,New,Powder Canister,1,14.99
2026-02-04,NY,New,Grater Black,2,21.98
2026-02-04,MO,New,Annibale Colombo Sofa,2,4999.98
2026-02-04,FL,VIP,Yellow Peeler,2,11.98
2026-02-04,FL,VIP,Family Tree Photo Frame,3,89.97
2026-02-04,IL,New,Kitchen Sieve,2,15.98
2026-02-04,IL,New,Knoll Saarinen Executive Conference Chair,3,1499.97
2026-02-04,CA,VIP,Huawei Matebook X Pro,3,4199.97
2026-02-04,GA,VIP,Cucumber,3,4.47
2026-02-04,CA,VIP,Glass,2,9.98
2026-02-04,CA,VIP,Apple Airpods,3,389.97
2026-02-04,MO,VIP,Water,1,0.99
2026-02-04,MO,VIP,Asus Zenbook Pro Dual Screen Laptop,3,5399.97
2026-02-04,MO,VIP,Yellow Peeler,2,11.98
2026-02-04,GA,New,Glass,3,14.97
2026-02-04,GA,New,Gucci Bloom Eau de,3,239.97
2026-02-04,GA,New,Annibale Colombo Bed,2,3799.98
2026-02-04,CA,VIP,Rice,1,5.99
2026-02-04,CA,VIP,Ice Cream,2,10.98
2026-02-04,CA,VIP,Wooden Bathroom Sink With Mirror,1,799.99
2026-02-04,CA,VIP,Plate,3,11.97
2026-02-04,FL,VIP,Cat Food,3,26.97
2026-02-04,FL,VIP,Yellow Peeler,1,5.99
2026-02-04,FL,VIP,Brown Leather Belt Watch,2,179.98
2026-02-04,FL,Returning,Carbon Steel Wok,1,29.99
2026-02-04,MO,Returning,Lenovo Yoga 920,1,1099.99
2026-02-04,MO,Returning,Green Bell Pepper,3,3.87
2026-02-04,WA,VIP,Knoll Saarinen Executive Conference Chair,1,499.99
2026-02-04,WA,VIP,Mulberry,3,14.97
2026-02-04,WA,VIP,Green Bell Pepper,1,1.29
2026-02-04,GA,VIP,Amazon Echo Plus,3,299.97
2026-02-04,GA,VIP,Kitchen Sieve,1,7.99
2026-02-04,GA,VIP,Kiwi,2,4.98
2026-02-04,GA,VIP,Rice,3,17.97
2026-02-04,NY,Returning,Dolce Shine Eau de,3,209.97
2026-02-04,NY,Returning,Nescafe Coffee,1,7.99
2026-02-04,NY,Returning,Tissue Paper Box,3,7.47
2026-02-04,NY,Returning,Blue & Black Check Shirt,3,89.97
2026-02-04,NY,Returning,Milk,2,6.98
2026-02-04,NY,Returning,Dolce Shine Eau de,3,209.97
2026-02-04,WA,New,Spoon,3,14.97
2026-02-04,WA,New,Asus Zenbook Pro Dual Screen Laptop,3,5399.97
2026-02-04,WA,New,Beef Steak,3,38.97
2026-02-04,WA,New,Hand Blender,1,34.99
2026-02-04,WA,VIP,Wooden Bathroom Sink With Mirror,2,1599.98
2026-02-04,WA,VIP,Beef Steak,2,25.98
2026-02-04,WA,VIP,House Showpiece Plant,1,39.99
2026-02-04,TX,New,Nike Baseball Cleats,1,79.99
2026-02-04,TX,New,Cucumber,2,2.98
2026-02-04,TX,New,Dolce Shine Eau de,1,69.99
2026-02-04,TX,New,Rolex Datejust,1,10999.99
2026-02-04,IL,VIP,Cooking Oil,3,14.97
2026-02-04,IL,VIP,Juice,3,11.97
2026-02-04,IL,VIP,Silver Pot With Glass Cap,3,119.97
2026-02-04,IL,VIP,Annibale Colombo Sofa,2,4999.98
2026-02-04,CA,VIP,Chicken Meat,1,9.99
2026-02-04,NY,New,Apple MacBook Pro 14 Inch Space Grey,3,5999.97
2026-02-04,NY,New,Spoon,1,4.99
2026-02-04,GA,Returning,Yellow Peeler,2,11.98
2026-02-04,MO,Returning,Citrus Squeezer Yellow,1,8.99
2026-02-04,CA,VIP,Brown Leather Belt Watch,1,89.99
2026-02-04,FL,Returning,Family Tree Photo Frame,3,89.97
2026-02-04,CA,VIP,Bedside Table African Cherry,1,299.99
2026-02-04,CA,VIP,Red Nail Polish,2,17.98
2026-02-04,CA,VIP,Eggs,1,2.99
2026-02-04,CA,VIP,Microwave Oven,1,89.99
2026-02-04,WA,VIP,Apple,2,3.98
2026-02-04,GA,New,Kitchen Sieve,1,7.99
2026-02-04,WA,Returning,Brown Leather Belt Watch,2,179.98
2026-02-04,WA,Returning,Eggs,2,5.98
2026-02-04,NY,Returning,Bedside Table African Cherry,1,299.99
2026-02-04,MO,Returning,Knife,3,44.97
2026-02-04,MO,Returning,Longines Master Collection,2,2999.98
2026-02-04,CA,VIP,Apple,3,5.97
2026-02-04,CA,VIP,Silver Pot With Glass Cap,1,39.99
2026-02-04,FL,New,Mulberry,3,14.97
2026-02-04,FL,New,Dolce Shine Eau de,3,209.97
2026-02-04,WA,Returning,Decoration Swing,2,119.98
2026-02-04,WA,Returning,Plant Pot,1,14.99
2026-02-04,TX,Returning,Cucumber,1,1.49
2026-02-04,TX,Returning,Strawberry,2,7.98
2026-02-04,TX,Returning,Dog Food,1,10.99
2026-02-04,FL,Returning,Red Lipstick,2,25.98
2026-02-04,FL,Returning,Sports Sneakers Off White & Red,2,239.98
2026-02-04,NY,VIP,Rice,1,5.99
2026-02-04,NY,VIP,Spoon,2,9.98
2026-02-04,NY,VIP,Asus Zenbook Pro Dual Screen Laptop,1,1799.99
2026-02-04,NY,VIP,Slotted Turner,3,26.97
2026-02-04,NY,Returning,Eggs,2,5.98
2026-02-04,NY,Returning,Decoration Swing,3,179.97
2026-02-04,NY,Returning,Fork,1,3.99
2026-02-04,FL,Returning,Juice,1,3.99
2026-02-04,FL,VIP,Ice Cube Tray,1,5.99
2026-02-04,FL,VIP,Blue & Black Check Shirt,3,89.97
2026-02-04,FL,VIP,Nescafe Coffee,1,7.99
2026-02-04,FL,VIP,Asus Zenbook Pro Dual Screen Laptop,3,5399.97
2026-02-04,MO,VIP,Bedside Table African Cherry,3,899.97
2026-02-04,WA,Returning,Microwave Oven,3,269.97
2026-02-04,WA,Returning,Glass,2,9.98
2026-02-04,NY,VIP,Calvin Klein CK One,3,149.97
2026-02-04,NY,VIP,Man Plaid Shirt,1,34.99
2026-02-04,NY,VIP,Eggs,1,2.99
2026-02-05,WA,Returning,Man Short Sleeve Shirt,3,59.97
2026-02-05,GA,New,Protein Powder,1,19.99
2026-02-05,GA,New,Microwave Oven,1,89.99
2026-02-05,GA,New,Eggs,2,5.98
2026-02-05,WA,New,Wooden Bathroom Sink With Mirror,3,2399.97
2026-02-05,WA,New,Protein Powder,1,19.99
2026-02-05,WA,New,Man Plaid Shirt,2,69.98
2026-02-05,TX,Returning,House Showpiece Plant,3,119.97
2026-02-05,TX,Returning,Essence Mascara Lash Princess,2,19.98
2026-02-05,TX,Returning,Silver Pot With Glass Cap,3,119.97
2026-02-05,TX,Returning,Electric Stove,2,99.98
2026-02-05,WA,Returning,Rolex Cellini Moonphase,1,12999.99
2026-02-05,MO,Returning,Rolex Cellini Date Black Dial,3,26999.97
2026-02-05,MO,Returning,Strawberry,3,11.97
2026-02-05,MO,Returning,Plant Pot,3,44.97
2026-02-05,GA,New,Bamboo Spatula,3,23.97
2026-02-05,MO,Returning,Egg Slicer,1,6.99
2026-02-05,MO,Returning,Essence Mascara Lash Princess,1,9.99
2026-02-05,MO,Returning,House Showpiece Plant,3,119.97
2026-02-05,FL,Returning,Rolex Cellini Moonphase,3,38999.97
2026-02-05,FL,Returning,Grater Black,2,21.98
2026-02-05,FL,Returning,Red Onions,1,1.99
2026-02-05,NY,VIP,Nike Air Jordan 1 Red And Black,3,449.97
2026-02-05,NY,VIP,Boxed Blender,1,39.99
2026-02-05,NY,VIP,Black Whisk,3,29.97
2026-02-05,NY,VIP,Ice Cream,1,5.49
2026-02-05,IL,VIP,Dior J'adore,3,269.97
2026-02-05,IL,VIP,Annibale Colombo Bed,3,5699.97
2026-02-05,IL,VIP,Egg Slicer,1,6.99
2026-02-05,GA,VIP,Cooking Oil,3,14.97
2026-02-05,CA,VIP,Carbon Steel Wok,1,29.99
2026-02-05,CA,VIP,Men Check Shirt,2,55.98
2026-02-05,FL,VIP,Rolex Cellini Date Black Dial,3,26999.97
2026-02-05,FL,VIP,Boxed Blender,3,119.97
2026-02-05,GA,VIP,Fine Mesh Strainer,1,9.99
2026-02-05,GA,VIP,Apple,2,3.98
2026-02-05,GA,VIP,Cooking Oil,1,4.99
2026-02-05,FL,Returning,Chicken Meat,1,9.99
2026-02-05,GA,Returning,New DELL XPS 13 9300 Laptop,3,4499.97
2026-02-05,TX,VIP,Red Lipstick,1,12.99
2026-02-05,TX,VIP,Cooking Oil,3,14.97
2026-02-05,TX,VIP,Hand Blender,3,104.97
2026-02-05,TX,VIP,Nescafe Coffee,2,15.98
2026-02-05,IL,VIP,Lunch Box,1,12.99
2026-02-05,GA,VIP,Spice Rack,1,19.99
2026-02-05,GA,VIP,Boxed Blender,3,119.97
2026-02-05,GA,VIP,Nike Air Jordan 1 Red And Black,2,299.98
2026-02-05,CA,New,Black Aluminium Cup,2,11.98
2026-02-05,CA,New,Ice Cream,3,16.47
2026-02-05,CA,New,Soft Drinks,3,5.97
2026-02-05,CA,New,Glass,2,9.98
2026-02-05,GA,Returning,House Showpiece Plant,3,119.97
2026-02-05,GA,Returning,Fork,2,7.98
2026-02-05,GA,Returning,Powder Canister,1,14.99
2026-02-05,GA,Returning,Dior J'adore,2,179.98
2026-02-05,TX,New,Rolex Submariner Watch,3,41999.97
2026-02-05,TX,New,Amazon Echo Plus,1,99.99
2026-02-05,TX,New,Dog Food,2,21.98
2026-02-05,GA,New,Gucci Bloom Eau de,2,159.98
2026-02-05,GA,New,Dog Food,3,32.97
2026-02-05,MO,VIP,Eggs,3,8.97
2026-02-05,MO,VIP,Nike Baseball Cleats,2,159.98
2026-02-05,FL,VIP,Tray,3,50.97
2026-02-05,TX,New,Annibale Colombo Sofa,3,7499.97
2026-02-05,TX,New,Table Lamp,1,49.99
2026-02-05,NY,VIP,Cat Food,3,26.97
2026-02-05,NY,VIP,Chicken Meat,3,29.97
2026-02-05,TX,New,Puma Future Rider Trainers,3,269.97
2026-02-05,CA,Returning,Red Onions,2,3.98
2026-02-05,MO,VIP,Nescafe Coffee,3,23.97
2026-02-05,MO,VIP,Juice,3,11.97
2026-02-05,NY,New,Kiwi,1,2.49
2026-02-05,WA,Returning,Fine Mesh Strainer,1,9.99
2026-02-05,WA,Returning,Soft Drinks,1,1.99
2026-02-05,WA,Returning,Man Short Sleeve Shirt,2,39.98
2026-02-05,WA,New,Yellow Peeler,2,11.98
2026-02-05,WA,New,Bedside Table African Cherry,3,899.97
2026-02-05,FL,Returning,Rolex Datejust,2,21999.98
2026-02-05,FL,Returning,Gigabyte Aorus Men Tshirt,3,74.97
2026-02-05,FL,Returning,Electric Stove,3,149.97
2026-02-05,FL,Returning,Wooden Rolling Pin,1,11.99
2026-02-05,FL,Returning,Egg Slicer,1,6.99
2026-02-05,IL,New,Slotted Turner,2,17.98
2026-02-05,IL,New,Dior J'adore,2,179.98
2026-02-05,IL,New,Glass,2,9.98
2026-02-05,NY,Returning,Rolex Datejust,2,21999.98
2026-02-05,IL,VIP,Ice Cube Tray,3,17.97
2026-02-05,IL,VIP,Knoll Saarinen Executive Conference Chair,2,999.98
2026-02-05,IL,VIP,Plate,3,11.97
2026-02-05,CA,Returning,New DELL XPS 13 9300 Laptop,2,2999.98
2026-02-05,NY,VIP,Essence Mascara Lash Princess,2,19.98
2026-02-05,IL,VIP,Chanel Coco Noir Eau De,2,259.98
2026-02-05,IL,VIP,Longines Master Collection,2,2999.98
2026-02-05,IL,VIP,Dior J'adore,3,269.97
2026-02-05,IL,VIP,Black Whisk,3,29.97
2026-02-05,MO,Returning,Puma Future Rider Trainers,3,269.97
2026-02-05,MO,Returning,Black Whisk,1,9.99
2026-02-05,MO,Returning,Apple,2,3.98
2026-02-05,MO,Returning,Fine Mesh Strainer,3,29.97
2026-02-05,IL,Returning,Chanel Coco Noir Eau De,2,259.98
2026-02-05,IL,Returning,Juice,3,11.97
2026-02-05,IL,New,Eggs,3,8.97
2026-02-05,IL,New,Ice Cube Tray,1,5.99
2026-02-05,IL,New,Apple,2,3.98
2026-02-05,IL,New,Kitchen Sieve,3,23.97
2026-02-05,IL,New,Green Bell Pepper,2,2.58
2026-02-05,IL,New,Bedside Table African Cherry,2,599.98
2026-02-05,IL,New,Glass,2,9.98
2026-02-05,TX,Returning,Lunch Box,1,12.99
2026-02-05,IL,Returning,Milk,1,3.49
2026-02-05,WA,New,Lunch Box,2,25.98
2026-02-05,NY,New,Rolex Cellini Date Black Dial,1,8999.99
2026-02-05,NY,New,Carbon Steel Wok,2,59.98
2026-02-05,TX,Returning,Blue & Black Check Shirt,1,29.99
2026-02-05,TX,Returning,Rolex Datejust,3,32999.97
2026-02-05,MO,Returning,Eggs,3,8.97
2026-02-05,MO,Returning,Rolex Datejust,2,21999.98
2026-02-05,MO,Returning,Honey Jar,1,6.99
2026-02-05,TX,Returning,New DELL XPS 13 9300 Laptop,2,2999.98
2026-02-05,TX,Returning,Beef Steak,3,38.97
2026-02-05,TX,Returning,Annibale Colombo Sofa,3,7499.97
2026-02-05,TX,Returning,Rolex Cellini Moonphase,3,38999.97
2026-02-05,NY,VIP,Eggs,1,2.99
2026-02-05,NY,VIP,Black Aluminium Cup,2,11.98
2026-02-05,NY,VIP,Calvin Klein CK One,1,49.99
2026-02-05,NY,VIP,Bamboo Spatula,3,23.97
2026-02-05,GA,New,Chopping Board,3,38.97
2026-02-05,GA,New,Brown Leather Belt Watch,2,179.98
2026-02-05,GA,New,Kiwi,1,2.49
2026-02-05,FL,Returning,Cucumber,2,2.98
2026-02-05,FL,Returning,Dior J'adore,3,269.97
2026-02-05,FL,Returning,Dog Food,2,21.98
2026-02-05,NY,VIP,Carbon Steel Wok,2,59.98
2026-02-05,NY,VIP,Rolex Cellini Date Black Dial,2,17999.98
2026-02-05,FL,VIP,New DELL XPS 13 9300 Laptop,1,1499.99
2026-02-05,FL,VIP,Kitchen Sieve,2,15.98
2026-02-05,FL,VIP,Ice Cream,2,10.98
2026-02-05,FL,VIP,Black Whisk,2,19.98
2026-02-05,WA,Returning,Huawei Matebook X Pro,2,2799.98
2026-02-05,WA,Returning,Dior J'adore,3,269.97
2026-02-05,GA,New,Ice Cube Tray,3,17.97
2026-02-05,GA,New,Wooden Rolling Pin,2,23.98
2026-02-05,GA,New,Potatoes,1,2.29
2026-02-05,GA,New,Amazon Echo Plus,2,199.98
2026-02-05,FL,VIP,Ice Cream,1,5.49
2026-02-05,CA,VIP,Chanel Coco Noir Eau De,1,129.99
2026-02-05,CA,VIP,Sports Sneakers Off White & Red,3,359.97
2026-02-06,CA,Returning,Lunch Box,3,38.97
2026-02-06,CA,Returning,Egg Slicer,1,6.99
2026-02-06,CA,Returning,Eyeshadow Palette with Mirror,3,59.97
2026-02-06,CA,Returning,Rolex Submariner Watch,2,27999.98
2026-02-06,NY,Returning,Bamboo Spatula,1,7.99
2026-02-06,CA,VIP,Brown Leather Belt Watch,1,89.99
2026-02-06,FL,VIP,Strawberry,1,3.99
2026-02-06,FL,VIP,Family Tree Photo Frame,1,29.99
2026-02-06,FL,VIP,Red Tongs,1,6.99
2026-02-06,FL,New,Chanel Coco Noir Eau De,1,129.99
2026-02-06,MO,New,Beef Steak,2,25.98
2026-02-06,NY,Returning,Ice Cream,1,5.49
2026-02-06,NY,Returning,Plant Pot,2,29.98
2026-02-06,TX,Returning,Spoon,3,14.97
2026-02-06,TX,Returning,Sports Sneakers Off White Red,3,329.97
2026-02-06,TX,Returning,Brown Leather Belt Watch,3,269.97
2026-02-06,TX,Returning,Black Aluminium Cup,3,17.97
2026-02-06,NY,New,Longines Master Collection,1,1499.99
2026-02-06,NY,New,Black Aluminium Cup,2,11.98
2026-02-06,NY,New,Apple,2,3.98
2026-02-06,NY,New,Dolce Shine Eau de,1,69.99
2026-02-06,FL,Returning,Red Lipstick,1,12.99
2026-02-06,FL,Returning,Annibale Colombo Bed,1,1899.99
2026-02-06,FL,Returning,Blue & Black Check Shirt,1,29.99
2026-02-06,FL,Returning,Apple,3,5.97
2026-02-06,FL,Returning,Man Plaid Shirt,3,104.97
2026-02-06,IL,New,Dog Food,3,32.97
2026-02-06,IL,New,Amazon Echo Plus,2,199.98
2026-02-06,MO,Returning,Amazon Echo Plus,2,199.98
2026-02-06,WA,New,Mulberry,1,4.99
2026-02-06,GA,New,Decoration Swing,2,119.98
2026-02-06,GA,New,Annibale Colombo Bed,3,5699.97
2026-02-06,FL,Returning,Protein Powder,2,39.98
2026-02-06,FL,Returning,Yellow Peeler,3,17.97
2026-02-06,FL,Returning,Cucumber,3,4.47
2026-02-06,FL,Returning,Rolex Datejust,1,10999.99
2026-02-06,MO,New,Rolex Cellini Date Black Dial,2,17999.98
2026-02-06,MO,New,Gucci Bloom Eau de,2,159.98
2026-02-06,MO,New,Rolex Cellini Moonphase,3,38999.97
2026-02-06,MO,New,Dog Food,2,21.98
2026-02-06,FL,New,Nike Baseball Cleats,1,79.99
2026-02-06,FL,New,Red Tongs,2,13.98
2026-02-06,FL,New,Cucumber,1,1.49
2026-02-06,FL,New,Slotted Turner,2,17.98
2026-02-06,WA,New,Milk,3,10.47
2026-02-06,WA,New,Glass,2,9.98
2026-02-06,NY,Returning,Pan,2,49.98
2026-02-06,GA,New,Green Chili Pepper,3,2.97
2026-02-06,NY,New,Huawei Matebook X Pro,2,2799.98
2026-02-06,NY,New,Fine Mesh Strainer,3,29.97
2026-02-06,NY,New,Gigabyte Aorus Men Tshirt,1,24.99
2026-02-06,NY,New,Nike Baseball Cleats,3,239.97
2026-02-06,IL,Returning,Rolex Cellini Date Black Dial,3,26999.97
2026-02-06,IL,Returning,Green Bell Pepper,3,3.87
2026-02-06,GA,New,Egg Slicer,1,6.99
2026-02-06,GA,New,Electric Stove,2,99.98
2026-02-06,GA,New,Sports Sneakers Off White & Red,3,359.97
2026-02-06,GA,New,Protein Powder,2,39.98
2026-02-06,FL,VIP,Powder Canister,3,44.97
2026-02-06,FL,VIP,Wooden Rolling Pin,1,11.99
2026-02-06,FL,VIP,Glass,3,14.97
2026-02-06,FL,VIP,New DELL XPS 13 9300 Laptop,2,2999.98
2026-02-06,CA,New,Eyeshadow Palette with Mirror,2,39.98
2026-02-06,CA,New,Mug Tree Stand,2,31.98
2026-02-06,CA,New,Spoon,3,14.97
2026-02-06,CA,New,Honey Jar,1,6.99
2026-02-06,GA,VIP,Tissue Paper Box,3,7.47
2026-02-06,CA,VIP,Plant Pot,2,29.98
2026-02-06,CA,VIP,Rolex Cellini Date Black Dial,3,26999.97
2026-02-06,CA,VIP,Fork,3,11.97
2026-02-06,CA,VIP,Juice,1,3.99
2026-02-06,CA,VIP,Table Lamp,1,49.99
2026-02-06,CA,VIP,Apple MacBook Pro 14 Inch Space Grey,3,5999.97
2026-02-06,TX,VIP,Chopping Board,3,38.97
2026-02-06,TX,VIP,Juice,1,3.99
2026-02-06,TX,VIP,Nescafe Coffee,3,23.97
2026-02-06,TX,VIP,Rolex Datejust,1,10999.99
2026-02-06,GA,VIP,Bamboo Spatula,3,23.97
2026-02-06,GA,VIP,Red Lipstick,2,25.98
2026-02-06,GA,VIP,Lunch Box,2,25.98
2026-02-06,GA,VIP,Apple,1,1.99
2026-02-06,CA,Returning,Egg Slicer,2,13.98
2026-02-06,CA,Returning,Asus Zenbook Pro Dual Screen Laptop,2,3599.98
2026-02-06,CA,Returning,Calvin Klein CK One,2,99.98
2026-02-06,NY,New,Amazon Echo Plus,3,299.97
2026-02-06,FL,New,Plate,3,11.97
2026-02-06,FL,New,Men Check Shirt,2,55.98
2026-02-06,GA,VIP,Asus Zenbook Pro Dual Screen Laptop,1,1799.99
2026-02-06,GA,VIP,Cat Food,2,17.98
2026-02-06,GA,VIP,Dior J'adore,3,269.97
2026-02-06,IL,New,Chanel Coco Noir Eau De,1,129.99
2026-02-06,IL,New,Cucumber,3,4.47
2026-02-06,IL,New,Nescafe Coffee,1,7.99
2026-02-06,IL,New,Table Lamp,3,149.97
2026-02-06,WA,Returning,Chanel Coco Noir Eau De,3,389.97
2026-02-06,WA,Returning,Asus Zenbook Pro Dual Screen Laptop,2,3599.98
2026-02-06,WA,Returning,Microwave Oven,2,179.98
2026-02-06,GA,New,Pan,2,49.98
2026-02-06,MO,New,Cucumber,3,4.47
2026-02-06,MO,New,Kiwi,2,4.98
2026-02-06,MO,New,Dolce Shine Eau de,2,139.98
2026-02-06,IL,Returning,Red Nail Polish,2,17.98
2026-02-06,WA,Returning,Chanel Coco Noir Eau De,1,129.99
2026-02-06,WA,Returning,Plate,2,7.98
2026-02-06,WA,Returning,Table Lamp,3,149.97
2026-02-06,WA,Returning,Red Onions,1,1.99
2026-02-06,WA,Returning,Microwave Oven,3,269.97
2026-02-06,WA,Returning,Rolex Datejust,3,32999.97
2026-02-06,WA,Returning,Rolex Cellini Date Black Dial,3,26999.97
2026-02-06,WA,Returning,Chicken Meat,3,29.97
2026-02-06,FL,Returning,Knife,3,44.97
2026-02-06,FL,Returning,Lemon,2,1.58
2026-02-06,CA,Returning,Amazon Echo Plus,1,99.99
2026-02-06,CA,Returning,Table Lamp,1,49.99
2026-02-06,GA,New,Red Nail Polish,2,17.98
2026-02-06,GA,New,Slotted Turner,3,26.97
2026-02-06,WA,VIP,Annibale Colombo Sofa,3,7499.97
2026-02-06,WA,VIP,Bedside Table African Cherry,1,299.99
2026-02-06,GA,Returning,Powder Canister,2,29.98
2026-02-06,GA,Returning,Annibale Colombo Sofa,3,7499.97
2026-02-06,GA,Returning,Sports Sneakers Off White Red,2,219.98
2026-02-06,WA,Returning,Knoll Saarinen Executive Conference Chair,2,999.98
2026-02-06,TX,Returning,Mug Tree Stand,2,31.98
2026-02-06,TX,Returning,Bamboo Spatula,1,7.99
2026-02-06,TX,Returning,Man Short Sleeve Shirt,2,39.98
2026-02-06,MO,New,Juice,3,11.97
2026-02-06,MO,New,Citrus Squeezer Yellow,1,8.99
2026-02-06,MO,New,Black Whisk,3,29.97
2026-02-06,MO,New,Decoration Swing,3,179.97
2026-02-06,IL,Returning,Black Whisk,2,19.98
2026-02-06,IL,Returning,Cat Food,2,17.98
2026-02-06,IL,Returning,Sports Sneakers Off White & Red,1,119.99
2026-02-06,IL,Returning,Tray,2,33.98
2026-02-06,MO,Returning,Apple,2,3.98
2026-02-06,MO,Returning,Dolce Shine Eau de,3,209.97
2026-02-06,MO,Returning,Rice,3,17.97
2026-02-06,GA,Returning,Dolce Shine Eau de,3,209.97
2026-02-06,GA,VIP,Apple MacBook Pro 14 Inch Space Grey,3,5999.97
2026-02-06,GA,VIP,Annibale Colombo Sofa,1,2499.99
2026-02-06,GA,VIP,Nescafe Coffee,3,23.97
2026-02-06,GA,VIP,Bamboo Spatula,1,7.99
2026-02-06,FL,New,Chanel Coco Noir Eau De,1,129.99
2026-02-06,IL,Returning,New DELL XPS 13 9300 Laptop,1,1499.99
2026-02-06,IL,Returning,Yellow Peeler,3,17.97
2026-02-06,FL,VIP,Mug Tree Stand,2,31.98
2026-02-06,FL,VIP,Amazon Echo Plus,1,99.99
2026-02-06,FL,VIP,Soft Drinks,3,5.97
2026-02-06,CA,Returning,Milk,3,10.47
2026-02-06,CA,Returning,Bamboo Spatula,3,23.97
2026-02-06,MO,Returning,Brown Leather Belt Watch,3,269.97
2026-02-06,MO,Returning,Pan,1,24.99
2026-02-06,FL,Returning,Table Lamp,3,149.97
2026-02-06,GA,New,Rolex Submariner Watch,2,27999.98
2026-02-06,GA,New,Puma Future Rider Trainers,1,89.99
2026-02-06,GA,New,Ice Cream,3,16.47
2026-02-06,NY,Returning,Cucumber,1,1.49
2026-02-06,NY,Returning,Plate,2,7.98
2026-02-06,NY,Returning,Fork,1,3.99
2026-02-06,NY,Returning,Decoration Swing,1,59.99
2026-02-06,NY,New,Grater Black,2,21.98
2026-02-06,NY,New,Black Whisk,2,19.98
2026-02-06,GA,Returning,Red Onions,1,1.99
2026-02-06,GA,Returning,Amazon Echo Plus,1,99.99
2026-02-06,GA,Returning,Asus Zenbook Pro Dual Screen Laptop,2,3599.98
2026-02-06,GA,Returning,Apple Airpods,3,389.97
2026-02-06,CA,VIP,Bamboo Spatula,2,15.98
2026-02-06,CA,VIP,Men Check Shirt,3,83.97
2026-02-06,IL,Returning,Bedside Table African Cherry,1,299.99
2026-02-06,IL,Returning,Wooden Rolling Pin,1,11.99
2026-02-06,FL,New,Rolex Submariner Watch,3,41999.97
2026-02-06,GA,New,Puma Future Rider Trainers,3,269.97
2026-02-06,GA,New,House Showpiece Plant,2,79.98
2026-02-06,GA,New,Protein Powder,2,39.98
2026-02-06,GA,New,Man Plaid Shirt,3,104.97
2026-02-06,IL,New,Lunch Box,1,12.99
2026-02-06,IL,New,Sports Sneakers Off White & Red,3,359.97
2026-02-06,IL,New,Man Short Sleeve Shirt,3,59.97
2026-02-06,IL,New,Powder Canister,2,29.98
2026-02-06,NY,New,Apple,1,1.99
2026-02-06,NY,New,Kitchen Sieve,3,23.97
2026-02-06,NY,New,Dog Food,1,10.99
2026-02-06,NY,New,Puma Future Rider Trainers,2,179.98
2026-02-06,FL,VIP,Black Whisk,1,9.99
2026-02-06,FL,VIP,Family Tree Photo Frame,2,59.98
2026-02-06,FL,VIP,Annibale Colombo Sofa,2,4999.98
2026-02-06,FL,VIP,Nike Air Jordan 1 Red And Black,3,449.97
2026-02-06,NY,VIP,Huawei Matebook X Pro,3,4199.97
2026-02-06,NY,New,Family Tree Photo Frame,3,89.97
2026-02-06,NY,New,Essence Mascara Lash Princess,3,29.97
2026-02-06,NY,Returning,Milk,1,3.49
2026-02-06,NY,Returning,Knife,1,14.99
2026-02-06,MO,New,Ice Cream,2,10.98
2026-02-06,MO,New,Tray,1,16.99
2026-02-06,MO,New,Juice,1,3.99
2026-02-06,MO,New,Protein Powder,2,39.98
2026-02-07,NY,New,Red Nail Polish,3,26.97
2026-02-07,TX,VIP,Rice,2,11.98
2026-02-07,TX,VIP,Cooking Oil,2,9.98
2026-02-07,TX,VIP,Knoll Saarinen Executive Conference Chair,1,499.99
2026-02-07,TX,VIP,Dolce Shine Eau de,2,139.98
2026-02-07,FL,New,Nike Air Jordan 1 Red And Black,1,149.99
2026-02-07,FL,New,Bamboo Spatula,3,23.97
2026-02-07,FL,New,Beef Steak,1,12.99
2026-02-07,FL,New,Apple Airpods,3,389.97
2026-02-07,FL,Returning,Dolce Shine Eau de,1,69.99
2026-02-07,GA,Returning,Fork,1,3.99
2026-02-07,GA,Returning,Men Check Shirt,1,27.99
2026-02-07,IL,VIP,Dior J'adore,3,269.97
2026-02-07,CA,VIP,Fine Mesh Strainer,1,9.99
2026-02-07,TX,VIP,Eyeshadow Palette with Mirror,1,19.99
2026-02-07,TX,VIP,Spoon,3,14.97
2026-02-07,TX,VIP,Huawei Matebook X Pro,3,4199.97
2026-02-07,TX,VIP,Potatoes,1,2.29
2026-02-07,FL,New,Fish Steak,3,44.97
2026-02-07,GA,VIP,Kiwi,1,2.49
2026-02-07,GA,VIP,Blue & Black Check Shirt,1,29.99
2026-02-07,GA,VIP,Men Check Shirt,1,27.99
2026-02-07,GA,VIP,Juice,3,11.97
2026-02-07,IL,Returning,Potatoes,3,6.87
2026-02-07,IL,Returning,Amazon Echo Plus,3,299.97
2026-02-07,NY,New,Essence Mascara Lash Princess,2,19.98
2026-02-07,NY,New,Beef Steak,1,12.99
2026-02-07,CA,VIP,Dior J'adore,1,89.99
2026-02-07,IL,VIP,Potatoes,2,4.58
2026-02-07,CA,Returning,Apple,3,5.97
2026-02-07,CA,Returning,Rolex Cellini Date Black Dial,2,17999.98
2026-02-07,CA,Returning,Dolce Shine Eau de,2,139.98
2026-02-07,CA,Returning,Black Aluminium Cup,2,11.98
2026-02-07,GA,New,Rolex Cellini Moonphase,2,25999.98
2026-02-07,GA,New,Powder Canister,2,29.98
2026-02-07,GA,New,Fork,3,11.97
2026-02-07,NY,Returning,Tray,2,33.98
2026-02-07,NY,Returning,Plant Pot,2,29.98
2026-02-07,NY,Returning,Man Short Sleeve Shirt,2,39.98
2026-02-07,NY,New,Carbon Steel Wok,2,59.98
2026-02-07,NY,New,Hand Blender,1,34.99
2026-02-07,FL,New,Fork,1,3.99
2026-02-07,NY,Returning,Apple Airpods,2,259.98
2026-02-07,NY,Returning,Apple,3,5.97
2026-02-07,CA,Returning,Red Tongs,1,6.99
2026-02-07,CA,Returning,Men Check Shirt,1,27.99
2026-02-07,CA,Returning,House Showpiece Plant,1,39.99
2026-02-07,GA,Returning,Men Check Shirt,3,83.97
2026-02-07,WA,Returning,Electric Stove,3,149.97
2026-02-07,WA,Returning,Man Short Sleeve Shirt,3,59.97
2026-02-07,NY,New,Strawberry,1,3.99
2026-02-07,NY,New,Green Bell Pepper,1,1.29
2026-02-07,NY,New,Apple Airpods,3,389.97
2026-02-07,FL,New,Water,3,2.97
2026-02-07,FL,New,Soft Drinks,3,5.97
2026-02-07,FL,New,Fine Mesh Strainer,1,9.99
2026-02-07,WA,Returning,Grater Black,3,32.97
2026-02-07,WA,Returning,Lemon,3,2.37
2026-02-07,FL,Returning,Decoration Swing,1,59.99
2026-02-07,WA,New,Honey Jar,1,6.99
2026-02-07,WA,New,Bamboo Spatula,3,23.97
2026-02-07,FL,VIP,Water,1,0.99
2026-02-07,CA,VIP,Black Whisk,2,19.98
2026-02-07,CA,VIP,Carbon Steel Wok,2,59.98
2026-02-07,CA,VIP,Fork,3,11.97
2026-02-07,TX,Returning,Sports Sneakers Off White & Red,2,239.98
2026-02-07,TX,Returning,Man Short Sleeve Shirt,2,39.98
2026-02-07,NY,New,Eyeshadow Palette with Mirror,1,19.99
2026-02-07,NY,New,Bedside Table African Cherry,3,899.97
2026-02-07,WA,VIP,Essence Mascara Lash Princess,2,19.98
2026-02-07,WA,VIP,Citrus Squeezer Yellow,3,26.97
2026-02-07,WA,VIP,Knoll Saarinen Executive Conference Chair,3,1499.97
2026-02-07,MO,VIP,Juice,2,7.98
2026-02-07,MO,VIP,Chanel Coco Noir Eau De,3,389.97
2026-02-07,IL,VIP,Plate,3,11.97
2026-02-07,IL,VIP,Yellow Peeler,2,11.98
2026-02-07,GA,New,Rolex Datejust,1,10999.99
2026-02-07,GA,New,Wooden Bathroom Sink With Mirror,1,799.99
2026-02-07,TX,Returning,Tissue Paper Box,1,2.49
2026-02-07,TX,Returning,Gucci Bloom Eau de,1,79.99
2026-02-07,TX,Returning,Apple,2,3.98
2026-02-07,TX,Returning,Men Check Shirt,3,83.97
2026-02-07,FL,VIP,Grater Black,1,10.99
2026-02-07,FL,VIP,Wooden Rolling Pin,2,23.98
2026-02-07,IL,Returning,Fork,1,3.99
2026-02-07,IL,Returning,Essence Mascara Lash Princess,2,19.98
2026-02-07,IL,Returning,Red Tongs,3,20.97
2026-02-07,GA,Returning,House Showpiece Plant,1,39.99
2026-02-07,GA,Returning,Apple,1,1.99
2026-02-07,GA,Returning,Pan,3,74.97
2026-02-07,GA,Returning,Glass,1,4.99
2026-02-07,GA,Returning,Red Lipstick,3,38.97
2026-02-07,GA,Returning,Potatoes,3,6.87
2026-02-07,GA,Returning,Nescafe Coffee,3,23.97
2026-02-07,GA,Returning,Pan,1,24.99
2026-02-07,MO,VIP,Boxed Blender,2,79.98
2026-02-07,MO,VIP,Tray,3,50.97
2026-02-07,MO,Returning,Yellow Peeler,1,5.99
2026-02-07,IL,VIP,Tissue Paper Box,2,4.98
2026-02-07,IL,VIP,Wooden Bathroom Sink With Mirror,3,2399.97
2026-02-07,IL,VIP,Yellow Peeler,2,11.98
2026-02-07,IL,VIP,Carbon Steel Wok,3,89.97
2026-02-07,WA,VIP,Spoon,3,14.97
2026-02-07,NY,Returning,Gucci Bloom Eau de,2,159.98
2026-02-07,TX,VIP,Bedside Table African Cherry,2,599.98
2026-02-07,TX,VIP,Eggs,3,8.97
2026-02-07,WA,VIP,Wooden Rolling Pin,3,35.97
2026-02-07,WA,VIP,Strawberry,3,11.97
2026-02-07,MO,VIP,Longines Master Collection,3,4499.97
2026-02-07,MO,VIP,Asus Zenbook Pro Dual Screen Laptop,1,1799.99
2026-02-07,WA,Returning,Puma Future Rider Trainers,1,89.99
2026-02-07,MO,VIP,Green Chili Pepper,1,0.99
2026-02-08,WA,New,Apple,2,3.98
2026-02-08,WA,Returning,Man Plaid Shirt,3,104.97
2026-02-08,WA,Returning,Spoon,1,4.99
2026-02-08,WA,Returning,Nescafe Coffee,3,23.97
2026-02-08,WA,New,Green Chili Pepper,3,2.97
2026-02-08,WA,New,Chanel Coco Noir Eau De,2,259.98
2026-02-08,CA,New,Eggs,2,5.98
2026-02-08,CA,New,Apple MacBook Pro 14 Inch Space Grey,2,3999.98
2026-02-08,CA,New,Potatoes,2,4.58
2026-02-08,CA,New,Slotted Turner,3,26.97
2026-02-08,FL,VIP,Dior J'adore,3,269.97
2026-02-08,TX,New,Sports Sneakers Off White Red,2,219.98
2026-02-08,TX,New,Annibale Colombo Bed,3,5699.97
2026-02-08,TX,New,Plant Pot,3,44.97
2026-02-08,TX,New,Eggs,1,2.99
2026-02-08,TX,VIP,Honey Jar,2,13.98
2026-02-08,TX,VIP,Green Bell Pepper,1,1.29
2026-02-08,TX,VIP,Spice Rack,1,19.99
2026-02-08,TX,VIP,Carbon Steel Wok,2,59.98
2026-02-08,MO,Returning,Kiwi,2,4.98
2026-02-08,MO,Returning,Soft Drinks,3,5.97
2026-02-08,MO,Returning,Essence Mascara Lash Princess,3,29.97
2026-02-08,CA,New,Longines Master Collection,3,4499.97
2026-02-08,CA,New,Black Aluminium Cup,1,5.99
2026-02-08,CA,New,Lemon,1,0.79
2026-02-08,CA,Returning,Bamboo Spatula,2,15.98
2026-02-08,CA,Returning,Black Whisk,1,9.99
2026-02-08,CA,Returning,Fork,1,3.99
2026-02-08,CA,Returning,Sports Sneakers Off White Red,3,329.97
2026-02-08,FL,VIP,Apple,2,3.98
2026-02-08,FL,VIP,Rice,1,5.99
2026-02-08,FL,VIP,Powder Canister,1,14.99
2026-02-08,FL,VIP,Grater Black,3,32.97
2026-02-08,NY,Returning,Brown Leather Belt Watch,3,269.97
2026-02-08,NY,Returning,Strawberry,2,7.98
2026-02-08,NY,Returning,Man Plaid Shirt,3,104.97
2026-02-08,CA,VIP,Calvin Klein CK One,3,149.97
2026-02-08,CA,VIP,Ice Cream,3,16.47
2026-02-08,CA,VIP,Annibale Colombo Bed,1,1899.99
2026-02-08,CA,VIP,Rolex Cellini Moonphase,3,38999.97
2026-02-08,MO,Returning,Family Tree Photo Frame,1,29.99
2026-02-08,MO,Returning,Honey Jar,3,20.97
2026-02-08,MO,Returning,Kiwi,2,4.98
2026-02-08,MO,Returning,Puma Future Rider Trainers,1,89.99
2026-02-08,IL,New,Fine Mesh Strainer,3,29.97
2026-02-08,IL,New,Carbon Steel Wok,3,89.97
2026-02-08,IL,New,Lunch Box,3,38.97
2026-02-08,IL,New,Kitchen Sieve,2,15.98
2026-02-08,GA,New,Amazon Echo Plus,2,199.98
2026-02-08,GA,New,Cooking Oil,2,9.98
2026-02-08,GA,New,Kiwi,3,7.47
2026-02-08,GA,New,Fork,1,3.99
2026-02-08,GA,New,Gigabyte Aorus Men Tshirt,1,24.99
2026-02-08,GA,New,Yellow Peeler,2,11.98
2026-02-08,GA,New,Family Tree Photo Frame,1,29.99
2026-02-08,GA,New,Protein Powder,2,39.98
2026-02-08,CA,Returning,Rolex Cellini Moonphase,3,38999.97
2026-02-08,CA,Returning,Dog Food,2,21.98
2026-02-08,CA,Returning,Egg Slicer,2,13.98
2026-02-08,CA,Returning,Dior J'adore,1,89.99
2026-02-08,CA,VIP,Soft Drinks,1,1.99
2026-02-08,CA,VIP,Apple Airpods,2,259.98
2026-02-08,CA,VIP,Longines Master Collection,3,4499.97
2026-02-08,CA,VIP,Fork,2,7.98
2026-02-08,WA,Returning,Nike Air Jordan 1 Red And Black,3,449.97
2026-02-08,NY,VIP,Fork,3,11.97
2026-02-08,NY,VIP,Lemon,2,1.58
2026-02-08,NY,VIP,Chanel Coco Noir Eau De,1,129.99
2026-02-08,IL,Returning,Annibale Colombo Bed,3,5699.97
2026-02-08,IL,Returning,Lenovo Yoga 920,1,1099.99
2026-02-08,IL,Returning,Protein Powder,3,59.97
2026-02-08,NY,New,Essence Mascara Lash Princess,2,19.98
2026-02-08,NY,New,Soft Drinks,3,5.97
2026-02-08,GA,Returning,Fine Mesh Strainer,1,9.99
2026-02-08,IL,Returning,Ice Cream,1,5.49
2026-02-08,FL,Returning,Red Tongs,2,13.98
2026-02-08,FL,Returning,Lemon,3,2.37
2026-02-08,NY,New,Mug Tree Stand,2,31.98
2026-02-08,NY,New,Spice Rack,3,59.97
2026-02-08,NY,New,Lemon,1,0.79
2026-02-08,NY,New,Black Whisk,1,9.99
2026-02-08,IL,Returning,Rolex Datejust,2,21999.98
2026-02-08,CA,Returning,Nescafe Coffee,2,15.98
2026-02-08,CA,Returning,Wooden Rolling Pin,1,11.99
2026-02-08,CA,Returning,Table Lamp,3,149.97
2026-02-09,WA,Returning,Nike Air Jordan 1 Red And Black,1,149.99
2026-02-09,WA,Returning,Nike Baseball Cleats,3,239.97
2026-02-09,WA,Returning,Eyeshadow Palette with Mirror,3,59.97
2026-02-09,GA,New,Wooden Rolling Pin,2,23.98
2026-02-09,GA,New,Man Plaid Shirt,3,104.97
2026-02-09,GA,New,Plant Pot,1,14.99
2026-02-09,GA,New,Apple,1,1.99
2026-02-09,WA,New,Strawberry,2,7.98
2026-02-09,WA,New,Grater Black,3,32.97
2026-02-09,WA,New,Black Aluminium Cup,3,17.97
2026-02-09,FL,New,Fork,2,7.98
2026-02-09,FL,Returning,Huawei Matebook X Pro,2,2799.98
2026-02-09,FL,Returning,Cat Food,1,8.99
2026-02-09,FL,Returning,Spice Rack,3,59.97
2026-02-09,FL,Returning,Brown Leather Belt Watch,1,89.99
2026-02-09,CA,VIP,Annibale Colombo Bed,3,5699.97
2026-02-09,MO,Returning,Honey Jar,3,20.97
2026-02-09,GA,VIP,Dior J'adore,1,89.99
2026-02-09,GA,VIP,Egg Slicer,3,20.97
2026-02-09,GA,VIP,Yellow Peeler,2,11.98
2026-02-09,GA,VIP,Tray,1,16.99
2026-02-09,GA,VIP,Bedside Table African Cherry,3,899.97
2026-02-09,IL,VIP,Nescafe Coffee,2,15.98
2026-02-09,IL,VIP,Wooden Rolling Pin,3,35.97
2026-02-09,IL,VIP,Wooden Bathroom Sink With Mirror,1,799.99
2026-02-09,IL,VIP,Annibale Colombo Sofa,1,2499.99
2026-02-09,CA,New,Family Tree Photo Frame,2,59.98
2026-02-09,TX,VIP,Strawberry,3,11.97
2026-02-09,TX,VIP,Fork,3,11.97
2026-02-09,TX,VIP,Dog Food,3,32.97
2026-02-09,TX,VIP,Plant Pot,2,29.98
2026-02-09,WA,Returning,Lenovo Yoga 920,3,3299.97
2026-02-09,WA,Returning,Honey Jar,3,20.97
2026-02-09,WA,Returning,Microwave Oven,3,269.97
2026-02-09,WA,Returning,Puma Future Rider Trainers,3,269.97
2026-02-09,IL,New,Puma Future Rider Trainers,2,179.98
2026-02-09,IL,New,Essence Mascara Lash Princess,3,29.97
2026-02-09,IL,New,Green Bell Pepper,2,2.58
2026-02-09,IL,New,Amazon Echo Plus,2,199.98
2026-02-09,IL,New,Grater Black,1,10.99
2026-02-09,IL,VIP,New DELL XPS 13 9300 Laptop,3,4499.97
2026-02-09,IL,VIP,Nescafe Coffee,3,23.97
2026-02-09,NY,VIP,Cat Food,1,8.99
2026-02-09,NY,VIP,Men Check Shirt,3,83.97
2026-02-09,NY,VIP,Essence Mascara Lash Princess,2,19.98
2026-02-09,NY,VIP,Blue & Black Check Shirt,1,29.99
2026-02-09,GA,New,Honey Jar,3,20.97
2026-02-09,GA,New,Rolex Cellini Date Black Dial,2,17999.98
2026-02-09,GA,VIP,Sports Sneakers Off White & Red,3,359.97
2026-02-09,GA,VIP,Powder Canister,1,14.99
2026-02-09,GA,VIP,Ice Cream,2,10.98
2026-02-09,FL,Returning,Apple MacBook Pro 14 Inch Space Grey,3,5999.97
2026-02-09,FL,Returning,House Showpiece Plant,1,39.99
2026-02-09,FL,Returning,Silver Pot With Glass Cap,3,119.97
2026-02-09,FL,Returning,Bedside Table African Cherry,2,599.98
2026-02-09,MO,New,Sports Sneakers Off White Red,3,329.97
2026-02-09,MO,New,Table Lamp,1,49.99
2026-02-09,MO,New,Bamboo Spatula,2,15.98
2026-02-09,MO,New,Annibale Colombo Sofa,1,2499.99
2026-02-09,CA,VIP,Potatoes,2,4.58
2026-02-09,CA,VIP,Fork,3,11.97
2026-02-09,GA,VIP,Black Aluminium Cup,2,11.98
2026-02-09,GA,VIP,Fish Steak,1,14.99
2026-02-09,GA,VIP,Black Whisk,2,19.98
2026-02-09,NY,Returning,Kitchen Sieve,3,23.97
2026-02-09,NY,Returning,Wooden Bathroom Sink With Mirror,1,799.99
2026-02-09,NY,Returning,Citrus Squeezer Yellow,2,17.98
2026-02-09,NY,Returning,Longines Master Collection,1,1499.99
2026-02-09,FL,Returning,Family Tree Photo Frame,2,59.98
2026-02-09,FL,Returning,Lemon,1,0.79
2026-02-09,FL,Returning,Longines Master Collection,3,4499.97
2026-02-09,GA,Returning,Nike Baseball Cleats,3,239.97
2026-02-09,GA,Returning,Puma Future Rider Trainers,2,179.98
2026-02-09,GA,Returning,Soft Drinks,2,3.98
2026-02-09,MO,New,Brown Leather Belt Watch,3,269.97
2026-02-09,FL,Returning,Powder Canister,3,44.97
2026-02-09,FL,Returning,Sports Sneakers Off White Red,1,109.99
2026-02-09,FL,Returning,Brown Leather Belt Watch,2,179.98
2026-02-09,CA,VIP,Boxed Blender,2,79.98
2026-02-09,CA,VIP,Mulberry,3,14.97
2026-02-09,CA,VIP,Pan,3,74.97
2026-02-09,CA,VIP,Beef Steak,2,25.98
2026-02-09,CA,VIP,Soft Drinks,2,3.98
2026-02-09,MO,New,Eyeshadow Palette with Mirror,3,59.97
2026-02-09,FL,New,Cooking Oil,3,14.97
2026-02-09,FL,New,Bamboo Spatula,1,7.99
2026-02-09,FL,New,Blue & Black Check Shirt,2,59.98
2026-02-09,GA,Returning,Tray,2,33.98
2026-02-09,GA,Returning,Amazon Echo Plus,1,99.99
2026-02-09,GA,Returning,Carbon Steel Wok,2,59.98
2026-02-09,TX,VIP,Apple,2,3.98
2026-02-09,TX,VIP,Strawberry,1,3.99
2026-02-09,TX,VIP,Gucci Bloom Eau de,3,239.97
2026-02-09,TX,VIP,Knoll Saarinen Executive Conference Chair,2,999.98
2026-02-09,MO,VIP,Soft Drinks,1,1.99
2026-02-09,MO,VIP,Gucci Bloom Eau de,3,239.97
2026-02-09,IL,New,Ice Cream,3,16.47
2026-02-09,IL,New,Huawei Matebook X Pro,1,1399.99
2026-02-09,IL,New,Bamboo Spatula,1,7.99
2026-02-09,FL,New,Hand Blender,1,34.99
2026-02-09,FL,New,Red Tongs,3,20.97
2026-02-09,FL,New,Red Lipstick,3,38.97
2026-02-09,FL,New,Mug Tree Stand,2,31.98
2026-02-09,WA,Returning,Kiwi,3,7.47
2026-02-09,WA,Returning,Nike Baseball Cleats,1,79.99
2026-02-09,WA,Returning,Family Tree Photo Frame,2,59.98
2026-02-09,WA,Returning,Powder Canister,3,44.97
2026-02-10,NY,New,Sports Sneakers Off White & Red,1,119.99
2026-02-10,TX,Returning,Sports Sneakers Off White Red,2,219.98
2026-02-10,IL,VIP,Citrus Squeezer Yellow,1,8.99
2026-02-10,IL,VIP,Sports Sneakers Off White Red,2,219.98
2026-02-10,IL,VIP,Black Aluminium Cup,2,11.98
2026-02-10,MO,New,Puma Future Rider Trainers,2,179.98
2026-02-10,MO,New,Eggs,3,8.97
2026-02-10,MO,New,Rolex Cellini Date Black Dial,1,8999.99
2026-02-10,TX,Returning,Eggs,2,5.98
2026-02-10,MO,VIP,Yellow Peeler,2,11.98
2026-02-10,TX,Returning,Fish Steak,3,44.97
2026-02-10,TX,Returning,Men Check Shirt,1,27.99
2026-02-10,TX,Returning,Chicken Meat,1,9.99
2026-02-10,FL,Returning,Red Onions,3,5.97
2026-02-10,FL,Returning,Slotted Turner,3,26.97
2026-02-10,CA,Returning,Nike Air Jordan 1 Red And Black,1,149.99
2026-02-10,CA,Returning,Protein Powder,1,19.99
2026-02-10,CA,Returning,Rolex Cellini Date Black Dial,2,17999.98
2026-02-10,CA,VIP,Grater Black,3,32.97
2026-02-10,CA,VIP,Dior J'adore,3,269.97
2026-02-10,CA,VIP,Gucci Bloom Eau de,1,79.99
2026-02-10,MO,New,Fork,3,11.97
2026-02-10,MO,New,Gucci Bloom Eau de,1,79.99
2026-02-10,MO,New,Amazon Echo Plus,1,99.99
2026-02-10,CA,Returning,Knife,3,44.97
2026-02-10,CA,Returning,Grater Black,2,21.98
2026-02-10,CA,Returning,Kitchen Sieve,2,15.98
2026-02-10,IL,New,Juice,3,11.97
2026-02-10,IL,New,Red Lipstick,2,25.98
2026-02-10,IL,New,Chicken Meat,3,29.97
2026-02-10,IL,New,Milk,3,10.47
2026-02-10,NY,VIP,Annibale Colombo Sofa,2,4999.98
2026-02-10,NY,VIP,Ice Cream,1,5.49
2026-02-10,NY,VIP,Kitchen Sieve,3,23.97
2026-02-10,NY,VIP,Strawberry,3,11.97
2026-02-10,MO,VIP,Beef Steak,2,25.98
2026-02-10,NY,VIP,Plant Pot,1,14.99
2026-02-10,NY,VIP,House Showpiece Plant,3,119.97
2026-02-10,WA,Returning,Fine Mesh Strainer,3,29.97
2026-02-10,CA,Returning,Green Bell Pepper,2,2.58
2026-02-10,CA,Returning,Table Lamp,3,149.97
2026-02-10,WA,Returning,Silver Pot With Glass Cap,2,79.98
2026-02-10,WA,Returning,Rolex Submariner Watch,2,27999.98
2026-02-10,GA,VIP,Spoon,1,4.99
2026-02-10,GA,VIP,Cat Food,3,26.97
2026-02-10,GA,VIP,Chicken Meat,3,29.97
2026-02-10,NY,New,Gucci Bloom Eau de,3,239.97
2026-02-10,NY,New,Kiwi,1,2.49
2026-02-10,MO,Returning,Lenovo Yoga 920,3,3299.97
2026-02-10,MO,Returning,Potatoes,3,6.87
2026-02-10,CA,Returning,Fine Mesh Strainer,1,9.99
2026-02-10,CA,Returning,Nike Baseball Cleats,3,239.97
2026-02-10,CA,Returning,Pan,3,74.97
2026-02-10,WA,VIP,Pan,1,24.99
2026-02-10,IL,New,Rolex Cellini Moonphase,2,25999.98
2026-02-10,IL,New,Chicken Meat,1,9.99
2026-02-10,CA,VIP,Table Lamp,2,99.98
2026-02-10,IL,VIP,Beef Steak,1,12.99
2026-02-10,IL,VIP,Water,3,2.97
2026-02-10,GA,New,Man Short Sleeve Shirt,1,19.99
2026-02-10,CA,Returning,Egg Slicer,1,6.99
2026-02-10,CA,Returning,Men Check Shirt,3,83.97
2026-02-10,IL,VIP,Yellow Peeler,1,5.99
2026-02-10,IL,VIP,Kitchen Sieve,2,15.98
2026-02-10,NY,New,Fork,3,11.97
2026-02-10,NY,New,Citrus Squeezer Yellow,1,8.99
2026-02-10,NY,New,Cooking Oil,3,14.97
2026-02-10,MO,VIP,Fish Steak,3,44.97
2026-02-10,MO,VIP,Slotted Turner,1,8.99
2026-02-10,MO,New,Men Check Shirt,3,83.97
2026-02-10,MO,New,Plant Pot,2,29.98
2026-02-10,MO,New,Slotted Turner,1,8.99
2026-02-10,NY,VIP,Gigabyte Aorus Men Tshirt,1,24.99
2026-02-10,NY,VIP,Grater Black,1,10.99
2026-02-10,NY,VIP,Essence Mascara Lash Princess,2,19.98
2026-02-10,NY,VIP,Family Tree Photo Frame,2,59.98
2026-02-10,WA,VIP,Gucci Bloom Eau de,3,239.97
2026-02-10,WA,VIP,Table Lamp,3,149.97
2026-02-10,WA,VIP,Wooden Rolling Pin,2,23.98
2026-02-10,GA,New,Tissue Paper Box,2,4.98
2026-02-10,GA,New,New DELL XPS 13 9300 Laptop,2,2999.98
2026-02-10,NY,New,Red Tongs,1,6.99
2026-02-10,FL,New,Man Short Sleeve Shirt,1,19.99
2026-02-10,FL,New,Apple,2,3.98
2026-02-10,FL,New,Rolex Datejust,3,32999.97
2026-02-10,FL,New,Spice Rack,2,39.98
2026-02-10,CA,VIP,Annibale Colombo Bed,1,1899.99
2026-02-10,CA,VIP,Wooden Rolling Pin,2,23.98
2026-02-10,MO,VIP,Huawei Matebook X Pro,2,2799.98
2026-02-10,MO,VIP,Red Nail Polish,3,26.97
2026-02-10,CA,New,Sports Sneakers Off White & Red,2,239.98
2026-02-10,CA,New,Lemon,3,2.37
2026-02-10,CA,New,Pan,3,74.97
2026-02-10,FL,New,Microwave Oven,1,89.99
2026-02-10,FL,New,Kitchen Sieve,2,15.98
2026-02-10,FL,New,Apple,1,1.99
2026-02-10,IL,Returning,Cat Food,3,26.97
2026-02-10,IL,Returning,Hand Blender,3,104.97
2026-02-10,CA,New,Nike Air Jordan 1 Red And Black,3,449.97
2026-02-10,CA,New,Lenovo Yoga 920,3,3299.97
2026-02-10,IL,VIP,House Showpiece Plant,1,39.99
2026-02-10,IL,VIP,Man Short Sleeve Shirt,2,39.98
2026-02-10,IL,VIP,Kitchen Sieve,3,23.97
2026-02-10,IL,VIP,Wooden Bathroom Sink With Mirror,3,2399.97
2026-02-10,IL,New,Spice Rack,2,39.98
2026-02-10,IL,New,Tissue Paper Box,1,2.49
2026-02-10,IL,New,Plate,2,7.98
2026-02-10,IL,New,Amazon Echo Plus,3,299.97
2026-02-10,CA,Returning,Green Bell Pepper,2,2.58
2026-02-10,CA,Returning,Huawei Matebook X Pro,2,2799.98
2026-02-10,CA,Returning,Egg Slicer,1,6.99
2026-02-10,GA,Returning,Spice Rack,3,59.97
2026-02-10,GA,Returning,Boxed Blender,3,119.97
2026-02-10,FL,New,Lenovo Yoga 920,1,1099.99
2026-02-10,FL,New,Huawei Matebook X Pro,2,2799.98
2026-02-10,TX,Returning,Mug Tree Stand,2,31.98
2026-02-11,NY,VIP,Dog Food,2,21.98
2026-02-11,GA,New,Lunch Box,2,25.98
2026-02-11,GA,New,Huawei Matebook X Pro,2,2799.98
2026-02-11,CA,Returning,Plant Pot,1,14.99
2026-02-11,CA,Returning,Gigabyte Aorus Men Tshirt,3,74.97
2026-02-11,CA,Returning,Wooden Rolling Pin,1,11.99
2026-02-11,TX,Returning,Nike Baseball Cleats,1,79.99
2026-02-11,TX,Returning,Juice,3,11.97
2026-02-11,TX,Returning,Chopping Board,1,12.99
2026-02-11,TX,Returning,Boxed Blender,3,119.97
2026-02-11,GA,New,Huawei Matebook X Pro,2,2799.98
2026-02-11,GA,New,Blue & Black Check Shirt,3,89.97
2026-02-11,WA,VIP,Brown Leather Belt Watch,3,269.97
2026-02-11,WA,VIP,Plate,2,7.98
2026-02-11,NY,New,Tray,2,33.98
2026-02-11,NY,New,Spoon,1,4.99
2026-02-11,WA,New,Men Check Shirt,3,83.97
2026-02-11,WA,New,Juice,2,7.98
2026-02-11,WA,New,Dog Food,3,32.97
2026-02-11,FL,New,Microwave Oven,2,179.98
2026-02-11,FL,New,Chanel Coco Noir Eau De,3,389.97
2026-02-11,FL,New,Chicken Meat,1,9.99
2026-02-11,FL,New,Plant Pot,1,14.99
2026-02-11,MO,Returning,Spice Rack,2,39.98
2026-02-11,MO,Returning,Wooden Bathroom Sink With Mirror,1,799.99
2026-02-11,MO,Returning,Annibale Colombo Bed,3,5699.97
2026-02-11,FL,Returning,Mulberry,1,4.99
2026-02-11,MO,Returning,Annibale Colombo Bed,3,5699.97
2026-02-11,FL,VIP,Knife,2,29.98
2026-02-11,FL,VIP,Dior J'adore,3,269.97
2026-02-11,GA,New,Puma Future Rider Trainers,3,269.97
2026-02-11,GA,New,Red Nail Polish,2,17.98
2026-02-11,CA,Returning,Tray,2,33.98
2026-02-11,IL,VIP,Dog Food,1,10.99
2026-02-11,IL,VIP,Amazon Echo Plus,2,199.98
2026-02-11,IL,VIP,Mulberry,2,9.98
2026-02-11,IL,VIP,Knife,3,44.97
2026-02-11,MO,Returning,Yellow Peeler,2,11.98
2026-02-11,MO,Returning,Rice,2,11.98
2026-02-11,MO,Returning,Nescafe Coffee,1,7.99
2026-02-11,MO,Returning,Ice Cube Tray,3,17.97
2026-02-11,FL,New,Electric Stove,2,99.98
2026-02-11,IL,Returning,Dog Food,2,21.98
2026-02-11,IL,Returning,Mug Tree Stand,3,47.97
2026-02-11,CA,Returning,Annibale Colombo Sofa,1,2499.99
2026-02-11,WA,Returning,Hand Blender,2,69.98
2026-02-11,WA,Returning,Rolex Cellini Date Black Dial,3,26999.97
2026-02-11,WA,Returning,Man Short Sleeve Shirt,2,39.98
2026-02-11,WA,New,Plate,2,7.98
2026-02-11,GA,New,Dolce Shine Eau de,2,139.98
2026-02-11,MO,VIP,Blue & Black Check Shirt,2,59.98
2026-02-11,MO,VIP,Bedside Table African Cherry,1,299.99
2026-02-11,TX,VIP,Fork,1,3.99
2026-02-11,TX,VIP,Mug Tree Stand,2,31.98
2026-02-11,TX,VIP,Blue & Black Check Shirt,1,29.99
2026-02-11,TX,VIP,Longines Master Collection,1,1499.99
2026-02-11,FL,VIP,Glass,3,14.97
2026-02-12,TX,VIP,Wooden Rolling Pin,2,23.98
2026-02-12,TX,VIP,Silver Pot With Glass Cap,3,119.97
2026-02-12,TX,VIP,Lemon,2,1.58
2026-02-12,TX,VIP,Puma Future Rider Trainers,1,89.99
2026-02-12,FL,VIP,Pan,2,49.98
2026-02-12,FL,VIP,Rice,2,11.98
2026-02-12,FL,VIP,Carbon Steel Wok,1,29.99
2026-02-12,GA,Returning,Plate,3,11.97
2026-02-12,GA,Returning,Bamboo Spatula,2,15.98
2026-02-12,TX,Returning,Sports Sneakers Off White & Red,3,359.97
2026-02-12,IL,New,Apple Airpods,3,389.97
2026-02-12,NY,Returning,Dolce Shine Eau de,2,139.98
2026-02-12,IL,Returning,Apple MacBook Pro 14 Inch Space Grey,3,5999.97
2026-02-12,CA,Returning,Lemon,3,2.37
2026-02-12,CA,Returning,Mug Tree Stand,3,47.97
2026-02-12,CA,Returning,Cat Food,3,26.97
2026-02-12,NY,Returning,House Showpiece Plant,1,39.99
2026-02-12,NY,Returning,Honey Jar,3,20.97
2026-02-12,CA,Returning,Hand Blender,2,69.98
2026-02-12,CA,Returning,Man Short Sleeve Shirt,2,39.98
2026-02-12,MO,Returning,Kitchen Sieve,1,7.99
2026-02-12,MO,Returning,Mulberry,1,4.99
2026-02-12,MO,Returning,Nike Air Jordan 1 Red And Black,2,299.98
2026-02-12,WA,New,Water,2,1.98
2026-02-12,WA,New,Green Chili Pepper,2,1.98
2026-02-12,WA,New,Chicken Meat,2,19.98
2026-02-12,TX,VIP,Bamboo Spatula,1,7.99
2026-02-12,TX,VIP,Red Lipstick,3,38.97
2026-02-12,TX,VIP,Spoon,2,9.98
2026-02-12,TX,VIP,Strawberry,1,3.99
2026-02-12,GA,New,Grater Black,1,10.99
2026-02-12,GA,New,Soft Drinks,3,5.97
2026-02-12,NY,New,Lunch Box,2,25.98
2026-02-12,GA,Returning,Mulberry,2,9.98
2026-02-12,GA,Returning,Soft Drinks,3,5.97
2026-02-12,GA,Returning,Red Onions,3,5.97
2026-02-12,GA,Returning,Hand Blender,3,104.97
2026-02-12,NY,New,Mulberry,3,14.97
2026-02-12,NY,New,Ice Cream,3,16.47
2026-02-12,FL,Returning,Sports Sneakers Off White & Red,2,239.98
2026-02-12,FL,Returning,Fork,1,3.99
2026-02-12,FL,Returning,Red Onions,3,5.97
2026-02-12,FL,Returning,Annibale Colombo Bed,3,5699.97
2026-02-12,FL,New,Lemon,2,1.58
2026-02-12,FL,New,Mug Tree Stand,1,15.99
2026-02-12,FL,New,Table Lamp,2,99.98
2026-02-12,FL,New,Tissue Paper Box,3,7.47
2026-02-12,GA,Returning,Lemon,1,0.79
2026-02-12,GA,Returning,Fork,2,7.98
2026-02-12,GA,Returning,Rolex Cellini Date Black Dial,1,8999.99
2026-02-12,NY,Returning,Strawberry,2,7.98
2026-02-12,NY,Returning,Chicken Meat,1,9.99
2026-02-12,NY,Returning,Cucumber,2,2.98
2026-02-12,NY,Returning,Red Tongs,1,6.99
2026-02-12,TX,VIP,Knife,2,29.98
2026-02-12,TX,VIP,Silver Pot With Glass Cap,2,79.98
2026-02-12,TX,VIP,Sports Sneakers Off White & Red,3,359.97
2026-02-12,GA,New,Rice,3,17.97
2026-02-13,NY,Returning,Blue & Black Check Shirt,1,29.99
2026-02-13,NY,Returning,Sports Sneakers Off White Red,1,109.99
2026-02-13,NY,Returning,Plate,3,11.97
2026-02-13,IL,New,Kitchen Sieve,1,7.99
2026-02-13,IL,New,Plate,2,7.98
2026-02-13,IL,New,Lemon,1,0.79
2026-02-13,IL,New,Green Bell Pepper,1,1.29
2026-02-13,FL,Returning,Tray,3,50.97
2026-02-13,FL,Returning,Plant Pot,2,29.98
2026-02-13,FL,Returning,Apple MacBook Pro 14 Inch Space Grey,2,3999.98
2026-02-13,FL,Returning,Wooden Rolling Pin,1,11.99
2026-02-13,CA,Returning,Knoll Saarinen Executive Conference Chair,3,1499.97
2026-02-13,CA,VIP,Gigabyte Aorus Men Tshirt,3,74.97
2026-02-13,CA,VIP,Juice,3,11.97
2026-02-13,CA,VIP,Blue & Black Check Shirt,2,59.98
2026-02-13,CA,VIP,Eyeshadow Palette with Mirror,2,39.98
2026-02-13,NY,New,Red Tongs,2,13.98
2026-02-13,NY,New,Spoon,3,14.97
2026-02-13,NY,New,Powder Canister,3,44.97
2026-02-13,FL,VIP,Cooking Oil,2,9.98
2026-02-13,FL,VIP,Rolex Submariner Watch,2,27999.98
2026-02-13,FL,VIP,Ice Cream,1,5.49
2026-02-13,IL,Returning,Powder Canister,3,44.97
2026-02-13,IL,Returning,Cat Food,1,8.99
2026-02-13,IL,Returning,Dog Food,2,21.98
2026-02-13,WA,Returning,Red Nail Polish,1,8.99
2026-02-13,WA,Returning,Gigabyte Aorus Men Tshirt,3,74.97
2026-02-13,WA,Returning,Slotted Turner,3,26.97
2026-02-13,FL,Returning,Black Whisk,1,9.99
2026-02-13,FL,Returning,Beef Steak,3,38.97
2026-02-13,GA,VIP,Lemon,1,0.79
2026-02-13,WA,VIP,Chicken Meat,2,19.98
2026-02-13,WA,VIP,Huawei Matebook X Pro,3,4199.97
2026-02-13,WA,VIP,Nescafe Coffee,3,23.97
2026-02-13,WA,VIP,Kiwi,1,2.49
2026-02-13,GA,Returning,Potatoes,2,4.58
2026-02-13,GA,Returning,Electric Stove,3,149.97
2026-02-13,GA,Returning,Kiwi,3,7.47
2026-02-13,GA,Returning,Chanel Coco Noir Eau De,3,389.97
2026-02-13,GA,New,Milk,2,6.98
2026-02-13,FL,VIP,Rolex Cellini Moonphase,1,12999.99
2026-02-13,FL,VIP,Dog Food,2,21.98
2026-02-13,MO,Returning,Honey Jar,3,20.97
2026-02-13,MO,Returning,Plate,2,7.98
2026-02-13,WA,Returning,Soft Drinks,2,3.98
2026-02-13,WA,Returning,Red Nail Polish,1,8.99
2026-02-13,WA,Returning,Plant Pot,1,14.99
2026-02-13,CA,Returning,Water,2,1.98
2026-02-13,CA,Returning,Men Check Shirt,2,55.98
2026-02-13,CA,Returning,Pan,2,49.98
2026-02-13,MO,Returning,Potatoes,3,6.87
2026-02-13,MO,Returning,Gucci Bloom Eau de,2,159.98
2026-02-13,MO,Returning,Milk,1,3.49
2026-02-13,MO,Returning,Sports Sneakers Off White Red,1,109.99
2026-02-13,MO,New,Electric Stove,3,149.97
2026-02-13,MO,New,Glass,3,14.97
2026-02-13,MO,New,Fork,3,11.97
2026-02-13,WA,Returning,Pan,1,24.99
2026-02-13,WA,Returning,Soft Drinks,1,1.99
2026-02-13,WA,Returning,Cucumber,3,4.47
2026-02-13,CA,Returning,Milk,1,3.49
2026-02-13,CA,Returning,Mulberry,3,14.97
2026-02-13,CA,Returning,Potatoes,3,6.87
2026-02-14,IL,New,Bamboo Spatula,3,23.97
2026-02-14,IL,New,Apple MacBook Pro 14 Inch Space Grey,1,1999.99
2026-02-14,IL,New,Hand Blender,3,104.97
2026-02-14,GA,Returning,Essence Mascara Lash Princess,3,29.97
2026-02-14,GA,Returning,Rolex Cellini Moonphase,3,38999.97
2026-02-14,GA,Returning,Decoration Swing,3,179.97
2026-02-14,CA,VIP,Citrus Squeezer Yellow,2,17.98
2026-02-14,IL,Returning,Chicken Meat,2,19.98
2026-02-14,MO,Returning,Rolex Cellini Date Black Dial,3,26999.97
2026-02-14,MO,Returning,Black Whisk,2,19.98
2026-02-14,MO,Returning,Egg Slicer,2,13.98
2026-02-14,MO,Returning,Chanel Coco Noir Eau De,1,129.99
2026-02-14,NY,VIP,Gigabyte Aorus Men Tshirt,3,74.97
2026-02-14,TX,VIP,Gigabyte Aorus Men Tshirt,2,49.98
2026-02-14,TX,VIP,Dior J'adore,2,179.98
2026-02-14,NY,New,Dior J'adore,2,179.98
2026-02-14,NY,New,Milk,1,3.49
2026-02-14,NY,New,Red Nail Polish,1,8.99
2026-02-14,NY,New,Bamboo Spatula,2,15.98
2026-02-14,NY,New,Asus Zenbook Pro Dual Screen Laptop,3,5399.97
2026-02-14,WA,VIP,Beef Steak,3,38.97
2026-02-14,WA,VIP,Red Nail Polish,1,8.99
2026-02-14,WA,VIP,Chicken Meat,2,19.98
2026-02-14,WA,VIP,Plate,2,7.98
2026-02-14,IL,New,Plate,3,11.97
2026-02-14,IL,New,Milk,3,10.47
2026-02-14,IL,New,Calvin Klein CK One,3,149.97
2026-02-14,IL,New,Soft Drinks,2,3.98
2026-02-14,NY,New,Carbon Steel Wok,1,29.99
2026-02-14,GA,VIP,Slotted Turner,1,8.99
2026-02-14,GA,VIP,Soft Drinks,2,3.98
2026-02-14,GA,VIP,Cooking Oil,1,4.99
2026-02-14,NY,Returning,Apple MacBook Pro 14 Inch Space Grey,3,5999.97
2026-02-14,GA,New,Gucci Bloom Eau de,1,79.99
2026-02-14,IL,Returning,Egg Slicer,3,20.97
2026-02-14,IL,Returning,Plant Pot,2,29.98
2026-02-14,IL,Returning,Gucci Bloom Eau de,3,239.97
2026-02-14,IL,VIP,New DELL XPS 13 9300 Laptop,1,1499.99
2026-02-14,IL,VIP,Annibale Colombo Sofa,3,7499.97
2026-02-14,IL,VIP,Asus Zenbook Pro Dual Screen Laptop,3,5399.97
2026-02-14,IL,VIP,Bamboo Spatula,3,23.97
2026-02-14,FL,VIP,Powder Canister,3,44.97
2026-02-14,FL,VIP,House Showpiece Plant,3,119.97
2026-02-14,CA,Returning,Man Plaid Shirt,3,104.97
2026-02-14,CA,Returning,Red Onions,2,3.98
2026-02-14,CA,Returning,Lunch Box,1,12.99
2026-02-14,CA,Returning,Spoon,3,14.97
2026-02-14,WA,VIP,Dior J'adore,3,269.97
2026-02-14,WA,VIP,Slotted Turner,1,8.99
2026-02-14,WA,VIP,Rolex Submariner Watch,3,41999.97
2026-02-14,WA,VIP,Asus Zenbook Pro Dual Screen Laptop,1,1799.99
2026-02-14,MO,New,Electric Stove,1,49.99
2026-02-14,MO,New,Eyeshadow Palette with Mirror,2,39.98
2026-02-14,NY,New,Rolex Cellini Moonphase,3,38999.97
2026-02-14,NY,New,Wooden Rolling Pin,2,23.98
2026-02-14,NY,New,Lunch Box,3,38.97
2026-02-14,NY,New,Knife,1,14.99
2026-02-14,WA,New,Slotted Turner,1,8.99
2026-02-14,IL,VIP,Kitchen Sieve,1,7.99
2026-02-14,IL,VIP,Brown Leather Belt Watch,1,89.99
2026-02-14,WA,New,Grater Black,1,10.99
2026-02-14,MO,New,Powder Canister,2,29.98
2026-02-14,MO,New,Carbon Steel Wok,2,59.98
2026-02-14,MO,New,Cat Food,1,8.99
2026-02-14,WA,VIP,Blue & Black Check Shirt,3,89.97
2026-02-14,NY,VIP,Potatoes,3,6.87
2026-02-14,NY,VIP,Eggs,3,8.97
2026-02-14,NY,VIP,Protein Powder,3,59.97
2026-02-14,WA,New,Apple MacBook Pro 14 Inch Space Grey,2,3999.98
2026-02-14,GA,New,Ice Cream,1,5.49
2026-02-14,GA,New,Nike Baseball Cleats,1,79.99
2026-02-14,IL,New,Red Onions,1,1.99
2026-02-14,IL,New,Silver Pot With Glass Cap,3,119.97
2026-02-14,WA,VIP,Apple MacBook Pro 14 Inch Space Grey,3,5999.97
2026-02-14,FL,New,Black Whisk,2,19.98
2026-02-14,FL,New,Dog Food,1,10.99
2026-02-14,FL,New,Kitchen Sieve,1,7.99
2026-02-14,TX,VIP,Brown Leather Belt Watch,1,89.99
2026-02-14,TX,VIP,Gigabyte Aorus Men Tshirt,2,49.98
2026-02-14,TX,VIP,Dolce Shine Eau de,2,139.98
2026-02-14,WA,VIP,Tray,3,50.97
2026-02-14,GA,New,Gigabyte Aorus Men Tshirt,2,49.98
2026-02-14,GA,New,Essence Mascara Lash Princess,3,29.97
2026-02-14,MO,New,Red Onions,3,5.97
2026-02-14,MO,New,Chanel Coco Noir Eau De,2,259.98
2026-02-14,FL,Returning,Annibale Colombo Bed,1,1899.99
2026-02-14,FL,Returning,Yellow Peeler,2,11.98
2026-02-14,FL,Returning,Carbon Steel Wok,2,59.98
2026-02-14,TX,VIP,Ice Cube Tray,2,11.98
2026-02-14,TX,VIP,Cucumber,2,2.98
2026-02-14,TX,VIP,Water,2,1.98
2026-02-14,TX,VIP,Table Lamp,3,149.97
2026-02-14,MO,New,Chopping Board,2,25.98
2026-02-14,MO,New,Fork,3,11.97
2026-02-14,MO,New,Man Plaid Shirt,3,104.97
2026-02-14,FL,VIP,Decoration Swing,3,179.97
2026-02-14,FL,VIP,Green Bell Pepper,3,3.87
2026-02-14,FL,VIP,Wooden Rolling Pin,1,11.99
2026-02-14,TX,VIP,Brown Leather Belt Watch,3,269.97
2026-02-14,TX,VIP,Apple,1,1.99
2026-02-14,TX,VIP,Boxed Blender,1,39.99
2026-02-14,TX,VIP,Fork,2,7.98
2026-02-14,NY,New,Beef Steak,3,38.97
2026-02-14,GA,New,Lenovo Yoga 920,2,2199.98
2026-02-14,GA,New,Honey Jar,2,13.98
2026-02-14,GA,New,Sports Sneakers Off White & Red,3,359.97
2026-02-14,GA,New,Family Tree Photo Frame,2,59.98
2026-02-15,WA,VIP,Rolex Cellini Date Black Dial,3,26999.97
2026-02-15,FL,VIP,Wooden Bathroom Sink With Mirror,1,799.99
2026-02-15,FL,VIP,Glass,3,14.97
2026-02-15,FL,VIP,Juice,3,11.97
2026-02-15,FL,VIP,Eggs,3,8.97
2026-02-15,NY,VIP,Pan,3,74.97
2026-02-15,NY,VIP,Decoration Swing,1,59.99
2026-02-15,NY,VIP,Protein Powder,1,19.99
2026-02-15,NY,Returning,Knife,1,14.99
2026-02-15,FL,New,Red Onions,3,5.97
2026-02-15,FL,New,Black Whisk,1,9.99
2026-02-15,FL,New,Plate,2,7.98
2026-02-15,FL,New,Red Lipstick,3,38.97
2026-02-15,WA,Returning,Yellow Peeler,1,5.99
2026-02-15,WA,Returning,Grater Black,3,32.97
2026-02-15,MO,Returning,Wooden Bathroom Sink With Mirror,1,799.99
2026-02-15,TX,Returning,House Showpiece Plant,2,79.98
2026-02-15,TX,Returning,Blue & Black Check Shirt,1,29.99
2026-02-15,GA,VIP,Eggs,3,8.97
2026-02-15,GA,VIP,Mug Tree Stand,2,31.98
2026-02-15,TX,New,Chicken Meat,3,29.97
2026-02-15,TX,New,Dog Food,3,32.97
2026-02-15,TX,New,Chicken Meat,3,29.97
2026-02-15,IL,Returning,Red Lipstick,1,12.99
2026-02-15,NY,VIP,Spice Rack,3,59.97
2026-02-15,NY,VIP,Electric Stove,2,99.98
2026-02-15,NY,VIP,Silver Pot With Glass Cap,1,39.99
2026-02-15,NY,VIP,Egg Slicer,2,13.98
2026-02-15,GA,Returning,Family Tree Photo Frame,3,89.97
2026-02-15,GA,Returning,Soft Drinks,3,5.97
2026-02-15,FL,New,Honey Jar,3,20.97
2026-02-15,FL,New,Soft Drinks,1,1.99
2026-02-15,FL,New,Sports Sneakers Off White Red,3,329.97
2026-02-15,WA,Returning,Black Aluminium Cup,1,5.99
2026-02-15,MO,Returning,Dog Food,2,21.98
2026-02-15,MO,Returning,Longines Master Collection,2,2999.98
2026-02-15,MO,Returning,Fish Steak,2,29.98
2026-02-15,NY,Returning,Apple MacBook Pro 14 Inch Space Grey,2,3999.98
2026-02-15,NY,Returning,Dolce Shine Eau de,1,69.99
2026-02-15,NY,Returning,Green Bell Pepper,2,2.58
2026-02-15,NY,Returning,Beef Steak,1,12.99
2026-02-15,FL,New,Wooden Bathroom Sink With Mirror,3,2399.97
2026-02-15,IL,VIP,Sports Sneakers Off White Red,1,109.99
2026-02-15,IL,VIP,Red Tongs,2,13.98
2026-02-15,NY,New,Ice Cream,3,16.47
2026-02-15,NY,New,Sports Sneakers Off White Red,3,329.97
2026-02-15,NY,New,Rice,2,11.98
2026-02-15,NY,New,Juice,1,3.99
2026-02-15,NY,New,Mug Tree Stand,1,15.99
2026-02-15,NY,New,Nike Air Jordan 1 Red And Black,2,299.98
2026-02-15,MO,VIP,Sports Sneakers Off White Red,2,219.98
2026-02-15,MO,VIP,Bamboo Spatula,2,15.98
2026-02-15,MO,VIP,Electric Stove,1,49.99
2026-02-15,MO,VIP,Blue & Black Check Shirt,2,59.98
2026-02-15,FL,VIP,Pan,1,24.99
2026-02-15,FL,VIP,Lenovo Yoga 920,1,1099.99
2026-02-15,FL,New,Lenovo Yoga 920,2,2199.98
2026-02-15,FL,New,Calvin Klein CK One,2,99.98
2026-02-15,FL,New,Protein Powder,1,19.99
2026-02-15,WA,Returning,Spice Rack,3,59.97
2026-02-15,WA,Returning,Glass,2,9.98
2026-02-15,WA,Returning,Kitchen Sieve,3,23.97
2026-02-15,WA,Returning,Essence Mascara Lash Princess,1,9.99
2026-02-15,WA,Returning,Yellow Peeler,1,5.99
2026-02-15,WA,Returning,Boxed Blender,1,39.99
2026-02-15,MO,New,Bedside Table African Cherry,3,899.97
2026-02-15,MO,New,Table Lamp,2,99.98
2026-02-15,WA,VIP,Green Bell Pepper,1,1.29
2026-02-15,WA,VIP,Puma Future Rider Trainers,2,179.98
2026-02-15,WA,VIP,Chopping Board,1,12.99
2026-02-15,NY,VIP,Blue & Black Check Shirt,2,59.98
2026-02-15,MO,New,Black Whisk,2,19.98
2026-02-15,MO,New,Plate,3,11.97
2026-02-15,CA,VIP,Chicken Meat,2,19.98
2026-02-15,CA,VIP,Sports Sneakers Off White & Red,1,119.99
2026-02-15,IL,VIP,Eyeshadow Palette with Mirror,1,19.99
2026-02-15,IL,VIP,Eggs,3,8.97
2026-02-15,IL,VIP,Kitchen Sieve,3,23.97
2026-02-15,CA,VIP,Red Nail Polish,3,26.97
2026-02-15,CA,VIP,Beef Steak,3,38.97
2026-02-15,CA,VIP,Fine Mesh Strainer,2,19.98
2026-02-15,FL,VIP,Bamboo Spatula,1,7.99
2026-02-15,FL,VIP,Plant Pot,2,29.98
2026-02-15,GA,New,Grater Black,1,10.99
2026-02-15,GA,New,Puma Future Rider Trainers,1,89.99
2026-02-15,GA,New,Wooden Rolling Pin,3,35.97
2026-02-15,GA,New,Honey Jar,2,13.98
2026-02-15,NY,VIP,Plant Pot,3,44.97
2026-02-15,NY,VIP,Men Check Shirt,1,27.99
2026-02-15,MO,New,Silver Pot With Glass Cap,3,119.97
2026-02-15,MO,New,Dolce Shine Eau de,1,69.99
2026-02-15,CA,New,Electric Stove,2,99.98
2026-02-15,WA,VIP,Fork,1,3.99
2026-02-15,WA,VIP,Red Lipstick,3,38.97
2026-02-15,WA,VIP,Cat Food,1,8.99
2026-02-15,FL,Returning,New DELL XPS 13 9300 Laptop,2,2999.98
2026-02-15,FL,Returning,Plate,3,11.97
2026-02-15,FL,Returning,Rolex Cellini Date Black Dial,1,8999.99
2026-02-15,FL,Returning,Puma Future Rider Trainers,1,89.99
2026-02-15,IL,VIP,Egg Slicer,3,20.97
2026-02-15,IL,VIP,Rolex Cellini Date Black Dial,3,26999.97
2026-02-15,IL,VIP,Pan,2,49.98
2026-02-15,MO,New,Men Check Shirt,2,55.98
2026-02-15,IL,New,Beef Steak,3,38.97
2026-02-15,CA,New,Mug Tree Stand,3,47.97
2026-02-15,CA,New,Nike Air Jordan 1 Red And Black,2,299.98
2026-02-15,CA,New,Asus Zenbook Pro Dual Screen Laptop,2,3599.98
2026-02-15,TX,VIP,Honey Jar,3,20.97
2026-02-15,GA,VIP,Dolce Shine Eau de,2,139.98
2026-02-15,GA,VIP,Ice Cream,2,10.98
2026-02-15,NY,New,Yellow Peeler,1,5.99
2026-02-15,WA,New,Nescafe Coffee,3,23.97
2026-02-15,GA,VIP,Rolex Datejust,1,10999.99
2026-02-15,GA,VIP,Annibale Colombo Sofa,2,4999.98
2026-02-15,TX,Returning,Rolex Submariner Watch,2,27999.98
2026-02-15,TX,Returning,Cucumber,3,4.47
2026-02-15,TX,Returning,Grater Black,1,10.99
2026-02-15,TX,Returning,Soft Drinks,2,3.98
2026-02-15,WA,New,Essence Mascara Lash Princess,2,19.98
2026-02-15,WA,New,Bamboo Spatula,2,15.98
2026-02-15,CA,Returning,New DELL XPS 13 9300 Laptop,1,1499.99
2026-02-15,CA,Returning,Rolex Submariner Watch,2,27999.98
2026-02-15,CA,Returning,Dolce Shine Eau de,2,139.98
2026-02-15,IL,New,Cat Food,2,17.98
2026-02-15,IL,New,Table Lamp,1,49.99
2026-02-15,IL,New,Family Tree Photo Frame,3,89.97
2026-02-15,IL,New,Strawberry,3,11.97
2026-02-15,IL,New,Chopping Board,3,38.97
2026-02-15,IL,VIP,Man Short Sleeve Shirt,1,19.99
2026-02-15,IL,VIP,Men Check Shirt,2,55.98
2026-02-15,MO,New,Longines Master Collection,1,1499.99
2026-02-15,MO,New,Bamboo Spatula,3,23.97
2026-02-15,MO,New,Electric Stove,1,49.99
2026-02-15,MO,New,Chanel Coco Noir Eau De,2,259.98
2026-02-15,GA,VIP,Rolex Datejust,3,32999.97
2026-02-15,GA,VIP,Knoll Saarinen Executive Conference Chair,3,1499.97
2026-02-15,GA,VIP,Blue & Black Check Shirt,3,89.97
2026-02-15,NY,VIP,Dolce Shine Eau de,1,69.99
2026-02-15,MO,VIP,Boxed Blender,3,119.97
2026-02-15,MO,VIP,Yellow Peeler,3,17.97
2026-02-15,MO,VIP,Tissue Paper Box,1,2.49
2026-02-15,MO,VIP,Spice Rack,3,59.97
2026-02-15,NY,Returning,Red Onions,2,3.98
2026-02-15,NY,Returning,Nescafe Coffee,3,23.97
2026-02-15,NY,Returning,Strawberry,2,7.98
2026-02-15,WA,Returning,Man Short Sleeve Shirt,3,59.97
2026-02-15,WA,Returning,Knoll Saarinen Executive Conference Chair,2,999.98
2026-02-15,NY,VIP,Annibale Colombo Bed,3,5699.97
2026-02-15,NY,VIP,Mug Tree Stand,1,15.99
2026-02-15,NY,VIP,Knife,1,14.99
2026-02-15,NY,VIP,Fork,3,11.97
2026-02-16,FL,VIP,Yellow Peeler,3,17.97
2026-02-16,FL,VIP,Honey Jar,2,13.98
2026-02-16,TX,VIP,Asus Zenbook Pro Dual Screen Laptop,1,1799.99
2026-02-16,TX,VIP,Bedside Table African Cherry,2,599.98
2026-02-16,MO,VIP,Spice Rack,1,19.99
2026-02-16,MO,VIP,Rolex Cellini Date Black Dial,1,8999.99
2026-02-16,MO,VIP,Gucci Bloom Eau de,2,159.98
2026-02-16,WA,Returning,Tissue Paper Box,3,7.47
2026-02-16,WA,Returning,Cat Food,3,26.97
2026-02-16,WA,Returning,Green Bell Pepper,2,2.58
2026-02-16,NY,Returning,Amazon Echo Plus,3,299.97
2026-02-16,MO,Returning,Bamboo Spatula,3,23.97
2026-02-16,MO,Returning,Beef Steak,3,38.97
2026-02-16,MO,Returning,Decoration Swing,3,179.97
2026-02-16,GA,New,Mug Tree Stand,3,47.97
2026-02-16,GA,New,Red Nail Polish,3,26.97
2026-02-16,GA,New,Hand Blender,3,104.97
2026-02-16,GA,New,Tissue Paper Box,3,7.47
2026-02-16,GA,VIP,Sports Sneakers Off White & Red,2,239.98
2026-02-16,GA,VIP,Rolex Datejust,3,32999.97
2026-02-16,GA,VIP,Lemon,2,1.58
2026-02-16,NY,Returning,Bedside Table African Cherry,3,899.97
2026-02-16,NY,Returning,Spoon,3,14.97
2026-02-16,NY,Returning,Rolex Cellini Date Black Dial,3,26999.97
2026-02-16,NY,Returning,Soft Drinks,3,5.97
2026-02-16,FL,New,Asus Zenbook Pro Dual Screen Laptop,3,5399.97
2026-02-16,WA,VIP,Mulberry,3,14.97
2026-02-16,MO,VIP,Wooden Rolling Pin,1,11.99
2026-02-16,MO,VIP,Black Aluminium Cup,3,17.97
2026-02-16,MO,VIP,Nescafe Coffee,2,15.98
2026-02-16,MO,VIP,Lenovo Yoga 920,2,2199.98
2026-02-16,WA,VIP,Dior J'adore,3,269.97
2026-02-16,GA,New,Rolex Cellini Date Black Dial,2,17999.98
2026-02-16,GA,New,Dog Food,3,32.97
2026-02-16,CA,Returning,Green Bell Pepper,2,2.58
2026-02-16,CA,Returning,Decoration Swing,1,59.99
2026-02-16,MO,New,Table Lamp,3,149.97
2026-02-16,MO,New,Nescafe Coffee,1,7.99
2026-02-16,MO,New,Powder Canister,2,29.98
2026-02-16,MO,New,Cat Food,2,17.98
2026-02-16,IL,New,Kiwi,1,2.49
2026-02-16,NY,VIP,Gucci Bloom Eau de,1,79.99
2026-02-16,WA,VIP,Wooden Bathroom Sink With Mirror,3,2399.97
2026-02-16,GA,VIP,Ice Cream,2,10.98
2026-02-16,GA,VIP,Carbon Steel Wok,1,29.99
2026-02-16,NY,New,Chicken Meat,3,29.97
2026-02-16,NY,New,Fine Mesh Strainer,3,29.97
2026-02-16,NY,New,Apple MacBook Pro 14 Inch Space Grey,2,3999.98
2026-02-16,GA,VIP,Lemon,3,2.37
2026-02-16,GA,VIP,Fork,3,11.97
2026-02-16,GA,VIP,Man Short Sleeve Shirt,3,59.97
2026-02-16,MO,New,Plate,2,7.98
2026-02-16,TX,VIP,Apple MacBook Pro 14 Inch Space Grey,1,1999.99
2026-02-16,TX,VIP,Protein Powder,2,39.98
2026-02-16,MO,Returning,Boxed Blender,3,119.97
2026-02-16,CA,Returning,Puma Future Rider Trainers,1,89.99
2026-02-16,CA,Returning,Nescafe Coffee,2,15.98
2026-02-16,CA,Returning,Cucumber,2,2.98
2026-02-16,TX,Returning,Ice Cream,3,16.47
2026-02-16,TX,Returning,Dolce Shine Eau de,3,209.97
2026-02-16,TX,Returning,Hand Blender,3,104.97
2026-02-16,TX,Returning,Red Tongs,1,6.99
2026-02-16,NY,New,Green Bell Pepper,1,1.29
2026-02-16,NY,New,Fish Steak,2,29.98
2026-02-17,FL,VIP,Yellow Peeler,1,5.99
2026-02-17,FL,VIP,Kiwi,1,2.49
2026-02-17,FL,VIP,Protein Powder,3,59.97
2026-02-17,FL,VIP,Lunch Box,3,38.97
2026-02-17,WA,New,Rolex Submariner Watch,3,41999.97
2026-02-17,WA,New,Dior J'adore,2,179.98
2026-02-17,WA,New,Nike Baseball Cleats,1,79.99
2026-02-17,MO,New,Dog Food,1,10.99
2026-02-17,WA,Returning,Dior J'adore,3,269.97
2026-02-17,WA,Returning,Strawberry,2,7.98
2026-02-17,WA,Returning,Spoon,3,14.97
2026-02-17,NY,New,Glass,1,4.99
2026-02-17,NY,New,Blue & Black Check Shirt,1,29.99
2026-02-17,CA,New,Apple MacBook Pro 14 Inch Space Grey,2,3999.98
2026-02-17,CA,New,Glass,3,14.97
2026-02-17,CA,New,Eggs,2,5.98
2026-02-17,CA,New,Dolce Shine Eau de,1,69.99
2026-02-17,NY,Returning,Cat Food,1,8.99
2026-02-17,NY,Returning,Bedside Table African Cherry,3,899.97
2026-02-17,NY,Returning,Nike Baseball Cleats,1,79.99
2026-02-17,IL,Returning,Cooking Oil,1,4.99
2026-02-17,IL,Returning,Pan,3,74.97
2026-02-17,IL,Returning,Wooden Rolling Pin,1,11.99
2026-02-17,IL,Returning,Eyeshadow Palette with Mirror,1,19.99
2026-02-17,NY,New,Cat Food,1,8.99
2026-02-17,NY,New,Spoon,2,9.98
2026-02-17,NY,New,Hand Blender,1,34.99
2026-02-17,FL,Returning,Citrus Squeezer Yellow,1,8.99
2026-02-17,FL,Returning,Longines Master Collection,3,4499.97
2026-02-17,FL,Returning,Nike Baseball Cleats,1,79.99
2026-02-17,FL,Returning,Gigabyte Aorus Men Tshirt,1,24.99
2026-02-17,FL,VIP,Apple Airpods,2,259.98
2026-02-17,FL,VIP,Amazon Echo Plus,1,99.99
2026-02-17,FL,VIP,Cooking Oil,3,14.97
2026-02-17,FL,VIP,Egg Slicer,1,6.99
2026-02-17,GA,New,Apple,2,3.98
2026-02-17,GA,VIP,Gucci Bloom Eau de,3,239.97
2026-02-17,CA,Returning,Asus Zenbook Pro Dual Screen Laptop,2,3599.98
2026-02-17,CA,Returning,Electric Stove,1,49.99
2026-02-17,CA,Returning,Bamboo Spatula,1,7.99
2026-02-17,CA,Returning,Calvin Klein CK One,1,49.99
2026-02-17,NY,New,Electric Stove,2,99.98
2026-02-17,NY,New,Bedside Table African Cherry,1,299.99
2026-02-17,GA,New,Chopping Board,1,12.99
2026-02-17,GA,New,Mug Tree Stand,2,31.98
2026-02-17,GA,New,Sports Sneakers Off White Red,1,109.99
2026-02-17,GA,New,Milk,2,6.98
2026-02-17,TX,VIP,Lemon,2,1.58
2026-02-17,TX,VIP,Gucci Bloom Eau de,1,79.99
2026-02-17,TX,VIP,House Showpiece Plant,2,79.98
2026-02-17,MO,New,Table Lamp,2,99.98
2026-02-17,MO,New,Potatoes,3,6.87
2026-02-17,MO,New,Bamboo Spatula,2,15.98
2026-02-17,MO,New,Chanel Coco Noir Eau De,1,129.99
2026-02-17,WA,New,Calvin Klein CK One,2,99.98
2026-02-17,FL,New,Man Plaid Shirt,2,69.98
2026-02-17,FL,New,Rolex Submariner Watch,2,27999.98
2026-02-17,FL,New,Calvin Klein CK One,3,149.97
2026-02-18,CA,Returning,Grater Black,3,32.97
2026-02-18,CA,Returning,Tissue Paper Box,1,2.49
2026-02-18,CA,Returning,Essence Mascara Lash Princess,2,19.98
2026-02-18,CA,Returning,Soft Drinks,3,5.97
2026-02-18,TX,New,Ice Cream,3,16.47
2026-02-18,TX,New,Mulberry,2,9.98
2026-02-18,TX,New,Tissue Paper Box,2,4.98
2026-02-18,WA,Returning,Black Whisk,1,9.99
2026-02-18,NY,VIP,Rolex Submariner Watch,2,27999.98
2026-02-18,NY,VIP,Fish Steak,3,44.97
2026-02-18,NY,VIP,Man Short Sleeve Shirt,3,59.97
2026-02-18,NY,VIP,Table Lamp,2,99.98
2026-02-18,NY,VIP,Chopping Board,3,38.97
2026-02-18,NY,VIP,Cooking Oil,3,14.97
2026-02-18,NY,VIP,Grater Black,2,21.98
2026-02-18,GA,New,Rolex Cellini Moonphase,1,12999.99
2026-02-18,FL,Returning,Red Onions,2,3.98
2026-02-18,FL,Returning,Strawberry,3,11.97
2026-02-18,FL,Returning,Nike Air Jordan 1 Red And Black,1,149.99
2026-02-18,FL,Returning,Longines Master Collection,2,2999.98
2026-02-18,FL,Returning,Man Short Sleeve Shirt,1,19.99
2026-02-18,FL,Returning,Pan,3,74.97
2026-02-18,NY,New,Red Onions,3,5.97
2026-02-18,NY,New,Tray,3,50.97
2026-02-18,NY,New,Chopping Board,1,12.99
2026-02-18,NY,New,Gucci Bloom Eau de,1,79.99
2026-02-18,MO,VIP,Ice Cube Tray,1,5.99
2026-02-18,MO,VIP,Table Lamp,3,149.97
2026-02-18,WA,New,Nike Air Jordan 1 Red And Black,2,299.98
2026-02-18,CA,Returning,Ice Cream,2,10.98
2026-02-18,TX,New,Egg Slicer,3,20.97
2026-02-18,TX,New,Red Tongs,3,20.97
2026-02-18,WA,VIP,Chopping Board,1,12.99
2026-02-18,CA,VIP,Calvin Klein CK One,2,99.98
2026-02-18,CA,VIP,Huawei Matebook X Pro,2,2799.98
2026-02-18,CA,VIP,Gucci Bloom Eau de,2,159.98
2026-02-18,FL,New,Microwave Oven,2,179.98
2026-02-18,FL,New,Nike Air Jordan 1 Red And Black,3,449.97
2026-02-18,FL,New,Fine Mesh Strainer,1,9.99
2026-02-18,FL,Returning,Ice Cream,3,16.47
2026-02-18,FL,Returning,Juice,2,7.98
2026-02-18,IL,New,Mulberry,3,14.97
2026-02-18,IL,New,Red Lipstick,2,25.98
2026-02-18,IL,New,Powder Canister,2,29.98
2026-02-18,IL,New,Wooden Bathroom Sink With Mirror,2,1599.98
2026-02-18,MO,New,Milk,3,10.47
2026-02-18,MO,New,Sports Sneakers Off White & Red,3,359.97
2026-02-18,MO,New,Electric Stove,1,49.99
2026-02-18,MO,New,Pan,3,74.97
2026-02-18,MO,Returning,Cat Food,3,26.97
2026-02-18,MO,Returning,Wooden Bathroom Sink With Mirror,2,1599.98
2026-02-18,CA,Returning,Wooden Rolling Pin,2,23.98
2026-02-18,CA,Returning,Bedside Table African Cherry,2,599.98
2026-02-18,CA,Returning,Man Plaid Shirt,3,104.97
2026-02-18,CA,Returning,Spice Rack,1,19.99
2026-02-18,IL,Returning,Dior J'adore,2,179.98
2026-02-18,IL,Returning,Rolex Datejust,2,21999.98
2026-02-18,IL,Returning,Chanel Coco Noir Eau De,2,259.98
2026-02-18,IL,Returning,Nike Air Jordan 1 Red And Black,3,449.97
2026-02-18,FL,VIP,Fork,3,11.97
2026-02-18,FL,VIP,Table Lamp,2,99.98
2026-02-18,FL,VIP,Rice,2,11.98
2026-02-18,CA,VIP,Gucci Bloom Eau de,1,79.99
2026-02-18,CA,VIP,Eyeshadow Palette with Mirror,2,39.98
2026-02-18,CA,VIP,Dolce Shine Eau de,2,139.98
2026-02-18,CA,VIP,Grater Black,1,10.99
2026-02-18,CA,VIP,Water,1,0.99
2026-02-18,CA,VIP,Family Tree Photo Frame,1,29.99
2026-02-18,CA,VIP,Longines Master Collection,2,2999.98
2026-02-18,FL,Returning,Plant Pot,1,14.99
2026-02-18,FL,Returning,Spoon,1,4.99
2026-02-18,FL,New,Powder Canister,1,14.99
2026-02-18,FL,New,Man Plaid Shirt,1,34.99
2026-02-18,FL,New,Mug Tree Stand,1,15.99
2026-02-18,FL,VIP,Boxed Blender,3,119.97
2026-02-18,FL,VIP,Red Lipstick,1,12.99
2026-02-18,FL,VIP,Rolex Cellini Moonphase,3,38999.97
2026-02-18,CA,New,Soft Drinks,1,1.99
2026-02-18,CA,New,Silver Pot With Glass Cap,2,79.98
2026-02-18,CA,New,Rolex Cellini Date Black Dial,1,8999.99
2026-02-18,CA,New,Green Bell Pepper,2,2.58
2026-02-18,MO,New,Amazon Echo Plus,3,299.97
2026-02-18,MO,New,Eyeshadow Palette with Mirror,2,39.98
2026-02-18,MO,New,Knoll Saarinen Executive Conference Chair,3,1499.97
2026-02-18,TX,Returning,Dolce Shine Eau de,1,69.99
2026-02-18,TX,Returning,Electric Stove,2,99.98
2026-02-18,TX,Returning,Amazon Echo Plus,2,199.98
2026-02-18,GA,New,Red Tongs,3,20.97
2026-02-18,MO,New,Citrus Squeezer Yellow,1,8.99
2026-02-18,MO,New,Red Onions,3,5.97
2026-02-18,MO,New,Potatoes,1,2.29
2026-02-18,NY,New,Potatoes,1,2.29
2026-02-18,NY,New,Dog Food,1,10.99
2026-02-18,NY,New,Microwave Oven,2,179.98
2026-02-18,NY,New,New DELL XPS 13 9300 Laptop,1,1499.99
2026-02-18,FL,Returning,Chicken Meat,1,9.99
2026-02-18,FL,Returning,Ice Cream,3,16.47
2026-02-18,FL,Returning,Powder Canister,2,29.98
2026-02-18,FL,VIP,Blue & Black Check Shirt,3,89.97
2026-02-18,FL,VIP,Chicken Meat,2,19.98
2026-02-18,NY,New,Calvin Klein CK One,3,149.97
2026-02-18,TX,Returning,Plate,1,3.99
2026-02-18,TX,Returning,Sports Sneakers Off White & Red,3,359.97
2026-02-18,TX,Returning,Nike Air Jordan 1 Red And Black,1,149.99
2026-02-18,TX,Returning,Ice Cube Tray,2,11.98
2026-02-18,TX,Returning,Annibale Colombo Sofa,3,7499.97
2026-02-18,TX,Returning,Black Aluminium Cup,3,17.97
2026-02-18,TX,Returning,Lunch Box,3,38.97
2026-02-18,NY,Returning,Plant Pot,1,14.99
2026-02-18,NY,Returning,Powder Canister,3,44.97
2026-02-18,NY,Returning,Potatoes,3,6.87
2026-02-18,NY,Returning,Red Nail Polish,1,8.99
2026-02-18,MO,New,Chanel Coco Noir Eau De,1,129.99
2026-02-18,GA,VIP,Rolex Datejust,1,10999.99
2026-02-18,GA,VIP,Soft Drinks,2,3.98
2026-02-18,TX,Returning,Powder Canister,1,14.99
2026-02-18,TX,Returning,Boxed Blender,2,79.98
2026-02-18,MO,New,Longines Master Collection,1,1499.99
2026-02-18,MO,New,Lenovo Yoga 920,1,1099.99
2026-02-18,MO,New,Family Tree Photo Frame,2,59.98
2026-02-18,MO,Returning,Red Lipstick,3,38.97
2026-02-18,MO,Returning,Mug Tree Stand,1,15.99
2026-02-18,MO,Returning,Nike Baseball Cleats,3,239.97
2026-02-18,MO,Returning,Asus Zenbook Pro Dual Screen Laptop,1,1799.99
2026-02-18,CA,New,Grater Black,2,21.98
2026-02-18,CA,New,Plant Pot,1,14.99
2026-02-18,CA,New,Yellow Peeler,2,11.98
2026-02-18,TX,New,Chanel Coco Noir Eau De,3,389.97
2026-02-18,GA,VIP,Decoration Swing,1,59.99
2026-02-18,GA,VIP,Nike Air Jordan 1 Red And Black,1,149.99
2026-02-18,GA,VIP,Dolce Shine Eau de,3,209.97
2026-02-18,GA,VIP,Green Chili Pepper,1,0.99
2026-02-18,CA,Returning,Calvin Klein CK One,3,149.97
2026-02-18,CA,Returning,Pan,3,74.97
2026-02-18,CA,Returning,Knoll Saarinen Executive Conference Chair,1,499.99
2026-02-18,FL,VIP,Lunch Box,3,38.97
2026-02-18,CA,VIP,Apple,3,5.97
2026-02-18,CA,VIP,Calvin Klein CK One,2,99.98
2026-02-18,CA,VIP,Pan,2,49.98
2026-02-18,CA,VIP,Mug Tree Stand,3,47.97
2026-02-18,NY,New,Red Tongs,1,6.99
2026-02-18,NY,New,Potatoes,1,2.29
2026-02-18,FL,New,Apple Airpods,3,389.97
2026-02-18,FL,New,Red Lipstick,2,25.98
2026-02-18,FL,New,Microwave Oven,1,89.99
2026-02-18,FL,VIP,Honey Jar,3,20.97
2026-02-18,FL,VIP,Mug Tree Stand,3,47.97
2026-02-18,TX,VIP,Green Bell Pepper,2,2.58
2026-02-18,WA,Returning,Nescafe Coffee,3,23.97
2026-02-18,WA,Returning,Kiwi,1,2.49
2026-02-18,FL,New,Potatoes,1,2.29
2026-02-18,FL,New,Fish Steak,2,29.98
2026-02-18,FL,New,Pan,3,74.97
2026-02-18,WA,VIP,Red Nail Polish,3,26.97
2026-02-18,GA,New,Green Chili Pepper,2,1.98
2026-02-18,GA,New,Knife,3,44.97
2026-02-18,NY,New,Wooden Rolling Pin,3,35.97
2026-02-18,NY,New,Rolex Cellini Moonphase,2,25999.98
2026-02-18,GA,Returning,Ice Cream,2,10.98
2026-02-18,GA,Returning,Rolex Cellini Date Black Dial,3,26999.97
2026-02-18,GA,Returning,Green Chili Pepper,1,0.99
2026-02-18,TX,Returning,Puma Future Rider Trainers,2,179.98
2026-02-18,TX,Returning,Bedside Table African Cherry,3,899.97
2026-02-18,NY,VIP,Boxed Blender,3,119.97
2026-02-18,NY,VIP,Ice Cube Tray,1,5.99
2026-02-18,NY,VIP,Dog Food,3,32.97
2026-02-18,FL,New,Rolex Cellini Date Black Dial,3,26999.97
2026-02-18,GA,VIP,Annibale Colombo Bed,1,1899.99
2026-02-18,GA,VIP,Tray,1,16.99
2026-02-18,GA,VIP,Blue & Black Check Shirt,3,89.97
2026-02-19,WA,Returning,Essence Mascara Lash Princess,3,29.97
2026-02-19,NY,New,Glass,3,14.97
2026-02-19,NY,New,Black Aluminium Cup,1,5.99
2026-02-19,MO,VIP,Cat Food,2,17.98
2026-02-19,MO,VIP,Dior J'adore,1,89.99
2026-02-19,MO,VIP,Gigabyte Aorus Men Tshirt,3,74.97
2026-02-19,WA,VIP,Hand Blender,3,104.97
2026-02-19,WA,VIP,Cat Food,1,8.99
2026-02-19,WA,VIP,Lemon,3,2.37
2026-02-19,GA,New,Soft Drinks,3,5.97
2026-02-19,GA,New,Nescafe Coffee,2,15.98
2026-02-19,GA,New,Gucci Bloom Eau de,1,79.99
2026-02-19,GA,New,Mug Tree Stand,3,47.97
2026-02-19,IL,New,Huawei Matebook X Pro,3,4199.97
2026-02-19,IL,New,Black Whisk,2,19.98
2026-02-19,IL,New,Egg Slicer,2,13.98
2026-02-19,FL,Returning,Dior J'adore,2,179.98
2026-02-19,FL,Returning,Nescafe Coffee,2,15.98
2026-02-19,FL,Returning,Huawei Matebook X Pro,1,1399.99
2026-02-19,FL,Returning,Soft Drinks,3,5.97
2026-02-19,FL,New,Rolex Cellini Date Black Dial,1,8999.99
2026-02-19,FL,New,Man Plaid Shirt,3,104.97
2026-02-19,FL,New,Honey Jar,2,13.98
2026-02-19,FL,New,Annibale Colombo Sofa,3,7499.97
2026-02-19,NY,Returning,Essence Mascara Lash Princess,2,19.98
2026-02-19,NY,Returning,Mug Tree Stand,3,47.97
2026-02-19,NY,Returning,Wooden Rolling Pin,1,11.99
2026-02-19,NY,Returning,Rolex Datejust,3,32999.97
2026-02-19,NY,Returning,Eyeshadow Palette with Mirror,1,19.99
2026-02-19,TX,Returning,Potatoes,1,2.29
2026-02-19,TX,Returning,Dior J'adore,2,179.98
2026-02-19,TX,Returning,Apple Airpods,2,259.98
2026-02-19,CA,New,Wooden Bathroom Sink With Mirror,2,1599.98
2026-02-19,CA,New,Black Whisk,3,29.97
2026-02-19,CA,New,Lenovo Yoga 920,1,1099.99
2026-02-19,GA,Returning,Essence Mascara Lash Princess,1,9.99
2026-02-19,GA,Returning,Potatoes,2,4.58
2026-02-19,GA,Returning,Cooking Oil,1,4.99
2026-02-19,GA,Returning,Red Tongs,1,6.99
2026-02-19,IL,VIP,Mug Tree Stand,2,31.98
2026-02-19,IL,VIP,Spice Rack,1,19.99
2026-02-19,IL,VIP,Amazon Echo Plus,1,99.99
2026-02-19,IL,VIP,New DELL XPS 13 9300 Laptop,3,4499.97
2026-02-19,IL,VIP,Chopping Board,1,12.99
2026-02-19,GA,VIP,Milk,2,6.98
2026-02-19,NY,VIP,Microwave Oven,3,269.97
2026-02-19,NY,VIP,Eyeshadow Palette with Mirror,3,59.97
2026-02-19,WA,Returning,Chopping Board,2,25.98
2026-02-19,FL,Returning,Table Lamp,2,99.98
2026-02-19,FL,Returning,Lenovo Yoga 920,3,3299.97
2026-02-19,FL,Returning,Potatoes,2,4.58
2026-02-19,WA,Returning,Beef Steak,2,25.98
2026-02-19,WA,Returning,Sports Sneakers Off White & Red,1,119.99
2026-02-19,WA,Returning,Asus Zenbook Pro Dual Screen Laptop,1,1799.99
2026-02-19,GA,New,Table Lamp,3,149.97
2026-02-19,MO,Returning,Plate,1,3.99
2026-02-19,MO,Returning,Potatoes,1,2.29
2026-02-19,MO,Returning,Annibale Colombo Bed,1,1899.99
2026-02-19,MO,Returning,Calvin Klein CK One,2,99.98
2026-02-19,IL,New,Honey Jar,1,6.99
2026-02-19,IL,New,Eyeshadow Palette with Mirror,3,59.97
2026-02-19,IL,New,Cucumber,1,1.49
2026-02-19,IL,New,Kitchen Sieve,1,7.99
2026-02-19,MO,Returning,Table Lamp,2,99.98
2026-02-19,MO,Returning,Ice Cube Tray,1,5.99
2026-02-19,MO,Returning,Chanel Coco Noir Eau De,1,129.99
2026-02-19,MO,Returning,Pan,2,49.98
2026-02-19,CA,Returning,Men Check Shirt,2,55.98
2026-02-19,CA,Returning,Puma Future Rider Trainers,2,179.98
2026-02-19,CA,Returning,Gigabyte Aorus Men Tshirt,1,24.99
2026-02-19,CA,Returning,Red Nail Polish,2,17.98
2026-02-19,NY,VIP,Ice Cube Tray,3,17.97
2026-02-19,NY,VIP,Dog Food,2,21.98
2026-02-19,NY,VIP,Family Tree Photo Frame,1,29.99
2026-02-19,NY,VIP,Puma Future Rider Trainers,3,269.97
2026-02-19,IL,New,Sports Sneakers Off White & Red,3,359.97
2026-02-19,IL,New,Family Tree Photo Frame,3,89.97
2026-02-19,TX,New,Essence Mascara Lash Princess,1,9.99
2026-02-19,TX,New,Pan,1,24.99
2026-02-19,TX,New,Man Plaid Shirt,3,104.97
2026-02-19,TX,New,Rolex Cellini Moonphase,1,12999.99
2026-02-19,FL,Returning,Longines Master Collection,3,4499.97
2026-02-19,FL,Returning,Chopping Board,1,12.99
2026-02-19,FL,Returning,Decoration Swing,3,179.97
2026-02-20,TX,Returning,Red Lipstick,3,38.97
2026-02-20,TX,Returning,Huawei Matebook X Pro,1,1399.99
2026-02-20,TX,Returning,Fork,2,7.98
2026-02-20,TX,Returning,House Showpiece Plant,1,39.99
2026-02-20,FL,New,Red Lipstick,1,12.99
2026-02-20,CA,New,Protein Powder,2,39.98
2026-02-20,FL,Returning,Ice Cube Tray,1,5.99
2026-02-20,FL,Returning,Family Tree Photo Frame,3,89.97
2026-02-20,FL,Returning,New DELL XPS 13 9300 Laptop,1,1499.99
2026-02-20,FL,Returning,Fork,3,11.97
2026-02-20,WA,VIP,Nike Baseball Cleats,3,239.97
2026-02-20,WA,VIP,Water,3,2.97
2026-02-20,IL,Returning,Amazon Echo Plus,1,99.99
2026-02-20,IL,Returning,Boxed Blender,2,79.98
2026-02-20,IL,Returning,Black Whisk,1,9.99
2026-02-20,FL,New,Decoration Swing,1,59.99
2026-02-20,NY,VIP,Huawei Matebook X Pro,2,2799.98
2026-02-20,NY,VIP,Juice,3,11.97
2026-02-20,NY,VIP,Man Plaid Shirt,1,34.99
2026-02-20,NY,VIP,Silver Pot With Glass Cap,2,79.98
2026-02-20,MO,VIP,Knoll Saarinen Executive Conference Chair,2,999.98
2026-02-20,MO,VIP,Egg Slicer,2,13.98
2026-02-20,MO,VIP,Man Plaid Shirt,3,104.97
2026-02-20,MO,VIP,Gucci Bloom Eau de,3,239.97
2026-02-20,GA,New,New DELL XPS 13 9300 Laptop,3,4499.97
2026-02-20,GA,New,Ice Cube Tray,2,11.98
2026-02-20,GA,New,Red Onions,2,3.98
2026-02-20,GA,New,Eggs,1,2.99
2026-02-20,IL,Returning,Apple,2,3.98
2026-02-20,IL,Returning,Spoon,1,4.99
2026-02-20,IL,Returning,Calvin Klein CK One,2,99.98
2026-02-20,IL,Returning,Gigabyte Aorus Men Tshirt,1,24.99
2026-02-20,CA,New,Electric Stove,1,49.99
2026-02-20,IL,VIP,Red Tongs,2,13.98
2026-02-20,FL,VIP,Red Nail Polish,2,17.98
2026-02-20,FL,VIP,Spice Rack,1,19.99
2026-02-20,CA,Returning,Egg Slicer,1,6.99
2026-02-20,CA,Returning,Cat Food,3,26.97
2026-02-20,CA,Returning,Dolce Shine Eau de,1,69.99
2026-02-20,WA,VIP,Apple,3,5.97
2026-02-20,WA,VIP,Milk,3,10.47
2026-02-20,WA,VIP,Kiwi,1,2.49
2026-02-20,WA,VIP,Annibale Colombo Sofa,3,7499.97
2026-02-20,WA,VIP,Chanel Coco Noir Eau De,3,389.97
2026-02-20,WA,VIP,New DELL XPS 13 9300 Laptop,2,2999.98
2026-02-20,WA,VIP,Chopping Board,1,12.99
2026-02-20,WA,VIP,Spice Rack,2,39.98
2026-02-20,FL,VIP,Man Plaid Shirt,1,34.99
2026-02-20,FL,VIP,Annibale Colombo Bed,1,1899.99
2026-02-20,FL,VIP,Soft Drinks,2,3.98
2026-02-20,FL,VIP,Family Tree Photo Frame,1,29.99
2026-02-20,NY,VIP,Rice,1,5.99
2026-02-20,NY,VIP,Eyeshadow Palette with Mirror,2,39.98
2026-02-20,NY,VIP,Red Tongs,2,13.98
2026-02-20,TX,New,Sports Sneakers Off White Red,2,219.98
2026-02-20,TX,New,Dolce Shine Eau de,3,209.97
2026-02-20,TX,New,Lenovo Yoga 920,1,1099.99
2026-02-20,TX,New,Apple Airpods,2,259.98
2026-02-20,IL,Returning,Wooden Rolling Pin,1,11.99
2026-02-20,IL,Returning,Brown Leather Belt Watch,1,89.99
2026-02-20,IL,Returning,Lunch Box,1,12.99
2026-02-20,IL,Returning,Mug Tree Stand,1,15.99
2026-02-20,IL,Returning,Citrus Squeezer Yellow,3,26.97
2026-02-20,NY,VIP,Wooden Bathroom Sink With Mirror,3,2399.97
2026-02-20,NY,VIP,Eggs,1,2.99
2026-02-20,NY,VIP,Spoon,3,14.97
2026-02-20,NY,VIP,Apple Airpods,3,389.97
2026-02-20,NY,VIP,Sports Sneakers Off White & Red,3,359.97
2026-02-20,NY,VIP,Longines Master Collection,2,2999.98
2026-02-20,TX,VIP,Gigabyte Aorus Men Tshirt,3,74.97
2026-02-20,TX,VIP,Knife,3,44.97
2026-02-20,TX,VIP,Egg Slicer,2,13.98
2026-02-20,TX,VIP,Grater Black,3,32.97
2026-02-20,FL,Returning,Black Whisk,2,19.98
2026-02-20,GA,Returning,Longines Master Collection,3,4499.97
2026-02-20,GA,Returning,Pan,2,49.98
2026-02-20,GA,Returning,Puma Future Rider Trainers,1,89.99
2026-02-20,GA,Returning,Potatoes,1,2.29
2026-02-20,MO,VIP,Milk,1,3.49
2026-02-20,MO,VIP,Essence Mascara Lash Princess,3,29.97
2026-02-21,FL,Returning,Rolex Submariner Watch,2,27999.98
2026-02-21,FL,VIP,Man Short Sleeve Shirt,3,59.97
2026-02-21,CA,Returning,Dior J'adore,3,269.97
2026-02-21,MO,New,Fish Steak,3,44.97
2026-02-21,MO,New,Hand Blender,2,69.98
2026-02-21,MO,New,Lenovo Yoga 920,1,1099.99
2026-02-21,FL,Returning,Chanel Coco Noir Eau De,3,389.97
2026-02-21,FL,Returning,Nike Air Jordan 1 Red And Black,1,149.99
2026-02-21,FL,Returning,Black Whisk,3,29.97
2026-02-21,FL,Returning,Grater Black,3,32.97
2026-02-21,FL,Returning,Man Plaid Shirt,2,69.98
2026-02-21,FL,Returning,Chanel Coco Noir Eau De,1,129.99
2026-02-21,IL,New,Mug Tree Stand,1,15.99
2026-02-21,IL,New,Dior J'adore,2,179.98
2026-02-21,CA,VIP,Fork,1,3.99
2026-02-21,CA,VIP,Man Short Sleeve Shirt,1,19.99
2026-02-21,CA,VIP,Sports Sneakers Off White Red,1,109.99
2026-02-21,IL,New,Cooking Oil,3,14.97
2026-02-21,IL,New,Decoration Swing,3,179.97
2026-02-21,IL,New,Men Check Shirt,2,55.98
2026-02-21,GA,New,Sports Sneakers Off White Red,1,109.99
2026-02-21,MO,VIP,Microwave Oven,3,269.97
2026-02-21,IL,New,Cat Food,1,8.99
2026-02-21,MO,VIP,Black Whisk,2,19.98
2026-02-21,CA,New,Soft Drinks,1,1.99
2026-02-21,CA,New,Fine Mesh Strainer,3,29.97
2026-02-21,TX,New,Kitchen Sieve,1,7.99
2026-02-21,TX,New,Bamboo Spatula,1,7.99
2026-02-21,TX,New,Chicken Meat,3,29.97
2026-02-21,TX,New,Tissue Paper Box,3,7.47
2026-02-21,GA,VIP,Calvin Klein CK One,3,149.97
2026-02-21,GA,VIP,New DELL XPS 13 9300 Laptop,1,1499.99
2026-02-21,FL,VIP,Mug Tree Stand,3,47.97
2026-02-21,NY,New,Microwave Oven,3,269.97
2026-02-21,NY,New,Milk,2,6.98
2026-02-21,NY,New,Hand Blender,3,104.97
2026-02-21,IL,VIP,Bamboo Spatula,2,15.98
2026-02-21,IL,VIP,Nescafe Coffee,1,7.99
2026-02-21,IL,VIP,Spice Rack,3,59.97
2026-02-21,WA,New,Decoration Swing,3,179.97
2026-02-21,WA,New,Slotted Turner,1,8.99
2026-02-21,WA,New,Dog Food,3,32.97
2026-02-21,NY,Returning,Beef Steak,3,38.97
2026-02-21,NY,Returning,Apple,2,3.98
2026-02-21,NY,Returning,Nescafe Coffee,2,15.98
2026-02-21,WA,VIP,Glass,1,4.99
2026-02-21,WA,VIP,Hand Blender,2,69.98
2026-02-21,WA,VIP,Mulberry,3,14.97
2026-02-21,MO,Returning,Strawberry,2,7.98
2026-02-21,NY,New,Protein Powder,3,59.97
2026-02-21,MO,Returning,Black Whisk,3,29.97
2026-02-21,MO,Returning,Lunch Box,2,25.98
2026-02-21,MO,Returning,Strawberry,3,11.97
2026-02-21,MO,New,Men Check Shirt,3,83.97
2026-02-21,MO,New,Black Whisk,1,9.99
2026-02-21,MO,New,Nike Air Jordan 1 Red And Black,3,449.97
2026-02-21,FL,New,Rolex Submariner Watch,3,41999.97
2026-02-21,FL,New,Dolce Shine Eau de,2,139.98
2026-02-21,FL,New,Apple Airpods,2,259.98
2026-02-21,NY,New,Cat Food,2,17.98
2026-02-21,NY,New,Plate,2,7.98
2026-02-21,NY,New,Rolex Cellini Date Black Dial,3,26999.97
2026-02-21,FL,VIP,Spoon,1,4.99
2026-02-21,FL,VIP,Bedside Table African Cherry,2,599.98
2026-02-21,WA,Returning,Carbon Steel Wok,2,59.98
2026-02-21,WA,Returning,Kiwi,2,4.98
2026-02-21,MO,New,Beef Steak,1,12.99
2026-02-21,MO,New,Milk,3,10.47
2026-02-21,MO,New,Glass,1,4.99
2026-02-21,MO,New,Fish Steak,3,44.97
2026-02-21,FL,Returning,Wooden Rolling Pin,1,11.99
2026-02-21,FL,Returning,Lenovo Yoga 920,2,2199.98
2026-02-21,FL,Returning,Tissue Paper Box,1,2.49
2026-02-21,CA,Returning,Green Chili Pepper,1,0.99
2026-02-21,CA,Returning,Red Tongs,2,13.98
2026-02-21,CA,Returning,Electric Stove,1,49.99
2026-02-21,CA,Returning,Sports Sneakers Off White & Red,3,359.97
2026-02-21,WA,VIP,Nescafe Coffee,1,7.99
2026-02-21,WA,VIP,Annibale Colombo Sofa,2,4999.98
2026-02-21,WA,VIP,Tray,3,50.97
2026-02-21,MO,Returning,Essence Mascara Lash Princess,1,9.99
2026-02-21,MO,Returning,Silver Pot With Glass Cap,1,39.99
2026-02-21,IL,Returning,Apple MacBook Pro 14 Inch Space Grey,3,5999.97
2026-02-21,WA,Returning,Silver Pot With Glass Cap,3,119.97
2026-02-21,WA,Returning,Mulberry,1,4.99
2026-02-21,WA,Returning,Ice Cube Tray,1,5.99
2026-02-21,WA,Returning,Red Tongs,1,6.99
2026-02-21,TX,New,Cat Food,1,8.99
2026-02-21,TX,New,Soft Drinks,2,3.98
2026-02-21,MO,New,Cucumber,3,4.47
2026-02-21,MO,New,Egg Slicer,1,6.99
2026-02-21,MO,New,Apple,1,1.99
2026-02-21,IL,New,Lunch Box,3,38.97
2026-02-21,NY,VIP,Tray,1,16.99
2026-02-21,WA,New,Plate,3,11.97
2026-02-21,CA,New,Black Aluminium Cup,3,17.97
2026-02-21,TX,New,Fork,2,7.98
2026-02-21,TX,New,Red Nail Polish,2,17.98
2026-02-21,TX,New,Lenovo Yoga 920,1,1099.99
2026-02-21,WA,New,New DELL XPS 13 9300 Laptop,1,1499.99
2026-02-21,WA,New,Cooking Oil,3,14.97
2026-02-21,MO,Returning,Kitchen Sieve,1,7.99
2026-02-21,MO,Returning,Rice,2,11.98
2026-02-21,GA,VIP,Plate,3,11.97
2026-02-21,GA,VIP,Citrus Squeezer Yellow,3,26.97
2026-02-21,GA,VIP,Mulberry,2,9.98
2026-02-21,GA,Returning,Puma Future Rider Trainers,2,179.98
2026-02-21,GA,Returning,Milk,2,6.98
2026-02-21,GA,Returning,Huawei Matebook X Pro,1,1399.99
2026-02-21,TX,Returning,Honey Jar,1,6.99
2026-02-21,TX,Returning,Wooden Bathroom Sink With Mirror,3,2399.97
2026-02-21,WA,Returning,Honey Jar,1,6.99
2026-02-21,WA,Returning,Kitchen Sieve,2,15.98
2026-02-21,WA,Returning,Ice Cream,3,16.47
2026-02-21,GA,New,Spice Rack,1,19.99
2026-02-21,GA,New,Pan,2,49.98
2026-02-21,GA,New,Nike Air Jordan 1 Red And Black,1,149.99
2026-02-21,GA,New,Glass,3,14.97
2026-02-21,GA,New,Essence Mascara Lash Princess,1,9.99
2026-02-21,GA,New,Water,2,1.98
2026-02-21,MO,VIP,Fork,2,7.98
2026-02-21,MO,VIP,Kitchen Sieve,3,23.97
2026-02-21,IL,VIP,Cat Food,3,26.97
2026-02-21,IL,VIP,Family Tree Photo Frame,1,29.99
2026-02-21,IL,VIP,Apple MacBook Pro 14 Inch Space Grey,1,1999.99
2026-02-21,FL,Returning,Sports Sneakers Off White Red,3,329.97
2026-02-21,FL,Returning,Microwave Oven,2,179.98
2026-02-21,FL,VIP,Grater Black,1,10.99
2026-02-21,FL,VIP,Slotted Turner,2,17.98
2026-02-21,FL,VIP,Rolex Submariner Watch,3,41999.97
2026-02-21,FL,VIP,Chanel Coco Noir Eau De,1,129.99
2026-02-21,FL,Returning,Green Bell Pepper,2,2.58
2026-02-21,FL,Returning,Calvin Klein CK One,2,99.98
2026-02-21,FL,Returning,Citrus Squeezer Yellow,2,17.98
2026-02-21,FL,Returning,Plant Pot,2,29.98
2026-02-22,NY,Returning,Annibale Colombo Sofa,2,4999.98
2026-02-22,IL,Returning,Strawberry,1,3.99
2026-02-22,IL,Returning,Citrus Squeezer Yellow,3,26.97
2026-02-22,IL,Returning,Mulberry,1,4.99
2026-02-22,IL,Returning,Red Nail Polish,3,26.97
2026-02-22,TX,Returning,Wooden Bathroom Sink With Mirror,1,799.99
2026-02-22,TX,Returning,Carbon Steel Wok,1,29.99
2026-02-22,TX,Returning,Strawberry,1,3.99
2026-02-22,TX,Returning,Red Tongs,3,20.97
2026-02-22,GA,New,Red Lipstick,3,38.97
2026-02-22,GA,New,Puma Future Rider Trainers,2,179.98
2026-02-22,TX,New,House Showpiece Plant,2,79.98
2026-02-22,TX,New,Lenovo Yoga 920,3,3299.97
2026-02-22,TX,New,Tissue Paper Box,2,4.98
2026-02-22,TX,VIP,Essence Mascara Lash Princess,3,29.97
2026-02-22,IL,New,Rolex Datejust,3,32999.97
2026-02-22,IL,New,Lenovo Yoga 920,1,1099.99
2026-02-22,IL,New,Rolex Cellini Date Black Dial,3,26999.97
2026-02-22,IL,New,Man Short Sleeve Shirt,1,19.99
2026-02-22,CA,New,Blue & Black Check Shirt,1,29.99
2026-02-22,CA,New,Pan,1,24.99
2026-02-22,FL,New,Cooking Oil,3,14.97
2026-02-22,NY,VIP,Lenovo Yoga 920,2,2199.98
2026-02-22,NY,VIP,Longines Master Collection,2,2999.98
2026-02-22,CA,Returning,Slotted Turner,3,26.97
2026-02-22,CA,Returning,Grater Black,1,10.99
2026-02-22,CA,Returning,Sports Sneakers Off White & Red,3,359.97
2026-02-22,FL,Returning,Apple,2,3.98
2026-02-22,WA,Returning,Rolex Cellini Date Black Dial,3,26999.97
2026-02-22,WA,Returning,Table Lamp,1,49.99
2026-02-22,WA,Returning,Man Plaid Shirt,2,69.98
2026-02-22,WA,Returning,House Showpiece Plant,2,79.98
2026-02-22,WA,Returning,Longines Master Collection,1,1499.99
2026-02-22,NY,New,Fine Mesh Strainer,3,29.97
2026-02-22,NY,New,Dior J'adore,1,89.99
2026-02-22,NY,New,Apple,2,3.98
2026-02-22,NY,New,Red Nail Polish,1,8.99
2026-02-22,TX,Returning,Egg Slicer,1,6.99
2026-02-22,TX,Returning,Chopping Board,3,38.97
2026-02-22,NY,VIP,Wooden Rolling Pin,3,35.97
2026-02-22,NY,VIP,Kiwi,3,7.47
2026-02-22,NY,VIP,Nescafe Coffee,1,7.99
2026-02-22,IL,VIP,Bamboo Spatula,3,23.97
2026-02-22,IL,VIP,Egg Slicer,1,6.99
2026-02-22,IL,VIP,Annibale Colombo Sofa,1,2499.99
2026-02-22,FL,New,Longines Master Collection,2,2999.98
2026-02-22,FL,New,Nike Air Jordan 1 Red And Black,2,299.98
2026-02-22,FL,New,Amazon Echo Plus,1,99.99
2026-02-22,FL,New,Glass,1,4.99
2026-02-22,CA,New,Wooden Rolling Pin,2,23.98
2026-02-22,CA,New,New DELL XPS 13 9300 Laptop,2,2999.98
2026-02-22,CA,New,Lunch Box,3,38.97
2026-02-22,TX,VIP,Rolex Datejust,3,32999.97
2026-02-22,TX,VIP,Juice,1,3.99
2026-02-22,NY,VIP,Men Check Shirt,1,27.99
2026-02-22,NY,VIP,Table Lamp,3,149.97
2026-02-22,NY,VIP,Eggs,2,5.98
2026-02-22,NY,VIP,Rice,2,11.98
2026-02-22,IL,Returning,Apple Airpods,3,389.97
2026-02-22,IL,Returning,Rolex Submariner Watch,2,27999.98
2026-02-22,FL,New,Plant Pot,2,29.98
2026-02-22,FL,New,Annibale Colombo Bed,3,5699.97
2026-02-22,FL,New,Plate,3,11.97
2026-02-22,NY,New,Microwave Oven,2,179.98
2026-02-22,NY,New,Powder Canister,2,29.98
2026-02-22,NY,New,Gigabyte Aorus Men Tshirt,1,24.99
2026-02-22,NY,VIP,Man Short Sleeve Shirt,3,59.97
2026-02-22,IL,New,Egg Slicer,2,13.98
2026-02-22,IL,New,Glass,2,9.98
2026-02-22,IL,New,Nescafe Coffee,2,15.98
2026-02-22,TX,VIP,Gigabyte Aorus Men Tshirt,2,49.98
2026-02-22,TX,VIP,Water,2,1.98
2026-02-22,TX,VIP,Fine Mesh Strainer,1,9.99
2026-02-22,TX,VIP,Milk,2,6.98
2026-02-22,NY,Returning,Eyeshadow Palette with Mirror,1,19.99
2026-02-22,NY,Returning,Fish Steak,3,44.97
2026-02-22,WA,VIP,Sports Sneakers Off White Red,2,219.98
2026-02-22,WA,VIP,Kiwi,3,7.47
2026-02-22,FL,VIP,Plate,1,3.99
2026-02-22,FL,VIP,Electric Stove,3,149.97
2026-02-22,TX,New,Chanel Coco Noir Eau De,2,259.98
2026-02-22,MO,New,Red Onions,2,3.98
2026-02-22,MO,New,Beef Steak,2,25.98
2026-02-22,MO,New,Black Whisk,3,29.97
2026-02-22,NY,Returning,Nike Baseball Cleats,1,79.99
2026-02-22,NY,Returning,Brown Leather Belt Watch,2,179.98
2026-02-22,NY,Returning,Man Plaid Shirt,1,34.99
2026-02-22,FL,VIP,Carbon Steel Wok,2,59.98
2026-02-22,FL,VIP,Hand Blender,2,69.98
2026-02-22,NY,New,Carbon Steel Wok,3,89.97
2026-02-22,NY,New,Fish Steak,3,44.97
2026-02-22,NY,New,Yellow Peeler,3,17.97
2026-02-23,MO,New,Bedside Table African Cherry,3,899.97
2026-02-23,FL,VIP,Rolex Cellini Moonphase,1,12999.99
2026-02-23,FL,VIP,Yellow Peeler,1,5.99
2026-02-23,TX,VIP,Beef Steak,3,38.97
2026-02-23,TX,VIP,Dolce Shine Eau de,1,69.99
2026-02-23,TX,VIP,Chopping Board,1,12.99
2026-02-23,WA,VIP,Red Onions,2,3.98
2026-02-23,WA,VIP,Men Check Shirt,3,83.97
2026-02-23,WA,VIP,Sports Sneakers Off White & Red,2,239.98
2026-02-23,TX,Returning,Wooden Rolling Pin,3,35.97
2026-02-23,TX,Returning,Chicken Meat,1,9.99
2026-02-23,TX,Returning,Man Short Sleeve Shirt,1,19.99
2026-02-23,TX,Returning,Wooden Bathroom Sink With Mirror,1,799.99
2026-02-23,GA,New,Annibale Colombo Sofa,3,7499.97
2026-02-23,GA,New,Rolex Cellini Date Black Dial,2,17999.98
2026-02-23,GA,Returning,Pan,2,49.98
2026-02-23,GA,Returning,Water,1,0.99
2026-02-23,GA,Returning,Powder Canister,3,44.97
2026-02-23,GA,Returning,Dolce Shine Eau de,1,69.99
2026-02-23,IL,New,Rolex Cellini Moonphase,2,25999.98
2026-02-23,IL,New,Powder Canister,2,29.98
2026-02-23,IL,New,Green Chili Pepper,1,0.99
2026-02-23,NY,VIP,Family Tree Photo Frame,2,59.98
2026-02-23,NY,VIP,Boxed Blender,1,39.99
2026-02-23,NY,VIP,Asus Zenbook Pro Dual Screen Laptop,1,1799.99
2026-02-23,NY,VIP,Silver Pot With Glass Cap,3,119.97
2026-02-23,CA,New,Chicken Meat,3,29.97
2026-02-23,NY,VIP,Black Whisk,1,9.99
2026-02-23,NY,VIP,Annibale Colombo Bed,2,3799.98
2026-02-23,NY,VIP,Juice,2,7.98
2026-02-23,NY,VIP,Electric Stove,3,149.97
2026-02-23,FL,VIP,Electric Stove,2,99.98
2026-02-23,FL,VIP,Rolex Submariner Watch,3,41999.97
2026-02-23,FL,VIP,Sports Sneakers Off White Red,1,109.99
2026-02-23,FL,VIP,Calvin Klein CK One,2,99.98
2026-02-23,IL,VIP,Chicken Meat,2,19.98
2026-02-23,IL,VIP,Table Lamp,2,99.98
2026-02-23,IL,VIP,Cucumber,3,4.47
2026-02-23,IL,VIP,Wooden Rolling Pin,3,35.97
2026-02-23,NY,New,Wooden Rolling Pin,2,23.98
2026-02-23,NY,New,Ice Cube Tray,3,17.97
2026-02-23,NY,New,Carbon Steel Wok,1,29.99
2026-02-23,NY,New,Green Chili Pepper,2,1.98
2026-02-23,TX,Returning,Egg Slicer,1,6.99
2026-02-23,TX,Returning,Citrus Squeezer Yellow,1,8.99
2026-02-23,IL,VIP,Red Lipstick,1,12.99
2026-02-23,IL,VIP,Bamboo Spatula,2,15.98
2026-02-23,NY,New,Nike Air Jordan 1 Red And Black,2,299.98
2026-02-23,NY,New,Calvin Klein CK One,3,149.97
2026-02-23,FL,VIP,House Showpiece Plant,1,39.99
2026-02-23,FL,VIP,Rolex Cellini Date Black Dial,1,8999.99
2026-02-23,FL,VIP,Tissue Paper Box,1,2.49
2026-02-23,FL,VIP,Family Tree Photo Frame,2,59.98
2026-02-23,GA,New,Dolce Shine Eau de,3,209.97
2026-02-23,IL,VIP,Apple MacBook Pro 14 Inch Space Grey,1,1999.99
2026-02-23,WA,VIP,Glass,3,14.97
2026-02-23,WA,VIP,Rolex Cellini Date Black Dial,3,26999.97
2026-02-23,WA,VIP,Honey Jar,2,13.98
2026-02-23,TX,Returning,Wooden Bathroom Sink With Mirror,3,2399.97
2026-02-23,TX,Returning,Puma Future Rider Trainers,3,269.97
2026-02-23,TX,Returning,Knife,1,14.99
2026-02-23,GA,New,Dog Food,2,21.98
2026-02-23,GA,New,Chanel Coco Noir Eau De,3,389.97
2026-02-23,GA,New,Milk,2,6.98
2026-02-23,GA,New,Red Nail Polish,1,8.99
2026-02-23,GA,New,Glass,2,9.98
2026-02-23,NY,VIP,Silver Pot With Glass Cap,3,119.97
2026-02-23,NY,VIP,Powder Canister,1,14.99
2026-02-23,NY,VIP,Apple Airpods,2,259.98
2026-02-23,WA,VIP,Fork,2,7.98
2026-02-23,CA,VIP,Gucci Bloom Eau de,1,79.99
2026-02-23,FL,VIP,Red Nail Polish,2,17.98
2026-02-23,FL,VIP,Honey Jar,1,6.99
2026-02-23,NY,Returning,Powder Canister,3,44.97
2026-02-23,NY,New,Kiwi,3,7.47
2026-02-23,NY,New,Black Whisk,2,19.98
2026-02-23,NY,New,Decoration Swing,2,119.98
2026-02-23,TX,Returning,Fork,2,7.98
2026-02-23,TX,Returning,Apple Airpods,1,129.99
2026-02-23,TX,Returning,Cucumber,3,4.47
2026-02-23,FL,Returning,Rolex Datejust,2,21999.98
2026-02-23,FL,Returning,Bamboo Spatula,3,23.97
2026-02-23,IL,VIP,Red Nail Polish,3,26.97
2026-02-23,IL,VIP,Fork,1,3.99
2026-02-23,IL,VIP,Fine Mesh Strainer,1,9.99
2026-02-23,MO,New,Nike Baseball Cleats,1,79.99
2026-02-23,MO,New,Table Lamp,2,99.98
2026-02-23,IL,VIP,Rolex Cellini Moonphase,1,12999.99
2026-02-23,IL,VIP,Chopping Board,1,12.99
2026-02-23,CA,New,Knife,2,29.98
2026-02-23,CA,New,Bamboo Spatula,3,23.97
2026-02-23,CA,New,Ice Cube Tray,1,5.99
2026-02-23,IL,VIP,Dolce Shine Eau de,1,69.99
2026-02-23,IL,VIP,Annibale Colombo Bed,1,1899.99
2026-02-23,IL,VIP,Milk,3,10.47
2026-02-23,IL,VIP,Apple Airpods,1,129.99
2026-02-23,GA,VIP,Cat Food,2,17.98
2026-02-23,GA,VIP,Rolex Submariner Watch,3,41999.97
2026-02-23,GA,VIP,Protein Powder,3,59.97
2026-02-23,GA,VIP,Men Check Shirt,2,55.98
2026-02-23,MO,VIP,Grater Black,2,21.98
2026-02-23,MO,VIP,Ice Cream,3,16.47
2026-02-23,MO,VIP,Rolex Datejust,3,32999.97
2026-02-23,MO,VIP,Nike Air Jordan 1 Red And Black,2,299.98
2026-02-23,MO,VIP,Nescafe Coffee,1,7.99
2026-02-23,MO,VIP,Electric Stove,2,99.98
2026-02-23,MO,VIP,Silver Pot With Glass Cap,2,79.98
2026-02-23,NY,New,Red Onions,2,3.98
2026-02-23,NY,New,Plant Pot,1,14.99
2026-02-23,NY,New,Egg Slicer,3,20.97
2026-02-23,GA,Returning,Soft Drinks,1,1.99
2026-02-23,GA,Returning,Calvin Klein CK One,2,99.98
2026-02-23,NY,VIP,Chopping Board,2,25.98
2026-02-23,NY,VIP,Hand Blender,1,34.99
2026-02-23,IL,Returning,Cucumber,3,4.47
2026-02-23,IL,Returning,Beef Steak,2,25.98
2026-02-23,IL,Returning,Yellow Peeler,1,5.99
2026-02-23,IL,New,Sports Sneakers Off White Red,2,219.98
2026-02-23,IL,New,Rolex Cellini Moonphase,2,25999.98
2026-02-23,IL,New,Pan,3,74.97
2026-02-23,IL,New,Cat Food,2,17.98
2026-02-23,GA,New,Red Nail Polish,2,17.98
2026-02-23,GA,New,Ice Cream,3,16.47
2026-02-23,GA,New,Rolex Cellini Moonphase,2,25999.98
2026-02-23,GA,New,Lenovo Yoga 920,2,2199.98
2026-02-23,CA,Returning,Knoll Saarinen Executive Conference Chair,3,1499.97
2026-02-23,CA,Returning,Electric Stove,1,49.99
2026-02-23,CA,Returning,Black Whisk,2,19.98
2026-02-23,NY,VIP,Honey Jar,2,13.98
2026-02-23,IL,New,Fine Mesh Strainer,1,9.99
2026-02-23,IL,New,Men Check Shirt,1,27.99
2026-02-23,IL,New,Apple Airpods,1,129.99
2026-02-23,IL,VIP,Kitchen Sieve,3,23.97
2026-02-23,IL,VIP,Mulberry,2,9.98
2026-02-23,IL,VIP,Microwave Oven,2,179.98
2026-02-23,MO,New,Rolex Datejust,2,21999.98
2026-02-24,WA,New,Fork,3,11.97
2026-02-24,WA,New,Black Whisk,3,29.97
2026-02-24,WA,New,Juice,3,11.97
2026-02-24,WA,New,Potatoes,1,2.29
2026-02-24,GA,VIP,Boxed Blender,3,119.97
2026-02-24,FL,VIP,Yellow Peeler,3,17.97
2026-02-24,FL,VIP,Annibale Colombo Bed,2,3799.98
2026-02-24,FL,VIP,New DELL XPS 13 9300 Laptop,3,4499.97
2026-02-24,WA,New,Powder Canister,2,29.98
2026-02-24,WA,New,Dog Food,1,10.99
2026-02-24,WA,New,Decoration Swing,2,119.98
2026-02-24,WA,New,Silver Pot With Glass Cap,2,79.98
2026-02-24,FL,Returning,Rolex Cellini Date Black Dial,3,26999.97
2026-02-24,FL,Returning,Fish Steak,2,29.98
2026-02-24,FL,Returning,Tissue Paper Box,2,4.98
2026-02-24,WA,New,New DELL XPS 13 9300 Laptop,2,2999.98
2026-02-24,WA,New,Egg Slicer,2,13.98
2026-02-24,WA,New,Plant Pot,1,14.99
2026-02-24,WA,Returning,Dolce Shine Eau de,1,69.99
2026-02-24,WA,Returning,Annibale Colombo Bed,1,1899.99
2026-02-24,WA,Returning,Fish Steak,1,14.99
2026-02-24,FL,VIP,Rolex Cellini Moonphase,3,38999.97
2026-02-24,FL,VIP,Cooking Oil,3,14.97
2026-02-24,FL,Returning,Glass,3,14.97
2026-02-24,FL,Returning,Family Tree Photo Frame,1,29.99
2026-02-24,FL,Returning,Amazon Echo Plus,1,99.99
2026-02-24,FL,Returning,Rolex Cellini Date Black Dial,2,17999.98
2026-02-24,TX,VIP,Puma Future Rider Trainers,1,89.99
2026-02-24,TX,VIP,Decoration Swing,2,119.98
2026-02-24,MO,New,Brown Leather Belt Watch,1,89.99
2026-02-24,MO,New,New DELL XPS 13 9300 Laptop,3,4499.97
2026-02-24,TX,VIP,Huawei Matebook X Pro,1,1399.99
2026-02-24,WA,Returning,Chanel Coco Noir Eau De,2,259.98
2026-02-24,WA,Returning,Bedside Table African Cherry,3,899.97
2026-02-24,GA,Returning,Knoll Saarinen Executive Conference Chair,3,1499.97
2026-02-24,GA,Returning,Glass,1,4.99
2026-02-24,WA,VIP,Brown Leather Belt Watch,3,269.97
2026-02-24,WA,VIP,Knife,2,29.98
2026-02-24,IL,Returning,Gucci Bloom Eau de,3,239.97
2026-02-24,NY,Returning,Annibale Colombo Sofa,3,7499.97
2026-02-24,NY,Returning,Pan,3,74.97
2026-02-24,NY,Returning,Boxed Blender,3,119.97
2026-02-24,MO,Returning,Pan,3,74.97
2026-02-24,MO,Returning,Bamboo Spatula,1,7.99
2026-02-24,CA,Returning,Eggs,3,8.97
2026-02-24,CA,Returning,Hand Blender,1,34.99
2026-02-24,CA,Returning,Men Check Shirt,1,27.99
2026-02-24,CA,Returning,Gucci Bloom Eau de,2,159.98
2026-02-24,FL,New,Ice Cream,1,5.49
2026-02-24,FL,New,Wooden Bathroom Sink With Mirror,3,2399.97
2026-02-24,FL,New,Chicken Meat,3,29.97
2026-02-24,FL,New,Fish Steak,1,14.99
2026-02-24,MO,Returning,Black Aluminium Cup,1,5.99
2026-02-24,MO,Returning,Carbon Steel Wok,2,59.98
2026-02-24,GA,Returning,Annibale Colombo Sofa,3,7499.97
2026-02-24,FL,Returning,Nike Baseball Cleats,1,79.99
2026-02-24,FL,Returning,Tray,3,50.97
2026-02-24,FL,Returning,Red Lipstick,2,25.98
2026-02-24,FL,Returning,Powder Canister,2,29.98
2026-02-24,WA,Returning,Asus Zenbook Pro Dual Screen Laptop,3,5399.97
2026-02-24,WA,Returning,Knoll Saarinen Executive Conference Chair,3,1499.97
2026-02-24,MO,VIP,Dog Food,2,21.98
2026-02-24,MO,VIP,Red Onions,1,1.99
2026-02-24,MO,VIP,Microwave Oven,2,179.98
2026-02-24,TX,New,Blue & Black Check Shirt,3,89.97
2026-02-24,TX,New,Rice,1,5.99
2026-02-24,TX,New,Knoll Saarinen Executive Conference Chair,2,999.98
2026-02-24,MO,VIP,Citrus Squeezer Yellow,2,17.98
2026-02-24,MO,VIP,Puma Future Rider Trainers,2,179.98
2026-02-24,FL,VIP,Red Nail Polish,1,8.99
2026-02-24,NY,Returning,Knife,3,44.97
2026-02-24,NY,Returning,Rolex Cellini Date Black Dial,1,8999.99
2026-02-24,CA,New,Carbon Steel Wok,3,89.97
2026-02-24,CA,New,Essence Mascara Lash Princess,3,29.97
2026-02-24,CA,New,Egg Slicer,2,13.98
2026-02-24,CA,New,Gucci Bloom Eau de,3,239.97
2026-02-24,WA,VIP,Knife,2,29.98
2026-02-24,CA,New,Mulberry,1,4.99
2026-02-24,CA,New,Glass,1,4.99
2026-02-24,GA,VIP,Rice,2,11.98
2026-02-24,GA,VIP,Family Tree Photo Frame,3,89.97
2026-02-24,CA,Returning,Kitchen Sieve,3,23.97
2026-02-24,CA,Returning,Sports Sneakers Off White Red,1,109.99
2026-02-24,CA,Returning,House Showpiece Plant,2,79.98
2026-02-24,WA,VIP,Soft Drinks,3,5.97
2026-02-24,WA,VIP,Electric Stove,1,49.99
2026-02-24,GA,New,Apple MacBook Pro 14 Inch Space Grey,2,3999.98
2026-02-24,GA,New,Black Aluminium Cup,3,17.97
2026-02-24,IL,VIP,Juice,1,3.99
2026-02-24,NY,New,Cooking Oil,1,4.99
2026-02-24,NY,VIP,Kiwi,1,2.49
2026-02-24,NY,VIP,Soft Drinks,1,1.99
2026-02-24,NY,VIP,Mulberry,2,9.98
2026-02-24,FL,Returning,Apple Airpods,2,259.98
2026-02-24,FL,Returning,Black Aluminium Cup,1,5.99
2026-02-24,NY,Returning,Sports Sneakers Off White Red,3,329.97
2026-02-24,NY,Returning,Decoration Swing,2,119.98
2026-02-24,NY,Returning,Black Aluminium Cup,2,11.98
2026-02-24,NY,Returning,Water,2,1.98
2026-02-24,WA,Returning,Ice Cream,1,5.49
2026-02-24,WA,Returning,Hand Blender,2,69.98
2026-02-24,WA,Returning,Beef Steak,2,25.98
2026-02-24,WA,Returning,Bedside Table African Cherry,2,599.98
2026-02-24,WA,New,Bamboo Spatula,1,7.99
2026-02-24,WA,New,Essence Mascara Lash Princess,3,29.97
2026-02-24,WA,New,Protein Powder,2,39.98
2026-02-24,WA,New,New DELL XPS 13 9300 Laptop,1,1499.99
2026-02-24,FL,New,Soft Drinks,3,5.97
2026-02-24,CA,Returning,Rolex Submariner Watch,3,41999.97
2026-02-24,FL,Returning,Potatoes,1,2.29
2026-02-24,FL,Returning,Rolex Submariner Watch,2,27999.98
2026-02-24,FL,Returning,Kitchen Sieve,1,7.99
2026-02-24,FL,Returning,Microwave Oven,2,179.98
2026-02-24,WA,Returning,Electric Stove,3,149.97
2026-02-24,WA,Returning,Wooden Rolling Pin,1,11.99
2026-02-24,NY,VIP,Apple,3,5.97
2026-02-24,MO,New,Citrus Squeezer Yellow,1,8.99
2026-02-24,MO,VIP,Powder Canister,1,14.99
2026-02-24,MO,VIP,Knoll Saarinen Executive Conference Chair,3,1499.97
2026-02-24,MO,VIP,Kitchen Sieve,1,7.99
2026-02-24,MO,VIP,Glass,2,9.98
2026-02-24,IL,Returning,Carbon Steel Wok,1,29.99
2026-02-24,IL,Returning,Cooking Oil,1,4.99
2026-02-24,IL,Returning,Egg Slicer,3,20.97
2026-02-24,IL,Returning,Ice Cream,2,10.98
2026-02-24,IL,New,Huawei Matebook X Pro,1,1399.99
2026-02-24,IL,New,Apple MacBook Pro 14 Inch Space Grey,1,1999.99
2026-02-24,IL,New,Red Lipstick,3,38.97
2026-02-24,IL,New,Apple,2,3.98
2026-02-24,FL,Returning,Fine Mesh Strainer,1,9.99
2026-02-24,FL,Returning,Boxed Blender,2,79.98
2026-02-24,FL,Returning,Man Plaid Shirt,2,69.98
2026-02-24,FL,Returning,Apple Airpods,3,389.97
2026-02-24,MO,VIP,Red Lipstick,3,38.97
2026-02-24,MO,VIP,Huawei Matebook X Pro,2,2799.98
2026-02-24,MO,VIP,Family Tree Photo Frame,1,29.99
2026-02-24,MO,VIP,Sports Sneakers Off White Red,2,219.98
2026-02-24,NY,New,Plant Pot,3,44.97
2026-02-24,NY,New,Blue & Black Check Shirt,2,59.98
2026-02-24,NY,New,Fish Steak,2,29.98
2026-02-24,NY,New,Fine Mesh Strainer,2,19.98
2026-02-24,TX,New,Blue & Black Check Shirt,1,29.99
2026-02-24,TX,New,Brown Leather Belt Watch,1,89.99
2026-02-24,FL,VIP,Annibale Colombo Sofa,2,4999.98
2026-02-24,IL,VIP,Protein Powder,1,19.99
2026-02-24,IL,VIP,Sports Sneakers Off White Red,1,109.99
2026-02-24,CA,Returning,Wooden Bathroom Sink With Mirror,1,799.99
2026-02-24,WA,Returning,Rolex Submariner Watch,2,27999.98
2026-02-24,FL,VIP,Boxed Blender,2,79.98
2026-02-24,FL,VIP,Blue & Black Check Shirt,1,29.99
2026-02-24,WA,Returning,Man Short Sleeve Shirt,1,19.99
2026-02-24,WA,Returning,Men Check Shirt,1,27.99
2026-02-24,WA,Returning,Mulberry,1,4.99
2026-02-24,WA,VIP,Glass,2,9.98
2026-02-24,MO,New,Family Tree Photo Frame,3,89.97
2026-02-24,MO,Returning,Sports Sneakers Off White & Red,2,239.98
2026-02-24,MO,Returning,Lunch Box,2,25.98
2026-02-24,MO,Returning,Rolex Datejust,1,10999.99
2026-02-24,MO,Returning,Plate,3,11.97
2026-02-24,FL,VIP,Lenovo Yoga 920,3,3299.97
2026-02-24,FL,VIP,Eggs,3,8.97
2026-02-24,GA,VIP,Slotted Turner,3,26.97
2026-02-24,GA,VIP,Apple MacBook Pro 14 Inch Space Grey,2,3999.98
2026-02-24,GA,VIP,Blue & Black Check Shirt,2,59.98
2026-02-24,TX,VIP,Longines Master Collection,1,1499.99
2026-02-24,FL,Returning,Nike Baseball Cleats,2,159.98
2026-02-24,FL,Returning,Essence Mascara Lash Princess,2,19.98
2026-02-24,WA,Returning,Decoration Swing,1,59.99
2026-02-24,WA,Returning,Calvin Klein CK One,1,49.99
2026-02-24,WA,Returning,Chicken Meat,1,9.99
2026-02-24,WA,Returning,Lenovo Yoga 920,3,3299.97
2026-02-25,WA,New,Lenovo Yoga 920,3,3299.97
2026-02-25,WA,New,Red Onions,1,1.99
2026-02-25,WA,New,Carbon Steel Wok,3,89.97
2026-02-25,WA,New,Nike Air Jordan 1 Red And Black,1,149.99
2026-02-25,WA,Returning,Plate,3,11.97
2026-02-25,WA,Returning,Rolex Submariner Watch,3,41999.97
2026-02-25,WA,Returning,Powder Canister,3,44.97
2026-02-25,WA,Returning,Apple MacBook Pro 14 Inch Space Grey,3,5999.97
2026-02-25,FL,VIP,Essence Mascara Lash Princess,3,29.97
2026-02-25,FL,VIP,Glass,2,9.98
2026-02-25,FL,VIP,Green Chili Pepper,1,0.99
2026-02-25,FL,VIP,Apple Airpods,1,129.99
2026-02-25,FL,VIP,Potatoes,2,4.58
2026-02-25,FL,VIP,Plant Pot,2,29.98
2026-02-25,WA,VIP,Calvin Klein CK One,3,149.97
2026-02-25,WA,VIP,Carbon Steel Wok,3,89.97
2026-02-25,CA,VIP,Grater Black,2,21.98
2026-02-25,NY,VIP,Essence Mascara Lash Princess,3,29.97
2026-02-25,NY,VIP,Ice Cube Tray,1,5.99
2026-02-25,NY,VIP,Pan,3,74.97
2026-02-25,GA,New,Annibale Colombo Sofa,3,7499.97
2026-02-25,GA,New,Sports Sneakers Off White & Red,3,359.97
2026-02-25,FL,New,Knoll Saarinen Executive Conference Chair,3,1499.97
2026-02-25,FL,New,Chanel Coco Noir Eau De,3,389.97
2026-02-25,FL,New,Ice Cube Tray,2,11.98
2026-02-25,MO,VIP,Red Nail Polish,2,17.98
2026-02-25,MO,VIP,Juice,2,7.98
2026-02-25,MO,VIP,Bamboo Spatula,3,23.97
2026-02-25,GA,Returning,House Showpiece Plant,2,79.98
2026-02-25,GA,Returning,Kiwi,3,7.47
2026-02-25,GA,Returning,Nescafe Coffee,1,7.99
2026-02-25,GA,Returning,Plant Pot,1,14.99
2026-02-25,GA,New,Gucci Bloom Eau de,3,239.97
2026-02-25,GA,New,Rolex Cellini Date Black Dial,3,26999.97
2026-02-25,GA,New,Rolex Datejust,1,10999.99
2026-02-25,NY,Returning,Puma Future Rider Trainers,3,269.97
2026-02-25,NY,Returning,Wooden Rolling Pin,1,11.99
2026-02-25,FL,VIP,Fine Mesh Strainer,3,29.97
2026-02-25,FL,VIP,Water,3,2.97
2026-02-25,FL,VIP,Ice Cube Tray,1,5.99
2026-02-25,FL,VIP,Knife,3,44.97
2026-02-25,NY,New,Spice Rack,2,39.98
2026-02-25,NY,New,Dog Food,1,10.99
2026-02-25,NY,New,House Showpiece Plant,3,119.97
2026-02-25,NY,New,Chopping Board,1,12.99
2026-02-25,WA,VIP,Rolex Cellini Date Black Dial,2,17999.98
2026-02-25,CA,VIP,Nike Baseball Cleats,1,79.99
2026-02-25,CA,VIP,Glass,1,4.99
2026-02-25,CA,VIP,Fork,1,3.99
2026-02-25,CA,VIP,Rolex Submariner Watch,3,41999.97
2026-02-25,NY,New,Men Check Shirt,2,55.98
2026-02-25,FL,New,Plate,2,7.98
2026-02-25,FL,New,Green Chili Pepper,2,1.98
2026-02-25,GA,New,Gucci Bloom Eau de,2,159.98
2026-02-25,GA,New,Microwave Oven,1,89.99
2026-02-25,GA,New,Amazon Echo Plus,1,99.99
2026-02-25,GA,New,Fine Mesh Strainer,1,9.99
2026-02-25,GA,New,Red Nail Polish,1,8.99
2026-02-25,GA,New,Amazon Echo Plus,3,299.97
2026-02-25,GA,Returning,Strawberry,3,11.97
2026-02-25,GA,Returning,Silver Pot With Glass Cap,1,39.99
2026-02-25,NY,VIP,Red Tongs,1,6.99
2026-02-25,NY,VIP,Cooking Oil,1,4.99
2026-02-25,NY,VIP,Mulberry,3,14.97
2026-02-25,CA,VIP,Gucci Bloom Eau de,1,79.99
2026-02-25,GA,New,Huawei Matebook X Pro,3,4199.97
2026-02-25,GA,New,Fine Mesh Strainer,2,19.98
2026-02-25,GA,New,Nike Air Jordan 1 Red And Black,3,449.97
2026-02-25,GA,New,Green Chili Pepper,3,2.97
2026-02-25,WA,Returning,Rolex Datejust,1,10999.99
2026-02-25,WA,Returning,Apple Airpods,1,129.99
2026-02-25,NY,Returning,Potatoes,1,2.29
2026-02-25,NY,Returning,Slotted Turner,1,8.99
2026-02-25,NY,Returning,Cucumber,2,2.98
2026-02-25,TX,Returning,Black Whisk,3,29.97
2026-02-25,TX,Returning,Amazon Echo Plus,1,99.99
2026-02-25,TX,Returning,Man Short Sleeve Shirt,1,19.99
2026-02-25,NY,New,Bamboo Spatula,3,23.97
2026-02-25,NY,New,Apple Airpods,3,389.97
2026-02-25,NY,New,Plate,1,3.99
2026-02-25,FL,New,Citrus Squeezer Yellow,1,8.99
2026-02-25,FL,New,Knoll Saarinen Executive Conference Chair,1,499.99
2026-02-25,FL,New,Carbon Steel Wok,3,89.97
2026-02-25,FL,New,Grater Black,1,10.99
2026-02-25,MO,New,Mug Tree Stand,1,15.99
2026-02-25,MO,New,Brown Leather Belt Watch,2,179.98
2026-02-25,MO,New,Kitchen Sieve,3,23.97
2026-02-25,MO,New,Chanel Coco Noir Eau De,1,129.99
2026-02-25,MO,VIP,Brown Leather Belt Watch,1,89.99
2026-02-25,CA,Returning,Nike Baseball Cleats,3,239.97
2026-02-25,CA,Returning,Soft Drinks,2,3.98
2026-02-25,CA,Returning,Spice Rack,3,59.97
2026-02-25,CA,Returning,Asus Zenbook Pro Dual Screen Laptop,1,1799.99
2026-02-25,TX,VIP,Family Tree Photo Frame,3,89.97
2026-02-25,FL,VIP,Citrus Squeezer Yellow,3,26.97
2026-02-25,FL,VIP,Silver Pot With Glass Cap,3,119.97
2026-02-25,FL,VIP,Ice Cube Tray,1,5.99
2026-02-25,MO,New,Tissue Paper Box,1,2.49
2026-02-25,MO,New,Sports Sneakers Off White Red,2,219.98
2026-02-25,MO,New,Man Short Sleeve Shirt,2,39.98
2026-02-25,MO,New,Gucci Bloom Eau de,2,159.98
2026-02-25,WA,New,Rolex Submariner Watch,3,41999.97
2026-02-25,TX,Returning,Slotted Turner,3,26.97
2026-02-25,TX,Returning,Decoration Swing,1,59.99
2026-02-25,TX,Returning,Kiwi,2,4.98
2026-02-25,FL,Returning,Mulberry,3,14.97
2026-02-25,FL,Returning,Honey Jar,2,13.98
2026-02-25,IL,New,Knife,3,44.97
2026-02-25,IL,New,Nescafe Coffee,2,15.98
2026-02-25,IL,New,Black Whisk,3,29.97
2026-02-25,IL,New,Tissue Paper Box,3,7.47
2026-02-25,IL,VIP,Annibale Colombo Bed,2,3799.98
2026-02-25,IL,VIP,Dolce Shine Eau de,3,209.97
2026-02-25,TX,Returning,Green Bell Pepper,2,2.58
2026-02-25,FL,VIP,Egg Slicer,3,20.97
2026-02-25,FL,VIP,Grater Black,1,10.99
2026-02-25,FL,VIP,Annibale Colombo Bed,1,1899.99
2026-02-25,MO,New,Spice Rack,1,19.99
2026-02-25,MO,New,Men Check Shirt,1,27.99
2026-02-25,MO,New,Beef Steak,2,25.98
2026-02-25,GA,New,Amazon Echo Plus,3,299.97
2026-02-25,WA,New,House Showpiece Plant,3,119.97
2026-02-25,NY,VIP,Kiwi,1,2.49
2026-02-25,NY,VIP,Blue & Black Check Shirt,2,59.98
2026-02-25,CA,VIP,Chicken Meat,1,9.99
2026-02-25,CA,VIP,Bamboo Spatula,3,23.97
2026-02-25,CA,Returning,Rolex Cellini Date Black Dial,2,17999.98
2026-02-25,CA,Returning,Sports Sneakers Off White & Red,2,239.98
2026-02-25,CA,Returning,Man Short Sleeve Shirt,2,39.98
2026-02-25,TX,Returning,Red Onions,3,5.97
2026-02-25,NY,VIP,Mulberry,3,14.97
2026-02-25,NY,VIP,Puma Future Rider Trainers,3,269.97
2026-02-25,NY,VIP,House Showpiece Plant,2,79.98
2026-02-25,NY,VIP,Soft Drinks,2,3.98
2026-02-25,IL,VIP,Microwave Oven,1,89.99
2026-02-25,IL,VIP,Honey Jar,3,20.97
2026-02-25,GA,Returning,Rolex Submariner Watch,2,27999.98
2026-02-25,TX,New,Rolex Submariner Watch,2,27999.98
2026-02-25,IL,VIP,Decoration Swing,2,119.98
2026-02-25,CA,VIP,Red Nail Polish,3,26.97
2026-02-25,CA,VIP,New DELL XPS 13 9300 Laptop,2,2999.98
2026-02-25,CA,VIP,Knoll Saarinen Executive Conference Chair,1,499.99
2026-02-25,CA,VIP,Red Lipstick,1,12.99
2026-02-25,WA,VIP,Dolce Shine Eau de,1,69.99
2026-02-25,WA,VIP,Plant Pot,1,14.99
2026-02-25,NY,Returning,Black Whisk,3,29.97
2026-02-25,IL,New,Table Lamp,2,99.98
2026-02-25,FL,VIP,Green Bell Pepper,3,3.87
2026-02-25,FL,VIP,Lenovo Yoga 920,3,3299.97
2026-02-25,WA,Returning,Chanel Coco Noir Eau De,1,129.99
2026-02-25,WA,Returning,Dog Food,2,21.98
2026-02-25,MO,Returning,Sports Sneakers Off White & Red,2,239.98
2026-02-25,MO,Returning,Ice Cube Tray,3,17.97
2026-02-25,CA,Returning,Kiwi,1,2.49
2026-02-25,CA,Returning,Wooden Bathroom Sink With Mirror,2,1599.98
2026-02-25,NY,VIP,Mulberry,2,9.98
2026-02-25,NY,VIP,Apple MacBook Pro 14 Inch Space Grey,2,3999.98
2026-02-25,NY,VIP,Chicken Meat,2,19.98
2026-02-25,IL,New,Soft Drinks,2,3.98
2026-02-25,IL,New,Silver Pot With Glass Cap,1,39.99
2026-02-25,IL,New,Lunch Box,1,12.99
2026-02-26,FL,New,Table Lamp,2,99.98
2026-02-26,FL,New,Red Nail Polish,3,26.97
2026-02-26,IL,New,Fine Mesh Strainer,3,29.97
2026-02-26,IL,New,Beef Steak,2,25.98
2026-02-26,IL,New,Plant Pot,3,44.97
2026-02-26,IL,New,Glass,2,9.98
2026-02-26,NY,Returning,Chanel Coco Noir Eau De,1,129.99
2026-02-26,FL,VIP,Nescafe Coffee,2,15.98
2026-02-26,FL,VIP,Electric Stove,1,49.99
2026-02-26,FL,VIP,Rolex Datejust,2,21999.98
2026-02-26,TX,Returning,Lunch Box,2,25.98
2026-02-26,IL,VIP,Plate,2,7.98
2026-02-26,IL,VIP,Tissue Paper Box,3,7.47
2026-02-26,IL,VIP,Red Lipstick,1,12.99
2026-02-26,IL,VIP,Wooden Rolling Pin,3,35.97
2026-02-26,CA,VIP,Amazon Echo Plus,1,99.99
2026-02-26,CA,VIP,Lenovo Yoga 920,1,1099.99
2026-02-26,CA,VIP,Red Nail Polish,3,26.97
2026-02-26,CA,VIP,Slotted Turner,1,8.99
2026-02-26,IL,Returning,Apple Airpods,1,129.99
2026-02-26,IL,Returning,Rolex Cellini Moonphase,1,12999.99
2026-02-26,IL,Returning,Brown Leather Belt Watch,2,179.98
2026-02-26,MO,VIP,Spice Rack,1,19.99
2026-02-26,MO,VIP,Boxed Blender,1,39.99
2026-02-26,IL,New,Soft Drinks,2,3.98
2026-02-26,IL,New,Bamboo Spatula,1,7.99
2026-02-26,IL,New,Lenovo Yoga 920,3,3299.97
2026-02-26,IL,New,Citrus Squeezer Yellow,1,8.99
2026-02-26,GA,VIP,Tissue Paper Box,3,7.47
2026-02-26,GA,VIP,Silver Pot With Glass Cap,3,119.97
2026-02-26,MO,VIP,Puma Future Rider Trainers,3,269.97
2026-02-26,MO,New,Kitchen Sieve,3,23.97
2026-02-26,MO,New,Red Onions,2,3.98
2026-02-26,MO,New,Nescafe Coffee,1,7.99
2026-02-26,MO,Returning,Rice,2,11.98
2026-02-26,MO,Returning,Apple MacBook Pro 14 Inch Space Grey,1,1999.99
2026-02-26,NY,VIP,Knife,2,29.98
2026-02-26,NY,VIP,Family Tree Photo Frame,2,59.98
2026-02-26,NY,VIP,Chicken Meat,3,29.97
2026-02-26,NY,VIP,Water,2,1.98
2026-02-26,IL,VIP,Cat Food,1,8.99
2026-02-26,IL,VIP,Apple,3,5.97
2026-02-26,NY,New,Spoon,3,14.97
2026-02-26,WA,VIP,Citrus Squeezer Yellow,2,17.98
2026-02-26,WA,VIP,Decoration Swing,3,179.97
2026-02-26,MO,Returning,Gucci Bloom Eau de,1,79.99
2026-02-26,MO,Returning,House Showpiece Plant,3,119.97
2026-02-26,MO,Returning,Nescafe Coffee,2,15.98
2026-02-26,NY,New,Hand Blender,1,34.99
2026-02-26,NY,New,Powder Canister,1,14.99
2026-02-26,CA,Returning,Amazon Echo Plus,3,299.97
2026-02-26,FL,VIP,Men Check Shirt,1,27.99
2026-02-26,FL,VIP,Calvin Klein CK One,1,49.99
2026-02-26,FL,VIP,Tissue Paper Box,2,4.98
2026-02-26,MO,New,Cat Food,3,26.97
2026-02-26,MO,New,Strawberry,3,11.97
2026-02-26,TX,VIP,Lemon,3,2.37
2026-02-26,FL,New,Brown Leather Belt Watch,1,89.99
2026-02-26,NY,VIP,Powder Canister,3,44.97
2026-02-26,FL,Returning,Eyeshadow Palette with Mirror,2,39.98
2026-02-26,FL,Returning,Ice Cream,2,10.98
2026-02-26,TX,New,Pan,2,49.98
2026-02-26,TX,New,Rolex Submariner Watch,3,41999.97
2026-02-26,TX,New,Potatoes,1,2.29
2026-02-26,WA,Returning,Mulberry,2,9.98
2026-02-26,WA,Returning,Apple Airpods,3,389.97
2026-02-26,WA,Returning,House Showpiece Plant,1,39.99
2026-02-26,WA,Returning,Red Nail Polish,3,26.97
2026-02-26,GA,VIP,Men Check Shirt,1,27.99
2026-02-26,GA,VIP,Strawberry,2,7.98
2026-02-26,GA,VIP,Honey Jar,3,20.97
2026-02-26,GA,VIP,Potatoes,1,2.29
2026-02-26,NY,Returning,Table Lamp,2,99.98
2026-02-26,WA,Returning,Kitchen Sieve,1,7.99
2026-02-26,WA,Returning,Lemon,3,2.37
2026-02-26,WA,Returning,Spice Rack,1,19.99
2026-02-26,WA,Returning,Black Whisk,2,19.98
2026-02-26,WA,Returning,Cat Food,3,26.97
2026-02-26,IL,Returning,Potatoes,3,6.87
2026-02-26,IL,Returning,Eyeshadow Palette with Mirror,2,39.98
2026-02-26,FL,VIP,Amazon Echo Plus,2,199.98
2026-02-26,FL,VIP,Grater Black,2,21.98
2026-02-26,CA,Returning,Hand Blender,3,104.97
2026-02-26,CA,Returning,Black Whisk,2,19.98
2026-02-26,GA,VIP,Nescafe Coffee,1,7.99
2026-02-26,WA,Returning,Nescafe Coffee,2,15.98
2026-02-26,WA,Returning,Nike Baseball Cleats,1,79.99
2026-02-26,WA,Returning,Cooking Oil,3,14.97
2026-02-26,WA,Returning,Milk,2,6.98
2026-02-26,IL,VIP,Fine Mesh Strainer,1,9.99
2026-02-26,IL,VIP,Eggs,1,2.99
2026-02-26,FL,New,Protein Powder,3,59.97
2026-02-26,FL,New,Kitchen Sieve,2,15.98
2026-02-26,MO,New,Protein Powder,3,59.97
2026-02-26,MO,New,Eyeshadow Palette with Mirror,1,19.99
2026-02-26,MO,New,Apple MacBook Pro 14 Inch Space Grey,2,3999.98
2026-02-26,MO,New,Eggs,3,8.97
2026-02-26,WA,Returning,Puma Future Rider Trainers,3,269.97
2026-02-26,WA,Returning,Grater Black,1,10.99
2026-02-26,WA,Returning,Hand Blender,1,34.99
2026-02-26,WA,Returning,Black Aluminium Cup,3,17.97
2026-02-26,MO,New,Mulberry,1,4.99
2026-02-26,MO,New,Puma Future Rider Trainers,2,179.98
2026-02-26,MO,New,Blue & Black Check Shirt,2,59.98
2026-02-26,MO,New,Rolex Datejust,2,21999.98
2026-02-26,CA,Returning,Protein Powder,3,59.97
2026-02-26,CA,Returning,Nescafe Coffee,1,7.99
2026-02-26,CA,Returning,Sports Sneakers Off White Red,3,329.97
2026-02-26,CA,Returning,Apple Airpods,2,259.98
2026-02-26,CA,Returning,Lemon,3,2.37
2026-02-26,CA,Returning,Annibale Colombo Sofa,2,4999.98
2026-02-26,CA,Returning,Potatoes,3,6.87
2026-02-26,WA,Returning,Green Chili Pepper,3,2.97
2026-02-26,MO,New,Apple Airpods,3,389.97
2026-02-26,MO,New,Sports Sneakers Off White Red,2,219.98
2026-02-26,MO,New,Red Nail Polish,1,8.99
2026-02-26,WA,Returning,Yellow Peeler,1,5.99
2026-02-26,WA,Returning,Fish Steak,1,14.99
2026-02-27,CA,Returning,Man Short Sleeve Shirt,3,59.97
2026-02-27,CA,Returning,Sports Sneakers Off White Red,1,109.99
2026-02-27,CA,Returning,Dior J'adore,3,269.97
2026-02-27,CA,Returning,Asus Zenbook Pro Dual Screen Laptop,1,1799.99
2026-02-27,MO,New,Cat Food,1,8.99
2026-02-27,FL,VIP,Wooden Bathroom Sink With Mirror,1,799.99
2026-02-27,FL,VIP,New DELL XPS 13 9300 Laptop,1,1499.99
2026-02-27,FL,VIP,Knife,1,14.99
2026-02-27,GA,New,Eyeshadow Palette with Mirror,1,19.99
2026-02-27,GA,New,Men Check Shirt,3,83.97
2026-02-27,GA,New,Nike Air Jordan 1 Red And Black,1,149.99
2026-02-27,GA,New,Gucci Bloom Eau de,1,79.99
2026-02-27,CA,VIP,Soft Drinks,2,3.98
2026-02-27,CA,VIP,Egg Slicer,1,6.99
2026-02-27,WA,New,Dior J'adore,3,269.97
2026-02-27,WA,New,Rolex Cellini Date Black Dial,2,17999.98
2026-02-27,WA,New,Mug Tree Stand,2,31.98
2026-02-27,MO,Returning,Silver Pot With Glass Cap,1,39.99
2026-02-27,MO,Returning,Brown Leather Belt Watch,3,269.97
2026-02-27,MO,Returning,Milk,2,6.98
2026-02-27,MO,Returning,Apple,3,5.97
2026-02-27,TX,Returning,Kiwi,3,7.47
2026-02-27,TX,Returning,Cat Food,3,26.97
2026-02-27,TX,Returning,Apple Airpods,3,389.97
2026-02-27,MO,New,Lunch Box,2,25.98
2026-02-27,WA,VIP,Egg Slicer,1,6.99
2026-02-27,FL,Returning,Red Lipstick,1,12.99
2026-02-27,FL,Returning,Calvin Klein CK One,2,99.98
2026-02-27,CA,Returning,Men Check Shirt,2,55.98
2026-02-27,CA,Returning,Lemon,2,1.58
2026-02-27,MO,VIP,New DELL XPS 13 9300 Laptop,2,2999.98
2026-02-27,MO,VIP,Glass,2,9.98
2026-02-27,NY,Returning,Nike Baseball Cleats,1,79.99
2026-02-27,NY,Returning,Spoon,2,9.98
2026-02-27,NY,Returning,Annibale Colombo Bed,3,5699.97
2026-02-27,CA,Returning,Annibale Colombo Bed,2,3799.98
2026-02-27,CA,Returning,Rolex Submariner Watch,3,41999.97
2026-02-27,CA,Returning,Boxed Blender,3,119.97
2026-02-27,CA,Returning,Plant Pot,1,14.99
2026-02-27,TX,Returning,Plant Pot,3,44.97
2026-02-27,TX,Returning,Rolex Datejust,3,32999.97
2026-02-27,NY,New,Knoll Saarinen Executive Conference Chair,1,499.99
2026-02-27,NY,New,Silver Pot With Glass Cap,1,39.99
2026-02-27,NY,New,Citrus Squeezer Yellow,3,26.97
2026-02-27,NY,New,Lunch Box,1,12.99
2026-02-27,FL,VIP,Tray,2,33.98
2026-02-27,IL,New,Plant Pot,3,44.97
2026-02-27,IL,New,Boxed Blender,1,39.99
2026-02-27,IL,New,Blue & Black Check Shirt,3,89.97
2026-02-27,IL,New,Silver Pot With Glass Cap,3,119.97
2026-02-27,FL,VIP,Strawberry,3,11.97
2026-02-27,FL,VIP,Annibale Colombo Sofa,2,4999.98
2026-02-27,FL,VIP,Rolex Cellini Date Black Dial,2,17999.98
2026-02-27,FL,VIP,New DELL XPS 13 9300 Laptop,3,4499.97
2026-02-27,FL,VIP,Dolce Shine Eau de,2,139.98
2026-02-27,MO,Returning,Essence Mascara Lash Princess,3,29.97
2026-02-27,MO,Returning,Knoll Saarinen Executive Conference Chair,2,999.98
2026-02-27,MO,Returning,Water,1,0.99
2026-02-27,FL,New,Strawberry,2,7.98
2026-02-27,FL,New,Microwave Oven,3,269.97
2026-02-27,FL,New,Spoon,1,4.99
2026-02-27,FL,New,Asus Zenbook Pro Dual Screen Laptop,1,1799.99
2026-02-27,IL,Returning,Spice Rack,1,19.99
2026-02-27,IL,Returning,Bamboo Spatula,3,23.97
2026-02-27,IL,Returning,Tray,2,33.98
2026-02-27,IL,Returning,Gigabyte Aorus Men Tshirt,2,49.98
2026-02-27,IL,Returning,Yellow Peeler,2,11.98
2026-02-27,IL,Returning,Asus Zenbook Pro Dual Screen Laptop,3,5399.97
2026-02-27,WA,VIP,Annibale Colombo Bed,3,5699.97
2026-02-27,MO,New,Wooden Rolling Pin,2,23.98
2026-02-27,WA,New,Potatoes,1,2.29
2026-02-27,WA,New,Green Chili Pepper,3,2.97
2026-02-27,WA,New,Red Nail Polish,1,8.99
2026-02-27,WA,Returning,Fine Mesh Strainer,3,29.97
2026-02-27,FL,Returning,Dolce Shine Eau de,1,69.99
2026-02-27,FL,Returning,Kitchen Sieve,1,7.99
2026-02-27,FL,Returning,Milk,3,10.47
2026-02-27,FL,Returning,Man Short Sleeve Shirt,3,59.97
2026-02-27,NY,New,Calvin Klein CK One,2,99.98
2026-02-27,NY,New,Plant Pot,1,14.99
2026-02-27,NY,New,Ice Cube Tray,2,11.98
2026-02-27,NY,VIP,Decoration Swing,1,59.99
2026-02-27,IL,VIP,Kiwi,3,7.47
2026-02-27,IL,VIP,Plant Pot,3,44.97
2026-02-27,IL,Returning,Red Tongs,3,20.97
2026-02-27,IL,Returning,Chopping Board,3,38.97
2026-02-27,IL,Returning,Protein Powder,2,39.98
2026-02-27,CA,New,Kiwi,3,7.47
2026-02-27,MO,VIP,Fine Mesh Strainer,3,29.97
2026-02-27,NY,New,Dolce Shine Eau de,3,209.97
2026-02-27,NY,New,Bedside Table African Cherry,2,599.98
2026-02-27,NY,New,Apple Airpods,1,129.99
2026-02-27,NY,New,Amazon Echo Plus,3,299.97
2026-02-27,CA,New,Protein Powder,2,39.98
2026-02-27,CA,New,Fine Mesh Strainer,3,29.97
2026-02-27,MO,New,Chopping Board,2,25.98
2026-02-27,MO,New,Annibale Colombo Sofa,1,2499.99
2026-02-27,WA,New,Sports Sneakers Off White Red,2,219.98
2026-02-27,WA,New,Tissue Paper Box,3,7.47
2026-02-27,WA,New,Hand Blender,1,34.99
2026-02-27,WA,VIP,Longines Master Collection,3,4499.97
2026-02-27,WA,VIP,Wooden Rolling Pin,2,23.98
2026-02-27,MO,Returning,Huawei Matebook X Pro,1,1399.99
2026-02-27,MO,Returning,Gigabyte Aorus Men Tshirt,2,49.98
2026-02-27,MO,Returning,Electric Stove,3,149.97
2026-02-27,MO,Returning,Dolce Shine Eau de,1,69.99
2026-02-27,IL,New,Wooden Rolling Pin,3,35.97
2026-02-27,IL,New,Decoration Swing,1,59.99
2026-02-27,IL,New,Fine Mesh Strainer,3,29.97
2026-02-27,NY,Returning,Rolex Cellini Moonphase,2,25999.98
2026-02-27,FL,Returning,Egg Slicer,1,6.99
2026-02-27,FL,Returning,Kiwi,1,2.49
2026-02-27,FL,New,Nike Air Jordan 1 Red And Black,1,149.99
2026-02-27,FL,New,Table Lamp,3,149.97
2026-02-27,GA,VIP,Cucumber,2,2.98
2026-02-27,MO,VIP,Red Onions,2,3.98
2026-02-27,CA,VIP,Man Short Sleeve Shirt,2,39.98
2026-02-27,CA,VIP,Microwave Oven,3,269.97
2026-02-27,GA,New,Strawberry,3,11.97
2026-02-27,GA,New,Nike Baseball Cleats,1,79.99
2026-02-27,GA,New,Fish Steak,3,44.97
2026-02-27,GA,New,Powder Canister,2,29.98
2026-02-27,GA,New,Essence Mascara Lash Princess,2,19.98
2026-02-27,GA,New,Puma Future Rider Trainers,2,179.98
2026-02-27,GA,New,Red Onions,1,1.99
2026-02-27,GA,New,Green Bell Pepper,2,2.58
2026-02-27,NY,Returning,Man Plaid Shirt,3,104.97
2026-02-27,NY,Returning,Dolce Shine Eau de,3,209.97
2026-02-27,NY,Returning,Fine Mesh Strainer,1,9.99
2026-02-27,NY,VIP,House Showpiece Plant,2,79.98
2026-02-27,TX,VIP,Calvin Klein CK One,3,149.97
2026-02-27,IL,VIP,Pan,2,49.98
2026-02-27,GA,New,Knife,3,44.97
2026-02-27,GA,New,Longines Master Collection,3,4499.97
2026-02-27,GA,New,Brown Leather Belt Watch,2,179.98
2026-02-27,GA,New,Red Tongs,3,20.97
2026-02-27,GA,New,Spice Rack,3,59.97
2026-02-27,GA,New,Wooden Bathroom Sink With Mirror,2,1599.98
2026-02-27,MO,New,Nike Baseball Cleats,2,159.98
2026-02-27,MO,New,Hand Blender,3,104.97
2026-02-27,FL,New,Dolce Shine Eau de,3,209.97
2026-02-27,FL,New,Red Nail Polish,2,17.98
2026-02-27,FL,New,Bamboo Spatula,3,23.97
2026-02-27,FL,New,Lemon,2,1.58
2026-02-27,WA,VIP,Strawberry,1,3.99
2026-02-27,IL,VIP,Wooden Bathroom Sink With Mirror,1,799.99
2026-02-27,MO,New,Ice Cream,1,5.49
2026-02-27,MO,VIP,Dior J'adore,2,179.98
2026-02-27,MO,VIP,Fish Steak,3,44.97
2026-02-27,MO,VIP,Calvin Klein CK One,2,99.98
2026-02-27,NY,VIP,Knife,3,44.97
2026-02-27,NY,VIP,Man Short Sleeve Shirt,1,19.99
2026-02-27,NY,VIP,Grater Black,1,10.99
2026-02-27,NY,VIP,Plate,3,11.97
2026-02-27,IL,VIP,Chanel Coco Noir Eau De,3,389.97
2026-02-27,IL,VIP,Eyeshadow Palette with Mirror,2,39.98
2026-02-27,MO,New,Lenovo Yoga 920,2,2199.98
2026-02-27,MO,New,Calvin Klein CK One,1,49.99
2026-02-27,MO,New,Bedside Table African Cherry,3,899.97
2026-02-27,MO,New,Amazon Echo Plus,1,99.99
2026-02-27,FL,VIP,Fish Steak,2,29.98
2026-02-28,WA,Returning,Rolex Cellini Date Black Dial,1,8999.99
2026-02-28,WA,Returning,Fine Mesh Strainer,3,29.97
2026-02-28,NY,Returning,Man Plaid Shirt,1,34.99
2026-02-28,NY,Returning,Men Check Shirt,2,55.98
2026-02-28,NY,Returning,Fish Steak,2,29.98
2026-02-28,CA,VIP,Gucci Bloom Eau de,1,79.99
2026-02-28,CA,VIP,Fish Steak,1,14.99
2026-02-28,FL,New,Green Chili Pepper,1,0.99
2026-02-28,MO,VIP,Water,1,0.99
2026-02-28,MO,VIP,Gigabyte Aorus Men Tshirt,2,49.98
2026-02-28,MO,VIP,Red Onions,2,3.98
2026-02-28,FL,New,Lenovo Yoga 920,1,1099.99
2026-02-28,FL,New,Potatoes,2,4.58
2026-02-28,WA,Returning,Beef Steak,3,38.97
2026-02-28,WA,Returning,Men Check Shirt,3,83.97
2026-02-28,NY,VIP,Fish Steak,2,29.98
2026-02-28,NY,VIP,Dog Food,3,32.97
2026-02-28,NY,VIP,Tissue Paper Box,1,2.49
2026-02-28,NY,VIP,Apple,2,3.98
2026-02-28,CA,VIP,Yellow Peeler,3,17.97
2026-02-28,CA,VIP,Gigabyte Aorus Men Tshirt,2,49.98
2026-02-28,CA,VIP,Chicken Meat,3,29.97
2026-02-28,CA,VIP,Sports Sneakers Off White & Red,1,119.99
2026-02-28,TX,VIP,Protein Powder,1,19.99
2026-02-28,TX,VIP,Boxed Blender,2,79.98
2026-02-28,TX,VIP,Milk,2,6.98
2026-02-28,TX,VIP,Wooden Bathroom Sink With Mirror,2,1599.98
2026-02-28,GA,VIP,Chicken Meat,3,29.97
2026-02-28,GA,VIP,Dog Food,1,10.99
2026-02-28,NY,Returning,Cooking Oil,1,4.99
2026-02-28,NY,Returning,Apple Airpods,3,389.97
2026-02-28,NY,Returning,Cat Food,3,26.97
2026-02-28,NY,Returning,Dolce Shine Eau de,2,139.98
2026-02-28,WA,VIP,Ice Cream,3,16.47
2026-02-28,GA,VIP,Boxed Blender,3,119.97
2026-02-28,GA,VIP,Water,2,1.98
2026-02-28,GA,VIP,Gigabyte Aorus Men Tshirt,3,74.97
2026-02-28,GA,VIP,Silver Pot With Glass Cap,3,119.97
2026-02-28,FL,VIP,Hand Blender,3,104.97
2026-02-28,FL,VIP,Apple MacBook Pro 14 Inch Space Grey,3,5999.97
2026-02-28,FL,VIP,Lunch Box,3,38.97
2026-02-28,WA,New,Green Bell Pepper,2,2.58
2026-02-28,WA,New,Man Short Sleeve Shirt,2,39.98
2026-02-28,FL,Returning,Essence Mascara Lash Princess,2,19.98
2026-02-28,FL,Returning,Men Check Shirt,1,27.99
2026-02-28,NY,VIP,Blue & Black Check Shirt,1,29.99
2026-02-28,NY,VIP,Mug Tree Stand,1,15.99
2026-02-28,NY,VIP,Red Lipstick,2,25.98
2026-02-28,WA,Returning,Cooking Oil,3,14.97
2026-02-28,CA,VIP,Black Whisk,3,29.97
2026-02-28,CA,VIP,Dolce Shine Eau de,2,139.98
2026-02-28,TX,VIP,House Showpiece Plant,2,79.98
2026-02-28,FL,Returning,Apple Airpods,2,259.98
2026-02-28,FL,Returning,Amazon Echo Plus,2,199.98
2026-02-28,FL,Returning,Knife,3,44.97
2026-02-28,FL,Returning,Fine Mesh Strainer,1,9.99
2026-02-28,FL,New,Red Onions,2,3.98
2026-02-28,FL,New,Spice Rack,1,19.99
2026-02-28,FL,New,Yellow Peeler,2,11.98
2026-02-28,FL,New,Apple,2,3.98
2026-02-28,GA,New,Apple MacBook Pro 14 Inch Space Grey,2,3999.98
2026-02-28,GA,New,Green Bell Pepper,2,2.58
2026-02-28,IL,Returning,Decoration Swing,2,119.98
2026-02-28,IL,Returning,Cooking Oil,3,14.97
2026-02-28,NY,New,Wooden Rolling Pin,3,35.97
2026-02-28,NY,New,Apple Airpods,1,129.99
2026-02-28,CA,VIP,Spoon,2,9.98
2026-02-28,CA,VIP,Man Short Sleeve Shirt,2,39.98
2026-02-28,CA,VIP,Grater Black,3,32.97
2026-02-28,CA,New,Lunch Box,3,38.97
2026-02-28,CA,New,Bedside Table African Cherry,3,899.97
2026-02-28,CA,New,Glass,2,9.98
2026-02-28,GA,New,Milk,1,3.49
2026-02-28,GA,New,Chopping Board,3,38.97
2026-02-28,GA,New,Nike Air Jordan 1 Red And Black,2,299.98
2026-02-28,NY,New,Red Lipstick,2,25.98
2026-02-28,NY,New,Ice Cube Tray,1,5.99
2026-02-28,NY,New,Gucci Bloom Eau de,3,239.97
2026-02-28,IL,New,Sports Sneakers Off White Red,2,219.98
2026-02-28,NY,Returning,Lemon,3,2.37
2026-02-28,NY,Returning,Mug Tree Stand,3,47.97
2026-02-28,MO,VIP,Chicken Meat,3,29.97
2026-02-28,MO,VIP,Milk,1,3.49
2026-02-28,GA,New,Strawberry,2,7.98
2026-02-28,GA,New,Rolex Submariner Watch,1,13999.99
2026-02-28,GA,New,Beef Steak,2,25.98
2026-02-28,MO,New,Yellow Peeler,2,11.98
2026-02-28,MO,New,Fish Steak,1,14.99
2026-02-28,MO,New,Nike Air Jordan 1 Red And Black,2,299.98
2026-02-28,MO,New,Dolce Shine Eau de,2,139.98
2026-02-28,TX,VIP,Hand Blender,3,104.97
2026-02-28,TX,VIP,Grater Black,2,21.98
2026-02-28,TX,VIP,Nescafe Coffee,2,15.98
2026-02-28,NY,VIP,Protein Powder,1,19.99
2026-02-28,NY,VIP,Calvin Klein CK One,1,49.99
2026-02-28,NY,VIP,Powder Canister,1,14.99
2026-02-28,IL,New,Chicken Meat,2,19.98
2026-02-28,TX,New,Chopping Board,1,12.99
2026-02-28,MO,Returning,Cucumber,3,4.47
2026-02-28,MO,Returning,Nike Air Jordan 1 Red And Black,3,449.97
2026-02-28,NY,VIP,Protein Powder,3,59.97
2026-02-28,NY,VIP,Dolce Shine Eau de,3,209.97
2026-02-28,NY,VIP,Bedside Table African Cherry,3,899.97
2026-02-28,FL,VIP,Bedside Table African Cherry,2,599.98
2026-02-28,FL,VIP,Chicken Meat,1,9.99
2026-02-28,FL,VIP,Rolex Datejust,3,32999.97
2026-02-28,NY,VIP,Green Chili Pepper,1,0.99
2026-02-28,NY,VIP,Apple,1,1.99
2026-02-28,NY,New,Powder Canister,2,29.98
2026-02-28,NY,New,Green Chili Pepper,2,1.98
2026-02-28,NY,New,Eyeshadow Palette with Mirror,1,19.99
2026-02-28,NY,New,Tissue Paper Box,3,7.47
2026-02-28,CA,New,Protein Powder,1,19.99
2026-02-28,WA,Returning,Knoll Saarinen Executive Conference Chair,1,499.99
2026-02-28,FL,VIP,Bedside Table African Cherry,2,599.98
2026-02-28,GA,VIP,Tissue Paper Box,3,7.47
2026-02-28,GA,VIP,Decoration Swing,1,59.99
2026-02-28,TX,Returning,Fine Mesh Strainer,1,9.99
2026-02-28,NY,Returning,Carbon Steel Wok,2,59.98
2026-02-28,NY,Returning,Sports Sneakers Off White Red,1,109.99
2026-02-28,CA,Returning,Fine Mesh Strainer,3,29.97
2026-02-28,CA,Returning,Cooking Oil,3,14.97
2026-02-28,CA,Returning,Red Tongs,2,13.98
2026-02-28,NY,New,Green Bell Pepper,2,2.58
2026-02-28,NY,New,Eggs,3,8.97
2026-02-28,MO,New,Slotted Turner,2,17.98
2026-02-28,MO,New,Mulberry,3,14.97
2026-02-28,MO,New,Sports Sneakers Off White Red,2,219.98
2026-02-28,NY,Returning,Ice Cream,2,10.98
2026-02-28,NY,Returning,Chanel Coco Noir Eau De,2,259.98
2026-02-28,NY,Returning,Nike Air Jordan 1 Red And Black,3,449.97
2026-02-28,NY,Returning,Longines Master Collection,3,4499.97
2026-02-28,GA,New,Brown Leather Belt Watch,1,89.99
2026-02-28,GA,New,Chanel Coco Noir Eau De,3,389.97
2026-02-28,GA,New,Nike Baseball Cleats,2,159.98
2026-02-28,TX,New,Amazon Echo Plus,1,99.99
2026-02-28,CA,VIP,Knife,1,14.99
2026-02-28,MO,VIP,Blue & Black Check Shirt,3,89.97
2026-02-28,MO,VIP,Red Onions,1,1.99
2026-02-28,MO,VIP,Sports Sneakers Off White & Red,3,359.97
2026-02-28,WA,VIP,New DELL XPS 13 9300 Laptop,2,2999.98
2026-02-28,WA,VIP,Annibale Colombo Sofa,1,2499.99
2026-02-28,WA,VIP,Chopping Board,3,38.97
2026-02-28,TX,Returning,Essence Mascara Lash Princess,2,19.98
2026-02-28,MO,Returning,Sports Sneakers Off White Red,2,219.98
2026-02-28,MO,Returning,Strawberry,1,3.99
2026-02-28,FL,New,Amazon Echo Plus,3,299.97
2026-02-28,FL,New,Mulberry,3,14.97
2026-02-28,WA,Returning,Rolex Cellini Moonphase,3,38999.97
2026-02-28,WA,Returning,Kiwi,3,7.47
2026-02-28,WA,Returning,Water,1,0.99
2026-02-28,GA,Returning,Juice,3,11.97
2026-02-28,GA,Returning,Mulberry,1,4.99
2026-02-28,GA,Returning,Fine Mesh Strainer,3,29.97
2026-02-28,GA,Returning,Slotted Turner,3,26.97
2026-02-28,GA,New,Electric Stove,1,49.99
2026-02-28,GA,New,Apple,3,5.97
2026-02-28,FL,New,Ice Cube Tray,1,5.99
2026-02-28,FL,New,Yellow Peeler,3,17.97
2026-02-28,CA,New,Cooking Oil,3,14.97
2026-02-28,CA,New,Brown Leather Belt Watch,3,269.97
2026-02-28,CA,New,Spoon,3,14.97
2026-03-01,IL,VIP,Tissue Paper Box,1,2.49
2026-03-01,IL,VIP,Plant Pot,3,44.97
2026-03-01,IL,VIP,Sports Sneakers Off White & Red,2,239.98
2026-03-01,MO,Returning,Sports Sneakers Off White & Red,3,359.97
2026-03-01,MO,Returning,Wooden Bathroom Sink With Mirror,1,799.99
2026-03-01,NY,Returning,Red Onions,1,1.99
2026-03-01,NY,Returning,Green Chili Pepper,3,2.97
2026-03-01,NY,Returning,Wooden Bathroom Sink With Mirror,3,2399.97
2026-03-01,NY,Returning,House Showpiece Plant,2,79.98
2026-03-01,MO,VIP,Potatoes,1,2.29
2026-03-01,MO,VIP,Brown Leather Belt Watch,2,179.98
2026-03-01,TX,Returning,Mug Tree Stand,2,31.98
2026-03-01,TX,Returning,Men Check Shirt,2,55.98
2026-03-01,NY,VIP,Silver Pot With Glass Cap,3,119.97
2026-03-01,NY,VIP,Red Lipstick,2,25.98
2026-03-01,NY,VIP,Grater Black,1,10.99
2026-03-01,NY,VIP,Puma Future Rider Trainers,1,89.99
2026-03-01,MO,Returning,Chicken Meat,3,29.97
2026-03-01,MO,Returning,Table Lamp,3,149.97
2026-03-01,FL,Returning,Chanel Coco Noir Eau De,3,389.97
2026-03-01,FL,Returning,Slotted Turner,3,26.97
2026-03-01,FL,Returning,Apple,3,5.97
2026-03-01,MO,Returning,Red Onions,2,3.98
2026-03-01,TX,VIP,Eggs,3,8.97
2026-03-01,NY,Returning,Eggs,2,5.98
2026-03-01,NY,Returning,Lunch Box,2,25.98
2026-03-01,IL,Returning,Slotted Turner,2,17.98
2026-03-01,IL,Returning,Red Lipstick,1,12.99
2026-03-01,IL,Returning,Silver Pot With Glass Cap,2,79.98
2026-03-01,IL,Returning,Man Short Sleeve Shirt,2,39.98
2026-03-01,WA,New,Calvin Klein CK One,3,149.97
2026-03-01,MO,New,Spice Rack,1,19.99
2026-03-01,MO,New,Plate,1,3.99
2026-03-01,CA,New,Wooden Rolling Pin,2,23.98
2026-03-01,CA,New,Plate,3,11.97
2026-03-01,CA,New,Nescafe Coffee,2,15.98
2026-03-01,CA,New,Red Lipstick,3,38.97
2026-03-01,IL,New,Kiwi,3,7.47
2026-03-01,IL,New,Egg Slicer,1,6.99
2026-03-01,IL,New,Rice,1,5.99
2026-03-01,IL,New,Wooden Rolling Pin,1,11.99
2026-03-01,NY,Returning,Man Short Sleeve Shirt,2,39.98
2026-03-01,MO,VIP,Fork,1,3.99
2026-03-01,MO,VIP,Lunch Box,2,25.98
2026-03-01,MO,New,Grater Black,2,21.98
2026-03-01,MO,New,Knife,2,29.98
2026-03-01,MO,New,Nike Baseball Cleats,3,239.97
2026-03-01,MO,New,Eyeshadow Palette with Mirror,1,19.99
2026-03-01,NY,New,Decoration Swing,3,179.97
2026-03-01,NY,New,Nike Baseball Cleats,2,159.98
2026-03-01,NY,New,Protein Powder,1,19.99
2026-03-01,NY,New,Yellow Peeler,1,5.99
2026-03-01,MO,Returning,Black Aluminium Cup,1,5.99
2026-03-01,MO,Returning,Rolex Cellini Date Black Dial,2,17999.98
2026-03-01,MO,Returning,Bamboo Spatula,2,15.98
2026-03-01,TX,New,Slotted Turner,1,8.99
2026-03-01,GA,VIP,Chopping Board,3,38.97
2026-03-01,GA,VIP,Citrus Squeezer Yellow,2,17.98
2026-03-01,GA,VIP,Nike Air Jordan 1 Red And Black,2,299.98
2026-03-01,WA,New,Wooden Bathroom Sink With Mirror,3,2399.97
2026-03-01,WA,New,Huawei Matebook X Pro,2,2799.98
2026-03-01,IL,Returning,Silver Pot With Glass Cap,1,39.99
2026-03-01,WA,VIP,Chanel Coco Noir Eau De,1,129.99
2026-03-01,WA,VIP,Dior J'adore,2,179.98
2026-03-01,WA,VIP,Rice,1,5.99
2026-03-01,WA,VIP,Table Lamp,3,149.97
2026-03-01,CA,New,House Showpiece Plant,1,39.99
2026-03-01,IL,VIP,Spoon,2,9.98
2026-03-01,IL,VIP,Ice Cube Tray,1,5.99
2026-03-01,IL,VIP,Rolex Cellini Date Black Dial,1,8999.99
2026-03-01,IL,VIP,Plant Pot,1,14.99
2026-03-01,FL,VIP,Essence Mascara Lash Princess,1,9.99
2026-03-01,FL,VIP,Juice,2,7.98
2026-03-01,FL,VIP,Knoll Saarinen Executive Conference Chair,2,999.98
2026-03-01,FL,VIP,Asus Zenbook Pro Dual Screen Laptop,2,3599.98
2026-03-02,CA,Returning,Wooden Rolling Pin,1,11.99
2026-03-02,CA,Returning,Rolex Datejust,1,10999.99
2026-03-02,CA,Returning,Nike Baseball Cleats,2,159.98
2026-03-02,CA,Returning,Yellow Peeler,2,11.98
2026-03-02,FL,VIP,Cat Food,3,26.97
2026-03-02,FL,VIP,Carbon Steel Wok,1,29.99
2026-03-02,WA,New,Amazon Echo Plus,2,199.98
2026-03-02,WA,Returning,Electric Stove,1,49.99
2026-03-02,WA,Returning,Lunch Box,1,12.99
2026-03-02,WA,Returning,House Showpiece Plant,2,79.98
2026-03-02,WA,Returning,Decoration Swing,1,59.99
2026-03-02,GA,Returning,Cat Food,1,8.99
2026-03-02,GA,Returning,Milk,2,6.98
2026-03-02,GA,Returning,Powder Canister,2,29.98
2026-03-02,GA,Returning,Red Onions,1,1.99
2026-03-02,MO,New,Sports Sneakers Off White Red,3,329.97
2026-03-02,GA,New,Mug Tree Stand,2,31.98
2026-03-02,GA,New,Wooden Bathroom Sink With Mirror,2,1599.98
2026-03-02,GA,New,Apple,1,1.99
2026-03-02,MO,New,Blue & Black Check Shirt,2,59.98
2026-03-02,MO,New,Pan,1,24.99
2026-03-02,MO,New,Tissue Paper Box,2,4.98
2026-03-02,MO,New,Mug Tree Stand,3,47.97
2026-03-02,IL,VIP,Mulberry,3,14.97
2026-03-02,IL,VIP,Silver Pot With Glass Cap,1,39.99
2026-03-02,IL,VIP,New DELL XPS 13 9300 Laptop,1,1499.99
2026-03-02,GA,Returning,Knoll Saarinen Executive Conference Chair,2,999.98
2026-03-02,GA,Returning,House Showpiece Plant,3,119.97
2026-03-02,TX,New,Mug Tree Stand,3,47.97
2026-03-02,TX,New,Huawei Matebook X Pro,1,1399.99
2026-03-02,TX,New,Hand Blender,1,34.99
2026-03-02,TX,New,Chanel Coco Noir Eau De,3,389.97
2026-03-02,NY,New,Fork,2,7.98
2026-03-02,FL,New,Green Bell Pepper,1,1.29
2026-03-02,FL,New,Cucumber,2,2.98
2026-03-02,FL,New,Chanel Coco Noir Eau De,2,259.98
2026-03-02,FL,New,Mulberry,2,9.98
2026-03-02,FL,New,Chicken Meat,1,9.99
2026-03-02,FL,New,Red Tongs,1,6.99
2026-03-02,FL,New,Red Nail Polish,2,17.98
2026-03-02,IL,VIP,Knife,1,14.99
2026-03-02,IL,VIP,New DELL XPS 13 9300 Laptop,1,1499.99
2026-03-02,MO,Returning,Bamboo Spatula,1,7.99
2026-03-02,TX,VIP,Electric Stove,2,99.98
2026-03-02,TX,VIP,Yellow Peeler,2,11.98
2026-03-02,TX,VIP,Rolex Submariner Watch,1,13999.99
2026-03-02,TX,VIP,Dolce Shine Eau de,3,209.97
2026-03-02,NY,Returning,Mug Tree Stand,1,15.99
2026-03-02,NY,Returning,Knoll Saarinen Executive Conference Chair,3,1499.97
2026-03-02,IL,VIP,Apple,2,3.98
2026-03-02,IL,VIP,Family Tree Photo Frame,2,59.98
2026-03-02,CA,New,Plate,1,3.99
2026-03-02,CA,New,Essence Mascara Lash Princess,2,19.98
2026-03-02,FL,Returning,House Showpiece Plant,2,79.98
2026-03-02,IL,Returning,Longines Master Collection,3,4499.97
2026-03-02,IL,Returning,Soft Drinks,2,3.98
2026-03-02,GA,New,Apple,1,1.99
2026-03-02,GA,New,Mulberry,2,9.98
2026-03-02,FL,VIP,Fork,1,3.99
2026-03-02,WA,Returning,Strawberry,3,11.97
2026-03-02,WA,Returning,Men Check Shirt,1,27.99
2026-03-02,WA,Returning,Soft Drinks,2,3.98
2026-03-02,WA,Returning,Carbon Steel Wok,2,59.98
2026-03-02,MO,Returning,Milk,2,6.98
2026-03-02,MO,Returning,Man Short Sleeve Shirt,3,59.97
2026-03-02,MO,Returning,Wooden Rolling Pin,2,23.98
2026-03-02,MO,Returning,Fish Steak,2,29.98
2026-03-02,TX,New,Longines Master Collection,1,1499.99
2026-03-02,NY,VIP,Man Short Sleeve Shirt,3,59.97
2026-03-02,WA,VIP,Asus Zenbook Pro Dual Screen Laptop,2,3599.98
2026-03-02,WA,VIP,Cat Food,1,8.99
2026-03-02,WA,VIP,Decoration Swing,2,119.98
2026-03-02,WA,VIP,Nike Baseball Cleats,3,239.97
2026-03-02,TX,New,Glass,1,4.99
2026-03-02,TX,New,Table Lamp,3,149.97
2026-03-02,FL,New,Gucci Bloom Eau de,1,79.99
2026-03-02,FL,New,Table Lamp,1,49.99
2026-03-02,WA,New,Pan,3,74.97
2026-03-02,FL,Returning,Hand Blender,3,104.97
2026-03-02,FL,Returning,Amazon Echo Plus,2,199.98
2026-03-02,FL,Returning,Dior J'adore,2,179.98
2026-03-02,WA,New,Ice Cream,2,10.98
2026-03-02,WA,New,Annibale Colombo Bed,3,5699.97
2026-03-02,WA,New,Nike Baseball Cleats,3,239.97
2026-03-02,WA,New,Annibale Colombo Sofa,2,4999.98
2026-03-02,MO,New,Decoration Swing,3,179.97
2026-03-02,MO,New,Longines Master Collection,3,4499.97
2026-03-02,MO,New,Apple,3,5.97
2026-03-02,MO,New,Hand Blender,2,69.98
2026-03-02,IL,New,Tissue Paper Box,3,7.47
2026-03-02,WA,VIP,Chopping Board,1,12.99
2026-03-02,IL,Returning,Red Tongs,1,6.99
2026-03-02,NY,VIP,Black Whisk,2,19.98
2026-03-02,NY,VIP,Honey Jar,3,20.97
2026-03-02,NY,VIP,Rolex Cellini Date Black Dial,3,26999.97
2026-03-02,NY,VIP,Eyeshadow Palette with Mirror,1,19.99
2026-03-02,TX,VIP,Soft Drinks,1,1.99
2026-03-02,TX,VIP,Strawberry,1,3.99
2026-03-02,CA,VIP,Table Lamp,1,49.99
2026-03-02,CA,VIP,Chanel Coco Noir Eau De,1,129.99
2026-03-02,CA,VIP,Tissue Paper Box,1,2.49
2026-03-02,NY,VIP,Puma Future Rider Trainers,1,89.99
2026-03-02,NY,VIP,Chicken Meat,2,19.98
2026-03-02,NY,VIP,Carbon Steel Wok,3,89.97
2026-03-02,NY,VIP,Annibale Colombo Sofa,2,4999.98
2026-03-02,WA,Returning,Family Tree Photo Frame,1,29.99
2026-03-02,WA,Returning,Man Short Sleeve Shirt,1,19.99
2026-03-02,WA,Returning,Yellow Peeler,1,5.99
2026-03-02,FL,Returning,Man Plaid Shirt,1,34.99
2026-03-02,FL,Returning,Brown Leather Belt Watch,3,269.97
2026-03-02,FL,Returning,Annibale Colombo Sofa,3,7499.97
2026-03-02,FL,Returning,Plate,1,3.99
2026-03-02,GA,New,Beef Steak,1,12.99
2026-03-02,GA,New,Man Plaid Shirt,2,69.98
2026-03-02,NY,New,Plate,1,3.99
2026-03-02,NY,New,Strawberry,1,3.99
2026-03-02,NY,New,Knife,3,44.97
2026-03-02,NY,New,Black Whisk,2,19.98
2026-03-02,MO,Returning,Beef Steak,3,38.97
2026-03-02,MO,Returning,Dior J'adore,1,89.99
2026-03-02,MO,Returning,Egg Slicer,3,20.97
2026-03-02,FL,VIP,Lunch Box,2,25.98
2026-03-02,FL,VIP,Water,3,2.97
2026-03-02,FL,VIP,Rice,1,5.99
2026-03-02,IL,VIP,Rolex Cellini Date Black Dial,1,8999.99
2026-03-02,IL,VIP,Apple MacBook Pro 14 Inch Space Grey,2,3999.98
2026-03-02,IL,VIP,New DELL XPS 13 9300 Laptop,2,2999.98
2026-03-02,FL,VIP,Kiwi,2,4.98
2026-03-02,FL,Returning,Yellow Peeler,1,5.99
2026-03-02,WA,VIP,Tissue Paper Box,1,2.49
2026-03-02,WA,VIP,Kiwi,2,4.98
2026-03-02,WA,VIP,Sports Sneakers Off White & Red,2,239.98
2026-03-02,WA,VIP,Annibale Colombo Sofa,1,2499.99
2026-03-02,WA,VIP,Fork,2,7.98
2026-03-02,WA,VIP,Bamboo Spatula,2,15.98
2026-03-02,WA,VIP,Rolex Datejust,3,32999.97
2026-03-02,WA,VIP,Carbon Steel Wok,2,59.98
2026-03-02,WA,VIP,Milk,3,10.47
2026-03-02,MO,VIP,Black Whisk,1,9.99
2026-03-02,NY,New,Rice,2,11.98
2026-03-02,MO,Returning,Decoration Swing,2,119.98
2026-03-02,MO,Returning,Powder Canister,3,44.97
2026-03-02,MO,Returning,Red Lipstick,1,12.99
2026-03-02,WA,VIP,Amazon Echo Plus,3,299.97
2026-03-02,WA,VIP,Microwave Oven,2,179.98
2026-03-02,GA,VIP,Rolex Datejust,2,21999.98
2026-03-02,GA,VIP,Gigabyte Aorus Men Tshirt,1,24.99
2026-03-02,GA,VIP,Apple,1,1.99
2026-03-02,GA,VIP,Man Plaid Shirt,1,34.99
2026-03-02,GA,VIP,Silver Pot With Glass Cap,2,79.98
2026-03-02,GA,VIP,Red Lipstick,1,12.99
2026-03-02,GA,VIP,Ice Cream,2,10.98
2026-03-02,IL,New,Kiwi,3,7.47
2026-03-02,FL,VIP,Lenovo Yoga 920,2,2199.98
2026-03-02,FL,VIP,Potatoes,3,6.87
2026-03-02,FL,VIP,Nike Baseball Cleats,2,159.98
2026-03-02,FL,VIP,Chopping Board,2,25.98
2026-03-02,NY,Returning,Green Bell Pepper,3,3.87
2026-03-02,NY,Returning,Hand Blender,2,69.98
2026-03-02,NY,Returning,Sports Sneakers Off White & Red,2,239.98
2026-03-02,NY,Returning,Nike Air Jordan 1 Red And Black,3,449.97
2026-03-02,GA,New,Rolex Cellini Moonphase,3,38999.97
2026-03-02,GA,New,Microwave Oven,2,179.98
2026-03-02,GA,New,Dog Food,2,21.98
2026-03-02,IL,New,Annibale Colombo Bed,2,3799.98
2026-03-02,IL,New,Dior J'adore,3,269.97
2026-03-02,IL,New,Wooden Rolling Pin,2,23.98
2026-03-02,IL,New,Egg Slicer,1,6.99
2026-03-02,CA,VIP,Green Chili Pepper,2,1.98
2026-03-02,CA,VIP,Fine Mesh Strainer,1,9.99
2026-03-02,TX,VIP,Cat Food,2,17.98
2026-03-02,TX,VIP,Decoration Swing,2,119.98
2026-03-02,TX,VIP,Soft Drinks,3,5.97
2026-03-02,TX,VIP,Cooking Oil,3,14.97
2026-03-02,TX,VIP,Annibale Colombo Bed,2,3799.98
2026-03-02,MO,VIP,Brown Leather Belt Watch,3,269.97
2026-03-02,MO,VIP,Bedside Table African Cherry,2,599.98
2026-03-02,GA,VIP,Fine Mesh Strainer,1,9.99
2026-03-02,GA,VIP,Red Lipstick,2,25.98
2026-03-02,IL,Returning,Essence Mascara Lash Princess,3,29.97
2026-03-02,IL,Returning,Rolex Cellini Date Black Dial,3,26999.97
2026-03-02,IL,Returning,Chopping Board,3,38.97
2026-03-02,TX,New,Decoration Swing,3,179.97
2026-03-02,TX,New,Brown Leather Belt Watch,1,89.99
2026-03-02,TX,New,Fine Mesh Strainer,1,9.99
2026-03-03,NY,New,Juice,1,3.99
2026-03-03,NY,New,Rice,1,5.99
2026-03-03,NY,VIP,Powder Canister,2,29.98
2026-03-03,NY,VIP,Knoll Saarinen Executive Conference Chair,2,999.98
2026-03-03,NY,VIP,Kiwi,1,2.49
2026-03-03,MO,VIP,Rolex Cellini Moonphase,1,12999.99
2026-03-03,MO,VIP,Brown Leather Belt Watch,1,89.99
2026-03-03,MO,VIP,Chanel Coco Noir Eau De,3,389.97
2026-03-03,MO,New,Apple Airpods,1,129.99
2026-03-03,MO,New,Red Onions,2,3.98
2026-03-03,TX,New,Sports Sneakers Off White Red,1,109.99
2026-03-03,TX,New,Water,1,0.99
2026-03-03,MO,VIP,Silver Pot With Glass Cap,1,39.99
2026-03-03,MO,VIP,Powder Canister,3,44.97
2026-03-03,TX,New,Red Lipstick,1,12.99
2026-03-03,NY,VIP,Dior J'adore,1,89.99
2026-03-03,NY,VIP,Yellow Peeler,1,5.99
2026-03-03,NY,VIP,Fine Mesh Strainer,2,19.98
2026-03-03,NY,VIP,Water,1,0.99
2026-03-03,TX,Returning,Apple MacBook Pro 14 Inch Space Grey,1,1999.99
2026-03-03,TX,Returning,Grater Black,2,21.98
2026-03-03,TX,Returning,Juice,3,11.97
2026-03-03,TX,Returning,Glass,2,9.98
2026-03-03,TX,Returning,Mug Tree Stand,1,15.99
2026-03-03,TX,Returning,Green Chili Pepper,3,2.97
2026-03-03,TX,Returning,New DELL XPS 13 9300 Laptop,2,2999.98
2026-03-03,TX,Returning,Knife,3,44.97
2026-03-03,WA,Returning,Rolex Cellini Date Black Dial,3,26999.97
2026-03-03,WA,Returning,Huawei Matebook X Pro,1,1399.99
2026-03-03,WA,Returning,Plant Pot,2,29.98
2026-03-03,NY,Returning,Eyeshadow Palette with Mirror,1,19.99
2026-03-03,NY,Returning,Rolex Submariner Watch,1,13999.99
2026-03-03,CA,Returning,Huawei Matebook X Pro,1,1399.99
2026-03-03,TX,VIP,Mulberry,2,9.98
2026-03-03,WA,New,Dog Food,2,21.98
2026-03-03,WA,New,Rolex Datejust,2,21999.98
2026-03-03,WA,New,Yellow Peeler,1,5.99
2026-03-03,WA,New,Fine Mesh Strainer,3,29.97
2026-03-03,NY,Returning,Lemon,1,0.79
2026-03-03,NY,Returning,Eggs,1,2.99
2026-03-03,NY,Returning,Egg Slicer,2,13.98
2026-03-03,FL,New,Honey Jar,2,13.98
2026-03-03,FL,New,Brown Leather Belt Watch,1,89.99
2026-03-03,MO,Returning,House Showpiece Plant,1,39.99
2026-03-03,FL,VIP,Green Chili Pepper,1,0.99
2026-03-03,TX,Returning,Knife,1,14.99
2026-03-03,TX,Returning,Wooden Bathroom Sink With Mirror,1,799.99
2026-03-03,TX,Returning,Nike Baseball Cleats,2,159.98
2026-03-03,WA,New,Ice Cube Tray,1,5.99
2026-03-03,WA,New,Knife,2,29.98
2026-03-03,WA,New,Juice,3,11.97
2026-03-03,CA,VIP,Milk,3,10.47
2026-03-03,GA,New,Rolex Cellini Date Black Dial,1,8999.99
2026-03-03,GA,New,Plate,3,11.97
2026-03-03,FL,VIP,Bedside Table African Cherry,1,299.99
2026-03-03,FL,VIP,Grater Black,2,21.98
2026-03-03,FL,VIP,Water,3,2.97
2026-03-03,FL,VIP,Knoll Saarinen Executive Conference Chair,3,1499.97
2026-03-03,TX,Returning,Bedside Table African Cherry,1,299.99
2026-03-03,TX,Returning,Slotted Turner,2,17.98
2026-03-03,NY,Returning,Annibale Colombo Sofa,2,4999.98
2026-03-03,NY,Returning,Strawberry,1,3.99
2026-03-03,NY,Returning,Man Short Sleeve Shirt,2,39.98
2026-03-03,NY,Returning,Fish Steak,1,14.99
2026-03-03,MO,Returning,Mug Tree Stand,2,31.98
2026-03-03,MO,Returning,Sports Sneakers Off White Red,3,329.97
2026-03-03,WA,Returning,Men Check Shirt,3,83.97
2026-03-03,WA,Returning,Fine Mesh Strainer,3,29.97
2026-03-03,WA,Returning,Spice Rack,3,59.97
2026-03-03,WA,Returning,Chicken Meat,2,19.98
2026-03-03,FL,Returning,Rolex Cellini Moonphase,3,38999.97
2026-03-03,FL,Returning,Lemon,1,0.79
2026-03-03,MO,New,Soft Drinks,2,3.98
2026-03-03,TX,VIP,Slotted Turner,3,26.97
2026-03-03,TX,VIP,Family Tree Photo Frame,3,89.97
2026-03-03,TX,VIP,Wooden Bathroom Sink With Mirror,3,2399.97
2026-03-03,TX,VIP,Plant Pot,3,44.97
2026-03-03,GA,VIP,Knoll Saarinen Executive Conference Chair,3,1499.97
2026-03-03,TX,New,Calvin Klein CK One,1,49.99
2026-03-03,TX,New,Fine Mesh Strainer,2,19.98
2026-03-03,TX,New,Eggs,1,2.99
2026-03-03,NY,VIP,Sports Sneakers Off White Red,1,109.99
2026-03-03,NY,VIP,Dior J'adore,1,89.99
2026-03-03,NY,VIP,Green Chili Pepper,2,1.98
2026-03-03,NY,Returning,Man Short Sleeve Shirt,1,19.99
2026-03-03,IL,Returning,Wooden Rolling Pin,2,23.98
2026-03-03,IL,Returning,Sports Sneakers Off White Red,3,329.97
2026-03-03,CA,New,Knoll Saarinen Executive Conference Chair,3,1499.97
2026-03-03,CA,New,Rolex Submariner Watch,3,41999.97
2026-03-03,CA,New,Beef Steak,1,12.99
2026-03-03,CA,New,Green Chili Pepper,2,1.98
2026-03-03,FL,New,Plant Pot,1,14.99
2026-03-03,MO,VIP,Nike Baseball Cleats,1,79.99
2026-03-03,MO,VIP,Potatoes,1,2.29
2026-03-03,MO,VIP,Plant Pot,1,14.99
2026-03-03,MO,VIP,Plate,2,7.98
2026-03-03,FL,Returning,Rolex Submariner Watch,3,41999.97
2026-03-03,FL,Returning,Eyeshadow Palette with Mirror,3,59.97
2026-03-03,FL,Returning,Black Whisk,2,19.98
2026-03-03,FL,Returning,Citrus Squeezer Yellow,1,8.99
2026-03-03,MO,Returning,Dior J'adore,1,89.99
2026-03-03,MO,Returning,Lemon,2,1.58
2026-03-03,IL,New,Chicken Meat,1,9.99
2026-03-03,IL,New,Kitchen Sieve,3,23.97
2026-03-03,TX,Returning,Honey Jar,2,13.98
2026-03-03,TX,Returning,Wooden Rolling Pin,2,23.98
2026-03-03,TX,Returning,Microwave Oven,1,89.99
2026-03-03,CA,VIP,Puma Future Rider Trainers,3,269.97
2026-03-03,WA,Returning,Black Whisk,1,9.99
2026-03-03,WA,Returning,Plate,3,11.97
2026-03-03,GA,New,Powder Canister,3,44.97
2026-03-03,GA,New,Family Tree Photo Frame,3,89.97
2026-03-03,GA,New,Spice Rack,2,39.98
2026-03-03,GA,New,Rice,1,5.99
2026-03-03,IL,New,Gigabyte Aorus Men Tshirt,1,24.99
2026-03-03,IL,New,Chanel Coco Noir Eau De,1,129.99
2026-03-03,IL,New,Milk,3,10.47
2026-03-03,TX,VIP,Spice Rack,3,59.97
2026-03-03,TX,VIP,Soft Drinks,2,3.98
2026-03-03,TX,VIP,Annibale Colombo Bed,3,5699.97
2026-03-03,IL,VIP,Apple MacBook Pro 14 Inch Space Grey,3,5999.97
2026-03-03,IL,VIP,Table Lamp,1,49.99
2026-03-03,IL,VIP,Hand Blender,3,104.97
2026-03-03,IL,VIP,Essence Mascara Lash Princess,3,29.97
2026-03-03,NY,Returning,Amazon Echo Plus,1,99.99
2026-03-03,NY,Returning,Slotted Turner,2,17.98
2026-03-03,NY,Returning,Cooking Oil,1,4.99
2026-03-03,IL,VIP,Family Tree Photo Frame,3,89.97
2026-03-03,IL,VIP,Microwave Oven,1,89.99
2026-03-03,IL,VIP,Bedside Table African Cherry,2,599.98
2026-03-03,TX,VIP,Bamboo Spatula,2,15.98
2026-03-03,TX,VIP,Soft Drinks,2,3.98
2026-03-03,TX,VIP,Plant Pot,2,29.98
2026-03-03,GA,VIP,Ice Cream,3,16.47
2026-03-03,WA,New,Green Bell Pepper,3,3.87
2026-03-03,WA,New,Man Short Sleeve Shirt,3,59.97
2026-03-03,TX,VIP,Hand Blender,1,34.99
2026-03-03,TX,VIP,Rice,1,5.99
2026-03-03,TX,VIP,Lunch Box,3,38.97
2026-03-03,TX,VIP,Black Aluminium Cup,1,5.99
2026-03-03,MO,Returning,Grater Black,2,21.98
2026-03-03,MO,Returning,Sports Sneakers Off White Red,1,109.99
2026-03-03,MO,Returning,Men Check Shirt,1,27.99
2026-03-03,NY,VIP,Lunch Box,3,38.97
2026-03-03,TX,New,House Showpiece Plant,2,79.98
2026-03-03,TX,New,Man Plaid Shirt,2,69.98
2026-03-03,TX,New,Chicken Meat,1,9.99
2026-03-03,TX,New,Annibale Colombo Sofa,1,2499.99
2026-03-03,MO,VIP,Black Aluminium Cup,2,11.98
2026-03-03,GA,Returning,Wooden Bathroom Sink With Mirror,2,1599.98
2026-03-03,FL,Returning,Chanel Coco Noir Eau De,1,129.99
2026-03-03,FL,Returning,Annibale Colombo Sofa,1,2499.99
2026-03-03,FL,Returning,Gucci Bloom Eau de,1,79.99
2026-03-03,FL,Returning,Knoll Saarinen Executive Conference Chair,1,499.99
2026-03-03,FL,Returning,Lunch Box,2,25.98
2026-03-03,GA,VIP,Spoon,2,9.98
2026-03-03,GA,VIP,Green Bell Pepper,1,1.29
2026-03-03,NY,VIP,Honey Jar,2,13.98
2026-03-03,NY,VIP,Dog Food,2,21.98
2026-03-03,NY,VIP,Eggs,1,2.99
2026-03-03,NY,Returning,Tissue Paper Box,2,4.98
2026-03-04,FL,New,Microwave Oven,2,179.98
2026-03-04,FL,New,Sports Sneakers Off White & Red,1,119.99
2026-03-04,FL,New,Tissue Paper Box,1,2.49
2026-03-04,TX,New,Decoration Swing,3,179.97
2026-03-04,TX,New,Sports Sneakers Off White & Red,1,119.99
2026-03-04,FL,Returning,Beef Steak,1,12.99
2026-03-04,FL,Returning,Red Nail Polish,2,17.98
2026-03-04,FL,Returning,Red Onions,3,5.97
2026-03-04,FL,VIP,Sports Sneakers Off White Red,1,109.99
2026-03-04,FL,VIP,Rolex Submariner Watch,3,41999.97
2026-03-04,FL,VIP,Egg Slicer,3,20.97
2026-03-04,FL,New,Wooden Rolling Pin,3,35.97
2026-03-04,FL,New,Yellow Peeler,3,17.97
2026-03-04,FL,New,Kitchen Sieve,1,7.99
2026-03-04,FL,New,Rolex Cellini Moonphase,2,25999.98
2026-03-04,WA,Returning,Dog Food,3,32.97
2026-03-04,TX,New,Plate,3,11.97
2026-03-04,TX,New,Apple,1,1.99
2026-03-04,TX,New,Men Check Shirt,2,55.98
2026-03-04,GA,New,Eyeshadow Palette with Mirror,1,19.99
2026-03-04,GA,New,Lenovo Yoga 920,3,3299.97
2026-03-04,NY,Returning,Bedside Table African Cherry,2,599.98
2026-03-04,NY,Returning,Man Plaid Shirt,2,69.98
2026-03-04,CA,VIP,Ice Cube Tray,1,5.99
2026-03-04,CA,VIP,Nike Air Jordan 1 Red And Black,3,449.97
2026-03-04,NY,VIP,Men Check Shirt,1,27.99
2026-03-04,WA,New,Grater Black,2,21.98
2026-03-04,WA,New,Eyeshadow Palette with Mirror,2,39.98
2026-03-04,WA,New,Rolex Submariner Watch,1,13999.99
2026-03-04,WA,New,Apple Airpods,2,259.98
2026-03-04,CA,Returning,Amazon Echo Plus,1,99.99
2026-03-04,GA,VIP,Fish Steak,1,14.99
2026-03-04,GA,VIP,Cooking Oil,1,4.99
2026-03-04,GA,VIP,Chanel Coco Noir Eau De,1,129.99
2026-03-04,IL,VIP,Fork,2,7.98
2026-03-04,IL,VIP,Water,2,1.98
2026-03-04,IL,VIP,Ice Cream,3,16.47
2026-03-04,FL,VIP,Chopping Board,3,38.97
2026-03-04,WA,New,Nike Air Jordan 1 Red And Black,1,149.99
2026-03-04,WA,New,Ice Cream,3,16.47
2026-03-04,WA,New,Pan,1,24.99
2026-03-04,CA,Returning,Citrus Squeezer Yellow,3,26.97
2026-03-04,CA,Returning,Green Bell Pepper,2,2.58
2026-03-04,CA,Returning,Dog Food,3,32.97
2026-03-04,CA,Returning,Sports Sneakers Off White & Red,1,119.99
2026-03-04,CA,Returning,Nescafe Coffee,2,15.98
2026-03-04,CA,Returning,Decoration Swing,3,179.97
2026-03-04,NY,VIP,Strawberry,3,11.97
2026-03-04,NY,VIP,Ice Cream,2,10.98
2026-03-04,WA,VIP,Green Chili Pepper,1,0.99
2026-03-04,WA,VIP,Red Tongs,1,6.99
2026-03-04,WA,VIP,Nike Baseball Cleats,1,79.99
2026-03-04,WA,Returning,Bamboo Spatula,3,23.97
2026-03-04,WA,Returning,Hand Blender,2,69.98
2026-03-04,WA,Returning,Lunch Box,3,38.97
2026-03-04,WA,Returning,Black Whisk,2,19.98
2026-03-04,MO,Returning,Lemon,2,1.58
2026-03-04,IL,Returning,Protein Powder,2,39.98
2026-03-04,IL,Returning,Kiwi,1,2.49
2026-03-04,IL,Returning,Rolex Cellini Date Black Dial,3,26999.97
2026-03-04,TX,VIP,Ice Cube Tray,2,11.98
2026-03-04,TX,VIP,Lenovo Yoga 920,1,1099.99
2026-03-04,TX,VIP,Rolex Cellini Moonphase,1,12999.99
2026-03-04,CA,New,Sports Sneakers Off White & Red,3,359.97
2026-03-04,CA,New,Gigabyte Aorus Men Tshirt,1,24.99
2026-03-04,CA,New,Wooden Rolling Pin,2,23.98
2026-03-04,CA,New,Microwave Oven,3,269.97
2026-03-04,WA,VIP,Pan,2,49.98
2026-03-04,WA,VIP,Fish Steak,2,29.98
2026-03-04,TX,Returning,Milk,1,3.49
2026-03-04,WA,Returning,Hand Blender,2,69.98
2026-03-04,WA,Returning,Tissue Paper Box,1,2.49
2026-03-04,WA,Returning,Sports Sneakers Off White Red,2,219.98
2026-03-04,NY,Returning,Cooking Oil,2,9.98
2026-03-04,GA,New,Family Tree Photo Frame,1,29.99
2026-03-04,GA,New,Nike Air Jordan 1 Red And Black,1,149.99
2026-03-04,GA,New,Rolex Datejust,2,21999.98
2026-03-04,GA,New,Man Short Sleeve Shirt,2,39.98
2026-03-04,NY,VIP,Black Aluminium Cup,2,11.98
2026-03-04,NY,VIP,Milk,3,10.47
2026-03-04,NY,VIP,Amazon Echo Plus,2,199.98
2026-03-04,NY,VIP,Apple Airpods,2,259.98
2026-03-04,WA,Returning,Pan,3,74.97
2026-03-04,WA,Returning,Carbon Steel Wok,1,29.99
2026-03-04,WA,Returning,Glass,3,14.97
2026-03-04,WA,Returning,Mug Tree Stand,3,47.97
2026-03-04,MO,New,Red Tongs,1,6.99
2026-03-04,MO,New,Red Onions,2,3.98
2026-03-04,GA,New,Lenovo Yoga 920,1,1099.99
2026-03-04,GA,New,Red Onions,3,5.97
2026-03-04,GA,New,Water,2,1.98
2026-03-04,GA,New,Red Nail Polish,1,8.99
2026-03-04,WA,VIP,Amazon Echo Plus,2,199.98
2026-03-04,FL,New,Knife,1,14.99
2026-03-04,FL,New,Longines Master Collection,2,2999.98
2026-03-04,FL,New,Tray,3,50.97
2026-03-04,NY,New,Brown Leather Belt Watch,1,89.99
2026-03-04,NY,New,Green Bell Pepper,2,2.58
2026-03-04,NY,New,Green Chili Pepper,3,2.97
2026-03-04,NY,New,Wooden Bathroom Sink With Mirror,3,2399.97
2026-03-04,IL,New,Fish Steak,2,29.98
2026-03-04,IL,New,Pan,1,24.99
2026-03-04,IL,New,Potatoes,2,4.58
2026-03-04,IL,New,Calvin Klein CK One,2,99.98
2026-03-04,MO,New,Boxed Blender,2,79.98
2026-03-04,MO,New,Electric Stove,1,49.99
2026-03-04,MO,New,Table Lamp,2,99.98
2026-03-04,GA,VIP,Tissue Paper Box,2,4.98
2026-03-04,GA,VIP,Hand Blender,2,69.98
2026-03-04,GA,VIP,Knife,3,44.97
2026-03-04,GA,VIP,Huawei Matebook X Pro,1,1399.99
2026-03-04,FL,VIP,Asus Zenbook Pro Dual Screen Laptop,3,5399.97
2026-03-04,FL,VIP,Gigabyte Aorus Men Tshirt,2,49.98
2026-03-04,TX,Returning,Essence Mascara Lash Princess,1,9.99
2026-03-04,FL,Returning,Apple MacBook Pro 14 Inch Space Grey,2,3999.98
2026-03-04,FL,Returning,Green Chili Pepper,2,1.98
2026-03-04,FL,Returning,New DELL XPS 13 9300 Laptop,1,1499.99
2026-03-04,CA,VIP,Bamboo Spatula,2,15.98
2026-03-04,IL,New,Carbon Steel Wok,3,89.97
2026-03-04,IL,New,Milk,3,10.47
2026-03-04,WA,New,Sports Sneakers Off White & Red,3,359.97
2026-03-04,WA,New,Spice Rack,1,19.99
2026-03-04,MO,VIP,Red Tongs,2,13.98
2026-03-04,MO,VIP,Bamboo Spatula,1,7.99
2026-03-04,IL,New,Wooden Rolling Pin,3,35.97
2026-03-04,NY,New,Glass,3,14.97
2026-03-04,NY,New,Egg Slicer,3,20.97
2026-03-04,NY,New,Huawei Matebook X Pro,1,1399.99
2026-03-04,NY,New,Rolex Cellini Moonphase,1,12999.99
2026-03-04,MO,New,Glass,3,14.97
2026-03-05,NY,VIP,Calvin Klein CK One,3,149.97
2026-03-05,NY,VIP,Eggs,3,8.97
2026-03-05,NY,VIP,Dolce Shine Eau de,2,139.98
2026-03-05,NY,VIP,Cooking Oil,2,9.98
2026-03-05,IL,VIP,Man Short Sleeve Shirt,3,59.97
2026-03-05,IL,VIP,House Showpiece Plant,1,39.99
2026-03-05,IL,VIP,Puma Future Rider Trainers,3,269.97
2026-03-05,NY,Returning,Plant Pot,2,29.98
2026-03-05,NY,Returning,Egg Slicer,3,20.97
2026-03-05,NY,Returning,Microwave Oven,2,179.98
2026-03-05,MO,VIP,Dolce Shine Eau de,2,139.98
2026-03-05,MO,VIP,Carbon Steel Wok,1,29.99
2026-03-05,MO,VIP,Blue & Black Check Shirt,1,29.99
2026-03-05,MO,VIP,Eyeshadow Palette with Mirror,2,39.98
2026-03-05,MO,New,Cat Food,3,26.97
2026-03-05,MO,New,Annibale Colombo Bed,1,1899.99
2026-03-05,MO,New,Powder Canister,1,14.99
2026-03-05,FL,New,Black Aluminium Cup,2,11.98
2026-03-05,IL,VIP,Lemon,1,0.79
2026-03-05,IL,VIP,Knoll Saarinen Executive Conference Chair,1,499.99
2026-03-05,GA,VIP,Essence Mascara Lash Princess,1,9.99
2026-03-05,GA,VIP,Asus Zenbook Pro Dual Screen Laptop,1,1799.99
2026-03-05,GA,VIP,Lunch Box,2,25.98
2026-03-05,GA,VIP,Family Tree Photo Frame,3,89.97
2026-03-05,WA,Returning,Eggs,1,2.99
2026-03-05,WA,Returning,Egg Slicer,1,6.99
2026-03-05,WA,Returning,Soft Drinks,3,5.97
2026-03-05,WA,Returning,Gigabyte Aorus Men Tshirt,2,49.98
2026-03-05,FL,Returning,Red Onions,2,3.98
2026-03-05,FL,Returning,Soft Drinks,3,5.97
2026-03-05,FL,Returning,Red Lipstick,1,12.99
2026-03-05,FL,Returning,Microwave Oven,1,89.99
2026-03-05,MO,VIP,Plant Pot,2,29.98
2026-03-05,MO,VIP,Powder Canister,2,29.98
2026-03-05,MO,VIP,Essence Mascara Lash Princess,2,19.98
2026-03-05,MO,VIP,Red Onions,2,3.98
2026-03-05,IL,VIP,Dog Food,3,32.97
2026-03-05,GA,VIP,Longines Master Collection,3,4499.97
2026-03-05,GA,VIP,Egg Slicer,2,13.98
2026-03-05,GA,VIP,Yellow Peeler,1,5.99
2026-03-05,CA,Returning,Nike Baseball Cleats,1,79.99
2026-03-05,CA,Returning,Man Short Sleeve Shirt,1,19.99
2026-03-05,CA,Returning,Cucumber,1,1.49
2026-03-05,CA,Returning,Family Tree Photo Frame,1,29.99
2026-03-05,CA,Returning,Eggs,1,2.99
2026-03-05,NY,Returning,House Showpiece Plant,2,79.98
2026-03-05,NY,Returning,Milk,2,6.98
2026-03-05,NY,Returning,Ice Cube Tray,1,5.99
2026-03-05,NY,Returning,Dior J'adore,2,179.98
2026-03-05,NY,Returning,Beef Steak,1,12.99
2026-03-05,NY,Returning,Water,2,1.98
2026-03-05,NY,VIP,Sports Sneakers Off White Red,2,219.98
2026-03-05,NY,VIP,Rolex Cellini Date Black Dial,3,26999.97
2026-03-05,MO,Returning,Calvin Klein CK One,2,99.98
2026-03-05,MO,Returning,Kiwi,1,2.49
2026-03-05,MO,Returning,Nescafe Coffee,3,23.97
2026-03-05,MO,Returning,New DELL XPS 13 9300 Laptop,1,1499.99
2026-03-05,MO,Returning,Rolex Cellini Date Black Dial,2,17999.98
2026-03-05,MO,Returning,Black Aluminium Cup,1,5.99
2026-03-05,MO,Returning,Fish Steak,1,14.99
2026-03-05,MO,Returning,Man Short Sleeve Shirt,3,59.97
2026-03-05,NY,New,Wooden Bathroom Sink With Mirror,3,2399.97
2026-03-05,NY,New,Lunch Box,2,25.98
2026-03-05,IL,New,Soft Drinks,2,3.98
2026-03-05,FL,Returning,Fine Mesh Strainer,2,19.98
2026-03-05,FL,Returning,Knoll Saarinen Executive Conference Chair,1,499.99
2026-03-05,GA,New,Red Onions,1,1.99
2026-03-05,GA,New,Bamboo Spatula,1,7.99
2026-03-05,GA,New,Strawberry,3,11.97
2026-03-05,GA,New,Nescafe Coffee,2,15.98
2026-03-05,NY,VIP,Sports Sneakers Off White & Red,2,239.98
2026-03-05,MO,New,Wooden Rolling Pin,2,23.98
2026-03-05,MO,New,Red Onions,2,3.98
2026-03-05,MO,New,Soft Drinks,2,3.98
2026-03-05,MO,New,Ice Cube Tray,3,17.97
2026-03-05,TX,Returning,Tray,2,33.98
2026-03-05,TX,Returning,Longines Master Collection,1,1499.99
2026-03-05,TX,Returning,Kitchen Sieve,3,23.97
2026-03-05,GA,VIP,Amazon Echo Plus,2,199.98
2026-03-05,GA,VIP,Rolex Cellini Date Black Dial,3,26999.97
2026-03-05,GA,VIP,Red Onions,3,5.97
2026-03-05,NY,Returning,Knife,1,14.99
2026-03-05,NY,Returning,Longines Master Collection,3,4499.97
2026-03-05,NY,Returning,Dog Food,3,32.97
2026-03-05,NY,Returning,Juice,1,3.99
2026-03-05,IL,New,Table Lamp,2,99.98
2026-03-05,IL,New,Silver Pot With Glass Cap,2,79.98
2026-03-05,GA,New,Essence Mascara Lash Princess,3,29.97
2026-03-05,GA,New,Juice,1,3.99
2026-03-05,GA,New,Glass,1,4.99
2026-03-05,GA,Returning,Mulberry,3,14.97
2026-03-05,GA,Returning,Fine Mesh Strainer,3,29.97
2026-03-05,GA,Returning,Huawei Matebook X Pro,1,1399.99
2026-03-05,NY,New,Longines Master Collection,1,1499.99
2026-03-05,NY,New,Mulberry,2,9.98
2026-03-05,IL,New,Fish Steak,2,29.98
2026-03-05,IL,New,Kitchen Sieve,1,7.99
2026-03-05,IL,New,Potatoes,3,6.87
2026-03-05,IL,New,Decoration Swing,1,59.99
2026-03-05,WA,Returning,Fish Steak,1,14.99
2026-03-05,WA,Returning,Cucumber,2,2.98
2026-03-05,WA,Returning,Protein Powder,2,39.98
2026-03-05,WA,Returning,Man Short Sleeve Shirt,3,59.97
2026-03-05,WA,Returning,Mug Tree Stand,2,31.98
2026-03-05,IL,Returning,Mulberry,2,9.98
2026-03-05,IL,Returning,Man Short Sleeve Shirt,2,39.98
2026-03-05,IL,Returning,Gucci Bloom Eau de,1,79.99
2026-03-05,MO,VIP,Fish Steak,2,29.98
2026-03-05,MO,VIP,Green Chili Pepper,2,1.98
2026-03-05,MO,VIP,Brown Leather Belt Watch,3,269.97
2026-03-05,MO,VIP,Knoll Saarinen Executive Conference Chair,1,499.99
2026-03-05,IL,VIP,Wooden Bathroom Sink With Mirror,2,1599.98
2026-03-05,IL,VIP,Sports Sneakers Off White & Red,1,119.99
2026-03-06,MO,Returning,Red Lipstick,1,12.99
2026-03-06,FL,VIP,Slotted Turner,3,26.97
2026-03-06,FL,VIP,Man Plaid Shirt,2,69.98
2026-03-06,FL,VIP,Ice Cream,2,10.98
2026-03-06,FL,VIP,Brown Leather Belt Watch,3,269.97
2026-03-06,GA,New,Milk,3,10.47
2026-03-06,GA,New,Dog Food,2,21.98
2026-03-06,GA,Returning,Wooden Rolling Pin,3,35.97
2026-03-06,WA,Returning,Bamboo Spatula,3,23.97
2026-03-06,WA,Returning,Mulberry,1,4.99
2026-03-06,WA,Returning,Citrus Squeezer Yellow,1,8.99
2026-03-06,WA,Returning,Red Nail Polish,1,8.99
2026-03-06,FL,New,Rolex Submariner Watch,3,41999.97
2026-03-06,FL,New,Calvin Klein CK One,3,149.97
2026-03-06,TX,New,Rolex Cellini Moonphase,3,38999.97
2026-03-06,TX,New,Dior J'adore,3,269.97
2026-03-06,MO,New,Dog Food,1,10.99
2026-03-06,MO,New,Bedside Table African Cherry,2,599.98
2026-03-06,MO,New,Ice Cream,1,5.49
2026-03-06,MO,New,Dior J'adore,2,179.98
2026-03-06,NY,Returning,Gucci Bloom Eau de,2,159.98
2026-03-06,NY,Returning,Tray,1,16.99
2026-03-06,NY,Returning,Hand Blender,2,69.98
2026-03-06,NY,Returning,Chopping Board,1,12.99
2026-03-06,NY,VIP,Chicken Meat,1,9.99
2026-03-06,NY,VIP,Citrus Squeezer Yellow,1,8.99
2026-03-06,NY,VIP,Tissue Paper Box,1,2.49
2026-03-06,FL,VIP,Annibale Colombo Sofa,1,2499.99
2026-03-06,FL,VIP,Calvin Klein CK One,1,49.99
2026-03-06,FL,VIP,Asus Zenbook Pro Dual Screen Laptop,1,1799.99
2026-03-06,MO,New,Apple,2,3.98
2026-03-06,MO,New,Potatoes,1,2.29
2026-03-06,MO,New,Glass,2,9.98
2026-03-06,FL,Returning,Puma Future Rider Trainers,1,89.99
2026-03-06,FL,Returning,Mulberry,2,9.98
2026-03-06,FL,Returning,Knife,3,44.97
2026-03-06,MO,Returning,Mug Tree Stand,3,47.97
2026-03-06,MO,Returning,Ice Cube Tray,3,17.97
2026-03-06,IL,New,Apple Airpods,3,389.97
2026-03-06,IL,New,Honey Jar,3,20.97
2026-03-06,IL,New,Blue & Black Check Shirt,3,89.97
2026-03-06,IL,New,Annibale Colombo Bed,2,3799.98
2026-03-06,MO,New,Spice Rack,3,59.97
2026-03-06,MO,New,Kiwi,3,7.47
2026-03-06,WA,Returning,Knoll Saarinen Executive Conference Chair,2,999.98
2026-03-06,WA,Returning,Potatoes,3,6.87
2026-03-06,WA,Returning,Chopping Board,1,12.99
2026-03-06,WA,Returning,Kitchen Sieve,2,15.98
2026-03-06,GA,Returning,Mug Tree Stand,2,31.98
2026-03-06,GA,Returning,Carbon Steel Wok,1,29.99
2026-03-06,GA,Returning,Spice Rack,2,39.98
2026-03-06,GA,Returning,Man Short Sleeve Shirt,1,19.99
2026-03-06,CA,Returning,Bedside Table African Cherry,2,599.98
2026-03-06,MO,Returning,Spoon,2,9.98
2026-03-06,MO,Returning,Dior J'adore,1,89.99
2026-03-06,FL,Returning,Protein Powder,1,19.99
2026-03-06,FL,Returning,Honey Jar,2,13.98
2026-03-06,NY,VIP,Protein Powder,1,19.99
2026-03-06,NY,VIP,Spoon,2,9.98
2026-03-06,WA,Returning,Powder Canister,2,29.98
2026-03-06,WA,Returning,Fork,3,11.97
2026-03-06,WA,Returning,Kiwi,2,4.98
2026-03-06,NY,New,Nike Air Jordan 1 Red And Black,3,449.97
2026-03-06,CA,VIP,Cucumber,2,2.98
2026-03-06,CA,VIP,Wooden Rolling Pin,1,11.99
2026-03-06,CA,VIP,Knoll Saarinen Executive Conference Chair,2,999.98
2026-03-06,CA,VIP,Knife,2,29.98
2026-03-06,NY,VIP,Powder Canister,1,14.99
2026-03-06,NY,VIP,Puma Future Rider Trainers,2,179.98
2026-03-06,NY,VIP,Fork,3,11.97
2026-03-06,NY,Returning,Gigabyte Aorus Men Tshirt,1,24.99
2026-03-06,NY,Returning,Black Aluminium Cup,2,11.98
2026-03-06,NY,Returning,Sports Sneakers Off White & Red,1,119.99
2026-03-06,NY,Returning,Red Onions,3,5.97
2026-03-06,MO,New,Fine Mesh Strainer,2,19.98
2026-03-06,IL,New,Strawberry,3,11.97
2026-03-06,IL,New,Asus Zenbook Pro Dual Screen Laptop,2,3599.98
2026-03-06,MO,Returning,Microwave Oven,3,269.97
2026-03-06,MO,Returning,Dog Food,2,21.98
2026-03-06,MO,Returning,Electric Stove,2,99.98
2026-03-06,MO,Returning,Silver Pot With Glass Cap,2,79.98
2026-03-06,FL,New,Rolex Submariner Watch,2,27999.98
2026-03-06,MO,Returning,Spoon,3,14.97
2026-03-06,FL,VIP,Annibale Colombo Sofa,1,2499.99
2026-03-06,FL,VIP,Eyeshadow Palette with Mirror,1,19.99
2026-03-06,FL,VIP,Cucumber,1,1.49
2026-03-06,FL,VIP,Pan,3,74.97
2026-03-06,GA,VIP,Huawei Matebook X Pro,1,1399.99
2026-03-06,GA,VIP,Electric Stove,3,149.97
2026-03-06,GA,VIP,Honey Jar,3,20.97
2026-03-06,IL,New,Eyeshadow Palette with Mirror,1,19.99
2026-03-06,IL,New,Calvin Klein CK One,2,99.98
2026-03-06,TX,Returning,Sports Sneakers Off White & Red,3,359.97
2026-03-06,TX,Returning,Plant Pot,1,14.99
2026-03-06,TX,Returning,Cucumber,3,4.47
2026-03-06,IL,New,Milk,1,3.49
2026-03-06,IL,New,Family Tree Photo Frame,3,89.97
2026-03-06,IL,New,Pan,2,49.98
2026-03-06,TX,VIP,Chopping Board,1,12.99
2026-03-06,TX,New,Lemon,1,0.79
2026-03-06,TX,New,Asus Zenbook Pro Dual Screen Laptop,2,3599.98
2026-03-06,TX,New,Dior J'adore,1,89.99
2026-03-06,GA,New,Bamboo Spatula,2,15.98
2026-03-06,IL,Returning,Spoon,1,4.99
2026-03-06,IL,New,Beef Steak,3,38.97
2026-03-06,IL,New,Puma Future Rider Trainers,1,89.99
2026-03-06,IL,New,Silver Pot With Glass Cap,3,119.97
2026-03-06,CA,Returning,Chopping Board,3,38.97
2026-03-06,CA,Returning,Plate,2,7.98
2026-03-06,IL,Returning,Table Lamp,3,149.97
2026-03-06,IL,Returning,Cooking Oil,2,9.98
2026-03-06,IL,Returning,Rolex Cellini Date Black Dial,3,26999.97
2026-03-06,IL,VIP,Gigabyte Aorus Men Tshirt,3,74.97
2026-03-06,IL,VIP,House Showpiece Plant,3,119.97
2026-03-06,FL,VIP,Red Tongs,1,6.99
2026-03-06,FL,VIP,Longines Master Collection,1,1499.99
2026-03-06,FL,VIP,Green Chili Pepper,3,2.97
2026-03-06,GA,New,Green Bell Pepper,1,1.29
2026-03-06,GA,New,Carbon Steel Wok,1,29.99
2026-03-06,GA,New,Tissue Paper Box,2,4.98
2026-03-06,GA,New,Essence Mascara Lash Princess,3,29.97
2026-03-06,IL,New,Knoll Saarinen Executive Conference Chair,1,499.99
2026-03-06,FL,VIP,Rolex Submariner Watch,2,27999.98
2026-03-06,FL,VIP,Ice Cube Tray,1,5.99
2026-03-06,NY,VIP,Cucumber,2,2.98
2026-03-06,NY,VIP,Potatoes,1,2.29
2026-03-06,NY,VIP,Black Aluminium Cup,1,5.99
2026-03-06,NY,VIP,House Showpiece Plant,1,39.99
2026-03-06,FL,VIP,Dolce Shine Eau de,2,139.98
2026-03-06,FL,VIP,Silver Pot With Glass Cap,1,39.99
2026-03-06,FL,VIP,Bedside Table African Cherry,3,899.97
2026-03-06,FL,VIP,Wooden Rolling Pin,2,23.98
2026-03-06,FL,New,Beef Steak,3,38.97
2026-03-06,IL,VIP,Gigabyte Aorus Men Tshirt,3,74.97
2026-03-06,IL,VIP,Asus Zenbook Pro Dual Screen Laptop,1,1799.99
2026-03-06,IL,VIP,Beef Steak,3,38.97
2026-03-06,GA,New,Men Check Shirt,3,83.97
2026-03-06,NY,New,Plate,1,3.99
2026-03-06,NY,New,Boxed Blender,1,39.99
2026-03-06,NY,New,Man Plaid Shirt,3,104.97
2026-03-06,MO,Returning,Gucci Bloom Eau de,3,239.97
2026-03-06,MO,Returning,Knife,3,44.97
2026-03-06,MO,New,Fine Mesh Strainer,3,29.97
2026-03-06,MO,New,Chopping Board,1,12.99
2026-03-06,MO,New,Juice,3,11.97
2026-03-06,WA,Returning,Essence Mascara Lash Princess,1,9.99
2026-03-06,WA,Returning,Lenovo Yoga 920,3,3299.97
2026-03-06,WA,Returning,Soft Drinks,1,1.99
2026-03-06,FL,Returning,Gucci Bloom Eau de,1,79.99
2026-03-06,FL,Returning,Chicken Meat,1,9.99
2026-03-06,FL,Returning,Cat Food,1,8.99
2026-03-06,FL,Returning,Dolce Shine Eau de,3,209.97
2026-03-06,WA,New,Water,1,0.99
2026-03-06,WA,New,Chicken Meat,2,19.98
2026-03-06,IL,New,Black Whisk,2,19.98
2026-03-06,IL,New,House Showpiece Plant,1,39.99
2026-03-06,IL,New,Man Plaid Shirt,2,69.98
2026-03-06,IL,New,Longines Master Collection,3,4499.97
2026-03-06,FL,New,Family Tree Photo Frame,1,29.99
2026-03-06,FL,New,Annibale Colombo Bed,2,3799.98
2026-03-06,FL,New,Sports Sneakers Off White Red,3,329.97
2026-03-06,FL,New,Electric Stove,1,49.99
2026-03-07,TX,VIP,Green Chili Pepper,2,1.98
2026-03-07,MO,Returning,Milk,2,6.98
2026-03-07,MO,Returning,Cat Food,3,26.97
2026-03-07,IL,Returning,Eyeshadow Palette with Mirror,3,59.97
2026-03-07,IL,Returning,House Showpiece Plant,3,119.97
2026-03-07,TX,New,Plant Pot,3,44.97
2026-03-07,GA,Returning,Apple,1,1.99
2026-03-07,GA,Returning,Protein Powder,2,39.98
2026-03-07,GA,Returning,Citrus Squeezer Yellow,2,17.98
2026-03-07,MO,VIP,Spoon,1,4.99
2026-03-07,MO,VIP,Chopping Board,1,12.99
2026-03-07,MO,VIP,Green Chili Pepper,1,0.99
2026-03-07,GA,VIP,Red Tongs,1,6.99
2026-03-07,GA,VIP,Nescafe Coffee,3,23.97
2026-03-07,GA,VIP,Rolex Cellini Moonphase,3,38999.97
2026-03-07,GA,VIP,Black Whisk,2,19.98
2026-03-07,GA,VIP,Calvin Klein CK One,1,49.99
2026-03-07,GA,VIP,Decoration Swing,3,179.97
2026-03-07,GA,VIP,Man Plaid Shirt,1,34.99
2026-03-07,GA,VIP,Green Chili Pepper,3,2.97
2026-03-07,GA,VIP,Tissue Paper Box,2,4.98
2026-03-07,GA,VIP,Hand Blender,2,69.98
2026-03-07,GA,VIP,Ice Cream,3,16.47
2026-03-07,WA,VIP,Silver Pot With Glass Cap,2,79.98
2026-03-07,CA,VIP,Essence Mascara Lash Princess,1,9.99
2026-03-07,NY,New,Apple MacBook Pro 14 Inch Space Grey,1,1999.99
2026-03-07,NY,New,Nike Air Jordan 1 Red And Black,2,299.98
2026-03-07,NY,New,Hand Blender,3,104.97
2026-03-07,GA,New,Gigabyte Aorus Men Tshirt,3,74.97
2026-03-07,FL,New,Blue & Black Check Shirt,2,59.98
2026-03-07,FL,New,Family Tree Photo Frame,1,29.99
2026-03-07,FL,New,Knoll Saarinen Executive Conference Chair,1,499.99
2026-03-07,IL,Returning,Decoration Swing,3,179.97
2026-03-07,IL,Returning,Ice Cream,3,16.47
2026-03-07,FL,New,Knife,2,29.98
2026-03-07,FL,New,Red Nail Polish,2,17.98
2026-03-07,FL,New,Honey Jar,2,13.98
2026-03-07,FL,New,Puma Future Rider Trainers,1,89.99
2026-03-07,IL,New,Egg Slicer,2,13.98
2026-03-07,IL,New,Apple Airpods,2,259.98
2026-03-07,IL,New,Soft Drinks,2,3.98
2026-03-07,NY,VIP,Plant Pot,1,14.99
2026-03-07,NY,VIP,Strawberry,2,7.98
2026-03-07,NY,VIP,Knoll Saarinen Executive Conference Chair,3,1499.97
2026-03-07,CA,VIP,Dior J'adore,2,179.98
2026-03-07,CA,VIP,Wooden Rolling Pin,1,11.99
2026-03-07,IL,VIP,Egg Slicer,3,20.97
2026-03-07,CA,VIP,Cucumber,3,4.47
2026-03-07,CA,VIP,Kiwi,3,7.47
2026-03-07,CA,VIP,Beef Steak,3,38.97
2026-03-07,TX,VIP,Fork,3,11.97
2026-03-07,TX,VIP,Green Bell Pepper,3,3.87
2026-03-07,TX,VIP,Calvin Klein CK One,3,149.97
2026-03-07,TX,VIP,Eggs,1,2.99
2026-03-07,GA,VIP,Sports Sneakers Off White Red,2,219.98
2026-03-07,GA,VIP,Knoll Saarinen Executive Conference Chair,1,499.99
2026-03-07,IL,New,Dog Food,3,32.97
2026-03-07,IL,New,Huawei Matebook X Pro,3,4199.97
2026-03-07,IL,New,Silver Pot With Glass Cap,1,39.99
2026-03-07,IL,New,Microwave Oven,1,89.99
2026-03-07,WA,Returning,Nike Air Jordan 1 Red And Black,1,149.99
2026-03-07,WA,Returning,Red Tongs,2,13.98
2026-03-07,CA,VIP,Fish Steak,3,44.97
2026-03-07,CA,VIP,Dolce Shine Eau de,1,69.99
2026-03-07,CA,VIP,Rolex Cellini Date Black Dial,1,8999.99
2026-03-07,NY,New,Decoration Swing,1,59.99
2026-03-07,NY,New,Water,3,2.97
2026-03-07,NY,New,Beef Steak,2,25.98
2026-03-07,NY,New,Rolex Cellini Date Black Dial,1,8999.99
2026-03-07,NY,New,Chanel Coco Noir Eau De,2,259.98
2026-03-07,NY,New,Rolex Submariner Watch,1,13999.99
2026-03-07,NY,New,Silver Pot With Glass Cap,2,79.98
2026-03-07,NY,New,Pan,3,74.97
2026-03-07,FL,Returning,House Showpiece Plant,3,119.97
2026-03-07,FL,Returning,Rolex Datejust,3,32999.97
2026-03-07,FL,Returning,Juice,2,7.98
2026-03-07,CA,Returning,Spoon,1,4.99
2026-03-07,CA,Returning,Mug Tree Stand,3,47.97
2026-03-07,FL,New,Pan,2,49.98
2026-03-07,FL,New,Black Whisk,2,19.98
2026-03-07,MO,VIP,Beef Steak,1,12.99
2026-03-07,GA,Returning,Spoon,2,9.98
2026-03-07,GA,New,Sports Sneakers Off White Red,1,109.99
2026-03-07,GA,New,Calvin Klein CK One,3,149.97
2026-03-07,GA,New,Apple MacBook Pro 14 Inch Space Grey,1,1999.99
2026-03-07,NY,New,Lunch Box,1,12.99
2026-03-07,NY,New,Men Check Shirt,3,83.97
2026-03-07,NY,New,Ice Cream,2,10.98
2026-03-07,NY,New,Tissue Paper Box,3,7.47
2026-03-07,GA,VIP,Lenovo Yoga 920,1,1099.99
2026-03-07,GA,VIP,Pan,3,74.97
2026-03-07,FL,New,Rice,3,17.97
2026-03-07,FL,New,Hand Blender,1,34.99
2026-03-07,FL,New,Strawberry,3,11.97
2026-03-07,FL,New,Ice Cube Tray,2,11.98
2026-03-07,NY,VIP,New DELL XPS 13 9300 Laptop,2,2999.98
2026-03-07,NY,VIP,Amazon Echo Plus,3,299.97
2026-03-07,NY,VIP,Powder Canister,1,14.99
2026-03-07,NY,VIP,Hand Blender,2,69.98
2026-03-07,NY,VIP,Black Whisk,3,29.97
2026-03-07,NY,VIP,Asus Zenbook Pro Dual Screen Laptop,1,1799.99
2026-03-07,CA,New,Dog Food,2,21.98
2026-03-07,CA,New,Ice Cream,2,10.98
2026-03-07,CA,New,Dior J'adore,1,89.99
2026-03-07,CA,New,Microwave Oven,3,269.97
2026-03-07,MO,New,Potatoes,3,6.87
2026-03-07,MO,New,Plate,2,7.98
2026-03-07,NY,Returning,Milk,1,3.49
2026-03-07,NY,Returning,Microwave Oven,1,89.99
2026-03-07,TX,Returning,Essence Mascara Lash Princess,2,19.98
2026-03-07,TX,Returning,Plate,1,3.99
2026-03-07,TX,Returning,Hand Blender,2,69.98
2026-03-08,GA,Returning,Honey Jar,2,13.98
2026-03-08,GA,Returning,Tray,1,16.99
2026-03-08,GA,Returning,Bedside Table African Cherry,1,299.99
2026-03-08,GA,Returning,Apple Airpods,1,129.99
2026-03-08,NY,New,Lemon,1,0.79
2026-03-08,NY,New,Knoll Saarinen Executive Conference Chair,3,1499.97
2026-03-08,NY,New,Lunch Box,1,12.99
2026-03-08,WA,Returning,Essence Mascara Lash Princess,1,9.99
2026-03-08,CA,VIP,Wooden Rolling Pin,1,11.99
2026-03-08,CA,VIP,Longines Master Collection,2,2999.98
2026-03-08,CA,Returning,House Showpiece Plant,1,39.99
2026-03-08,CA,Returning,Family Tree Photo Frame,1,29.99
2026-03-08,CA,Returning,Mug Tree Stand,2,31.98
2026-03-08,CA,Returning,Puma Future Rider Trainers,2,179.98
2026-03-08,WA,VIP,Wooden Bathroom Sink With Mirror,3,2399.97
2026-03-08,WA,VIP,Rolex Datejust,2,21999.98
2026-03-08,CA,VIP,Red Onions,2,3.98
2026-03-08,CA,VIP,Strawberry,1,3.99
2026-03-08,WA,VIP,Sports Sneakers Off White Red,3,329.97
2026-03-08,WA,VIP,Plant Pot,2,29.98
2026-03-08,WA,VIP,Slotted Turner,3,26.97
2026-03-08,NY,Returning,Chanel Coco Noir Eau De,1,129.99
2026-03-08,NY,Returning,Slotted Turner,1,8.99
2026-03-08,GA,New,Slotted Turner,2,17.98
2026-03-08,NY,VIP,New DELL XPS 13 9300 Laptop,2,2999.98
2026-03-08,FL,New,Protein Powder,1,19.99
2026-03-08,FL,New,Beef Steak,2,25.98
2026-03-08,FL,New,Black Aluminium Cup,3,17.97
2026-03-08,FL,VIP,Potatoes,3,6.87
2026-03-08,FL,VIP,Longines Master Collection,2,2999.98
2026-03-08,FL,VIP,Dog Food,3,32.97
2026-03-08,FL,VIP,Kitchen Sieve,3,23.97
2026-03-08,FL,New,Fork,1,3.99
2026-03-08,FL,VIP,Mug Tree Stand,2,31.98
2026-03-08,FL,VIP,Dolce Shine Eau de,3,209.97
2026-03-08,WA,Returning,Bedside Table African Cherry,2,599.98
2026-03-08,MO,New,Boxed Blender,2,79.98
2026-03-08,MO,New,Electric Stove,2,99.98
2026-03-08,GA,VIP,Tissue Paper Box,3,7.47
2026-03-08,CA,VIP,Family Tree Photo Frame,1,29.99
2026-03-08,CA,VIP,Plant Pot,3,44.97
2026-03-08,TX,VIP,Brown Leather Belt Watch,3,269.97
2026-03-08,CA,VIP,Electric Stove,1,49.99
2026-03-08,CA,VIP,Silver Pot With Glass Cap,1,39.99
2026-03-08,CA,VIP,Dog Food,2,21.98
2026-03-08,FL,New,Plate,1,3.99
2026-03-08,FL,New,Puma Future Rider Trainers,2,179.98
2026-03-08,GA,VIP,Dior J'adore,1,89.99
2026-03-08,GA,VIP,Amazon Echo Plus,1,99.99
2026-03-08,GA,VIP,Pan,2,49.98
2026-03-08,GA,VIP,Annibale Colombo Sofa,2,4999.98
2026-03-08,FL,Returning,Tissue Paper Box,1,2.49
2026-03-08,FL,Returning,Cooking Oil,3,14.97
2026-03-08,NY,New,Strawberry,2,7.98
2026-03-08,NY,New,Red Tongs,3,20.97
2026-03-08,NY,New,Cucumber,2,2.98
2026-03-08,NY,New,Kitchen Sieve,3,23.97
2026-03-08,IL,Returning,Nike Air Jordan 1 Red And Black,3,449.97
2026-03-08,MO,New,Calvin Klein CK One,3,149.97
2026-03-08,MO,New,Table Lamp,2,99.98
2026-03-08,MO,New,Sports Sneakers Off White & Red,2,239.98
2026-03-08,MO,New,Ice Cream,1,5.49
2026-03-08,GA,Returning,Plate,2,7.98
2026-03-08,GA,Returning,Kitchen Sieve,3,23.97
2026-03-08,GA,Returning,Juice,1,3.99
2026-03-08,IL,New,Dior J'adore,1,89.99
2026-03-08,IL,New,Rice,2,11.98
2026-03-08,IL,New,Men Check Shirt,1,27.99
2026-03-08,IL,New,Ice Cream,2,10.98
2026-03-08,NY,VIP,Fine Mesh Strainer,3,29.97
2026-03-08,NY,VIP,Eyeshadow Palette with Mirror,3,59.97
2026-03-08,NY,VIP,Green Chili Pepper,2,1.98
2026-03-08,MO,New,Gigabyte Aorus Men Tshirt,2,49.98
2026-03-08,MO,New,Lenovo Yoga 920,3,3299.97
2026-03-08,NY,Returning,Sports Sneakers Off White Red,2,219.98
2026-03-08,NY,Returning,Ice Cream,2,10.98
2026-03-08,NY,Returning,Table Lamp,2,99.98
2026-03-08,IL,Returning,Milk,3,10.47
2026-03-08,IL,Returning,Family Tree Photo Frame,3,89.97
2026-03-08,IL,Returning,Glass,2,9.98
2026-03-08,IL,Returning,Apple,1,1.99
2026-03-08,FL,Returning,Microwave Oven,1,89.99
2026-03-08,FL,Returning,Spoon,2,9.98
2026-03-08,FL,Returning,Sports Sneakers Off White & Red,2,239.98
2026-03-08,TX,New,Soft Drinks,1,1.99
2026-03-08,FL,Returning,Apple,2,3.98
2026-03-08,FL,Returning,Juice,3,11.97
2026-03-08,FL,Returning,Chicken Meat,3,29.97
2026-03-08,FL,VIP,Honey Jar,1,6.99
2026-03-08,FL,VIP,Protein Powder,2,39.98
2026-03-08,FL,VIP,Carbon Steel Wok,1,29.99
2026-03-08,TX,Returning,Rolex Submariner Watch,1,13999.99
2026-03-08,TX,Returning,Lunch Box,3,38.97
2026-03-08,WA,VIP,Asus Zenbook Pro Dual Screen Laptop,2,3599.98
2026-03-08,WA,VIP,Red Lipstick,3,38.97
2026-03-08,WA,VIP,Man Plaid Shirt,2,69.98
2026-03-08,WA,VIP,Strawberry,2,7.98
2026-03-08,MO,Returning,Potatoes,3,6.87
2026-03-08,FL,Returning,Carbon Steel Wok,1,29.99
2026-03-08,FL,Returning,Egg Slicer,1,6.99
2026-03-08,FL,Returning,Kiwi,3,7.47
2026-03-08,GA,VIP,Electric Stove,3,149.97
2026-03-08,NY,Returning,Nescafe Coffee,2,15.98
2026-03-08,TX,VIP,Boxed Blender,3,119.97
2026-03-08,TX,VIP,Blue & Black Check Shirt,1,29.99
2026-03-08,TX,VIP,Man Plaid Shirt,2,69.98
2026-03-08,TX,VIP,Milk,1,3.49
2026-03-08,MO,New,Bedside Table African Cherry,3,899.97
2026-03-08,MO,New,Essence Mascara Lash Princess,1,9.99
2026-03-08,IL,Returning,Wooden Bathroom Sink With Mirror,3,2399.97
2026-03-08,IL,Returning,Bedside Table African Cherry,2,599.98
2026-03-08,IL,Returning,Powder Canister,2,29.98
2026-03-08,IL,Returning,Sports Sneakers Off White & Red,3,359.97
2026-03-08,IL,Returning,Knoll Saarinen Executive Conference Chair,1,499.99
2026-03-08,CA,New,Plate,2,7.98
2026-03-08,CA,New,Ice Cube Tray,2,11.98
2026-03-08,CA,New,Man Plaid Shirt,1,34.99
2026-03-08,CA,New,Slotted Turner,3,26.97
2026-03-08,FL,VIP,Gucci Bloom Eau de,3,239.97
2026-03-08,FL,VIP,Soft Drinks,2,3.98
2026-03-08,FL,VIP,Eyeshadow Palette with Mirror,1,19.99
2026-03-08,GA,New,Chopping Board,3,38.97
2026-03-08,GA,New,Green Chili Pepper,3,2.97
2026-03-08,GA,New,Apple MacBook Pro 14 Inch Space Grey,2,3999.98
2026-03-08,GA,VIP,Ice Cube Tray,1,5.99
2026-03-08,GA,VIP,Honey Jar,2,13.98
2026-03-08,GA,VIP,Fork,1,3.99
2026-03-08,GA,New,Ice Cube Tray,3,17.97
2026-03-08,GA,New,Rolex Datejust,3,32999.97
2026-03-08,FL,Returning,New DELL XPS 13 9300 Laptop,2,2999.98
2026-03-08,CA,Returning,Potatoes,3,6.87
2026-03-08,TX,Returning,Annibale Colombo Bed,1,1899.99
2026-03-08,TX,Returning,Powder Canister,1,14.99
2026-03-08,TX,Returning,Red Tongs,1,6.99
2026-03-08,TX,Returning,Dog Food,3,32.97
2026-03-08,NY,New,Pan,1,24.99
2026-03-08,NY,New,Red Lipstick,1,12.99
2026-03-08,NY,New,Spice Rack,3,59.97
2026-03-08,TX,VIP,Amazon Echo Plus,3,299.97
2026-03-08,TX,VIP,Bedside Table African Cherry,1,299.99
2026-03-08,TX,VIP,Mug Tree Stand,3,47.97
2026-03-08,MO,New,Asus Zenbook Pro Dual Screen Laptop,3,5399.97
2026-03-08,MO,New,Eyeshadow Palette with Mirror,2,39.98
2026-03-08,MO,New,Chopping Board,2,25.98
2026-03-08,MO,New,Cat Food,3,26.97
2026-03-08,TX,New,Men Check Shirt,1,27.99
2026-03-08,TX,New,Sports Sneakers Off White & Red,2,239.98
2026-03-08,TX,New,Lunch Box,2,25.98
2026-03-08,TX,New,Strawberry,1,3.99
2026-03-08,FL,New,Honey Jar,2,13.98
2026-03-08,WA,New,Pan,1,24.99
2026-03-09,IL,Returning,Amazon Echo Plus,3,299.97
2026-03-09,IL,Returning,Red Tongs,2,13.98
2026-03-09,IL,Returning,Cucumber,3,4.47
2026-03-09,IL,Returning,Asus Zenbook Pro Dual Screen Laptop,1,1799.99
2026-03-09,IL,New,Knife,1,14.99
2026-03-09,IL,New,Fork,3,11.97
2026-03-09,IL,New,Spice Rack,3,59.97
2026-03-09,IL,New,Gigabyte Aorus Men Tshirt,2,49.98
2026-03-09,TX,VIP,Protein Powder,2,39.98
2026-03-09,TX,New,Knoll Saarinen Executive Conference Chair,1,499.99
2026-03-09,TX,New,Mulberry,3,14.97
2026-03-09,TX,New,Annibale Colombo Bed,3,5699.97
2026-03-09,TX,New,Chicken Meat,3,29.97
2026-03-09,NY,Returning,Lemon,3,2.37
2026-03-09,NY,Returning,Electric Stove,1,49.99
2026-03-09,NY,Returning,Asus Zenbook Pro Dual Screen Laptop,1,1799.99
2026-03-09,NY,Returning,Puma Future Rider Trainers,2,179.98
2026-03-09,MO,VIP,Annibale Colombo Sofa,2,4999.98
2026-03-09,MO,VIP,Milk,1,3.49
2026-03-09,MO,VIP,Lenovo Yoga 920,2,2199.98
2026-03-09,IL,VIP,Red Lipstick,3,38.97
2026-03-09,IL,VIP,Man Short Sleeve Shirt,3,59.97
2026-03-09,IL,VIP,Man Plaid Shirt,1,34.99
2026-03-09,IL,VIP,Grater Black,3,32.97
2026-03-09,FL,New,Grater Black,1,10.99
2026-03-09,FL,New,Longines Master Collection,1,1499.99
2026-03-09,GA,New,Ice Cube Tray,3,17.97
2026-03-09,GA,New,Brown Leather Belt Watch,3,269.97
2026-03-09,GA,New,Decoration Swing,2,119.98
2026-03-09,FL,New,Chopping Board,2,25.98
2026-03-09,FL,New,Cat Food,1,8.99
2026-03-09,FL,New,Eggs,2,5.98
2026-03-09,FL,Returning,Bamboo Spatula,2,15.98
2026-03-09,FL,Returning,Nike Baseball Cleats,1,79.99
2026-03-09,IL,New,Ice Cream,3,16.47
2026-03-09,IL,New,Huawei Matebook X Pro,1,1399.99
2026-03-09,IL,New,Essence Mascara Lash Princess,2,19.98
2026-03-09,IL,Returning,Annibale Colombo Sofa,1,2499.99
2026-03-09,IL,Returning,Knoll Saarinen Executive Conference Chair,3,1499.97
2026-03-09,IL,Returning,Apple Airpods,2,259.98
2026-03-09,NY,VIP,Bedside Table African Cherry,3,899.97
2026-03-09,NY,VIP,Essence Mascara Lash Princess,2,19.98
2026-03-09,NY,VIP,Cucumber,3,4.47
2026-03-09,NY,VIP,Rolex Cellini Date Black Dial,2,17999.98
2026-03-09,GA,New,Beef Steak,3,38.97
2026-03-09,GA,New,Dior J'adore,1,89.99
2026-03-09,GA,New,Hand Blender,2,69.98
2026-03-09,CA,Returning,Dior J'adore,2,179.98
2026-03-09,CA,Returning,Annibale Colombo Bed,2,3799.98
2026-03-09,CA,Returning,Kitchen Sieve,1,7.99
2026-03-09,CA,Returning,Mug Tree Stand,3,47.97
2026-03-09,GA,VIP,Gucci Bloom Eau de,1,79.99
2026-03-09,GA,VIP,Apple,2,3.98
2026-03-09,GA,Returning,Red Tongs,1,6.99
2026-03-09,GA,Returning,Rolex Cellini Date Black Dial,3,26999.97
2026-03-09,GA,Returning,Pan,3,74.97
2026-03-09,IL,Returning,Decoration Swing,3,179.97
2026-03-09,IL,Returning,Gucci Bloom Eau de,1,79.99
2026-03-09,IL,Returning,Tissue Paper Box,2,4.98
2026-03-09,TX,New,Nike Baseball Cleats,2,159.98
2026-03-09,TX,New,Carbon Steel Wok,2,59.98
2026-03-09,TX,New,Lenovo Yoga 920,3,3299.97
2026-03-09,MO,Returning,Ice Cube Tray,3,17.97
2026-03-09,MO,Returning,Nescafe Coffee,3,23.97
2026-03-09,MO,Returning,Plate,1,3.99
2026-03-09,NY,VIP,Knife,1,14.99
2026-03-09,NY,VIP,Pan,2,49.98
2026-03-09,NY,VIP,Rolex Cellini Moonphase,1,12999.99
2026-03-09,NY,VIP,Fork,3,11.97
2026-03-09,GA,VIP,Citrus Squeezer Yellow,1,8.99
2026-03-09,GA,VIP,Cat Food,2,17.98
2026-03-09,GA,VIP,Plant Pot,3,44.97
2026-03-09,GA,VIP,Ice Cream,1,5.49
2026-03-09,WA,VIP,Red Onions,3,5.97
2026-03-09,WA,VIP,Essence Mascara Lash Princess,2,19.98
2026-03-09,WA,VIP,Mulberry,3,14.97
2026-03-09,IL,VIP,Puma Future Rider Trainers,2,179.98
2026-03-09,IL,VIP,Nescafe Coffee,2,15.98
2026-03-09,IL,VIP,Yellow Peeler,3,17.97
2026-03-09,TX,VIP,Apple Airpods,2,259.98
2026-03-09,MO,New,Slotted Turner,2,17.98
2026-03-09,TX,VIP,Yellow Peeler,2,11.98
2026-03-09,MO,New,Sports Sneakers Off White & Red,1,119.99
2026-03-09,CA,VIP,Eyeshadow Palette with Mirror,1,19.99
2026-03-09,CA,VIP,Fish Steak,2,29.98
2026-03-09,GA,Returning,Spice Rack,2,39.98
2026-03-09,GA,Returning,Dior J'adore,1,89.99
2026-03-09,GA,Returning,Huawei Matebook X Pro,1,1399.99
2026-03-09,GA,Returning,Eggs,2,5.98
2026-03-09,IL,Returning,Red Lipstick,2,25.98
2026-03-09,WA,VIP,Sports Sneakers Off White & Red,1,119.99
2026-03-09,WA,VIP,House Showpiece Plant,1,39.99
2026-03-09,WA,VIP,Silver Pot With Glass Cap,3,119.97
2026-03-10,IL,New,Asus Zenbook Pro Dual Screen Laptop,1,1799.99
2026-03-10,MO,New,Calvin Klein CK One,3,149.97
2026-03-10,MO,New,Sports Sneakers Off White & Red,2,239.98
2026-03-10,MO,New,Dolce Shine Eau de,3,209.97
2026-03-10,MO,New,Dior J'adore,1,89.99
2026-03-10,IL,Returning,Essence Mascara Lash Princess,2,19.98
2026-03-10,IL,Returning,Annibale Colombo Sofa,1,2499.99
2026-03-10,IL,Returning,Red Nail Polish,3,26.97
2026-03-10,WA,New,Green Chili Pepper,2,1.98
2026-03-10,WA,New,Juice,2,7.98
2026-03-10,WA,New,Eggs,1,2.99
2026-03-10,WA,New,Boxed Blender,3,119.97
2026-03-10,WA,VIP,Decoration Swing,2,119.98
2026-03-10,WA,VIP,Apple MacBook Pro 14 Inch Space Grey,3,5999.97
2026-03-10,WA,VIP,Kitchen Sieve,3,23.97
2026-03-10,WA,VIP,Cooking Oil,2,9.98
2026-03-10,WA,VIP,Rolex Datejust,1,10999.99
2026-03-10,NY,New,Rolex Submariner Watch,3,41999.97
2026-03-10,NY,New,Dior J'adore,2,179.98
2026-03-10,NY,New,Boxed Blender,1,39.99
2026-03-10,GA,VIP,Red Tongs,3,20.97
2026-03-10,GA,VIP,Dog Food,2,21.98
2026-03-10,GA,VIP,Silver Pot With Glass Cap,2,79.98
2026-03-10,GA,VIP,Cooking Oil,3,14.97
2026-03-10,MO,Returning,Green Bell Pepper,1,1.29
2026-03-10,MO,Returning,Kiwi,1,2.49
2026-03-10,TX,VIP,Bedside Table African Cherry,1,299.99
2026-03-10,TX,VIP,Rolex Cellini Moonphase,1,12999.99
2026-03-10,NY,New,Egg Slicer,3,20.97
2026-03-10,GA,VIP,Eggs,1,2.99
2026-03-10,NY,Returning,Green Bell Pepper,2,2.58
2026-03-10,NY,Returning,Carbon Steel Wok,1,29.99
2026-03-10,WA,VIP,Table Lamp,1,49.99
2026-03-10,WA,VIP,Man Plaid Shirt,2,69.98
2026-03-10,WA,VIP,Slotted Turner,3,26.97
2026-03-10,NY,VIP,Fine Mesh Strainer,1,9.99
2026-03-10,TX,Returning,Cooking Oil,2,9.98
2026-03-10,FL,VIP,Ice Cube Tray,3,17.97
2026-03-10,FL,VIP,Chicken Meat,2,19.98
2026-03-10,FL,VIP,Pan,3,74.97
2026-03-10,WA,Returning,Slotted Turner,2,17.98
2026-03-10,WA,Returning,Yellow Peeler,2,11.98
2026-03-10,MO,New,Fish Steak,2,29.98
2026-03-10,IL,Returning,Egg Slicer,3,20.97
2026-03-10,IL,Returning,Brown Leather Belt Watch,1,89.99
2026-03-10,FL,VIP,Cooking Oil,1,4.99
2026-03-10,FL,VIP,Fork,3,11.97
2026-03-10,MO,VIP,Eyeshadow Palette with Mirror,1,19.99
2026-03-10,NY,New,Black Whisk,1,9.99
2026-03-10,NY,New,Chicken Meat,2,19.98
2026-03-10,NY,New,New DELL XPS 13 9300 Laptop,3,4499.97
2026-03-10,NY,New,Yellow Peeler,3,17.97
2026-03-10,WA,New,Chanel Coco Noir Eau De,3,389.97
2026-03-10,NY,VIP,Fish Steak,2,29.98
2026-03-10,FL,VIP,Sports Sneakers Off White & Red,2,239.98
2026-03-10,FL,VIP,Carbon Steel Wok,1,29.99
2026-03-10,FL,VIP,Soft Drinks,2,3.98
2026-03-10,FL,VIP,Fork,1,3.99
2026-03-10,WA,VIP,Knife,1,14.99
2026-03-10,WA,VIP,Kitchen Sieve,2,15.98
2026-03-10,GA,New,Water,2,1.98
2026-03-10,GA,New,Fine Mesh Strainer,1,9.99
2026-03-10,GA,New,Silver Pot With Glass Cap,3,119.97
2026-03-10,GA,New,Red Lipstick,1,12.99
2026-03-10,MO,Returning,New DELL XPS 13 9300 Laptop,1,1499.99
2026-03-10,MO,Returning,Gucci Bloom Eau de,2,159.98
2026-03-10,MO,Returning,Strawberry,3,11.97
2026-03-10,FL,Returning,Men Check Shirt,2,55.98
2026-03-10,FL,Returning,Beef Steak,1,12.99
2026-03-10,FL,Returning,Rolex Submariner Watch,1,13999.99
2026-03-10,FL,Returning,Green Bell Pepper,3,3.87
2026-03-10,MO,New,Cat Food,1,8.99
2026-03-10,MO,New,Longines Master Collection,2,2999.98
2026-03-10,MO,New,Plate,1,3.99
2026-03-10,WA,Returning,Grater Black,2,21.98
2026-03-10,WA,Returning,Dior J'adore,3,269.97
2026-03-10,WA,Returning,Cucumber,2,2.98
2026-03-10,MO,New,Nike Baseball Cleats,3,239.97
2026-03-10,MO,New,Gigabyte Aorus Men Tshirt,3,74.97
2026-03-10,MO,New,Tissue Paper Box,1,2.49
2026-03-10,MO,New,Rice,2,11.98
2026-03-10,GA,New,Apple Airpods,1,129.99
2026-03-10,GA,New,Plate,3,11.97
2026-03-10,GA,New,Ice Cube Tray,1,5.99
2026-03-10,GA,New,Milk,3,10.47
2026-03-10,WA,Returning,Pan,3,74.97
2026-03-10,WA,Returning,Lenovo Yoga 920,2,2199.98
2026-03-10,WA,Returning,Ice Cube Tray,2,11.98
2026-03-10,WA,Returning,Sports Sneakers Off White Red,2,219.98
2026-03-10,TX,VIP,Grater Black,2,21.98
2026-03-10,FL,New,Asus Zenbook Pro Dual Screen Laptop,3,5399.97
2026-03-10,IL,Returning,Longines Master Collection,1,1499.99
2026-03-10,IL,Returning,Microwave Oven,2,179.98
2026-03-10,IL,Returning,Dolce Shine Eau de,1,69.99
2026-03-10,WA,New,Egg Slicer,2,13.98
2026-03-10,WA,New,Cooking Oil,2,9.98
2026-03-10,WA,New,Rolex Datejust,1,10999.99
2026-03-10,FL,VIP,Wooden Bathroom Sink With Mirror,2,1599.98
2026-03-10,FL,VIP,Annibale Colombo Sofa,3,7499.97
2026-03-10,FL,VIP,Rolex Submariner Watch,3,41999.97
2026-03-10,FL,VIP,Wooden Rolling Pin,3,35.97
2026-03-10,IL,Returning,Water,2,1.98
2026-03-10,IL,Returning,Amazon Echo Plus,1,99.99
2026-03-10,NY,Returning,Slotted Turner,3,26.97
2026-03-10,CA,New,Potatoes,3,6.87
2026-03-10,CA,New,Nescafe Coffee,1,7.99
2026-03-10,FL,VIP,Chopping Board,2,25.98
2026-03-10,FL,VIP,Essence Mascara Lash Princess,2,19.98
2026-03-10,FL,VIP,Fine Mesh Strainer,2,19.98
2026-03-10,FL,VIP,Mulberry,3,14.97
2026-03-10,GA,VIP,Nike Baseball Cleats,1,79.99
2026-03-10,GA,VIP,Rolex Submariner Watch,3,41999.97
2026-03-10,GA,VIP,Protein Powder,3,59.97
2026-03-10,GA,VIP,Bedside Table African Cherry,1,299.99
2026-03-10,GA,New,Dog Food,3,32.97
2026-03-10,GA,New,Green Bell Pepper,1,1.29
2026-03-10,GA,New,Bedside Table African Cherry,3,899.97
2026-03-10,GA,New,Boxed Blender,2,79.98
2026-03-10,CA,New,Pan,3,74.97
2026-03-10,MO,New,Tray,2,33.98
2026-03-10,MO,New,Man Plaid Shirt,2,69.98
2026-03-10,CA,New,Pan,3,74.97
2026-03-10,MO,New,Green Chili Pepper,3,2.97
2026-03-10,MO,New,Decoration Swing,2,119.98
2026-03-10,MO,New,Honey Jar,3,20.97
2026-03-10,WA,VIP,Wooden Bathroom Sink With Mirror,3,2399.97
2026-03-10,WA,VIP,Chopping Board,3,38.97
2026-03-10,WA,VIP,Man Plaid Shirt,1,34.99
2026-03-10,FL,Returning,Red Lipstick,2,25.98
2026-03-10,FL,Returning,Table Lamp,2,99.98
2026-03-10,FL,Returning,Powder Canister,1,14.99
2026-03-10,NY,Returning,Wooden Bathroom Sink With Mirror,2,1599.98
2026-03-10,NY,Returning,Lunch Box,2,25.98
2026-03-10,WA,New,Black Aluminium Cup,2,11.98
2026-03-10,WA,New,Nike Air Jordan 1 Red And Black,2,299.98
2026-03-10,WA,New,Dog Food,2,21.98
2026-03-10,WA,New,Boxed Blender,3,119.97
2026-03-10,MO,VIP,Silver Pot With Glass Cap,3,119.97
2026-03-10,MO,VIP,Honey Jar,2,13.98
2026-03-10,MO,VIP,Electric Stove,3,149.97
2026-03-10,MO,VIP,Lunch Box,3,38.97
2026-03-10,NY,New,Asus Zenbook Pro Dual Screen Laptop,1,1799.99
2026-03-10,NY,New,Huawei Matebook X Pro,3,4199.97
2026-03-10,NY,New,House Showpiece Plant,1,39.99
2026-03-10,TX,New,Fork,2,7.98
2026-03-10,TX,New,Longines Master Collection,1,1499.99
2026-03-10,TX,New,Blue & Black Check Shirt,2,59.98
2026-03-10,TX,New,Rolex Datejust,1,10999.99
2026-03-10,IL,Returning,Strawberry,3,11.97
2026-03-10,GA,VIP,Glass,1,4.99
2026-03-10,TX,VIP,Bedside Table African Cherry,1,299.99
2026-03-10,TX,VIP,Bamboo Spatula,2,15.98
2026-03-10,TX,VIP,Apple,3,5.97
2026-03-10,TX,VIP,Juice,1,3.99
2026-03-10,FL,Returning,Man Plaid Shirt,2,69.98
2026-03-10,FL,Returning,Ice Cube Tray,3,17.97
2026-03-10,FL,Returning,Man Short Sleeve Shirt,1,19.99
2026-03-10,FL,Returning,Table Lamp,3,149.97
2026-03-10,IL,Returning,Wooden Bathroom Sink With Mirror,1,799.99
2026-03-10,IL,Returning,Spice Rack,2,39.98
2026-03-10,IL,Returning,House Showpiece Plant,2,79.98
2026-03-10,MO,New,Red Nail Polish,2,17.98
2026-03-10,MO,New,Calvin Klein CK One,1,49.99
2026-03-10,MO,New,Table Lamp,3,149.97
2026-03-10,CA,VIP,Powder Canister,2,29.98
2026-03-10,TX,Returning,Rolex Datejust,2,21999.98
2026-03-10,TX,Returning,Milk,3,10.47
2026-03-10,TX,Returning,Annibale Colombo Bed,3,5699.97
2026-03-10,IL,New,Honey Jar,3,20.97
2026-03-10,IL,New,Tray,2,33.98
2026-03-10,IL,New,Rolex Submariner Watch,1,13999.99
2026-03-10,IL,New,Bamboo Spatula,3,23.97
2026-03-10,NY,Returning,Rolex Datejust,3,32999.97
2026-03-10,NY,Returning,Nike Baseball Cleats,1,79.99
2026-03-10,NY,Returning,Slotted Turner,2,17.98
2026-03-10,CA,Returning,Grater Black,3,32.97
2026-03-10,CA,Returning,Eggs,3,8.97
2026-03-10,TX,Returning,Silver Pot With Glass Cap,1,39.99
2026-03-10,IL,New,Egg Slicer,2,13.98
2026-03-10,IL,New,Green Chili Pepper,1,0.99
2026-03-10,IL,New,Chopping Board,2,25.98
2026-03-10,IL,New,Yellow Peeler,2,11.98
2026-03-10,CA,Returning,Fork,1,3.99
2026-03-10,WA,New,Red Lipstick,2,25.98
2026-03-10,WA,New,Mug Tree Stand,1,15.99
2026-03-10,WA,New,Chicken Meat,2,19.98
2026-03-10,WA,VIP,Man Plaid Shirt,1,34.99
2026-03-10,WA,VIP,Knoll Saarinen Executive Conference Chair,1,499.99
2026-03-10,FL,Returning,Mulberry,1,4.99
2026-03-10,FL,Returning,Yellow Peeler,3,17.97
2026-03-10,FL,Returning,Red Nail Polish,2,17.98
2026-03-10,FL,Returning,Blue & Black Check Shirt,2,59.98
2026-03-10,MO,Returning,Ice Cube Tray,2,11.98
2026-03-10,MO,Returning,Man Short Sleeve Shirt,2,39.98
2026-03-11,TX,New,Annibale Colombo Bed,1,1899.99
2026-03-11,GA,New,Pan,1,24.99
2026-03-11,GA,New,Men Check Shirt,1,27.99
2026-03-11,GA,New,Grater Black,2,21.98
2026-03-11,IL,Returning,Apple MacBook Pro 14 Inch Space Grey,2,3999.98
2026-03-11,GA,New,Tray,1,16.99
2026-03-11,GA,New,Eyeshadow Palette with Mirror,1,19.99
2026-03-11,GA,New,Yellow Peeler,3,17.97
2026-03-11,CA,VIP,Blue & Black Check Shirt,3,89.97
2026-03-11,CA,VIP,House Showpiece Plant,3,119.97
2026-03-11,CA,VIP,Spoon,3,14.97
2026-03-11,CA,VIP,Egg Slicer,1,6.99
2026-03-11,TX,New,Hand Blender,3,104.97
2026-03-11,TX,New,Annibale Colombo Bed,1,1899.99
2026-03-11,WA,Returning,Family Tree Photo Frame,3,89.97
2026-03-11,WA,Returning,Rolex Submariner Watch,2,27999.98
2026-03-11,GA,Returning,New DELL XPS 13 9300 Laptop,2,2999.98
2026-03-11,GA,Returning,Huawei Matebook X Pro,2,2799.98
2026-03-11,GA,Returning,Longines Master Collection,1,1499.99
2026-03-11,GA,Returning,Rolex Datejust,3,32999.97
2026-03-11,GA,VIP,Beef Steak,3,38.97
2026-03-11,WA,VIP,Red Tongs,2,13.98
2026-03-11,NY,VIP,Black Aluminium Cup,2,11.98
2026-03-11,NY,VIP,Man Plaid Shirt,3,104.97
2026-03-11,NY,VIP,Wooden Rolling Pin,2,23.98
2026-03-11,NY,VIP,Powder Canister,1,14.99
2026-03-11,CA,Returning,Cat Food,2,17.98
2026-03-11,CA,Returning,Gigabyte Aorus Men Tshirt,1,24.99
2026-03-11,CA,Returning,Men Check Shirt,2,55.98
2026-03-11,CA,Returning,Yellow Peeler,3,17.97
2026-03-11,NY,VIP,Juice,2,7.98
2026-03-11,WA,VIP,Carbon Steel Wok,2,59.98
2026-03-11,WA,VIP,Tray,2,33.98
2026-03-11,WA,VIP,Lunch Box,1,12.99
2026-03-11,MO,Returning,Tissue Paper Box,3,7.47
2026-03-11,MO,Returning,Rolex Cellini Moonphase,3,38999.97
2026-03-11,CA,VIP,Plate,2,7.98
2026-03-11,CA,VIP,Bamboo Spatula,2,15.98
2026-03-11,CA,VIP,House Showpiece Plant,2,79.98
2026-03-11,CA,VIP,Red Tongs,1,6.99
2026-03-11,MO,Returning,Knoll Saarinen Executive Conference Chair,2,999.98
2026-03-11,MO,Returning,Juice,2,7.98
2026-03-11,MO,Returning,Citrus Squeezer Yellow,3,26.97
2026-03-11,NY,New,Yellow Peeler,3,17.97
2026-03-11,NY,New,Nike Baseball Cleats,3,239.97
2026-03-11,IL,Returning,Knoll Saarinen Executive Conference Chair,1,499.99
2026-03-11,IL,Returning,Chicken Meat,3,29.97
2026-03-11,IL,Returning,Dior J'adore,3,269.97
2026-03-11,IL,Returning,Boxed Blender,3,119.97
2026-03-11,FL,New,Pan,1,24.99
2026-03-11,FL,New,Puma Future Rider Trainers,3,269.97
2026-03-11,MO,New,Rolex Submariner Watch,1,13999.99
2026-03-11,MO,New,Fine Mesh Strainer,2,19.98
2026-03-11,NY,VIP,Gigabyte Aorus Men Tshirt,1,24.99
2026-03-11,NY,VIP,Knife,1,14.99
2026-03-11,NY,VIP,Fine Mesh Strainer,1,9.99
2026-03-11,NY,VIP,Dior J'adore,1,89.99
2026-03-11,GA,New,Kitchen Sieve,2,15.98
2026-03-11,GA,New,Apple MacBook Pro 14 Inch Space Grey,3,5999.97
2026-03-11,GA,New,Strawberry,2,7.98
2026-03-11,NY,New,Nescafe Coffee,2,15.98
2026-03-11,NY,New,Green Chili Pepper,3,2.97
2026-03-11,NY,New,Man Short Sleeve Shirt,2,39.98
2026-03-11,NY,New,Citrus Squeezer Yellow,3,26.97
2026-03-11,TX,Returning,Apple Airpods,2,259.98
2026-03-11,TX,Returning,Puma Future Rider Trainers,2,179.98
2026-03-11,CA,New,Kiwi,3,7.47
2026-03-11,CA,Returning,Apple,2,3.98
2026-03-11,WA,Returning,Tissue Paper Box,2,4.98
2026-03-11,WA,Returning,Amazon Echo Plus,3,299.97
2026-03-11,WA,Returning,Rolex Datejust,2,21999.98
2026-03-11,WA,Returning,Dior J'adore,3,269.97
2026-03-11,MO,New,Beef Steak,1,12.99
2026-03-11,MO,New,Lemon,1,0.79
2026-03-11,MO,New,Glass,1,4.99
2026-03-11,MO,New,Yellow Peeler,1,5.99
2026-03-11,NY,VIP,Red Lipstick,1,12.99
2026-03-11,NY,Returning,Juice,3,11.97
2026-03-11,NY,Returning,Spice Rack,3,59.97
2026-03-11,NY,Returning,Cooking Oil,3,14.97
2026-03-11,NY,Returning,Wooden Bathroom Sink With Mirror,1,799.99
2026-03-11,NY,VIP,Gucci Bloom Eau de,3,239.97
2026-03-11,NY,Returning,Man Plaid Shirt,1,34.99
2026-03-11,NY,Returning,Man Short Sleeve Shirt,2,39.98
2026-03-11,GA,Returning,Honey Jar,1,6.99
2026-03-11,TX,Returning,Fish Steak,3,44.97
2026-03-11,TX,Returning,Plant Pot,2,29.98
2026-03-11,TX,Returning,Bamboo Spatula,3,23.97
2026-03-11,WA,VIP,Knife,2,29.98
2026-03-11,WA,VIP,Eggs,1,2.99
2026-03-11,WA,VIP,Microwave Oven,1,89.99
2026-03-11,TX,Returning,Men Check Shirt,1,27.99
2026-03-11,TX,Returning,Fork,1,3.99
2026-03-11,NY,Returning,Yellow Peeler,3,17.97
2026-03-11,NY,Returning,Honey Jar,3,20.97
2026-03-11,NY,Returning,Sports Sneakers Off White Red,2,219.98
2026-03-11,NY,Returning,Nescafe Coffee,2,15.98
2026-03-11,TX,VIP,Ice Cube Tray,3,17.97
2026-03-11,TX,VIP,Dior J'adore,1,89.99
2026-03-11,TX,VIP,Rolex Cellini Moonphase,3,38999.97
2026-03-11,WA,Returning,Wooden Rolling Pin,3,35.97
2026-03-11,MO,Returning,Dog Food,3,32.97
2026-03-11,MO,Returning,Slotted Turner,1,8.99
2026-03-11,MO,Returning,Rolex Cellini Moonphase,3,38999.97
2026-03-11,GA,New,Soft Drinks,1,1.99
2026-03-11,GA,New,Tray,2,33.98
2026-03-11,GA,New,Calvin Klein CK One,3,149.97
2026-03-11,GA,New,Fork,1,3.99
2026-03-11,GA,Returning,Water,2,1.98
2026-03-11,GA,Returning,Lenovo Yoga 920,2,2199.98
2026-03-11,FL,Returning,House Showpiece Plant,1,39.99
2026-03-11,FL,Returning,Powder Canister,1,14.99
2026-03-11,FL,Returning,Nike Baseball Cleats,2,159.98
2026-03-11,IL,New,Red Nail Polish,3,26.97
2026-03-11,MO,Returning,Cucumber,1,1.49
2026-03-11,MO,Returning,Essence Mascara Lash Princess,2,19.98
2026-03-11,IL,Returning,Wooden Bathroom Sink With Mirror,3,2399.97
2026-03-11,CA,Returning,Cat Food,3,26.97
2026-03-11,MO,New,Apple Airpods,3,389.97
2026-03-11,MO,New,Huawei Matebook X Pro,1,1399.99
2026-03-11,GA,Returning,Cat Food,2,17.98
2026-03-11,TX,Returning,Red Onions,1,1.99
2026-03-11,TX,Returning,Powder Canister,3,44.97
2026-03-11,TX,Returning,Mulberry,3,14.97
2026-03-11,IL,Returning,Honey Jar,2,13.98
2026-03-11,IL,Returning,Juice,2,7.98
2026-03-11,IL,Returning,Juice,3,11.97
2026-03-11,IL,Returning,Knoll Saarinen Executive Conference Chair,2,999.98
2026-03-11,NY,VIP,Men Check Shirt,2,55.98
2026-03-11,NY,VIP,Black Aluminium Cup,1,5.99
2026-03-11,NY,VIP,Egg Slicer,1,6.99
2026-03-11,NY,VIP,Spoon,3,14.97
2026-03-11,NY,VIP,Brown Leather Belt Watch,2,179.98
2026-03-11,NY,VIP,Juice,3,11.97
2026-03-11,NY,VIP,Apple,3,5.97
2026-03-11,CA,Returning,Rolex Cellini Date Black Dial,1,8999.99
2026-03-11,CA,Returning,Dog Food,3,32.97
2026-03-11,IL,New,Blue & Black Check Shirt,3,89.97
2026-03-11,IL,New,Family Tree Photo Frame,2,59.98
2026-03-11,GA,New,Hand Blender,3,104.97
2026-03-11,NY,New,Powder Canister,3,44.97
2026-03-11,FL,Returning,Glass,2,9.98
2026-03-11,FL,Returning,Plate,1,3.99
2026-03-11,FL,Returning,Grater Black,1,10.99
2026-03-11,FL,Returning,Annibale Colombo Bed,3,5699.97
2026-03-11,IL,Returning,Plant Pot,3,44.97
2026-03-11,IL,Returning,Cat Food,2,17.98
2026-03-11,GA,VIP,Plate,3,11.97
2026-03-11,MO,Returning,Soft Drinks,1,1.99
2026-03-11,MO,Returning,Puma Future Rider Trainers,1,89.99
2026-03-11,MO,VIP,Black Aluminium Cup,1,5.99
2026-03-11,MO,VIP,Cooking Oil,1,4.99
2026-03-11,MO,VIP,Rolex Datejust,1,10999.99
2026-03-11,MO,VIP,Plate,3,11.97
2026-03-11,FL,New,Sports Sneakers Off White Red,1,109.99
2026-03-11,FL,New,Pan,3,74.97
2026-03-11,FL,New,Fork,1,3.99
2026-03-11,FL,New,Red Nail Polish,1,8.99
2026-03-11,NY,VIP,Chicken Meat,1,9.99
2026-03-11,NY,VIP,Spoon,2,9.98
2026-03-11,MO,VIP,Chanel Coco Noir Eau De,1,129.99
2026-03-11,MO,VIP,Nike Air Jordan 1 Red And Black,1,149.99
2026-03-11,MO,VIP,Rolex Cellini Moonphase,2,25999.98
2026-03-11,GA,New,House Showpiece Plant,1,39.99
2026-03-11,GA,New,Plant Pot,3,44.97
2026-03-11,GA,New,Men Check Shirt,1,27.99
2026-03-11,GA,New,Microwave Oven,3,269.97
2026-03-11,NY,Returning,Egg Slicer,1,6.99
2026-03-11,CA,Returning,Yellow Peeler,3,17.97
2026-03-11,CA,Returning,Red Tongs,3,20.97
2026-03-11,CA,Returning,Nescafe Coffee,1,7.99
2026-03-11,GA,Returning,Powder Canister,3,44.97
2026-03-11,GA,Returning,Protein Powder,3,59.97
2026-03-11,GA,Returning,Dog Food,3,32.97
2026-03-11,NY,New,Carbon Steel Wok,2,59.98
2026-03-11,NY,New,Red Onions,1,1.99
2026-03-11,NY,New,Blue & Black Check Shirt,2,59.98
2026-03-11,NY,New,New DELL XPS 13 9300 Laptop,3,4499.97
2026-03-11,NY,New,Puma Future Rider Trainers,1,89.99
2026-03-11,NY,New,Annibale Colombo Bed,3,5699.97
2026-03-11,NY,New,Microwave Oven,1,89.99
2026-03-11,TX,VIP,Red Lipstick,3,38.97
2026-03-11,FL,Returning,Chopping Board,2,25.98
2026-03-12,WA,VIP,Protein Powder,1,19.99
2026-03-12,WA,VIP,Silver Pot With Glass Cap,2,79.98
2026-03-12,WA,VIP,Citrus Squeezer Yellow,1,8.99
2026-03-12,TX,New,Apple Airpods,3,389.97
2026-03-12,TX,New,Rolex Cellini Moonphase,2,25999.98
2026-03-12,MO,Returning,Citrus Squeezer Yellow,3,26.97
2026-03-12,MO,Returning,Knife,3,44.97
2026-03-12,MO,Returning,Tissue Paper Box,1,2.49
2026-03-12,MO,Returning,Strawberry,3,11.97
2026-03-12,CA,New,Man Short Sleeve Shirt,1,19.99
2026-03-12,CA,New,Black Whisk,1,9.99
2026-03-12,CA,New,Chanel Coco Noir Eau De,1,129.99
2026-03-12,CA,New,Soft Drinks,1,1.99
2026-03-12,NY,New,Tray,3,50.97
2026-03-12,NY,New,Red Onions,3,5.97
2026-03-12,NY,New,Lunch Box,2,25.98
2026-03-12,IL,Returning,Cucumber,3,4.47
2026-03-12,IL,Returning,Apple,3,5.97
2026-03-12,IL,Returning,Black Whisk,3,29.97
2026-03-12,TX,Returning,Ice Cream,3,16.47
2026-03-12,TX,Returning,Wooden Rolling Pin,3,35.97
2026-03-12,MO,New,Juice,2,7.98
2026-03-12,MO,New,Dolce Shine Eau de,3,209.97
2026-03-12,MO,New,Blue & Black Check Shirt,1,29.99
2026-03-12,IL,VIP,Kitchen Sieve,3,23.97
2026-03-12,IL,VIP,Water,3,2.97
2026-03-12,IL,VIP,Huawei Matebook X Pro,2,2799.98
2026-03-12,WA,New,Mulberry,2,9.98
2026-03-12,WA,New,Family Tree Photo Frame,2,59.98
2026-03-12,IL,New,Amazon Echo Plus,1,99.99
2026-03-12,IL,New,Nescafe Coffee,2,15.98
2026-03-12,IL,New,Fish Steak,1,14.99
2026-03-12,IL,New,Fork,2,7.98
2026-03-12,IL,Returning,Wooden Bathroom Sink With Mirror,1,799.99
2026-03-12,IL,Returning,Fine Mesh Strainer,1,9.99
2026-03-12,IL,VIP,Green Chili Pepper,2,1.98
2026-03-12,WA,Returning,Kitchen Sieve,2,15.98
2026-03-12,WA,Returning,Family Tree Photo Frame,2,59.98
2026-03-12,WA,Returning,Powder Canister,2,29.98
2026-03-12,FL,New,Black Whisk,2,19.98
2026-03-12,FL,Returning,Bamboo Spatula,2,15.98
2026-03-12,FL,Returning,Tray,3,50.97
2026-03-12,FL,Returning,Cucumber,3,4.47
2026-03-12,FL,Returning,Electric Stove,3,149.97
2026-03-12,GA,Returning,Spoon,3,14.97
2026-03-12,MO,New,Powder Canister,2,29.98
2026-03-12,MO,New,Rolex Datejust,2,21999.98
2026-03-12,MO,New,Green Bell Pepper,2,2.58
2026-03-12,MO,New,Black Whisk,3,29.97
2026-03-12,TX,Returning,Juice,1,3.99
2026-03-12,WA,New,Nescafe Coffee,3,23.97
2026-03-12,GA,New,Tissue Paper Box,2,4.98
2026-03-12,GA,New,Pan,1,24.99
2026-03-12,WA,VIP,Pan,1,24.99
2026-03-12,WA,VIP,Strawberry,3,11.97
2026-03-12,WA,VIP,Apple,3,5.97
2026-03-12,WA,VIP,Man Plaid Shirt,2,69.98
2026-03-12,FL,New,Plate,3,11.97
2026-03-12,FL,New,Chopping Board,2,25.98
2026-03-12,FL,New,Plant Pot,2,29.98
2026-03-12,FL,New,Bedside Table African Cherry,3,899.97
2026-03-12,MO,Returning,Asus Zenbook Pro Dual Screen Laptop,1,1799.99
2026-03-12,MO,Returning,Dog Food,2,21.98
2026-03-12,FL,Returning,Brown Leather Belt Watch,1,89.99
2026-03-12,FL,Returning,Green Chili Pepper,1,0.99
2026-03-12,FL,Returning,Family Tree Photo Frame,1,29.99
2026-03-12,FL,Returning,Nike Baseball Cleats,2,159.98
2026-03-12,IL,Returning,Decoration Swing,1,59.99
2026-03-12,FL,VIP,Knife,2,29.98
2026-03-12,FL,VIP,Eggs,3,8.97
2026-03-12,FL,VIP,Powder Canister,1,14.99
2026-03-12,FL,VIP,Potatoes,1,2.29
2026-03-12,FL,New,Yellow Peeler,2,11.98
2026-03-12,MO,VIP,Slotted Turner,2,17.98
2026-03-12,IL,New,Carbon Steel Wok,1,29.99
2026-03-12,NY,VIP,Strawberry,1,3.99
2026-03-12,NY,Returning,Ice Cream,2,10.98
2026-03-12,MO,New,Eyeshadow Palette with Mirror,1,19.99
2026-03-12,MO,New,Plant Pot,2,29.98
2026-03-12,MO,New,Mulberry,1,4.99
2026-03-12,MO,New,Cat Food,2,17.98
2026-03-12,CA,VIP,Plant Pot,2,29.98
2026-03-12,NY,New,House Showpiece Plant,2,79.98
2026-03-12,NY,New,Cucumber,2,2.98
2026-03-12,NY,New,Knoll Saarinen Executive Conference Chair,3,1499.97
2026-03-12,CA,New,Red Lipstick,1,12.99
2026-03-12,CA,New,Tray,1,16.99
2026-03-12,CA,New,Rolex Cellini Moonphase,1,12999.99
2026-03-12,WA,New,Rolex Datejust,1,10999.99
2026-03-12,MO,Returning,Decoration Swing,1,59.99
2026-03-12,MO,Returning,Fish Steak,1,14.99
2026-03-12,MO,Returning,Slotted Turner,1,8.99
2026-03-12,MO,Returning,Microwave Oven,3,269.97
2026-03-12,CA,VIP,Puma Future Rider Trainers,2,179.98
2026-03-12,CA,VIP,Microwave Oven,2,179.98
2026-03-12,CA,VIP,Annibale Colombo Sofa,1,2499.99
2026-03-12,CA,VIP,Spice Rack,3,59.97
2026-03-12,TX,VIP,Red Tongs,2,13.98
2026-03-12,TX,VIP,Apple MacBook Pro 14 Inch Space Grey,2,3999.98
2026-03-12,CA,Returning,Eyeshadow Palette with Mirror,1,19.99
2026-03-12,GA,New,Black Whisk,1,9.99
2026-03-12,NY,VIP,Apple Airpods,2,259.98
2026-03-12,NY,VIP,Plant Pot,2,29.98
2026-03-12,IL,VIP,Slotted Turner,1,8.99
2026-03-12,IL,VIP,Black Whisk,2,19.98
2026-03-12,IL,VIP,Eyeshadow Palette with Mirror,1,19.99
2026-03-12,IL,VIP,Juice,3,11.97
2026-03-12,NY,New,Tray,3,50.97
2026-03-12,NY,New,Amazon Echo Plus,1,99.99
2026-03-12,NY,New,Kitchen Sieve,3,23.97
2026-03-12,FL,VIP,Black Whisk,3,29.97
2026-03-12,FL,VIP,Huawei Matebook X Pro,1,1399.99
2026-03-12,FL,VIP,Tissue Paper Box,2,4.98
2026-03-12,WA,VIP,Bamboo Spatula,1,7.99
2026-03-12,WA,VIP,Fine Mesh Strainer,3,29.97
2026-03-12,WA,VIP,Black Aluminium Cup,1,5.99
2026-03-12,MO,New,Apple MacBook Pro 14 Inch Space Grey,1,1999.99
2026-03-12,MO,New,Kiwi,1,2.49
2026-03-12,MO,Returning,Family Tree Photo Frame,1,29.99
2026-03-12,MO,Returning,Dog Food,3,32.97
2026-03-12,NY,VIP,Wooden Bathroom Sink With Mirror,1,799.99
2026-03-12,MO,VIP,Spice Rack,1,19.99
2026-03-12,MO,VIP,Essence Mascara Lash Princess,1,9.99
2026-03-12,MO,VIP,Dog Food,3,32.97
2026-03-12,MO,VIP,Red Nail Polish,3,26.97
2026-03-12,FL,New,Milk,2,6.98
2026-03-12,FL,New,Rolex Cellini Moonphase,3,38999.97
2026-03-12,FL,New,Water,3,2.97
2026-03-12,IL,New,Citrus Squeezer Yellow,2,17.98
2026-03-12,IL,New,Lemon,2,1.58
2026-03-12,IL,New,Dolce Shine Eau de,1,69.99
2026-03-12,FL,Returning,Mulberry,2,9.98
2026-03-12,FL,Returning,Essence Mascara Lash Princess,1,9.99
2026-03-12,FL,Returning,House Showpiece Plant,1,39.99
2026-03-12,FL,Returning,Chanel Coco Noir Eau De,2,259.98
2026-03-12,TX,VIP,Tray,2,33.98
2026-03-12,TX,VIP,Honey Jar,3,20.97
2026-03-12,WA,Returning,Gucci Bloom Eau de,2,159.98
2026-03-12,WA,Returning,Bedside Table African Cherry,2,599.98
2026-03-12,WA,Returning,Mug Tree Stand,1,15.99
2026-03-12,FL,New,Family Tree Photo Frame,2,59.98
2026-03-12,FL,New,Eyeshadow Palette with Mirror,2,39.98
2026-03-12,FL,New,Juice,2,7.98
2026-03-12,FL,New,Chopping Board,1,12.99
2026-03-12,FL,New,Red Tongs,2,13.98
2026-03-12,FL,New,Boxed Blender,3,119.97
2026-03-12,TX,VIP,Man Short Sleeve Shirt,3,59.97
2026-03-12,TX,VIP,Water,3,2.97
2026-03-12,TX,VIP,Kitchen Sieve,1,7.99
2026-03-12,TX,VIP,Juice,2,7.98
2026-03-12,TX,New,Rolex Datejust,1,10999.99
2026-03-12,TX,New,Cooking Oil,2,9.98
2026-03-12,TX,New,Eyeshadow Palette with Mirror,3,59.97
2026-03-12,TX,New,Spice Rack,2,39.98
2026-03-12,GA,Returning,Puma Future Rider Trainers,1,89.99
2026-03-12,GA,Returning,Rolex Cellini Date Black Dial,2,17999.98
2026-03-12,GA,Returning,Red Nail Polish,3,26.97
2026-03-12,GA,Returning,Bamboo Spatula,1,7.99
2026-03-12,CA,VIP,Potatoes,3,6.87
2026-03-12,CA,VIP,Gigabyte Aorus Men Tshirt,1,24.99
2026-03-12,CA,VIP,Rolex Submariner Watch,2,27999.98
2026-03-12,CA,New,Mulberry,3,14.97
2026-03-12,NY,VIP,Man Short Sleeve Shirt,2,39.98
2026-03-12,MO,New,Bedside Table African Cherry,1,299.99
2026-03-12,MO,New,Lunch Box,1,12.99
2026-03-13,NY,Returning,Family Tree Photo Frame,3,89.97
2026-03-13,NY,Returning,Soft Drinks,1,1.99
2026-03-13,NY,Returning,Annibale Colombo Bed,3,5699.97
2026-03-13,WA,Returning,Chicken Meat,3,29.97
2026-03-13,WA,Returning,Chopping Board,3,38.97
2026-03-13,MO,New,Carbon Steel Wok,1,29.99
2026-03-13,MO,New,Silver Pot With Glass Cap,2,79.98
2026-03-13,MO,New,Gucci Bloom Eau de,2,159.98
2026-03-13,MO,New,New DELL XPS 13 9300 Laptop,3,4499.97
2026-03-13,TX,Returning,Apple MacBook Pro 14 Inch Space Grey,3,5999.97
2026-03-13,NY,Returning,Microwave Oven,1,89.99
2026-03-13,NY,Returning,Man Plaid Shirt,3,104.97
2026-03-13,MO,New,Plate,2,7.98
2026-03-13,MO,New,Asus Zenbook Pro Dual Screen Laptop,2,3599.98
2026-03-13,NY,Returning,Dior J'adore,1,89.99
2026-03-13,IL,VIP,Lunch Box,2,25.98
2026-03-13,FL,VIP,Knoll Saarinen Executive Conference Chair,3,1499.97
2026-03-13,CA,VIP,Annibale Colombo Bed,2,3799.98
2026-03-13,CA,VIP,Red Tongs,3,20.97
2026-03-13,CA,VIP,Amazon Echo Plus,2,199.98
2026-03-13,CA,VIP,Nike Air Jordan 1 Red And Black,1,149.99
2026-03-13,MO,Returning,Men Check Shirt,1,27.99
2026-03-13,MO,Returning,Water,3,2.97
2026-03-13,FL,VIP,New DELL XPS 13 9300 Laptop,2,2999.98
2026-03-13,FL,VIP,Fish Steak,3,44.97
2026-03-13,FL,VIP,Protein Powder,1,19.99
2026-03-13,FL,VIP,Boxed Blender,2,79.98
2026-03-13,NY,VIP,Glass,3,14.97
2026-03-13,NY,VIP,Lunch Box,2,25.98
2026-03-13,NY,VIP,Puma Future Rider Trainers,3,269.97
2026-03-13,MO,New,Tray,2,33.98
2026-03-13,MO,New,Black Aluminium Cup,2,11.98
2026-03-13,NY,New,Kitchen Sieve,3,23.97
2026-03-13,MO,New,Sports Sneakers Off White & Red,1,119.99
2026-03-13,MO,New,Huawei Matebook X Pro,1,1399.99
2026-03-13,FL,Returning,Knoll Saarinen Executive Conference Chair,1,499.99
2026-03-13,FL,Returning,Essence Mascara Lash Princess,1,9.99
2026-03-13,FL,Returning,Annibale Colombo Sofa,1,2499.99
2026-03-13,FL,Returning,Ice Cube Tray,2,11.98
2026-03-13,FL,VIP,Nescafe Coffee,1,7.99
2026-03-13,CA,VIP,Apple,3,5.97
2026-03-13,CA,VIP,Fish Steak,3,44.97
2026-03-13,WA,Returning,Red Tongs,2,13.98
2026-03-13,IL,VIP,Rolex Submariner Watch,2,27999.98
2026-03-13,IL,VIP,Rolex Cellini Date Black Dial,1,8999.99
2026-03-13,IL,VIP,Eyeshadow Palette with Mirror,2,39.98
2026-03-13,TX,New,Kitchen Sieve,3,23.97
2026-03-13,TX,New,Red Nail Polish,3,26.97
2026-03-13,TX,New,House Showpiece Plant,3,119.97
2026-03-13,MO,New,Plant Pot,3,44.97
2026-03-13,FL,VIP,Fork,3,11.97
2026-03-13,MO,Returning,Boxed Blender,3,119.97
2026-03-13,MO,New,Microwave Oven,2,179.98
2026-03-13,MO,New,Nike Air Jordan 1 Red And Black,2,299.98
2026-03-14,MO,VIP,Chanel Coco Noir Eau De,2,259.98
2026-03-14,MO,VIP,Apple Airpods,1,129.99
2026-03-14,MO,VIP,Bamboo Spatula,2,15.98
2026-03-14,MO,Returning,Black Whisk,3,29.97
2026-03-14,MO,Returning,Nescafe Coffee,2,15.98
2026-03-14,MO,Returning,Red Nail Polish,1,8.99
2026-03-14,MO,Returning,Dog Food,3,32.97
2026-03-14,CA,VIP,Chopping Board,2,25.98
2026-03-14,CA,VIP,Rice,2,11.98
2026-03-14,CA,VIP,Brown Leather Belt Watch,1,89.99
2026-03-14,CA,VIP,Dior J'adore,2,179.98
2026-03-14,WA,Returning,Apple,1,1.99
2026-03-14,WA,Returning,House Showpiece Plant,2,79.98
2026-03-14,FL,Returning,Knoll Saarinen Executive Conference Chair,1,499.99
2026-03-14,FL,Returning,Cooking Oil,1,4.99
2026-03-14,FL,Returning,House Showpiece Plant,3,119.97
2026-03-14,NY,VIP,Strawberry,1,3.99
2026-03-14,NY,VIP,Pan,2,49.98
2026-03-14,NY,VIP,Asus Zenbook Pro Dual Screen Laptop,2,3599.98
2026-03-14,NY,VIP,Tissue Paper Box,2,4.98
2026-03-14,NY,VIP,Mulberry,1,4.99
2026-03-14,NY,VIP,Chicken Meat,3,29.97
2026-03-14,NY,VIP,Lenovo Yoga 920,3,3299.97
2026-03-14,NY,VIP,Eggs,2,5.98
2026-03-14,WA,VIP,Annibale Colombo Bed,1,1899.99
2026-03-14,WA,VIP,Black Whisk,2,19.98
2026-03-14,WA,VIP,Wooden Bathroom Sink With Mirror,3,2399.97
2026-03-14,CA,New,Chopping Board,2,25.98
2026-03-14,CA,New,Carbon Steel Wok,2,59.98
2026-03-14,CA,New,Mug Tree Stand,2,31.98
2026-03-14,NY,New,Red Onions,3,5.97
2026-03-14,NY,New,Dolce Shine Eau de,1,69.99
2026-03-14,FL,New,Powder Canister,3,44.97
2026-03-14,FL,New,Plant Pot,1,14.99
2026-03-14,FL,New,Silver Pot With Glass Cap,3,119.97
2026-03-14,FL,New,Potatoes,1,2.29
2026-03-14,WA,VIP,Gucci Bloom Eau de,1,79.99
2026-03-14,WA,VIP,Grater Black,2,21.98
2026-03-14,WA,VIP,Decoration Swing,3,179.97
2026-03-14,CA,New,Tray,3,50.97
2026-03-14,CA,New,Spoon,3,14.97
2026-03-14,CA,New,Electric Stove,3,149.97
2026-03-14,CA,New,Yellow Peeler,2,11.98
2026-03-14,CA,New,Glass,1,4.99
2026-03-14,MO,Returning,Nike Air Jordan 1 Red And Black,3,449.97
2026-03-14,TX,Returning,Red Lipstick,3,38.97
2026-03-14,TX,Returning,Plate,1,3.99
2026-03-14,TX,Returning,Mug Tree Stand,3,47.97
2026-03-14,TX,Returning,House Showpiece Plant,3,119.97
2026-03-14,IL,Returning,Bamboo Spatula,1,7.99
2026-03-14,IL,Returning,Knoll Saarinen Executive Conference Chair,2,999.98
2026-03-14,FL,Returning,Knoll Saarinen Executive Conference Chair,1,499.99
2026-03-14,IL,VIP,Lenovo Yoga 920,2,2199.98
2026-03-14,IL,VIP,Rolex Submariner Watch,2,27999.98
2026-03-14,IL,VIP,Apple Airpods,2,259.98
2026-03-14,FL,New,Nike Baseball Cleats,2,159.98
2026-03-14,FL,New,Dolce Shine Eau de,2,139.98
2026-03-14,FL,New,Apple MacBook Pro 14 Inch Space Grey,1,1999.99
2026-03-14,FL,New,Protein Powder,1,19.99
2026-03-14,NY,VIP,Red Onions,1,1.99
2026-03-14,NY,VIP,Slotted Turner,2,17.98
2026-03-14,CA,Returning,House Showpiece Plant,3,119.97
2026-03-14,CA,Returning,Soft Drinks,3,5.97
2026-03-14,CA,Returning,Lunch Box,3,38.97
2026-03-14,CA,Returning,Spice Rack,1,19.99
2026-03-14,TX,Returning,Fish Steak,1,14.99
2026-03-14,TX,Returning,Asus Zenbook Pro Dual Screen Laptop,1,1799.99
2026-03-14,NY,VIP,Strawberry,1,3.99
2026-03-14,NY,VIP,Bamboo Spatula,2,15.98
2026-03-14,NY,VIP,Protein Powder,2,39.98
2026-03-14,NY,VIP,Green Chili Pepper,3,2.97
2026-03-14,NY,New,Egg Slicer,3,20.97
2026-03-14,GA,Returning,Lemon,1,0.79
2026-03-14,GA,Returning,Essence Mascara Lash Princess,1,9.99
2026-03-14,GA,Returning,Eggs,1,2.99
2026-03-14,GA,Returning,Chicken Meat,3,29.97
2026-03-14,MO,Returning,Spoon,2,9.98
2026-03-14,MO,Returning,Longines Master Collection,3,4499.97
2026-03-14,GA,New,Rolex Submariner Watch,3,41999.97
2026-03-14,GA,New,Dog Food,2,21.98
2026-03-14,GA,New,Decoration Swing,2,119.98
2026-03-14,GA,New,Nike Baseball Cleats,3,239.97
2026-03-14,FL,Returning,Potatoes,1,2.29
2026-03-14,FL,Returning,Longines Master Collection,1,1499.99
2026-03-14,FL,Returning,Red Tongs,1,6.99
2026-03-14,MO,Returning,Calvin Klein CK One,1,49.99
2026-03-14,WA,VIP,Annibale Colombo Sofa,1,2499.99
2026-03-14,GA,New,Juice,3,11.97
2026-03-14,GA,New,Decoration Swing,3,179.97
2026-03-15,GA,New,Potatoes,1,2.29
2026-03-15,GA,New,Wooden Rolling Pin,3,35.97
2026-03-15,GA,New,Water,1,0.99
2026-03-15,TX,Returning,Soft Drinks,2,3.98
2026-03-15,TX,Returning,Dior J'adore,2,179.98
2026-03-15,TX,Returning,Water,3,2.97
2026-03-15,TX,Returning,Men Check Shirt,1,27.99
2026-03-15,MO,VIP,Amazon Echo Plus,3,299.97
2026-03-15,NY,New,Green Chili Pepper,3,2.97
2026-03-15,NY,New,Strawberry,1,3.99
2026-03-15,WA,Returning,House Showpiece Plant,2,79.98
2026-03-15,WA,Returning,Ice Cube Tray,3,17.97
2026-03-15,WA,Returning,Sports Sneakers Off White Red,1,109.99
2026-03-15,WA,Returning,Kiwi,3,7.47
2026-03-15,TX,New,Red Lipstick,3,38.97
2026-03-15,TX,New,Kiwi,3,7.47
2026-03-15,TX,New,Plate,1,3.99
2026-03-15,TX,New,Red Onions,1,1.99
2026-03-15,MO,Returning,Rolex Submariner Watch,2,27999.98
2026-03-15,MO,Returning,Man Short Sleeve Shirt,1,19.99
2026-03-15,MO,Returning,Lenovo Yoga 920,1,1099.99
2026-03-15,MO,Returning,Strawberry,1,3.99
2026-03-15,WA,Returning,Sports Sneakers Off White & Red,3,359.97
2026-03-15,WA,Returning,Gigabyte Aorus Men Tshirt,2,49.98
2026-03-15,MO,New,Cooking Oil,1,4.99
2026-03-15,MO,New,Glass,3,14.97
2026-03-15,MO,New,Rolex Datejust,2,21999.98
2026-03-15,MO,New,Lemon,3,2.37
2026-03-15,MO,New,Mug Tree Stand,1,15.99
2026-03-15,MO,New,Red Onions,3,5.97
2026-03-15,TX,Returning,Pan,3,74.97
2026-03-15,TX,Returning,Family Tree Photo Frame,2,59.98
2026-03-15,TX,Returning,Red Tongs,3,20.97
2026-03-15,FL,New,Red Lipstick,3,38.97
2026-03-15,FL,New,Powder Canister,2,29.98
2026-03-15,FL,New,Microwave Oven,3,269.97
2026-03-15,FL,New,Apple Airpods,1,129.99
2026-03-15,IL,VIP,Annibale Colombo Sofa,1,2499.99
2026-03-15,IL,VIP,Asus Zenbook Pro Dual Screen Laptop,2,3599.98
2026-03-15,IL,VIP,Essence Mascara Lash Princess,1,9.99
2026-03-15,IL,VIP,Knife,2,29.98
2026-03-15,NY,Returning,Men Check Shirt,3,83.97
2026-03-15,NY,Returning,Kitchen Sieve,2,15.98
2026-03-15,NY,Returning,Honey Jar,1,6.99
2026-03-15,NY,New,Grater Black,3,32.97
2026-03-15,NY,New,Red Nail Polish,3,26.97
2026-03-15,NY,New,Potatoes,1,2.29
2026-03-15,NY,New,Eyeshadow Palette with Mirror,3,59.97
2026-03-15,NY,New,Black Aluminium Cup,2,11.98
2026-03-15,NY,New,Family Tree Photo Frame,3,89.97
2026-03-15,MO,New,Brown Leather Belt Watch,3,269.97
2026-03-15,FL,VIP,Cooking Oil,2,9.98
2026-03-15,FL,VIP,Yellow Peeler,2,11.98
2026-03-15,FL,VIP,Apple,3,5.97
2026-03-15,FL,VIP,Ice Cream,2,10.98
2026-03-15,TX,New,Longines Master Collection,3,4499.97
2026-03-15,TX,New,Apple Airpods,2,259.98
2026-03-15,TX,New,Puma Future Rider Trainers,3,269.97
2026-03-15,TX,New,Chanel Coco Noir Eau De,2,259.98
2026-03-15,IL,VIP,Citrus Squeezer Yellow,1,8.99
2026-03-15,IL,VIP,Calvin Klein CK One,1,49.99
2026-03-15,IL,VIP,Black Aluminium Cup,2,11.98
2026-03-15,MO,New,New DELL XPS 13 9300 Laptop,2,2999.98
2026-03-15,MO,New,Longines Master Collection,3,4499.97
2026-03-15,MO,New,Nike Air Jordan 1 Red And Black,3,449.97
2026-03-15,WA,VIP,Red Onions,3,5.97
2026-03-15,WA,VIP,Spice Rack,1,19.99
2026-03-15,WA,VIP,Spoon,3,14.97
2026-03-15,WA,VIP,Powder Canister,3,44.97
2026-03-15,TX,VIP,Yellow Peeler,1,5.99
2026-03-15,GA,New,Bamboo Spatula,2,15.98
2026-03-15,GA,New,Pan,1,24.99
2026-03-15,GA,New,Knoll Saarinen Executive Conference Chair,1,499.99
2026-03-15,GA,New,New DELL XPS 13 9300 Laptop,1,1499.99
2026-03-15,IL,Returning,Black Aluminium Cup,1,5.99
2026-03-15,GA,Returning,Dior J'adore,1,89.99
2026-03-15,GA,Returning,Milk,3,10.47
2026-03-15,GA,Returning,Red Onions,3,5.97
2026-03-15,GA,Returning,Powder Canister,2,29.98
2026-03-15,WA,VIP,Red Nail Polish,1,8.99
2026-03-15,TX,VIP,Egg Slicer,1,6.99
2026-03-15,TX,VIP,Dior J'adore,1,89.99
2026-03-15,MO,VIP,Powder Canister,1,14.99
2026-03-15,MO,VIP,Plant Pot,2,29.98
2026-03-15,NY,New,Eyeshadow Palette with Mirror,2,39.98
2026-03-15,NY,New,Ice Cream,1,5.49
2026-03-15,MO,Returning,Huawei Matebook X Pro,1,1399.99
2026-03-15,CA,VIP,Protein Powder,1,19.99
2026-03-15,NY,VIP,Yellow Peeler,3,17.97
2026-03-15,NY,VIP,Huawei Matebook X Pro,2,2799.98
2026-03-15,NY,VIP,Kitchen Sieve,2,15.98
2026-03-15,NY,VIP,Red Tongs,1,6.99
2026-03-15,NY,VIP,Grater Black,2,21.98
2026-03-15,MO,New,House Showpiece Plant,1,39.99
2026-03-15,MO,New,Apple MacBook Pro 14 Inch Space Grey,2,3999.98
2026-03-15,MO,New,Chanel Coco Noir Eau De,1,129.99
2026-03-15,MO,New,Citrus Squeezer Yellow,2,17.98
2026-03-15,WA,Returning,Tissue Paper Box,2,4.98
2026-03-15,WA,Returning,Kiwi,2,4.98
2026-03-15,WA,Returning,Bamboo Spatula,2,15.98
2026-03-15,WA,Returning,Puma Future Rider Trainers,3,269.97
2026-03-15,IL,VIP,Green Bell Pepper,3,3.87
2026-03-15,IL,VIP,Men Check Shirt,2,55.98
2026-03-15,FL,VIP,Soft Drinks,2,3.98
2026-03-15,TX,VIP,Amazon Echo Plus,3,299.97
2026-03-15,TX,VIP,Egg Slicer,3,20.97
2026-03-15,TX,VIP,House Showpiece Plant,3,119.97
2026-03-15,GA,New,Chopping Board,1,12.99
2026-03-15,GA,New,Black Whisk,3,29.97
2026-03-15,IL,Returning,Juice,1,3.99
2026-03-16,GA,VIP,Grater Black,3,32.97
2026-03-16,GA,VIP,Protein Powder,2,39.98
2026-03-16,FL,Returning,Dog Food,1,10.99
2026-03-16,FL,Returning,Annibale Colombo Sofa,3,7499.97
2026-03-16,FL,Returning,Microwave Oven,1,89.99
2026-03-16,GA,New,Red Tongs,1,6.99
2026-03-16,GA,New,Gucci Bloom Eau de,3,239.97
2026-03-16,GA,New,Gigabyte Aorus Men Tshirt,3,74.97
2026-03-16,GA,New,Huawei Matebook X Pro,3,4199.97
2026-03-16,FL,Returning,Milk,3,10.47
2026-03-16,FL,Returning,Bamboo Spatula,3,23.97
2026-03-16,WA,Returning,Puma Future Rider Trainers,1,89.99
2026-03-16,WA,Returning,Milk,2,6.98
2026-03-16,WA,Returning,Man Plaid Shirt,2,69.98
2026-03-16,WA,Returning,Table Lamp,3,149.97
2026-03-16,IL,New,Tray,1,16.99
2026-03-16,MO,VIP,Huawei Matebook X Pro,3,4199.97
2026-03-16,MO,VIP,Yellow Peeler,3,17.97
2026-03-16,MO,VIP,House Showpiece Plant,3,119.97
2026-03-16,GA,New,Knife,3,44.97
2026-03-16,GA,New,Green Bell Pepper,1,1.29
2026-03-16,GA,New,Puma Future Rider Trainers,1,89.99
2026-03-16,GA,New,Mug Tree Stand,3,47.97
2026-03-16,GA,New,Brown Leather Belt Watch,1,89.99
2026-03-16,GA,New,Dog Food,1,10.99
2026-03-16,GA,New,Rolex Cellini Date Black Dial,3,26999.97
2026-03-16,GA,New,Lemon,3,2.37
2026-03-16,MO,Returning,Potatoes,1,2.29
2026-03-16,MO,Returning,Longines Master Collection,2,2999.98
2026-03-16,MO,Returning,Fine Mesh Strainer,3,29.97
2026-03-16,MO,Returning,New DELL XPS 13 9300 Laptop,3,4499.97
2026-03-16,CA,VIP,Apple MacBook Pro 14 Inch Space Grey,2,3999.98
2026-03-16,CA,VIP,Wooden Bathroom Sink With Mirror,2,1599.98
2026-03-16,CA,VIP,Rolex Cellini Date Black Dial,1,8999.99
2026-03-16,WA,New,House Showpiece Plant,2,79.98
2026-03-16,WA,Returning,Fine Mesh Strainer,1,9.99
2026-03-16,NY,New,Chopping Board,2,25.98
2026-03-16,NY,New,Fork,1,3.99
2026-03-16,NY,New,Red Nail Polish,2,17.98
2026-03-16,NY,New,Puma Future Rider Trainers,2,179.98
2026-03-16,NY,Returning,Sports Sneakers Off White & Red,2,239.98
2026-03-16,NY,Returning,Essence Mascara Lash Princess,1,9.99
2026-03-16,NY,Returning,Red Tongs,1,6.99
2026-03-16,FL,New,Rolex Submariner Watch,2,27999.98
2026-03-16,FL,New,Green Chili Pepper,3,2.97
2026-03-16,NY,New,Calvin Klein CK One,1,49.99
2026-03-16,NY,New,Sports Sneakers Off White Red,1,109.99
2026-03-16,FL,New,Chicken Meat,3,29.97
2026-03-16,FL,New,Kiwi,1,2.49
2026-03-16,FL,New,Longines Master Collection,1,1499.99
2026-03-16,FL,New,Protein Powder,1,19.99
2026-03-16,MO,VIP,Cooking Oil,2,9.98
2026-03-16,MO,VIP,Slotted Turner,2,17.98
2026-03-16,MO,VIP,Men Check Shirt,2,55.98
2026-03-16,MO,VIP,Man Short Sleeve Shirt,2,39.98
2026-03-17,NY,New,Puma Future Rider Trainers,1,89.99
2026-03-17,NY,New,Longines Master Collection,2,2999.98
2026-03-17,GA,VIP,Protein Powder,1,19.99
2026-03-17,GA,VIP,Annibale Colombo Sofa,2,4999.98
2026-03-17,CA,New,Soft Drinks,1,1.99
2026-03-17,CA,New,Milk,2,6.98
2026-03-17,TX,Returning,Chopping Board,1,12.99
2026-03-17,TX,Returning,Water,3,2.97
2026-03-17,TX,Returning,Spoon,3,14.97
2026-03-17,TX,Returning,Egg Slicer,2,13.98
2026-03-17,NY,Returning,Protein Powder,3,59.97
2026-03-17,NY,Returning,Green Chili Pepper,2,1.98
2026-03-17,NY,New,Gigabyte Aorus Men Tshirt,2,49.98
2026-03-17,NY,New,Black Aluminium Cup,2,11.98
2026-03-17,NY,New,Cooking Oil,3,14.97
2026-03-17,NY,New,Electric Stove,3,149.97
2026-03-17,NY,Returning,Gucci Bloom Eau de,2,159.98
2026-03-17,NY,Returning,Honey Jar,1,6.99
2026-03-17,NY,Returning,Rolex Cellini Date Black Dial,3,26999.97
2026-03-17,IL,New,Essence Mascara Lash Princess,3,29.97
2026-03-17,CA,VIP,Bedside Table African Cherry,1,299.99
2026-03-17,CA,VIP,Fine Mesh Strainer,3,29.97
2026-03-17,CA,VIP,Eggs,1,2.99
2026-03-17,CA,VIP,Black Whisk,2,19.98
2026-03-17,MO,Returning,Knife,3,44.97
2026-03-17,MO,Returning,Strawberry,2,7.98
2026-03-17,MO,Returning,Electric Stove,1,49.99
2026-03-17,MO,Returning,Gucci Bloom Eau de,1,79.99
2026-03-17,TX,Returning,Honey Jar,1,6.99
2026-03-17,TX,Returning,Kitchen Sieve,1,7.99
2026-03-17,FL,Returning,Mug Tree Stand,3,47.97
2026-03-17,TX,VIP,Fine Mesh Strainer,1,9.99
2026-03-17,FL,Returning,Huawei Matebook X Pro,1,1399.99
2026-03-17,FL,Returning,Black Aluminium Cup,1,5.99
2026-03-17,FL,Returning,Grater Black,3,32.97
2026-03-17,TX,New,Pan,2,49.98
2026-03-17,TX,New,Sports Sneakers Off White Red,3,329.97
2026-03-17,FL,VIP,New DELL XPS 13 9300 Laptop,2,2999.98
2026-03-17,FL,VIP,Nescafe Coffee,1,7.99
2026-03-17,TX,New,Cooking Oil,2,9.98
2026-03-17,TX,New,Men Check Shirt,3,83.97
2026-03-17,NY,VIP,Calvin Klein CK One,1,49.99
2026-03-17,GA,VIP,Kiwi,1,2.49
2026-03-17,GA,VIP,Bamboo Spatula,2,15.98
2026-03-17,GA,VIP,Juice,1,3.99
2026-03-17,GA,VIP,Bedside Table African Cherry,1,299.99
2026-03-17,CA,VIP,Eggs,3,8.97
2026-03-17,CA,VIP,House Showpiece Plant,1,39.99
2026-03-17,CA,VIP,Annibale Colombo Sofa,3,7499.97
2026-03-17,NY,Returning,Dolce Shine Eau de,3,209.97
2026-03-17,NY,Returning,Rolex Cellini Moonphase,1,12999.99
2026-03-17,NY,Returning,Men Check Shirt,2,55.98
2026-03-17,NY,Returning,Water,2,1.98
2026-03-17,WA,New,House Showpiece Plant,1,39.99
2026-03-17,WA,New,Juice,1,3.99
2026-03-17,NY,VIP,Red Onions,3,5.97
2026-03-17,NY,VIP,Ice Cream,2,10.98
2026-03-17,WA,Returning,Knoll Saarinen Executive Conference Chair,2,999.98
2026-03-17,WA,Returning,Family Tree Photo Frame,1,29.99
2026-03-17,WA,Returning,Man Plaid Shirt,1,34.99
2026-03-17,IL,New,Grater Black,2,21.98
2026-03-17,MO,New,Boxed Blender,2,79.98
2026-03-17,MO,New,Apple MacBook Pro 14 Inch Space Grey,3,5999.97
2026-03-17,MO,New,New DELL XPS 13 9300 Laptop,2,2999.98
2026-03-17,MO,New,Milk,1,3.49
2026-03-17,IL,VIP,Annibale Colombo Bed,1,1899.99
2026-03-17,IL,VIP,Rolex Cellini Moonphase,3,38999.97
2026-03-17,IL,VIP,Pan,2,49.98
2026-03-17,IL,VIP,Strawberry,1,3.99
2026-03-17,GA,New,Longines Master Collection,1,1499.99
2026-03-17,GA,New,Lemon,3,2.37
2026-03-17,FL,Returning,Fork,3,11.97
2026-03-17,FL,Returning,Kitchen Sieve,2,15.98
2026-03-17,FL,Returning,Mulberry,1,4.99
2026-03-17,NY,VIP,Chopping Board,3,38.97
2026-03-17,NY,VIP,House Showpiece Plant,1,39.99
2026-03-17,GA,New,Nike Air Jordan 1 Red And Black,2,299.98
2026-03-17,GA,New,Powder Canister,2,29.98
2026-03-17,CA,VIP,Strawberry,1,3.99
2026-03-17,CA,VIP,Mulberry,1,4.99
2026-03-17,WA,Returning,Gigabyte Aorus Men Tshirt,3,74.97
2026-03-17,WA,Returning,Lunch Box,2,25.98
2026-03-17,WA,Returning,Grater Black,1,10.99
2026-03-17,IL,VIP,Microwave Oven,2,179.98
2026-03-17,MO,VIP,Essence Mascara Lash Princess,2,19.98
2026-03-17,MO,VIP,Potatoes,3,6.87
2026-03-17,MO,VIP,Apple,3,5.97
2026-03-17,MO,VIP,Nike Baseball Cleats,2,159.98
2026-03-17,WA,Returning,Knife,1,14.99
2026-03-17,WA,Returning,Nike Baseball Cleats,3,239.97
2026-03-17,WA,Returning,Slotted Turner,1,8.99
2026-03-17,WA,Returning,Apple,3,5.97
2026-03-17,GA,Returning,Brown Leather Belt Watch,1,89.99
2026-03-17,IL,New,Rice,1,5.99
2026-03-17,IL,New,Grater Black,2,21.98
2026-03-17,IL,New,Green Chili Pepper,1,0.99
2026-03-17,IL,New,Nike Air Jordan 1 Red And Black,2,299.98
2026-03-17,IL,New,Mulberry,1,4.99
2026-03-17,IL,New,Lenovo Yoga 920,1,1099.99
2026-03-17,IL,New,Fork,3,11.97
2026-03-17,MO,VIP,Strawberry,1,3.99
2026-03-17,MO,VIP,Plate,1,3.99
2026-03-17,GA,New,Knife,1,14.99
2026-03-17,GA,New,Honey Jar,1,6.99
2026-03-17,GA,New,Tray,3,50.97
2026-03-17,CA,VIP,Cat Food,1,8.99
2026-03-17,CA,New,Gucci Bloom Eau de,1,79.99
2026-03-17,GA,New,Plant Pot,2,29.98
2026-03-17,GA,New,Nescafe Coffee,3,23.97
2026-03-17,MO,Returning,Gigabyte Aorus Men Tshirt,1,24.99
2026-03-17,MO,Returning,Hand Blender,1,34.99
2026-03-17,MO,Returning,Milk,1,3.49
2026-03-17,MO,Returning,Electric Stove,3,149.97
2026-03-17,NY,VIP,Fork,1,3.99
2026-03-17,NY,VIP,Man Short Sleeve Shirt,3,59.97
2026-03-18,IL,New,Egg Slicer,3,20.97
2026-03-18,IL,New,Potatoes,2,4.58
2026-03-18,IL,New,House Showpiece Plant,2,79.98
2026-03-18,IL,New,Dog Food,2,21.98
2026-03-18,MO,Returning,Blue & Black Check Shirt,1,29.99
2026-03-18,MO,Returning,Fine Mesh Strainer,1,9.99
2026-03-18,MO,Returning,Apple MacBook Pro 14 Inch Space Grey,3,5999.97
2026-03-18,MO,Returning,Dolce Shine Eau de,1,69.99
2026-03-18,NY,VIP,Fork,1,3.99
2026-03-18,GA,VIP,Huawei Matebook X Pro,2,2799.98
2026-03-18,GA,VIP,Lenovo Yoga 920,1,1099.99
2026-03-18,GA,VIP,Chanel Coco Noir Eau De,3,389.97
2026-03-18,IL,VIP,Nike Baseball Cleats,3,239.97
2026-03-18,IL,VIP,Dog Food,3,32.97
2026-03-18,IL,VIP,Apple MacBook Pro 14 Inch Space Grey,2,3999.98
2026-03-18,IL,VIP,Bamboo Spatula,1,7.99
2026-03-18,NY,Returning,Dog Food,1,10.99
2026-03-18,NY,Returning,Black Aluminium Cup,3,17.97
2026-03-18,NY,Returning,Nescafe Coffee,3,23.97
2026-03-18,NY,Returning,Plate,2,7.98
2026-03-18,NY,VIP,Red Lipstick,1,12.99
2026-03-18,NY,VIP,Blue & Black Check Shirt,3,89.97
2026-03-18,NY,VIP,Dolce Shine Eau de,3,209.97
2026-03-18,FL,VIP,Red Lipstick,2,25.98
2026-03-18,FL,VIP,Apple,2,3.98
2026-03-18,FL,VIP,Decoration Swing,1,59.99
2026-03-18,FL,VIP,Beef Steak,2,25.98
2026-03-18,GA,New,Fork,2,7.98
2026-03-18,GA,New,Carbon Steel Wok,1,29.99
2026-03-18,GA,New,Plant Pot,3,44.97
2026-03-18,IL,VIP,Juice,2,7.98
2026-03-18,IL,VIP,Red Tongs,1,6.99
2026-03-18,IL,VIP,Nike Air Jordan 1 Red And Black,3,449.97
2026-03-18,IL,VIP,Nescafe Coffee,3,23.97
2026-03-18,NY,VIP,Hand Blender,2,69.98
2026-03-18,NY,VIP,Nike Air Jordan 1 Red And Black,2,299.98
2026-03-18,NY,VIP,Mulberry,1,4.99
2026-03-18,NY,VIP,Green Bell Pepper,2,2.58
2026-03-18,FL,Returning,Fork,2,7.98
2026-03-18,FL,Returning,Red Lipstick,2,25.98
2026-03-18,TX,Returning,Lemon,2,1.58
2026-03-18,NY,VIP,Cucumber,3,4.47
2026-03-18,NY,VIP,Cat Food,1,8.99
2026-03-18,NY,VIP,Red Lipstick,3,38.97
2026-03-18,NY,VIP,Grater Black,1,10.99
2026-03-18,IL,VIP,Dior J'adore,3,269.97
2026-03-18,IL,VIP,Man Short Sleeve Shirt,1,19.99
2026-03-18,TX,VIP,Soft Drinks,2,3.98
2026-03-18,TX,VIP,Table Lamp,1,49.99
2026-03-18,TX,VIP,Plant Pot,2,29.98
2026-03-18,TX,VIP,Honey Jar,1,6.99
2026-03-18,GA,New,Decoration Swing,2,119.98
2026-03-18,GA,New,Silver Pot With Glass Cap,2,79.98
2026-03-18,FL,New,Spice Rack,1,19.99
2026-03-18,FL,New,Amazon Echo Plus,3,299.97
2026-03-18,TX,Returning,Powder Canister,2,29.98
2026-03-18,TX,Returning,Green Chili Pepper,1,0.99
2026-03-18,TX,Returning,Bedside Table African Cherry,3,899.97
2026-03-18,TX,Returning,Black Whisk,3,29.97
2026-03-18,IL,VIP,Green Bell Pepper,2,2.58
2026-03-18,IL,VIP,Fine Mesh Strainer,1,9.99
2026-03-18,IL,VIP,Cooking Oil,1,4.99
2026-03-18,IL,VIP,Tissue Paper Box,3,7.47
2026-03-18,NY,Returning,Pan,1,24.99
2026-03-18,NY,Returning,Annibale Colombo Sofa,3,7499.97
2026-03-18,NY,Returning,Chanel Coco Noir Eau De,1,129.99
2026-03-18,NY,Returning,Kiwi,3,7.47
2026-03-18,TX,Returning,Fork,2,7.98
2026-03-18,TX,Returning,Pan,2,49.98
2026-03-18,MO,VIP,Electric Stove,2,99.98
2026-03-18,MO,VIP,Strawberry,3,11.97
2026-03-18,FL,New,Dog Food,3,32.97
2026-03-18,FL,New,Red Tongs,2,13.98
2026-03-18,NY,VIP,Mulberry,1,4.99
2026-03-18,NY,VIP,Rice,1,5.99
2026-03-18,NY,VIP,Soft Drinks,2,3.98
2026-03-18,NY,VIP,Calvin Klein CK One,2,99.98
2026-03-18,CA,Returning,Wooden Bathroom Sink With Mirror,3,2399.97
2026-03-18,CA,Returning,Powder Canister,2,29.98
2026-03-18,CA,New,Kitchen Sieve,3,23.97
2026-03-18,CA,New,Microwave Oven,1,89.99
2026-03-18,CA,New,Carbon Steel Wok,2,59.98
2026-03-18,IL,VIP,Electric Stove,1,49.99
2026-03-19,FL,VIP,Soft Drinks,1,1.99
2026-03-19,TX,VIP,Men Check Shirt,1,27.99
2026-03-19,TX,VIP,Grater Black,3,32.97
2026-03-19,CA,VIP,Plant Pot,1,14.99
2026-03-19,CA,VIP,Potatoes,3,6.87
2026-03-19,CA,VIP,Mug Tree Stand,1,15.99
2026-03-19,CA,VIP,Nike Baseball Cleats,2,159.98
2026-03-19,CA,Returning,Hand Blender,1,34.99
2026-03-19,CA,Returning,Blue & Black Check Shirt,3,89.97
2026-03-19,CA,Returning,Egg Slicer,3,20.97
2026-03-19,CA,Returning,Red Lipstick,2,25.98
2026-03-19,WA,New,Carbon Steel Wok,3,89.97
2026-03-19,WA,New,Knoll Saarinen Executive Conference Chair,3,1499.97
2026-03-19,WA,New,Nescafe Coffee,2,15.98
2026-03-19,IL,VIP,Essence Mascara Lash Princess,1,9.99
2026-03-19,IL,VIP,Huawei Matebook X Pro,3,4199.97
2026-03-19,IL,VIP,Dog Food,3,32.97
2026-03-19,IL,VIP,Eggs,3,8.97
2026-03-19,FL,New,Chopping Board,3,38.97
2026-03-19,GA,VIP,Cooking Oil,3,14.97
2026-03-19,GA,VIP,Wooden Rolling Pin,1,11.99
2026-03-19,GA,VIP,Red Nail Polish,2,17.98
2026-03-19,GA,VIP,Amazon Echo Plus,2,199.98
2026-03-19,MO,New,Longines Master Collection,2,2999.98
2026-03-19,MO,New,Knife,2,29.98
2026-03-19,CA,New,Cooking Oil,1,4.99
2026-03-19,CA,VIP,Mulberry,3,14.97
2026-03-19,FL,Returning,Red Tongs,2,13.98
2026-03-19,MO,New,Cucumber,3,4.47
2026-03-19,MO,New,Rolex Cellini Moonphase,1,12999.99
2026-03-19,GA,New,Kitchen Sieve,3,23.97
2026-03-19,GA,New,Knife,1,14.99
2026-03-19,GA,New,Plate,2,7.98
2026-03-19,NY,Returning,Beef Steak,1,12.99
2026-03-19,GA,VIP,Knife,1,14.99
2026-03-19,GA,VIP,Nike Baseball Cleats,3,239.97
2026-03-19,GA,VIP,Kitchen Sieve,1,7.99
2026-03-19,FL,VIP,Tissue Paper Box,3,7.47
2026-03-19,FL,VIP,Citrus Squeezer Yellow,1,8.99
2026-03-19,FL,VIP,Silver Pot With Glass Cap,3,119.97
2026-03-19,FL,VIP,Rolex Cellini Date Black Dial,1,8999.99
2026-03-19,CA,New,Grater Black,2,21.98
2026-03-19,MO,New,Annibale Colombo Sofa,2,4999.98
2026-03-19,MO,New,Rolex Datejust,2,21999.98
2026-03-19,CA,New,Mulberry,2,9.98
2026-03-19,FL,New,Chopping Board,2,25.98
2026-03-19,MO,VIP,Blue & Black Check Shirt,1,29.99
2026-03-19,GA,New,Annibale Colombo Bed,2,3799.98
2026-03-19,IL,VIP,Gucci Bloom Eau de,3,239.97
2026-03-19,WA,New,Apple,1,1.99
2026-03-19,WA,New,Apple Airpods,3,389.97
2026-03-19,WA,New,Brown Leather Belt Watch,1,89.99
2026-03-19,FL,Returning,Cat Food,1,8.99
2026-03-19,FL,Returning,Green Chili Pepper,2,1.98
2026-03-19,FL,Returning,Dolce Shine Eau de,3,209.97
2026-03-19,FL,Returning,Puma Future Rider Trainers,2,179.98
2026-03-19,FL,Returning,Family Tree Photo Frame,3,89.97
2026-03-19,IL,VIP,Chanel Coco Noir Eau De,2,259.98
2026-03-19,IL,VIP,Apple MacBook Pro 14 Inch Space Grey,1,1999.99
2026-03-19,IL,VIP,Essence Mascara Lash Princess,3,29.97
2026-03-19,MO,VIP,Essence Mascara Lash Princess,1,9.99
2026-03-19,MO,VIP,Soft Drinks,1,1.99
2026-03-19,MO,VIP,Eggs,3,8.97
2026-03-19,MO,VIP,New DELL XPS 13 9300 Laptop,3,4499.97
2026-03-19,FL,Returning,Fish Steak,3,44.97
2026-03-19,FL,Returning,Lenovo Yoga 920,2,2199.98
2026-03-19,FL,Returning,Fork,1,3.99
2026-03-19,FL,Returning,Essence Mascara Lash Princess,3,29.97
2026-03-19,GA,New,Cooking Oil,1,4.99
2026-03-19,GA,New,Knife,1,14.99
2026-03-19,IL,Returning,Gigabyte Aorus Men Tshirt,1,24.99
2026-03-19,IL,Returning,Wooden Rolling Pin,2,23.98
2026-03-19,IL,Returning,Man Short Sleeve Shirt,1,19.99
2026-03-19,IL,Returning,Cucumber,1,1.49
2026-03-19,NY,New,Family Tree Photo Frame,1,29.99
2026-03-19,NY,New,Eyeshadow Palette with Mirror,2,39.98
2026-03-19,NY,New,Chicken Meat,1,9.99
2026-03-19,TX,Returning,Fork,2,7.98
2026-03-19,TX,Returning,Apple MacBook Pro 14 Inch Space Grey,1,1999.99
2026-03-19,TX,Returning,Gigabyte Aorus Men Tshirt,3,74.97
2026-03-19,CA,Returning,Wooden Bathroom Sink With Mirror,1,799.99
2026-03-19,FL,VIP,Rice,2,11.98
2026-03-19,FL,VIP,Red Nail Polish,3,26.97
2026-03-19,FL,VIP,Table Lamp,2,99.98
2026-03-19,FL,VIP,Wooden Rolling Pin,1,11.99
2026-03-19,NY,New,Grater Black,3,32.97
2026-03-19,NY,New,Nike Baseball Cleats,1,79.99
2026-03-19,NY,New,Blue & Black Check Shirt,1,29.99
2026-03-19,TX,Returning,Eyeshadow Palette with Mirror,3,59.97
2026-03-19,TX,Returning,Grater Black,3,32.97
2026-03-19,TX,Returning,Eggs,2,5.98
2026-03-19,IL,VIP,Annibale Colombo Sofa,3,7499.97
2026-03-19,NY,Returning,Fine Mesh Strainer,3,29.97
2026-03-19,NY,Returning,Dog Food,3,32.97
2026-03-19,NY,Returning,Annibale Colombo Sofa,2,4999.98
2026-03-19,NY,Returning,Nike Air Jordan 1 Red And Black,3,449.97
2026-03-19,CA,Returning,Slotted Turner,1,8.99
2026-03-19,CA,Returning,Green Chili Pepper,2,1.98
2026-03-19,CA,Returning,Sports Sneakers Off White Red,2,219.98
2026-03-19,CA,Returning,Black Aluminium Cup,1,5.99
2026-03-19,WA,New,Lunch Box,2,25.98
2026-03-19,WA,New,Kitchen Sieve,1,7.99
2026-03-19,WA,New,Wooden Bathroom Sink With Mirror,3,2399.97
2026-03-19,MO,New,Knife,3,44.97
2026-03-19,FL,VIP,Nescafe Coffee,1,7.99
2026-03-19,WA,New,Red Lipstick,3,38.97
2026-03-19,WA,New,Potatoes,2,4.58
2026-03-19,WA,New,Rolex Submariner Watch,3,41999.97
2026-03-19,TX,VIP,Red Lipstick,2,25.98
2026-03-19,NY,Returning,Calvin Klein CK One,1,49.99
2026-03-19,NY,Returning,Table Lamp,1,49.99
2026-03-19,NY,Returning,Dior J'adore,3,269.97
2026-03-19,NY,Returning,Red Tongs,1,6.99
2026-03-19,FL,New,Powder Canister,1,14.99
2026-03-19,GA,Returning,Boxed Blender,2,79.98
2026-03-19,GA,Returning,Man Short Sleeve Shirt,1,19.99
2026-03-19,FL,VIP,Lenovo Yoga 920,1,1099.99
2026-03-19,FL,VIP,Calvin Klein CK One,1,49.99
2026-03-19,FL,VIP,Longines Master Collection,3,4499.97
2026-03-19,FL,VIP,Knoll Saarinen Executive Conference Chair,1,499.99
2026-03-19,WA,Returning,Tray,2,33.98
2026-03-19,IL,VIP,Powder Canister,2,29.98
2026-03-19,FL,VIP,Grater Black,3,32.97
2026-03-19,FL,VIP,Gigabyte Aorus Men Tshirt,1,24.99
2026-03-19,FL,VIP,Strawberry,3,11.97
2026-03-19,FL,VIP,Hand Blender,3,104.97
2026-03-19,TX,Returning,Knoll Saarinen Executive Conference Chair,1,499.99
2026-03-19,TX,Returning,Mulberry,2,9.98
2026-03-19,TX,Returning,Kiwi,3,7.47
2026-03-19,TX,Returning,Juice,3,11.97
2026-03-19,IL,Returning,Gigabyte Aorus Men Tshirt,2,49.98
2026-03-19,IL,Returning,Plant Pot,3,44.97
2026-03-19,IL,Returning,Green Bell Pepper,3,3.87
2026-03-19,IL,Returning,Puma Future Rider Trainers,1,89.99
2026-03-19,IL,Returning,Beef Steak,1,12.99
2026-03-19,TX,New,Nike Baseball Cleats,3,239.97
2026-03-19,FL,New,Man Plaid Shirt,1,34.99
2026-03-19,FL,New,Chicken Meat,2,19.98
2026-03-19,WA,New,Huawei Matebook X Pro,3,4199.97
2026-03-19,WA,New,Brown Leather Belt Watch,1,89.99
2026-03-19,WA,New,Pan,3,74.97
2026-03-19,FL,Returning,Mulberry,3,14.97
2026-03-19,FL,New,Table Lamp,1,49.99
2026-03-19,FL,VIP,Soft Drinks,2,3.98
2026-03-19,FL,VIP,Lunch Box,1,12.99
2026-03-19,FL,VIP,Silver Pot With Glass Cap,2,79.98
2026-03-19,CA,VIP,Kitchen Sieve,2,15.98
2026-03-19,NY,New,Juice,1,3.99
2026-03-19,NY,New,Eggs,1,2.99
2026-03-19,NY,New,Annibale Colombo Bed,2,3799.98
2026-03-19,NY,VIP,Fine Mesh Strainer,2,19.98
2026-03-19,WA,Returning,Fork,2,7.98
2026-03-19,WA,Returning,Ice Cube Tray,1,5.99
2026-03-19,WA,Returning,Apple MacBook Pro 14 Inch Space Grey,1,1999.99
2026-03-19,WA,Returning,Kiwi,1,2.49
2026-03-19,GA,Returning,Longines Master Collection,3,4499.97
2026-03-20,GA,New,Rolex Cellini Moonphase,1,12999.99
2026-03-20,GA,New,Chanel Coco Noir Eau De,3,389.97
2026-03-20,NY,VIP,Pan,1,24.99
2026-03-20,NY,VIP,Red Tongs,1,6.99
2026-03-20,NY,VIP,Apple Airpods,1,129.99
2026-03-20,NY,VIP,Soft Drinks,2,3.98
2026-03-20,NY,Returning,Nike Baseball Cleats,1,79.99
2026-03-20,NY,Returning,Mulberry,2,9.98
2026-03-20,NY,Returning,Annibale Colombo Sofa,2,4999.98
2026-03-20,TX,VIP,Mug Tree Stand,2,31.98
2026-03-20,TX,VIP,Fish Steak,1,14.99
2026-03-20,TX,VIP,Wooden Bathroom Sink With Mirror,2,1599.98
2026-03-20,TX,VIP,Dior J'adore,1,89.99
2026-03-20,GA,VIP,Apple Airpods,2,259.98
2026-03-20,GA,VIP,Fork,3,11.97
2026-03-20,GA,VIP,Mulberry,2,9.98
2026-03-20,WA,VIP,Black Aluminium Cup,1,5.99
2026-03-20,CA,VIP,Ice Cube Tray,2,11.98
2026-03-20,CA,Returning,Plant Pot,2,29.98
2026-03-20,CA,VIP,Green Chili Pepper,2,1.98
2026-03-20,GA,New,Beef Steak,3,38.97
2026-03-20,GA,New,Bedside Table African Cherry,2,599.98
2026-03-20,GA,New,Grater Black,3,32.97
2026-03-20,FL,New,Lemon,3,2.37
2026-03-20,FL,New,Chopping Board,2,25.98
2026-03-20,FL,New,Plant Pot,2,29.98
2026-03-20,GA,New,Citrus Squeezer Yellow,2,17.98
2026-03-20,CA,Returning,Sports Sneakers Off White Red,3,329.97
2026-03-20,CA,Returning,Black Whisk,2,19.98
2026-03-20,CA,Returning,Huawei Matebook X Pro,2,2799.98
2026-03-20,CA,Returning,Men Check Shirt,1,27.99
2026-03-20,IL,Returning,Mug Tree Stand,2,31.98
2026-03-20,IL,Returning,Fork,2,7.98
2026-03-20,NY,VIP,Longines Master Collection,1,1499.99
2026-03-20,NY,VIP,Eyeshadow Palette with Mirror,1,19.99
2026-03-20,MO,VIP,Dior J'adore,2,179.98
2026-03-20,MO,VIP,Gigabyte Aorus Men Tshirt,3,74.97
2026-03-20,NY,VIP,Dolce Shine Eau de,2,139.98
2026-03-20,NY,VIP,Kiwi,2,4.98
2026-03-20,IL,New,Ice Cube Tray,2,11.98
2026-03-20,IL,New,Puma Future Rider Trainers,2,179.98
2026-03-20,IL,New,Black Whisk,1,9.99
2026-03-20,IL,New,Silver Pot With Glass Cap,1,39.99
2026-03-20,FL,VIP,Man Plaid Shirt,3,104.97
2026-03-20,FL,VIP,Strawberry,2,7.98
2026-03-20,FL,VIP,Spoon,3,14.97
2026-03-20,GA,VIP,Black Aluminium Cup,3,17.97
2026-03-20,GA,VIP,Sports Sneakers Off White & Red,3,359.97
2026-03-20,NY,VIP,Honey Jar,3,20.97
2026-03-20,CA,New,Lenovo Yoga 920,1,1099.99
2026-03-20,WA,New,Cooking Oil,3,14.97
2026-03-20,TX,Returning,Gigabyte Aorus Men Tshirt,2,49.98
2026-03-20,MO,Returning,Slotted Turner,3,26.97
2026-03-20,TX,New,Rolex Cellini Date Black Dial,1,8999.99
2026-03-20,TX,New,Gucci Bloom Eau de,2,159.98
2026-03-20,TX,New,Hand Blender,3,104.97
2026-03-20,MO,New,Rolex Submariner Watch,2,27999.98
2026-03-20,MO,New,Mug Tree Stand,2,31.98
2026-03-20,FL,Returning,Essence Mascara Lash Princess,2,19.98
2026-03-20,FL,Returning,New DELL XPS 13 9300 Laptop,1,1499.99
2026-03-20,FL,Returning,Family Tree Photo Frame,1,29.99
2026-03-20,FL,Returning,Water,1,0.99
2026-03-20,GA,New,Fork,3,11.97
2026-03-20,GA,New,Water,1,0.99
2026-03-20,GA,New,Gigabyte Aorus Men Tshirt,2,49.98
2026-03-20,TX,Returning,Grater Black,3,32.97
2026-03-20,TX,Returning,Cat Food,2,17.98
2026-03-20,GA,New,Chicken Meat,2,19.98
2026-03-20,GA,New,Black Whisk,3,29.97
2026-03-20,GA,New,Puma Future Rider Trainers,3,269.97
2026-03-20,CA,New,Table Lamp,1,49.99
2026-03-20,MO,VIP,Potatoes,1,2.29
2026-03-20,MO,VIP,Asus Zenbook Pro Dual Screen Laptop,2,3599.98
2026-03-20,MO,VIP,Powder Canister,2,29.98
2026-03-20,MO,VIP,Dog Food,3,32.97
2026-03-20,CA,New,New DELL XPS 13 9300 Laptop,3,4499.97
2026-03-20,CA,New,Milk,3,10.47
2026-03-20,CA,New,Man Short Sleeve Shirt,3,59.97
2026-03-20,CA,New,Cooking Oil,3,14.97
2026-03-20,WA,Returning,Knoll Saarinen Executive Conference Chair,2,999.98
2026-03-20,FL,VIP,Black Aluminium Cup,3,17.97
2026-03-20,FL,VIP,Essence Mascara Lash Princess,3,29.97
2026-03-20,FL,VIP,Potatoes,2,4.58
2026-03-20,FL,VIP,Lenovo Yoga 920,2,2199.98
2026-03-20,MO,VIP,Sports Sneakers Off White Red,3,329.97
2026-03-20,MO,VIP,Citrus Squeezer Yellow,3,26.97
2026-03-20,CA,VIP,Bedside Table African Cherry,2,599.98
2026-03-20,CA,VIP,House Showpiece Plant,1,39.99
2026-03-20,NY,VIP,Rolex Submariner Watch,2,27999.98
2026-03-20,MO,New,Ice Cube Tray,3,17.97
2026-03-20,MO,New,Kitchen Sieve,3,23.97
2026-03-20,MO,New,Silver Pot With Glass Cap,1,39.99
2026-03-20,MO,New,Red Lipstick,1,12.99
2026-03-20,IL,New,Nescafe Coffee,1,7.99
2026-03-20,IL,New,Ice Cream,1,5.49
2026-03-20,IL,New,Dior J'adore,2,179.98
2026-03-20,TX,Returning,Eggs,2,5.98
2026-03-20,TX,Returning,Carbon Steel Wok,1,29.99
2026-03-20,TX,Returning,Sports Sneakers Off White Red,1,109.99
2026-03-20,WA,VIP,Nike Baseball Cleats,1,79.99
2026-03-20,WA,VIP,Nescafe Coffee,3,23.97
2026-03-20,WA,VIP,Sports Sneakers Off White Red,2,219.98
2026-03-20,WA,VIP,Essence Mascara Lash Princess,1,9.99
2026-03-20,CA,Returning,Plant Pot,1,14.99
2026-03-20,CA,Returning,Lemon,3,2.37
2026-03-20,CA,Returning,Wooden Bathroom Sink With Mirror,2,1599.98
2026-03-20,CA,Returning,Lunch Box,1,12.99
2026-03-20,TX,Returning,Soft Drinks,1,1.99
2026-03-20,TX,Returning,Red Tongs,1,6.99
2026-03-20,TX,Returning,Fork,2,7.98
2026-03-20,TX,Returning,Black Whisk,3,29.97
2026-03-20,IL,VIP,Lunch Box,1,12.99
2026-03-20,IL,VIP,Nike Baseball Cleats,3,239.97
2026-03-20,IL,VIP,Milk,3,10.47
2026-03-20,IL,VIP,Lenovo Yoga 920,2,2199.98
2026-03-20,NY,New,Wooden Bathroom Sink With Mirror,1,799.99
2026-03-20,NY,New,Decoration Swing,3,179.97
2026-03-20,NY,New,Knoll Saarinen Executive Conference Chair,1,499.99
2026-03-20,NY,New,Dior J'adore,2,179.98
2026-03-20,NY,Returning,Red Nail Polish,3,26.97
2026-03-20,NY,Returning,Man Plaid Shirt,2,69.98
2026-03-20,NY,New,Rolex Cellini Date Black Dial,1,8999.99
2026-03-20,NY,New,Longines Master Collection,2,2999.98
2026-03-20,NY,New,Grater Black,3,32.97
2026-03-20,NY,New,Dolce Shine Eau de,3,209.97
2026-03-20,TX,VIP,Fork,3,11.97
2026-03-20,TX,VIP,Gigabyte Aorus Men Tshirt,1,24.99
2026-03-20,TX,VIP,Table Lamp,3,149.97
2026-03-20,TX,VIP,Nescafe Coffee,1,7.99
2026-03-20,FL,New,Annibale Colombo Bed,1,1899.99
2026-03-20,FL,New,Plate,1,3.99
2026-03-20,GA,VIP,Rolex Datejust,1,10999.99
2026-03-20,GA,VIP,Chanel Coco Noir Eau De,2,259.98
2026-03-20,GA,VIP,Wooden Rolling Pin,2,23.98
2026-03-20,GA,VIP,Amazon Echo Plus,2,199.98
2026-03-20,CA,Returning,Mulberry,1,4.99
2026-03-20,CA,Returning,Pan,1,24.99
2026-03-20,CA,Returning,Brown Leather Belt Watch,2,179.98
2026-03-20,TX,VIP,Rolex Submariner Watch,3,41999.97
2026-03-20,TX,VIP,Strawberry,3,11.97
2026-03-20,NY,Returning,Asus Zenbook Pro Dual Screen Laptop,3,5399.97
2026-03-20,NY,Returning,Powder Canister,1,14.99
2026-03-20,NY,Returning,Lenovo Yoga 920,2,2199.98
2026-03-20,TX,New,Dolce Shine Eau de,2,139.98
2026-03-20,FL,VIP,Rolex Cellini Moonphase,3,38999.97
2026-03-20,FL,VIP,Glass,3,14.97
2026-03-20,IL,VIP,Tissue Paper Box,3,7.47
2026-03-20,FL,New,Milk,2,6.98
2026-03-20,FL,New,Protein Powder,3,59.97
2026-03-20,FL,New,Nike Air Jordan 1 Red And Black,3,449.97
2026-03-20,TX,VIP,Puma Future Rider Trainers,3,269.97
2026-03-20,MO,VIP,Lenovo Yoga 920,2,2199.98
2026-03-20,MO,VIP,Rice,2,11.98
2026-03-20,TX,VIP,Bamboo Spatula,2,15.98
2026-03-20,TX,VIP,Hand Blender,2,69.98
2026-03-20,TX,VIP,Black Aluminium Cup,2,11.98
2026-03-20,TX,VIP,Eyeshadow Palette with Mirror,2,39.98
2026-03-20,WA,Returning,Red Lipstick,2,25.98
2026-03-20,WA,Returning,Rolex Submariner Watch,2,27999.98
2026-03-20,WA,Returning,Glass,2,9.98
2026-03-20,TX,New,Table Lamp,1,49.99
2026-03-20,TX,New,Lenovo Yoga 920,3,3299.97
2026-03-20,MO,New,Men Check Shirt,1,27.99
2026-03-20,MO,New,Rolex Submariner Watch,1,13999.99
2026-03-20,FL,VIP,Eggs,1,2.99
2026-03-20,GA,New,Rice,2,11.98
2026-03-20,WA,Returning,Chanel Coco Noir Eau De,1,129.99
2026-03-20,WA,Returning,Family Tree Photo Frame,2,59.98
2026-03-20,WA,Returning,Yellow Peeler,2,11.98
2026-03-20,WA,Returning,Beef Steak,2,25.98
2026-03-21,IL,Returning,Protein Powder,2,39.98
2026-03-21,IL,VIP,Red Tongs,1,6.99
2026-03-21,MO,Returning,Potatoes,3,6.87
2026-03-21,MO,Returning,Milk,1,3.49
2026-03-21,FL,Returning,Bedside Table African Cherry,1,299.99
2026-03-21,FL,Returning,Glass,1,4.99
2026-03-21,FL,VIP,Potatoes,3,6.87
2026-03-21,FL,VIP,Puma Future Rider Trainers,1,89.99
2026-03-21,FL,Returning,Dior J'adore,1,89.99
2026-03-21,FL,Returning,Brown Leather Belt Watch,1,89.99
2026-03-21,FL,Returning,Calvin Klein CK One,3,149.97
2026-03-21,FL,Returning,Wooden Bathroom Sink With Mirror,1,799.99
2026-03-21,WA,VIP,Nescafe Coffee,1,7.99
2026-03-21,WA,VIP,Calvin Klein CK One,1,49.99
2026-03-21,WA,Returning,Lemon,1,0.79
2026-03-21,WA,Returning,Apple,1,1.99
2026-03-21,WA,Returning,Silver Pot With Glass Cap,1,39.99
2026-03-21,WA,Returning,Cat Food,3,26.97
2026-03-21,WA,Returning,Black Aluminium Cup,1,5.99
2026-03-21,NY,New,Amazon Echo Plus,2,199.98
2026-03-21,NY,New,Grater Black,2,21.98
2026-03-21,MO,Returning,Decoration Swing,3,179.97
2026-03-21,MO,Returning,Dior J'adore,1,89.99
2026-03-21,FL,Returning,Lunch Box,1,12.99
2026-03-21,TX,VIP,Red Lipstick,1,12.99
2026-03-21,TX,VIP,Red Nail Polish,2,17.98
2026-03-21,FL,VIP,Black Whisk,3,29.97
2026-03-21,GA,VIP,Table Lamp,1,49.99
2026-03-21,GA,VIP,Silver Pot With Glass Cap,3,119.97
2026-03-21,GA,VIP,Lemon,1,0.79
2026-03-21,GA,VIP,Silver Pot With Glass Cap,2,79.98
2026-03-21,GA,VIP,Apple Airpods,1,129.99
2026-03-21,GA,VIP,Mug Tree Stand,2,31.98
2026-03-21,IL,New,Essence Mascara Lash Princess,2,19.98
2026-03-21,IL,New,Mug Tree Stand,1,15.99
2026-03-21,IL,New,House Showpiece Plant,1,39.99
2026-03-21,IL,New,Lemon,2,1.58
2026-03-21,TX,VIP,Yellow Peeler,2,11.98
2026-03-21,TX,VIP,Dolce Shine Eau de,3,209.97
2026-03-21,TX,VIP,Citrus Squeezer Yellow,2,17.98
2026-03-21,TX,VIP,Black Whisk,3,29.97
2026-03-21,NY,Returning,Gigabyte Aorus Men Tshirt,3,74.97
2026-03-21,NY,Returning,Fine Mesh Strainer,1,9.99
2026-03-21,NY,New,Red Onions,1,1.99
2026-03-21,NY,New,Brown Leather Belt Watch,2,179.98
2026-03-21,NY,New,Sports Sneakers Off White & Red,3,359.97
2026-03-21,MO,New,Slotted Turner,2,17.98
2026-03-21,MO,New,Red Nail Polish,3,26.97
2026-03-21,MO,New,Rolex Cellini Date Black Dial,1,8999.99
2026-03-21,CA,New,Slotted Turner,3,26.97
2026-03-21,FL,New,Green Bell Pepper,3,3.87
2026-03-21,FL,New,Calvin Klein CK One,1,49.99
2026-03-21,FL,New,Green Chili Pepper,3,2.97
2026-03-21,FL,New,Huawei Matebook X Pro,1,1399.99
2026-03-21,FL,VIP,Pan,1,24.99
2026-03-21,FL,VIP,Rolex Cellini Moonphase,2,25999.98
2026-03-21,NY,VIP,Chopping Board,1,12.99
2026-03-21,NY,VIP,Red Tongs,1,6.99
2026-03-21,NY,VIP,Cooking Oil,1,4.99
2026-03-21,TX,VIP,Amazon Echo Plus,2,199.98
2026-03-22,CA,Returning,Bedside Table African Cherry,3,899.97
2026-03-22,CA,Returning,Tissue Paper Box,2,4.98
2026-03-22,FL,VIP,Fork,2,7.98
2026-03-22,FL,VIP,Cucumber,3,4.47
2026-03-22,FL,VIP,Calvin Klein CK One,1,49.99
2026-03-22,FL,VIP,Wooden Rolling Pin,1,11.99
2026-03-22,NY,New,Rolex Datejust,3,32999.97
2026-03-22,NY,New,Rolex Cellini Moonphase,3,38999.97
2026-03-22,NY,New,Asus Zenbook Pro Dual Screen Laptop,1,1799.99
2026-03-22,IL,New,Powder Canister,1,14.99
2026-03-22,IL,New,Bamboo Spatula,1,7.99
2026-03-22,IL,New,Fine Mesh Strainer,1,9.99
2026-03-22,IL,VIP,Rolex Submariner Watch,1,13999.99
2026-03-22,IL,VIP,Citrus Squeezer Yellow,2,17.98
2026-03-22,IL,VIP,Table Lamp,1,49.99
2026-03-22,NY,Returning,Chanel Coco Noir Eau De,2,259.98
2026-03-22,NY,Returning,Nike Baseball Cleats,3,239.97
2026-03-22,GA,New,Boxed Blender,1,39.99
2026-03-22,GA,New,Tissue Paper Box,3,7.47
2026-03-22,MO,New,Honey Jar,2,13.98
2026-03-22,MO,New,Water,1,0.99
2026-03-22,MO,New,Annibale Colombo Sofa,1,2499.99
2026-03-22,WA,Returning,Pan,1,24.99
2026-03-22,WA,Returning,Apple MacBook Pro 14 Inch Space Grey,1,1999.99
2026-03-22,WA,Returning,Green Bell Pepper,2,2.58
2026-03-22,WA,Returning,Red Nail Polish,2,17.98
2026-03-22,FL,New,Annibale Colombo Sofa,2,4999.98
2026-03-22,FL,New,Blue & Black Check Shirt,1,29.99
2026-03-22,FL,New,Wooden Rolling Pin,3,35.97
2026-03-22,MO,Returning,Nescafe Coffee,2,15.98
2026-03-22,NY,VIP,Rolex Cellini Date Black Dial,1,8999.99
2026-03-22,IL,New,Gucci Bloom Eau de,3,239.97
2026-03-22,IL,New,Strawberry,1,3.99
2026-03-22,IL,New,Tissue Paper Box,1,2.49
2026-03-22,GA,VIP,Carbon Steel Wok,3,89.97
2026-03-22,GA,VIP,Cooking Oil,3,14.97
2026-03-22,NY,New,Lunch Box,3,38.97
2026-03-22,IL,New,Wooden Rolling Pin,1,11.99
2026-03-22,IL,New,Fish Steak,3,44.97
2026-03-22,IL,New,Family Tree Photo Frame,2,59.98
2026-03-22,MO,Returning,Wooden Bathroom Sink With Mirror,1,799.99
2026-03-22,IL,Returning,Kitchen Sieve,2,15.98
2026-03-22,IL,Returning,Nescafe Coffee,2,15.98
2026-03-22,IL,Returning,Rolex Cellini Date Black Dial,1,8999.99
2026-03-22,IL,Returning,Apple Airpods,2,259.98
2026-03-22,FL,New,Nike Baseball Cleats,2,159.98
2026-03-22,FL,New,Red Lipstick,2,25.98
2026-03-22,FL,New,Dolce Shine Eau de,1,69.99
2026-03-22,TX,VIP,Cooking Oil,2,9.98
2026-03-22,TX,VIP,Spoon,2,9.98
2026-03-22,TX,VIP,Yellow Peeler,3,17.97
2026-03-22,WA,Returning,Slotted Turner,3,26.97
2026-03-22,WA,Returning,Protein Powder,1,19.99
2026-03-22,WA,Returning,Asus Zenbook Pro Dual Screen Laptop,2,3599.98
2026-03-22,MO,VIP,Tray,3,50.97
2026-03-22,MO,VIP,Potatoes,1,2.29
2026-03-22,MO,VIP,Calvin Klein CK One,2,99.98
2026-03-22,GA,VIP,Eyeshadow Palette with Mirror,1,19.99
2026-03-22,MO,Returning,Hand Blender,1,34.99
2026-03-22,MO,Returning,Powder Canister,2,29.98
2026-03-22,MO,Returning,Annibale Colombo Sofa,3,7499.97
2026-03-22,FL,VIP,Juice,1,3.99
2026-03-22,NY,Returning,Plant Pot,2,29.98
2026-03-22,WA,Returning,Tissue Paper Box,3,7.47
2026-03-22,WA,Returning,Apple MacBook Pro 14 Inch Space Grey,2,3999.98
2026-03-22,WA,Returning,Asus Zenbook Pro Dual Screen Laptop,3,5399.97
2026-03-22,IL,New,Chopping Board,3,38.97
2026-03-22,IL,New,Black Whisk,1,9.99
2026-03-22,IL,New,Man Plaid Shirt,1,34.99
2026-03-22,IL,VIP,Nike Baseball Cleats,3,239.97
2026-03-22,IL,VIP,Cooking Oil,2,9.98
2026-03-22,IL,VIP,Protein Powder,1,19.99
2026-03-22,IL,VIP,Chanel Coco Noir Eau De,2,259.98
2026-03-22,WA,Returning,Black Aluminium Cup,1,5.99
2026-03-22,WA,Returning,Men Check Shirt,2,55.98
2026-03-22,IL,New,Puma Future Rider Trainers,1,89.99
2026-03-22,IL,New,Rolex Cellini Moonphase,3,38999.97
2026-03-22,IL,New,Wooden Bathroom Sink With Mirror,2,1599.98
2026-03-22,TX,Returning,Mulberry,3,14.97
2026-03-22,TX,Returning,Tissue Paper Box,2,4.98
2026-03-22,TX,Returning,Dolce Shine Eau de,1,69.99
2026-03-22,WA,VIP,Chopping Board,1,12.99
2026-03-22,WA,VIP,Decoration Swing,1,59.99
2026-03-22,WA,Returning,Cat Food,2,17.98
2026-03-22,WA,Returning,Water,1,0.99
2026-03-22,WA,Returning,Cooking Oil,3,14.97
2026-03-22,MO,New,Red Onions,1,1.99
2026-03-22,MO,New,Chanel Coco Noir Eau De,2,259.98
2026-03-22,MO,New,Red Tongs,3,20.97
2026-03-22,WA,New,Dior J'adore,3,269.97
2026-03-22,WA,New,House Showpiece Plant,2,79.98
2026-03-22,NY,VIP,Man Short Sleeve Shirt,1,19.99
2026-03-22,NY,VIP,Black Aluminium Cup,1,5.99
2026-03-22,NY,VIP,Brown Leather Belt Watch,1,89.99
2026-03-22,NY,VIP,Spoon,2,9.98
2026-03-22,FL,VIP,Rolex Submariner Watch,3,41999.97
2026-03-22,WA,Returning,Glass,3,14.97
2026-03-22,WA,Returning,Rolex Cellini Moonphase,2,25999.98
2026-03-22,FL,Returning,Red Lipstick,2,25.98
2026-03-22,FL,Returning,Carbon Steel Wok,1,29.99
2026-03-22,FL,Returning,Nike Baseball Cleats,2,159.98
2026-03-22,TX,Returning,Rolex Cellini Date Black Dial,1,8999.99
2026-03-22,TX,Returning,Tray,2,33.98
2026-03-22,TX,Returning,Longines Master Collection,3,4499.97
2026-03-22,GA,Returning,Family Tree Photo Frame,2,59.98
2026-03-22,FL,New,Honey Jar,2,13.98
2026-03-22,FL,New,Apple,2,3.98
2026-03-22,FL,Returning,Electric Stove,2,99.98
2026-03-22,FL,Returning,Red Nail Polish,3,26.97
2026-03-22,FL,Returning,Nike Air Jordan 1 Red And Black,2,299.98
2026-03-22,NY,New,Mulberry,1,4.99
2026-03-22,NY,New,Tissue Paper Box,2,4.98
2026-03-22,NY,New,Silver Pot With Glass Cap,1,39.99
2026-03-22,IL,Returning,Family Tree Photo Frame,2,59.98
2026-03-22,IL,Returning,Tissue Paper Box,3,7.47
2026-03-22,IL,Returning,Red Tongs,3,20.97
2026-03-22,IL,Returning,Dior J'adore,1,89.99
2026-03-23,MO,Returning,Men Check Shirt,3,83.97
2026-03-23,MO,Returning,Rolex Cellini Moonphase,1,12999.99
2026-03-23,MO,Returning,Amazon Echo Plus,2,199.98
2026-03-23,FL,VIP,Mulberry,3,14.97
2026-03-23,FL,VIP,Honey Jar,2,13.98
2026-03-23,FL,VIP,Ice Cream,2,10.98
2026-03-23,NY,New,Spoon,1,4.99
2026-03-23,NY,New,Ice Cream,3,16.47
2026-03-23,MO,New,Soft Drinks,3,5.97
2026-03-23,TX,New,Ice Cube Tray,1,5.99
2026-03-23,TX,New,Kitchen Sieve,2,15.98
2026-03-23,TX,New,Red Lipstick,1,12.99
2026-03-23,TX,New,Egg Slicer,1,6.99
2026-03-23,GA,VIP,Brown Leather Belt Watch,1,89.99
2026-03-23,GA,VIP,Amazon Echo Plus,3,299.97
2026-03-23,GA,VIP,Men Check Shirt,1,27.99
2026-03-23,GA,VIP,Electric Stove,1,49.99
2026-03-23,MO,VIP,Ice Cream,2,10.98
2026-03-23,MO,VIP,Knoll Saarinen Executive Conference Chair,2,999.98
2026-03-23,MO,VIP,Green Chili Pepper,3,2.97
2026-03-23,MO,VIP,Rice,1,5.99
2026-03-23,FL,VIP,Sports Sneakers Off White Red,2,219.98
2026-03-23,MO,New,Cat Food,1,8.99
2026-03-23,GA,New,Asus Zenbook Pro Dual Screen Laptop,3,5399.97
2026-03-23,GA,New,Sports Sneakers Off White & Red,2,239.98
2026-03-23,NY,Returning,Mulberry,2,9.98
2026-03-23,NY,Returning,Eyeshadow Palette with Mirror,2,39.98
2026-03-23,NY,Returning,Wooden Bathroom Sink With Mirror,1,799.99
2026-03-23,FL,VIP,Lemon,1,0.79
2026-03-23,FL,VIP,Huawei Matebook X Pro,2,2799.98
2026-03-23,NY,VIP,Lunch Box,3,38.97
2026-03-23,NY,VIP,Bedside Table African Cherry,1,299.99
2026-03-23,NY,VIP,Soft Drinks,2,3.98
2026-03-23,NY,VIP,Microwave Oven,1,89.99
2026-03-23,CA,Returning,Silver Pot With Glass Cap,1,39.99
2026-03-23,GA,New,Puma Future Rider Trainers,3,269.97
2026-03-23,GA,New,Black Aluminium Cup,2,11.98
2026-03-23,GA,New,Plant Pot,3,44.97
2026-03-23,FL,New,Red Lipstick,1,12.99
2026-03-23,FL,New,Rolex Cellini Date Black Dial,3,26999.97
2026-03-23,FL,New,Nescafe Coffee,3,23.97
2026-03-23,GA,VIP,Sports Sneakers Off White & Red,3,359.97
2026-03-23,GA,VIP,Dior J'adore,2,179.98
2026-03-23,GA,VIP,Fine Mesh Strainer,1,9.99
2026-03-23,GA,VIP,Eyeshadow Palette with Mirror,1,19.99
2026-03-23,TX,Returning,Huawei Matebook X Pro,1,1399.99
2026-03-23,FL,VIP,Asus Zenbook Pro Dual Screen Laptop,1,1799.99
2026-03-23,FL,Returning,Kitchen Sieve,2,15.98
2026-03-23,FL,Returning,Cooking Oil,1,4.99
2026-03-23,GA,Returning,Bamboo Spatula,3,23.97
2026-03-23,GA,Returning,Asus Zenbook Pro Dual Screen Laptop,3,5399.97
2026-03-23,GA,VIP,Citrus Squeezer Yellow,2,17.98
2026-03-23,GA,VIP,Rice,1,5.99
2026-03-23,GA,VIP,Chicken Meat,2,19.98
2026-03-23,GA,VIP,Spice Rack,2,39.98
2026-03-23,FL,New,Fine Mesh Strainer,2,19.98
2026-03-23,FL,New,Rice,1,5.99
2026-03-23,IL,VIP,Citrus Squeezer Yellow,2,17.98
2026-03-23,IL,VIP,Apple Airpods,1,129.99
2026-03-23,GA,VIP,Decoration Swing,1,59.99
2026-03-23,WA,VIP,Dolce Shine Eau de,1,69.99
2026-03-23,WA,VIP,Powder Canister,1,14.99
2026-03-23,WA,VIP,Calvin Klein CK One,1,49.99
2026-03-23,WA,VIP,Rolex Datejust,3,32999.97
2026-03-23,WA,Returning,Honey Jar,2,13.98
2026-03-23,WA,Returning,House Showpiece Plant,2,79.98
2026-03-23,WA,Returning,Protein Powder,2,39.98
2026-03-23,FL,Returning,Knoll Saarinen Executive Conference Chair,2,999.98
2026-03-23,FL,Returning,Decoration Swing,2,119.98
2026-03-23,FL,Returning,Nescafe Coffee,2,15.98
2026-03-23,FL,Returning,Carbon Steel Wok,1,29.99
2026-03-23,GA,New,Soft Drinks,3,5.97
2026-03-23,GA,New,Juice,1,3.99
2026-03-23,GA,New,Man Short Sleeve Shirt,1,19.99
2026-03-23,IL,VIP,Annibale Colombo Bed,1,1899.99
2026-03-23,IL,VIP,Plant Pot,1,14.99
2026-03-23,IL,VIP,Boxed Blender,1,39.99
2026-03-23,CA,New,Plant Pot,1,14.99
2026-03-23,CA,New,Man Short Sleeve Shirt,3,59.97
2026-03-23,CA,New,Pan,2,49.98
2026-03-23,CA,New,Glass,2,9.98
2026-03-23,FL,Returning,Red Onions,1,1.99
2026-03-23,TX,New,Chicken Meat,1,9.99
2026-03-23,TX,New,Table Lamp,1,49.99
2026-03-23,MO,New,Apple Airpods,3,389.97
2026-03-23,NY,Returning,House Showpiece Plant,3,119.97
2026-03-23,NY,Returning,Potatoes,3,6.87
2026-03-23,CA,New,Decoration Swing,2,119.98
2026-03-23,CA,New,Bedside Table African Cherry,1,299.99
2026-03-23,WA,Returning,Dog Food,3,32.97
2026-03-23,WA,Returning,Apple Airpods,2,259.98
2026-03-23,WA,Returning,Annibale Colombo Sofa,1,2499.99
2026-03-23,WA,Returning,Plant Pot,3,44.97
2026-03-23,NY,New,Knoll Saarinen Executive Conference Chair,3,1499.97
2026-03-23,NY,New,Black Aluminium Cup,1,5.99
2026-03-23,NY,New,Red Tongs,3,20.97
2026-03-23,GA,New,Annibale Colombo Sofa,2,4999.98
2026-03-23,GA,New,Annibale Colombo Bed,3,5699.97
2026-03-24,WA,New,Plant Pot,2,29.98
2026-03-24,WA,New,Decoration Swing,2,119.98
2026-03-24,GA,VIP,Strawberry,2,7.98
2026-03-24,GA,VIP,Egg Slicer,3,20.97
2026-03-24,WA,New,Rolex Cellini Date Black Dial,3,26999.97
2026-03-24,WA,New,Mug Tree Stand,2,31.98
2026-03-24,WA,New,Knoll Saarinen Executive Conference Chair,2,999.98
2026-03-24,IL,VIP,Lunch Box,2,25.98
2026-03-24,IL,VIP,House Showpiece Plant,1,39.99
2026-03-24,IL,VIP,Decoration Swing,3,179.97
2026-03-24,IL,VIP,Honey Jar,2,13.98
2026-03-24,MO,VIP,Dolce Shine Eau de,2,139.98
2026-03-24,MO,VIP,Milk,3,10.47
2026-03-24,MO,VIP,Soft Drinks,1,1.99
2026-03-24,MO,VIP,Glass,3,14.97
2026-03-24,CA,New,Blue & Black Check Shirt,1,29.99
2026-03-24,FL,VIP,Essence Mascara Lash Princess,3,29.97
2026-03-24,FL,VIP,Rolex Cellini Moonphase,2,25999.98
2026-03-24,FL,VIP,Fine Mesh Strainer,3,29.97
2026-03-24,TX,VIP,Green Bell Pepper,2,2.58
2026-03-24,TX,VIP,Apple MacBook Pro 14 Inch Space Grey,2,3999.98
2026-03-24,TX,VIP,Rolex Cellini Moonphase,3,38999.97
2026-03-24,MO,New,House Showpiece Plant,1,39.99
2026-03-24,MO,New,Potatoes,2,4.58
2026-03-24,MO,New,Apple MacBook Pro 14 Inch Space Grey,2,3999.98
2026-03-24,MO,New,Wooden Rolling Pin,2,23.98
2026-03-24,TX,VIP,Cooking Oil,1,4.99
2026-03-24,TX,New,Egg Slicer,2,13.98
2026-03-24,TX,New,Nike Baseball Cleats,3,239.97
2026-03-24,IL,Returning,Protein Powder,1,19.99
2026-03-24,IL,Returning,Tray,1,16.99
2026-03-24,IL,Returning,Slotted Turner,1,8.99
2026-03-24,IL,Returning,Wooden Rolling Pin,2,23.98
2026-03-24,GA,New,Grater Black,2,21.98
2026-03-24,GA,New,Longines Master Collection,1,1499.99
2026-03-24,GA,New,Protein Powder,2,39.98
2026-03-24,GA,New,New DELL XPS 13 9300 Laptop,2,2999.98
2026-03-24,MO,New,Decoration Swing,1,59.99
2026-03-24,MO,New,Fork,1,3.99
2026-03-24,MO,New,Cooking Oil,2,9.98
2026-03-24,MO,New,Fine Mesh Strainer,3,29.97
2026-03-24,IL,New,Wooden Bathroom Sink With Mirror,2,1599.98
2026-03-24,IL,New,Dog Food,2,21.98
2026-03-24,IL,New,Rolex Submariner Watch,2,27999.98
2026-03-24,NY,VIP,Glass,2,9.98
2026-03-24,NY,VIP,Tray,2,33.98
2026-03-24,NY,VIP,Electric Stove,3,149.97
2026-03-24,CA,Returning,Lenovo Yoga 920,2,2199.98
2026-03-24,CA,Returning,Knife,1,14.99
2026-03-24,CA,Returning,Black Whisk,2,19.98
2026-03-24,NY,New,Honey Jar,1,6.99
2026-03-24,FL,Returning,Plate,3,11.97
2026-03-24,FL,Returning,Hand Blender,1,34.99
2026-03-24,FL,Returning,Honey Jar,3,20.97
2026-03-24,MO,Returning,Black Aluminium Cup,1,5.99
2026-03-24,MO,Returning,Nike Baseball Cleats,3,239.97
2026-03-24,MO,VIP,Silver Pot With Glass Cap,1,39.99
2026-03-24,MO,VIP,Glass,3,14.97
2026-03-24,GA,New,Decoration Swing,3,179.97
2026-03-24,GA,New,Electric Stove,2,99.98
2026-03-24,GA,New,Huawei Matebook X Pro,2,2799.98
2026-03-24,GA,New,Black Aluminium Cup,3,17.97
2026-03-24,GA,New,Rolex Datejust,3,32999.97
2026-03-24,GA,New,Green Bell Pepper,1,1.29
2026-03-24,GA,New,Men Check Shirt,2,55.98
2026-03-24,IL,New,Citrus Squeezer Yellow,1,8.99
2026-03-24,IL,New,Fork,3,11.97
2026-03-24,IL,New,Sports Sneakers Off White Red,2,219.98
2026-03-24,IL,New,Longines Master Collection,2,2999.98
2026-03-24,NY,VIP,Kiwi,3,7.47
2026-03-24,FL,New,Red Onions,2,3.98
2026-03-24,WA,Returning,Chopping Board,1,12.99
2026-03-24,WA,Returning,Kiwi,2,4.98
2026-03-24,WA,Returning,Potatoes,1,2.29
2026-03-24,WA,Returning,Mug Tree Stand,2,31.98
2026-03-24,NY,Returning,Soft Drinks,3,5.97
2026-03-24,NY,Returning,Decoration Swing,3,179.97
2026-03-24,CA,VIP,Lunch Box,2,25.98
2026-03-24,IL,Returning,Bamboo Spatula,2,15.98
2026-03-24,IL,Returning,Lemon,3,2.37
2026-03-24,IL,Returning,Huawei Matebook X Pro,2,2799.98
2026-03-24,IL,Returning,Annibale Colombo Sofa,1,2499.99
2026-03-24,GA,New,Black Aluminium Cup,2,11.98
2026-03-24,GA,New,Sports Sneakers Off White & Red,3,359.97
2026-03-24,TX,New,Wooden Bathroom Sink With Mirror,3,2399.97
2026-03-24,TX,New,Boxed Blender,2,79.98
2026-03-24,WA,VIP,Blue & Black Check Shirt,2,59.98
2026-03-24,NY,VIP,Fork,3,11.97
2026-03-24,NY,New,Spice Rack,1,19.99
2026-03-24,NY,New,Protein Powder,2,39.98
2026-03-24,NY,New,Asus Zenbook Pro Dual Screen Laptop,2,3599.98
2026-03-24,NY,New,Amazon Echo Plus,3,299.97
2026-03-24,WA,Returning,Rolex Cellini Moonphase,3,38999.97
2026-03-24,WA,Returning,Apple MacBook Pro 14 Inch Space Grey,2,3999.98
2026-03-24,WA,Returning,Mulberry,1,4.99
2026-03-24,GA,New,Boxed Blender,3,119.97
2026-03-24,GA,New,Red Tongs,3,20.97
2026-03-24,GA,New,Dior J'adore,2,179.98
2026-03-24,IL,Returning,Protein Powder,1,19.99
2026-03-24,IL,Returning,Chicken Meat,2,19.98
2026-03-24,IL,Returning,Rice,1,5.99
2026-03-24,IL,New,New DELL XPS 13 9300 Laptop,3,4499.97
2026-03-24,NY,VIP,Juice,2,7.98
2026-03-24,NY,VIP,Eggs,2,5.98
2026-03-24,NY,VIP,Longines Master Collection,3,4499.97
2026-03-24,NY,VIP,Boxed Blender,2,79.98
2026-03-24,MO,New,Wooden Bathroom Sink With Mirror,2,1599.98
2026-03-24,MO,New,Spice Rack,1,19.99
2026-03-24,MO,New,Calvin Klein CK One,3,149.97
2026-03-24,MO,New,Beef Steak,2,25.98
2026-03-24,IL,VIP,Man Short Sleeve Shirt,3,59.97
2026-03-24,IL,VIP,Bedside Table African Cherry,1,299.99
2026-03-24,IL,VIP,Brown Leather Belt Watch,3,269.97
2026-03-24,TX,New,Apple Airpods,1,129.99
2026-03-24,TX,New,Apple,1,1.99
2026-03-24,FL,New,Red Tongs,3,20.97
2026-03-24,IL,New,Amazon Echo Plus,2,199.98
2026-03-24,IL,New,Sports Sneakers Off White & Red,3,359.97
2026-03-24,IL,New,Rice,3,17.97
2026-03-24,IL,New,Rolex Submariner Watch,2,27999.98
2026-03-24,TX,Returning,Tissue Paper Box,1,2.49
2026-03-24,WA,VIP,Green Bell Pepper,3,3.87
2026-03-24,WA,VIP,Wooden Rolling Pin,1,11.99
2026-03-24,WA,VIP,Slotted Turner,3,26.97
2026-03-24,FL,Returning,Potatoes,2,4.58
2026-03-24,FL,Returning,Beef Steak,1,12.99
2026-03-24,FL,Returning,Apple Airpods,1,129.99
2026-03-24,NY,New,Plant Pot,2,29.98
2026-03-24,NY,New,Lenovo Yoga 920,1,1099.99
2026-03-24,CA,New,Calvin Klein CK One,3,149.97
2026-03-24,CA,New,Sports Sneakers Off White Red,2,219.98
2026-03-24,CA,New,Nescafe Coffee,2,15.98
2026-03-24,CA,New,Milk,1,3.49
2026-03-24,NY,VIP,Asus Zenbook Pro Dual Screen Laptop,3,5399.97
2026-03-24,GA,New,Plate,3,11.97
2026-03-24,GA,New,Knife,1,14.99
2026-03-24,GA,New,Glass,3,14.97
2026-03-24,GA,Returning,Black Whisk,1,9.99
2026-03-24,GA,Returning,Fine Mesh Strainer,1,9.99
2026-03-24,GA,Returning,Red Onions,3,5.97
2026-03-24,GA,Returning,Potatoes,2,4.58
2026-03-24,IL,VIP,Carbon Steel Wok,1,29.99
2026-03-24,IL,VIP,Calvin Klein CK One,2,99.98
2026-03-24,IL,VIP,New DELL XPS 13 9300 Laptop,3,4499.97
2026-03-24,FL,New,Slotted Turner,1,8.99
2026-03-24,FL,New,Annibale Colombo Sofa,3,7499.97
2026-03-24,FL,New,Tissue Paper Box,3,7.47
2026-03-24,FL,New,Silver Pot With Glass Cap,2,79.98
2026-03-24,GA,Returning,Nike Baseball Cleats,3,239.97
2026-03-24,GA,Returning,Strawberry,2,7.98
2026-03-24,GA,Returning,House Showpiece Plant,1,39.99
2026-03-24,GA,Returning,Black Aluminium Cup,2,11.98
2026-03-24,TX,Returning,Tissue Paper Box,2,4.98
2026-03-24,TX,Returning,Blue & Black Check Shirt,3,89.97
2026-03-24,WA,Returning,Lenovo Yoga 920,1,1099.99
2026-03-24,WA,Returning,Lunch Box,1,12.99
2026-03-24,WA,Returning,Nescafe Coffee,1,7.99
2026-03-24,TX,New,Mug Tree Stand,2,31.98
2026-03-24,TX,New,Apple Airpods,1,129.99
2026-03-24,TX,Returning,Green Chili Pepper,3,2.97
2026-03-24,TX,Returning,Red Tongs,2,13.98
2026-03-24,TX,Returning,House Showpiece Plant,1,39.99
2026-03-24,TX,Returning,Chopping Board,2,25.98
2026-03-24,WA,New,Glass,2,9.98
2026-03-24,WA,New,Ice Cream,2,10.98
2026-03-24,WA,New,Dior J'adore,1,89.99
2026-03-24,GA,VIP,Sports Sneakers Off White Red,1,109.99
2026-03-24,TX,VIP,Silver Pot With Glass Cap,3,119.97
2026-03-24,TX,VIP,Dolce Shine Eau de,3,209.97
2026-03-24,TX,VIP,Rolex Datejust,1,10999.99
2026-03-24,TX,VIP,Carbon Steel Wok,3,89.97
2026-03-24,GA,VIP,Chopping Board,3,38.97
2026-03-24,GA,VIP,Black Whisk,3,29.97
2026-03-24,GA,VIP,New DELL XPS 13 9300 Laptop,1,1499.99
2026-03-24,WA,Returning,Cooking Oil,2,9.98
2026-03-24,WA,Returning,Red Onions,1,1.99
2026-03-24,WA,Returning,Eyeshadow Palette with Mirror,1,19.99
2026-03-24,WA,Returning,Protein Powder,1,19.99
2026-03-25,TX,New,Knife,2,29.98
2026-03-25,TX,New,Red Tongs,2,13.98
2026-03-25,WA,New,Man Plaid Shirt,1,34.99
2026-03-25,WA,New,Calvin Klein CK One,2,99.98
2026-03-25,IL,New,Red Onions,3,5.97
2026-03-25,IL,New,Dolce Shine Eau de,3,209.97
2026-03-25,GA,VIP,Wooden Bathroom Sink With Mirror,3,2399.97
2026-03-25,GA,VIP,Red Tongs,2,13.98
2026-03-25,GA,VIP,Dog Food,2,21.98
2026-03-25,FL,Returning,Cooking Oil,1,4.99
2026-03-25,FL,Returning,House Showpiece Plant,3,119.97
2026-03-25,FL,Returning,Cucumber,1,1.49
2026-03-25,FL,Returning,Black Aluminium Cup,3,17.97
2026-03-25,WA,New,Silver Pot With Glass Cap,2,79.98
2026-03-25,WA,New,Cucumber,3,4.47
2026-03-25,WA,New,Fish Steak,2,29.98
2026-03-25,WA,New,Citrus Squeezer Yellow,2,17.98
2026-03-25,TX,VIP,Chanel Coco Noir Eau De,1,129.99
2026-03-25,TX,VIP,Mulberry,3,14.97
2026-03-25,TX,VIP,Nike Air Jordan 1 Red And Black,2,299.98
2026-03-25,TX,VIP,New DELL XPS 13 9300 Laptop,2,2999.98
2026-03-25,GA,VIP,Green Chili Pepper,1,0.99
2026-03-25,GA,VIP,Eyeshadow Palette with Mirror,2,39.98
2026-03-25,GA,VIP,Fish Steak,2,29.98
2026-03-25,CA,New,House Showpiece Plant,2,79.98
2026-03-25,MO,New,Red Onions,2,3.98
2026-03-25,MO,New,Huawei Matebook X Pro,2,2799.98
2026-03-25,MO,New,Annibale Colombo Bed,1,1899.99
2026-03-25,MO,New,Cooking Oil,1,4.99
2026-03-25,TX,Returning,Cat Food,2,17.98
2026-03-25,TX,Returning,Fork,2,7.98
2026-03-25,TX,Returning,Honey Jar,3,20.97
2026-03-25,IL,Returning,Man Plaid Shirt,2,69.98
2026-03-25,IL,Returning,Strawberry,3,11.97
2026-03-25,TX,New,Lemon,2,1.58
2026-03-25,TX,New,Pan,1,24.99
2026-03-25,TX,New,Ice Cream,3,16.47
2026-03-25,MO,New,Amazon Echo Plus,2,199.98
2026-03-25,MO,New,Gucci Bloom Eau de,3,239.97
2026-03-25,MO,New,Rolex Datejust,1,10999.99
2026-03-25,MO,New,Honey Jar,3,20.97
2026-03-25,MO,VIP,Annibale Colombo Sofa,1,2499.99
2026-03-25,MO,VIP,Men Check Shirt,3,83.97
2026-03-25,IL,New,Citrus Squeezer Yellow,1,8.99
2026-03-25,IL,New,Lenovo Yoga 920,2,2199.98
2026-03-25,MO,New,Nike Baseball Cleats,3,239.97
2026-03-25,MO,New,Table Lamp,2,99.98
2026-03-25,MO,New,Powder Canister,3,44.97
2026-03-25,MO,New,Bedside Table African Cherry,3,899.97
2026-03-25,GA,New,Glass,2,9.98
2026-03-25,GA,New,Lemon,1,0.79
2026-03-25,GA,New,Table Lamp,1,49.99
2026-03-25,WA,Returning,Citrus Squeezer Yellow,3,26.97
2026-03-25,WA,Returning,Apple MacBook Pro 14 Inch Space Grey,1,1999.99
2026-03-25,WA,Returning,Beef Steak,3,38.97
2026-03-25,WA,Returning,Plant Pot,3,44.97
2026-03-25,CA,Returning,Grater Black,3,32.97
2026-03-25,NY,Returning,Black Aluminium Cup,2,11.98
2026-03-25,NY,Returning,Red Nail Polish,2,17.98
2026-03-25,NY,Returning,Chanel Coco Noir Eau De,3,389.97
2026-03-25,NY,Returning,Electric Stove,2,99.98
2026-03-25,FL,New,Tissue Paper Box,3,7.47
2026-03-25,GA,VIP,Asus Zenbook Pro Dual Screen Laptop,3,5399.97
2026-03-25,GA,VIP,Sports Sneakers Off White & Red,3,359.97
2026-03-25,GA,VIP,Amazon Echo Plus,1,99.99
2026-03-25,GA,VIP,Annibale Colombo Sofa,3,7499.97
2026-03-25,IL,Returning,Protein Powder,1,19.99
2026-03-25,IL,Returning,Black Aluminium Cup,3,17.97
2026-03-25,IL,Returning,Strawberry,1,3.99
2026-03-25,IL,Returning,Knoll Saarinen Executive Conference Chair,3,1499.97
2026-03-25,TX,VIP,Microwave Oven,1,89.99
2026-03-25,TX,VIP,Citrus Squeezer Yellow,3,26.97
2026-03-25,TX,VIP,Apple,1,1.99
2026-03-25,TX,VIP,Cucumber,3,4.47
2026-03-25,IL,VIP,Ice Cube Tray,2,11.98
2026-03-25,IL,VIP,Rolex Cellini Moonphase,2,25999.98
2026-03-25,WA,Returning,Powder Canister,2,29.98
2026-03-25,WA,Returning,Slotted Turner,2,17.98
2026-03-25,WA,Returning,Tray,3,50.97
2026-03-25,WA,Returning,Cooking Oil,3,14.97
2026-03-25,MO,Returning,Rolex Submariner Watch,2,27999.98
2026-03-25,GA,New,Beef Steak,2,25.98
2026-03-25,GA,New,Amazon Echo Plus,3,299.97
2026-03-25,TX,Returning,Asus Zenbook Pro Dual Screen Laptop,3,5399.97
2026-03-25,TX,Returning,Puma Future Rider Trainers,2,179.98
2026-03-25,TX,Returning,Apple,3,5.97
2026-03-25,WA,New,Green Chili Pepper,1,0.99
2026-03-25,WA,New,Electric Stove,1,49.99
2026-03-25,TX,VIP,Essence Mascara Lash Princess,1,9.99
2026-03-25,TX,VIP,Water,3,2.97
2026-03-25,FL,Returning,Citrus Squeezer Yellow,3,26.97
2026-03-25,FL,Returning,Chicken Meat,1,9.99
2026-03-25,FL,Returning,Amazon Echo Plus,1,99.99
2026-03-25,FL,Returning,Knife,2,29.98
2026-03-25,FL,VIP,Cat Food,2,17.98
2026-03-25,FL,VIP,Protein Powder,3,59.97
2026-03-25,FL,VIP,Chicken Meat,1,9.99
2026-03-25,GA,New,Bedside Table African Cherry,2,599.98
2026-03-25,GA,New,Fork,2,7.98
2026-03-25,GA,New,Spice Rack,1,19.99
2026-03-25,TX,New,Annibale Colombo Sofa,2,4999.98
2026-03-25,TX,New,Microwave Oven,2,179.98
2026-03-25,WA,VIP,Nike Baseball Cleats,3,239.97
2026-03-25,WA,VIP,Sports Sneakers Off White & Red,3,359.97
2026-03-25,MO,New,Family Tree Photo Frame,3,89.97
2026-03-25,MO,New,Huawei Matebook X Pro,3,4199.97
2026-03-25,MO,New,Soft Drinks,2,3.98
2026-03-25,MO,New,Fine Mesh Strainer,1,9.99
2026-03-25,TX,VIP,Plate,1,3.99
2026-03-25,TX,VIP,Decoration Swing,3,179.97
2026-03-25,TX,VIP,Fork,1,3.99
2026-03-25,NY,New,Rice,2,11.98
2026-03-25,NY,New,Microwave Oven,2,179.98
2026-03-25,NY,New,Spice Rack,2,39.98
2026-03-25,NY,New,Puma Future Rider Trainers,3,269.97
2026-03-25,MO,New,Carbon Steel Wok,3,89.97
2026-03-25,MO,New,Silver Pot With Glass Cap,2,79.98
2026-03-25,MO,VIP,House Showpiece Plant,2,79.98
2026-03-25,MO,VIP,Annibale Colombo Sofa,2,4999.98
2026-03-25,WA,VIP,Juice,3,11.97
2026-03-25,WA,VIP,Amazon Echo Plus,2,199.98
2026-03-25,WA,VIP,Milk,3,10.47
2026-03-25,WA,VIP,Grater Black,2,21.98
2026-03-25,FL,New,Pan,3,74.97
2026-03-25,FL,New,Powder Canister,3,44.97
2026-03-25,FL,New,Chicken Meat,3,29.97
2026-03-25,FL,New,Annibale Colombo Sofa,2,4999.98
2026-03-25,NY,VIP,Calvin Klein CK One,1,49.99
2026-03-25,NY,VIP,Protein Powder,3,59.97
2026-03-25,NY,VIP,Egg Slicer,1,6.99
2026-03-25,IL,VIP,Black Whisk,1,9.99
2026-03-26,NY,Returning,Men Check Shirt,2,55.98
2026-03-26,NY,Returning,Gucci Bloom Eau de,1,79.99
2026-03-26,NY,Returning,Puma Future Rider Trainers,1,89.99
2026-03-26,NY,VIP,Black Aluminium Cup,2,11.98
2026-03-26,NY,VIP,Brown Leather Belt Watch,2,179.98
2026-03-26,NY,New,Mug Tree Stand,1,15.99
2026-03-26,NY,New,Family Tree Photo Frame,2,59.98
2026-03-26,TX,Returning,Beef Steak,1,12.99
2026-03-26,TX,Returning,Nescafe Coffee,2,15.98
2026-03-26,TX,Returning,Apple,1,1.99
2026-03-26,FL,Returning,Man Short Sleeve Shirt,3,59.97
2026-03-26,FL,Returning,Egg Slicer,1,6.99
2026-03-26,FL,Returning,Water,1,0.99
2026-03-26,IL,Returning,Red Lipstick,2,25.98
2026-03-26,FL,New,Citrus Squeezer Yellow,1,8.99
2026-03-26,TX,VIP,Knoll Saarinen Executive Conference Chair,3,1499.97
2026-03-26,TX,VIP,Pan,3,74.97
2026-03-26,IL,New,Nescafe Coffee,3,23.97
2026-03-26,NY,Returning,Red Nail Polish,3,26.97
2026-03-26,NY,Returning,Fish Steak,3,44.97
2026-03-26,NY,Returning,Apple Airpods,3,389.97
2026-03-26,WA,VIP,Plant Pot,1,14.99
2026-03-26,GA,VIP,Chopping Board,2,25.98
2026-03-26,GA,VIP,Green Bell Pepper,1,1.29
2026-03-26,IL,Returning,Eyeshadow Palette with Mirror,1,19.99
2026-03-26,IL,Returning,Silver Pot With Glass Cap,1,39.99
2026-03-26,IL,Returning,Huawei Matebook X Pro,1,1399.99
2026-03-26,NY,New,Wooden Bathroom Sink With Mirror,3,2399.97
2026-03-26,NY,New,Wooden Rolling Pin,1,11.99
2026-03-26,NY,New,Egg Slicer,1,6.99
2026-03-26,NY,New,Rolex Datejust,1,10999.99
2026-03-26,CA,Returning,Tray,2,33.98
2026-03-26,MO,Returning,Man Plaid Shirt,3,104.97
2026-03-26,MO,Returning,Dior J'adore,2,179.98
2026-03-26,WA,New,Red Nail Polish,1,8.99
2026-03-26,WA,New,Grater Black,2,21.98
2026-03-26,WA,New,Black Whisk,3,29.97
2026-03-26,WA,New,Soft Drinks,1,1.99
2026-03-26,WA,Returning,Dolce Shine Eau de,2,139.98
2026-03-26,WA,Returning,Bamboo Spatula,2,15.98
2026-03-26,GA,New,Black Whisk,3,29.97
2026-03-26,GA,New,Green Chili Pepper,1,0.99
2026-03-26,WA,New,Spoon,2,9.98
2026-03-26,WA,New,Asus Zenbook Pro Dual Screen Laptop,2,3599.98
2026-03-26,WA,New,Family Tree Photo Frame,3,89.97
2026-03-26,FL,Returning,Wooden Rolling Pin,2,23.98
2026-03-26,FL,Returning,Hand Blender,2,69.98
2026-03-26,FL,Returning,Slotted Turner,1,8.99
2026-03-26,FL,Returning,Sports Sneakers Off White & Red,1,119.99
2026-03-26,CA,VIP,Apple Airpods,2,259.98
2026-03-26,FL,Returning,Cooking Oil,2,9.98
2026-03-26,FL,Returning,Fine Mesh Strainer,2,19.98
2026-03-26,FL,Returning,Dolce Shine Eau de,3,209.97
2026-03-26,FL,Returning,Hand Blender,1,34.99
2026-03-26,TX,Returning,Hand Blender,3,104.97
2026-03-26,CA,Returning,Red Lipstick,1,12.99
2026-03-26,CA,Returning,Huawei Matebook X Pro,1,1399.99
2026-03-26,CA,Returning,Gucci Bloom Eau de,1,79.99
2026-03-26,CA,Returning,Mulberry,1,4.99
2026-03-26,TX,New,Mug Tree Stand,1,15.99
2026-03-26,TX,New,Plate,3,11.97
2026-03-26,TX,New,Lunch Box,2,25.98
2026-03-26,TX,New,Silver Pot With Glass Cap,3,119.97
2026-03-26,MO,VIP,Men Check Shirt,3,83.97
2026-03-26,GA,Returning,Fish Steak,1,14.99
2026-03-26,GA,Returning,Men Check Shirt,1,27.99
2026-03-26,GA,Returning,Wooden Rolling Pin,2,23.98
2026-03-26,GA,Returning,Nike Air Jordan 1 Red And Black,3,449.97
2026-03-26,IL,New,Beef Steak,3,38.97
2026-03-26,IL,New,Yellow Peeler,2,11.98
2026-03-26,IL,Returning,Fork,1,3.99
2026-03-26,IL,Returning,Red Nail Polish,3,26.97
2026-03-26,TX,VIP,Man Short Sleeve Shirt,3,59.97
2026-03-26,TX,VIP,Tray,3,50.97
2026-03-26,NY,New,Plant Pot,3,44.97
2026-03-26,NY,New,Nike Air Jordan 1 Red And Black,3,449.97
2026-03-26,GA,VIP,Dior J'adore,2,179.98
2026-03-26,NY,VIP,Puma Future Rider Trainers,2,179.98
2026-03-26,FL,Returning,Rice,2,11.98
2026-03-26,IL,New,Sports Sneakers Off White Red,2,219.98
2026-03-26,IL,New,Rolex Cellini Date Black Dial,3,26999.97
2026-03-26,IL,New,Mug Tree Stand,3,47.97
2026-03-26,IL,New,Citrus Squeezer Yellow,2,17.98
2026-03-26,FL,Returning,Essence Mascara Lash Princess,1,9.99
2026-03-26,FL,Returning,Yellow Peeler,3,17.97
2026-03-26,FL,Returning,Ice Cream,1,5.49
2026-03-26,MO,VIP,Tray,2,33.98
2026-03-26,MO,VIP,Essence Mascara Lash Princess,3,29.97
2026-03-26,MO,VIP,Chicken Meat,2,19.98
2026-03-26,MO,VIP,Rolex Submariner Watch,1,13999.99
2026-03-26,IL,VIP,Plate,2,7.98
2026-03-26,IL,VIP,Plant Pot,1,14.99
2026-03-26,WA,Returning,Gucci Bloom Eau de,3,239.97
2026-03-26,WA,Returning,Pan,3,74.97
2026-03-26,IL,Returning,Dolce Shine Eau de,2,139.98
2026-03-26,IL,Returning,Wooden Rolling Pin,1,11.99
2026-03-26,FL,New,Cooking Oil,3,14.97
2026-03-26,FL,New,Man Short Sleeve Shirt,3,59.97
2026-03-26,FL,New,Ice Cream,2,10.98
2026-03-26,CA,VIP,Apple,2,3.98
2026-03-26,CA,VIP,Grater Black,2,21.98
2026-03-26,CA,VIP,Soft Drinks,2,3.98
2026-03-26,FL,Returning,House Showpiece Plant,1,39.99
2026-03-26,FL,Returning,Lemon,2,1.58
2026-03-26,FL,Returning,Cooking Oil,2,9.98
2026-03-26,TX,New,Mulberry,2,9.98
2026-03-26,TX,New,Cucumber,3,4.47
2026-03-26,TX,New,Potatoes,2,4.58
2026-03-26,TX,New,Electric Stove,1,49.99
2026-03-26,GA,VIP,Powder Canister,2,29.98
2026-03-26,GA,VIP,Apple MacBook Pro 14 Inch Space Grey,2,3999.98
2026-03-26,WA,Returning,Green Bell Pepper,3,3.87
2026-03-26,WA,Returning,Ice Cube Tray,3,17.97
2026-03-26,MO,New,Silver Pot With Glass Cap,1,39.99
2026-03-26,MO,New,Milk,3,10.47
2026-03-26,IL,VIP,Nescafe Coffee,2,15.98
2026-03-26,IL,VIP,Chanel Coco Noir Eau De,2,259.98
2026-03-26,GA,New,Annibale Colombo Bed,3,5699.97
2026-03-26,GA,New,Red Onions,3,5.97
2026-03-26,GA,New,Yellow Peeler,3,17.97
2026-03-26,GA,New,Kitchen Sieve,3,23.97
2026-03-26,NY,New,Ice Cube Tray,3,17.97
2026-03-26,NY,New,Bamboo Spatula,1,7.99
2026-03-26,FL,VIP,Hand Blender,1,34.99
2026-03-26,FL,VIP,Kiwi,2,4.98
2026-03-26,WA,VIP,Longines Master Collection,2,2999.98
2026-03-26,WA,VIP,Knoll Saarinen Executive Conference Chair,1,499.99
2026-03-26,WA,VIP,Beef Steak,1,12.99
2026-03-26,WA,VIP,Ice Cube Tray,3,17.97
2026-03-26,FL,VIP,Glass,3,14.97
2026-03-26,MO,New,Glass,3,14.97
2026-03-26,MO,New,Protein Powder,3,59.97
2026-03-26,MO,New,Mug Tree Stand,1,15.99
2026-03-26,MO,New,Cooking Oil,1,4.99
2026-03-26,TX,VIP,Fish Steak,3,44.97
2026-03-26,FL,Returning,Microwave Oven,2,179.98
2026-03-26,FL,Returning,Asus Zenbook Pro Dual Screen Laptop,3,5399.97
2026-03-26,FL,Returning,Cooking Oil,2,9.98
2026-03-26,TX,New,Silver Pot With Glass Cap,2,79.98
2026-03-26,TX,New,Brown Leather Belt Watch,1,89.99
2026-03-26,TX,New,Hand Blender,1,34.99
2026-03-26,TX,VIP,Fork,2,7.98
2026-03-26,TX,VIP,Fine Mesh Strainer,1,9.99
2026-03-26,TX,VIP,Black Whisk,2,19.98
2026-03-26,IL,VIP,Electric Stove,1,49.99
2026-03-26,MO,Returning,Man Plaid Shirt,3,104.97
2026-03-26,MO,Returning,Nike Baseball Cleats,3,239.97
2026-03-26,MO,Returning,Chopping Board,2,25.98
2026-03-26,FL,Returning,Puma Future Rider Trainers,1,89.99
2026-03-26,FL,Returning,Apple,3,5.97
2026-03-26,NY,New,Cucumber,3,4.47
2026-03-26,NY,New,Wooden Bathroom Sink With Mirror,2,1599.98
2026-03-26,NY,New,Annibale Colombo Bed,1,1899.99
2026-03-26,NY,New,Family Tree Photo Frame,1,29.99
2026-03-26,FL,VIP,Mug Tree Stand,1,15.99
2026-03-26,FL,VIP,Ice Cream,1,5.49
2026-03-26,FL,VIP,Tissue Paper Box,2,4.98
2026-03-26,FL,VIP,Lemon,1,0.79
2026-03-26,CA,VIP,Nescafe Coffee,1,7.99
2026-03-26,CA,VIP,Green Chili Pepper,1,0.99
2026-03-26,IL,VIP,Egg Slicer,3,20.97
2026-03-26,IL,VIP,Calvin Klein CK One,3,149.97
2026-03-26,FL,New,Apple Airpods,2,259.98
2026-03-26,MO,VIP,Silver Pot With Glass Cap,1,39.99
2026-03-26,TX,Returning,Juice,2,7.98
2026-03-26,IL,Returning,Fork,3,11.97
2026-03-26,IL,Returning,House Showpiece Plant,1,39.99
2026-03-26,IL,Returning,Plate,2,7.98
2026-03-26,IL,Returning,Tray,2,33.98
2026-03-26,CA,VIP,Protein Powder,3,59.97
2026-03-26,CA,VIP,Family Tree Photo Frame,3,89.97
2026-03-26,CA,VIP,Asus Zenbook Pro Dual Screen Laptop,1,1799.99
2026-03-26,CA,VIP,House Showpiece Plant,3,119.97
2026-03-26,FL,VIP,Wooden Bathroom Sink With Mirror,2,1599.98
2026-03-26,FL,VIP,Beef Steak,3,38.97
2026-03-26,FL,VIP,House Showpiece Plant,2,79.98
2026-03-26,FL,VIP,Lenovo Yoga 920,3,3299.97
2026-03-26,TX,VIP,Grater Black,3,32.97
2026-03-26,TX,VIP,Knife,1,14.99
2026-03-26,TX,VIP,Calvin Klein CK One,3,149.97
2026-03-26,TX,VIP,Ice Cube Tray,3,17.97
2026-03-26,GA,New,Kiwi,2,4.98
2026-03-27,CA,Returning,Rolex Submariner Watch,3,41999.97
2026-03-27,FL,Returning,Cat Food,1,8.99
2026-03-27,FL,Returning,Hand Blender,3,104.97
2026-03-27,WA,Returning,Family Tree Photo Frame,3,89.97
2026-03-27,WA,Returning,Puma Future Rider Trainers,3,269.97
2026-03-27,WA,Returning,Annibale Colombo Bed,2,3799.98
2026-03-27,FL,New,Dog Food,2,21.98
2026-03-27,FL,New,Asus Zenbook Pro Dual Screen Laptop,3,5399.97
2026-03-27,FL,New,Black Aluminium Cup,2,11.98
2026-03-27,FL,New,Wooden Rolling Pin,1,11.99
2026-03-27,GA,New,Rolex Cellini Date Black Dial,2,17999.98
2026-03-27,GA,New,Lemon,3,2.37
2026-03-27,GA,VIP,Decoration Swing,1,59.99
2026-03-27,GA,VIP,Brown Leather Belt Watch,2,179.98
2026-03-27,GA,VIP,Potatoes,1,2.29
2026-03-27,GA,Returning,Table Lamp,3,149.97
2026-03-27,FL,New,Essence Mascara Lash Princess,3,29.97
2026-03-27,FL,New,Silver Pot With Glass Cap,3,119.97
2026-03-27,IL,VIP,Chopping Board,1,12.99
2026-03-27,IL,VIP,Pan,1,24.99
2026-03-27,IL,VIP,Gigabyte Aorus Men Tshirt,1,24.99
2026-03-27,MO,New,Fish Steak,1,14.99
2026-03-27,MO,New,Boxed Blender,2,79.98
2026-03-27,MO,New,Longines Master Collection,1,1499.99
2026-03-27,MO,New,Slotted Turner,3,26.97
2026-03-27,GA,New,Wooden Bathroom Sink With Mirror,3,2399.97
2026-03-27,NY,Returning,Red Nail Polish,1,8.99
2026-03-27,NY,Returning,Fine Mesh Strainer,3,29.97
2026-03-27,NY,Returning,Annibale Colombo Bed,2,3799.98
2026-03-27,NY,Returning,Potatoes,1,2.29
2026-03-27,WA,VIP,Soft Drinks,2,3.98
2026-03-27,CA,VIP,Honey Jar,3,20.97
2026-03-27,CA,VIP,Milk,2,6.98
2026-03-27,TX,Returning,Plant Pot,2,29.98
2026-03-27,TX,Returning,Red Nail Polish,3,26.97
2026-03-27,TX,Returning,Water,1,0.99
2026-03-27,TX,Returning,Cucumber,3,4.47
2026-03-27,TX,Returning,Essence Mascara Lash Princess,3,29.97
2026-03-27,FL,New,Puma Future Rider Trainers,2,179.98
2026-03-27,TX,Returning,Water,1,0.99
2026-03-27,TX,Returning,Boxed Blender,1,39.99
2026-03-27,TX,Returning,Protein Powder,1,19.99
2026-03-27,TX,Returning,Hand Blender,1,34.99
2026-03-27,WA,Returning,Milk,2,6.98
2026-03-27,WA,Returning,Slotted Turner,2,17.98
2026-03-27,WA,Returning,Knife,2,29.98
2026-03-27,WA,Returning,Wooden Rolling Pin,3,35.97
2026-03-27,TX,Returning,Brown Leather Belt Watch,1,89.99
2026-03-27,TX,Returning,Blue & Black Check Shirt,2,59.98
2026-03-27,TX,Returning,Powder Canister,2,29.98
2026-03-27,TX,Returning,Cat Food,1,8.99
2026-03-27,NY,Returning,Soft Drinks,3,5.97
2026-03-27,NY,Returning,Knife,3,44.97
2026-03-27,MO,VIP,Knife,3,44.97
2026-03-27,MO,VIP,Plant Pot,3,44.97
2026-03-27,MO,New,Eggs,1,2.99
2026-03-27,IL,Returning,Hand Blender,2,69.98
2026-03-27,IL,Returning,Brown Leather Belt Watch,1,89.99
2026-03-27,IL,Returning,Ice Cube Tray,2,11.98
2026-03-27,IL,Returning,Rice,3,17.97
2026-03-27,TX,New,Bedside Table African Cherry,2,599.98
2026-03-27,TX,New,Table Lamp,3,149.97
2026-03-27,TX,New,Yellow Peeler,1,5.99
2026-03-27,GA,VIP,Plant Pot,3,44.97
2026-03-27,GA,VIP,Rolex Cellini Date Black Dial,1,8999.99
2026-03-27,GA,VIP,Pan,3,74.97
2026-03-28,NY,VIP,Annibale Colombo Bed,3,5699.97
2026-03-28,NY,VIP,Milk,2,6.98
2026-03-28,NY,VIP,Kitchen Sieve,2,15.98
2026-03-28,NY,VIP,Strawberry,2,7.98
2026-03-28,GA,New,Glass,1,4.99
2026-03-28,WA,VIP,Huawei Matebook X Pro,3,4199.97
2026-03-28,WA,VIP,Beef Steak,1,12.99
2026-03-28,TX,Returning,Mug Tree Stand,2,31.98
2026-03-28,TX,Returning,Chopping Board,1,12.99
2026-03-28,TX,Returning,House Showpiece Plant,3,119.97
2026-03-28,TX,Returning,Blue & Black Check Shirt,1,29.99
2026-03-28,IL,New,Sports Sneakers Off White & Red,3,359.97
2026-03-28,GA,New,Dior J'adore,2,179.98
2026-03-28,GA,New,Apple MacBook Pro 14 Inch Space Grey,2,3999.98
2026-03-28,CA,Returning,Longines Master Collection,2,2999.98
2026-03-28,CA,Returning,Mulberry,1,4.99
2026-03-28,CA,Returning,Silver Pot With Glass Cap,2,79.98
2026-03-28,CA,Returning,Chicken Meat,1,9.99
2026-03-28,CA,Returning,Lunch Box,2,25.98
2026-03-28,CA,Returning,Plate,1,3.99
2026-03-28,CA,Returning,Mulberry,3,14.97
2026-03-28,IL,New,Amazon Echo Plus,3,299.97
2026-03-28,IL,New,Honey Jar,1,6.99
2026-03-28,IL,New,Apple,2,3.98
2026-03-28,IL,New,Rolex Datejust,3,32999.97
2026-03-28,IL,Returning,Knoll Saarinen Executive Conference Chair,3,1499.97
2026-03-28,NY,New,Strawberry,2,7.98
2026-03-28,NY,New,Huawei Matebook X Pro,3,4199.97
2026-03-28,WA,Returning,Yellow Peeler,3,17.97
2026-03-28,WA,VIP,New DELL XPS 13 9300 Laptop,2,2999.98
2026-03-28,WA,VIP,Sports Sneakers Off White Red,1,109.99
2026-03-28,WA,VIP,Wooden Rolling Pin,2,23.98
2026-03-28,WA,VIP,Water,1,0.99
2026-03-28,WA,VIP,Annibale Colombo Sofa,1,2499.99
2026-03-28,FL,New,Egg Slicer,2,13.98
2026-03-28,FL,New,Strawberry,3,11.97
2026-03-28,TX,New,Apple Airpods,3,389.97
2026-03-28,TX,New,Dolce Shine Eau de,1,69.99
2026-03-28,TX,New,Protein Powder,3,59.97
2026-03-28,TX,New,Red Lipstick,2,25.98
2026-03-28,GA,Returning,Fish Steak,1,14.99
2026-03-28,GA,VIP,Apple Airpods,1,129.99
2026-03-28,GA,VIP,Bedside Table African Cherry,2,599.98
2026-03-28,MO,New,Family Tree Photo Frame,3,89.97
2026-03-28,MO,New,Water,3,2.97
2026-03-28,MO,New,Chopping Board,2,25.98
2026-03-28,MO,New,Honey Jar,2,13.98
2026-03-28,GA,VIP,Potatoes,2,4.58
2026-03-28,GA,VIP,Amazon Echo Plus,1,99.99
2026-03-28,TX,VIP,Water,1,0.99
2026-03-28,TX,VIP,Yellow Peeler,1,5.99
2026-03-28,TX,VIP,Men Check Shirt,2,55.98
2026-03-28,TX,VIP,Huawei Matebook X Pro,2,2799.98
2026-03-28,NY,VIP,Black Aluminium Cup,1,5.99
2026-03-28,FL,VIP,Man Short Sleeve Shirt,3,59.97
2026-03-28,FL,VIP,Silver Pot With Glass Cap,3,119.97
2026-03-28,FL,VIP,Red Lipstick,2,25.98
2026-03-28,FL,VIP,Spoon,2,9.98
2026-03-28,FL,VIP,Eyeshadow Palette with Mirror,3,59.97
2026-03-28,FL,VIP,Citrus Squeezer Yellow,3,26.97
2026-03-28,GA,New,Powder Canister,3,44.97
2026-03-28,GA,New,Juice,1,3.99
2026-03-28,NY,VIP,Red Nail Polish,3,26.97
2026-03-28,NY,VIP,Apple,1,1.99
2026-03-28,NY,VIP,Chicken Meat,2,19.98
2026-03-28,NY,VIP,House Showpiece Plant,1,39.99
2026-03-28,FL,Returning,Chopping Board,2,25.98
2026-03-28,FL,Returning,Essence Mascara Lash Princess,2,19.98
2026-03-28,FL,New,Citrus Squeezer Yellow,1,8.99
2026-03-28,FL,New,Table Lamp,2,99.98
2026-03-28,WA,New,Lemon,2,1.58
2026-03-28,WA,New,Sports Sneakers Off White Red,3,329.97
2026-03-28,WA,New,Green Bell Pepper,3,3.87
2026-03-28,WA,New,Ice Cube Tray,3,17.97
2026-03-28,MO,Returning,Chanel Coco Noir Eau De,1,129.99
2026-03-28,MO,Returning,Wooden Rolling Pin,3,35.97
2026-03-28,CA,VIP,Yellow Peeler,1,5.99
2026-03-28,GA,New,Dog Food,3,32.97
2026-03-28,IL,New,Kiwi,3,7.47
2026-03-28,NY,Returning,Blue & Black Check Shirt,1,29.99
2026-03-28,NY,Returning,Plate,2,7.98
2026-03-28,FL,New,Powder Canister,2,29.98
2026-03-28,GA,VIP,Spoon,1,4.99
2026-03-28,GA,VIP,Citrus Squeezer Yellow,2,17.98
2026-03-28,GA,VIP,Glass,1,4.99
2026-03-28,FL,Returning,Silver Pot With Glass Cap,3,119.97
2026-03-28,FL,Returning,Ice Cream,1,5.49
2026-03-28,FL,Returning,Ice Cube Tray,3,17.97
2026-03-28,FL,Returning,Juice,3,11.97
2026-03-28,MO,Returning,Silver Pot With Glass Cap,2,79.98
2026-03-28,MO,Returning,Longines Master Collection,2,2999.98
2026-03-28,MO,Returning,Fork,1,3.99
2026-03-28,NY,Returning,Bedside Table African Cherry,1,299.99
2026-03-28,NY,Returning,Chicken Meat,1,9.99
2026-03-28,TX,New,Gigabyte Aorus Men Tshirt,3,74.97
2026-03-28,TX,New,Slotted Turner,3,26.97
2026-03-28,TX,New,Red Lipstick,1,12.99
2026-03-28,TX,Returning,Eggs,3,8.97
2026-03-28,TX,Returning,Strawberry,1,3.99
2026-03-28,CA,New,Nescafe Coffee,3,23.97
2026-03-28,CA,New,Knife,1,14.99
2026-03-28,GA,New,Annibale Colombo Sofa,2,4999.98
2026-03-28,GA,New,Sports Sneakers Off White & Red,2,239.98
2026-03-28,GA,VIP,Puma Future Rider Trainers,2,179.98
2026-03-28,GA,VIP,Chopping Board,3,38.97
2026-03-28,GA,Returning,Essence Mascara Lash Princess,1,9.99
2026-03-28,CA,VIP,Red Nail Polish,1,8.99
2026-03-28,CA,VIP,Asus Zenbook Pro Dual Screen Laptop,2,3599.98
2026-03-28,NY,New,Nescafe Coffee,1,7.99
2026-03-28,NY,New,Mulberry,2,9.98
2026-03-28,NY,New,Cooking Oil,2,9.98
2026-03-28,FL,VIP,Protein Powder,1,19.99
2026-03-28,FL,VIP,Potatoes,1,2.29
2026-03-28,MO,VIP,Rolex Cellini Moonphase,3,38999.97
2026-03-28,MO,VIP,Eyeshadow Palette with Mirror,2,39.98
2026-03-28,MO,VIP,Glass,1,4.99
2026-03-28,MO,VIP,Mug Tree Stand,3,47.97
2026-03-29,MO,VIP,Red Onions,3,5.97
2026-03-29,MO,VIP,Brown Leather Belt Watch,1,89.99
2026-03-29,TX,New,Table Lamp,3,149.97
2026-03-29,TX,New,Egg Slicer,3,20.97
2026-03-29,TX,New,Yellow Peeler,2,11.98
2026-03-29,CA,VIP,Microwave Oven,3,269.97
2026-03-29,CA,VIP,Knoll Saarinen Executive Conference Chair,1,499.99
2026-03-29,WA,Returning,Fine Mesh Strainer,3,29.97
2026-03-29,WA,Returning,Ice Cube Tray,2,11.98
2026-03-29,WA,Returning,Knife,1,14.99
2026-03-29,GA,Returning,Table Lamp,2,99.98
2026-03-29,WA,New,Chanel Coco Noir Eau De,3,389.97
2026-03-29,WA,New,Juice,2,7.98
2026-03-29,GA,Returning,Men Check Shirt,3,83.97
2026-03-29,GA,Returning,Hand Blender,1,34.99
2026-03-29,GA,Returning,Potatoes,1,2.29
2026-03-29,MO,New,Wooden Bathroom Sink With Mirror,3,2399.97
2026-03-29,MO,New,Table Lamp,2,99.98
2026-03-29,TX,Returning,Green Chili Pepper,1,0.99
2026-03-29,TX,Returning,Man Plaid Shirt,2,69.98
2026-03-29,TX,Returning,Annibale Colombo Bed,2,3799.98
2026-03-29,NY,New,Ice Cream,2,10.98
2026-03-29,CA,New,Mug Tree Stand,3,47.97
2026-03-29,CA,New,Rolex Submariner Watch,3,41999.97
2026-03-29,CA,New,Chopping Board,3,38.97
2026-03-29,CA,New,Microwave Oven,1,89.99
2026-03-29,WA,Returning,Electric Stove,1,49.99
2026-03-29,WA,Returning,Annibale Colombo Bed,1,1899.99
2026-03-29,WA,Returning,Dior J'adore,2,179.98
2026-03-29,WA,Returning,Rolex Cellini Moonphase,1,12999.99
2026-03-29,MO,VIP,Longines Master Collection,1,1499.99
2026-03-29,MO,VIP,Ice Cube Tray,3,17.97
2026-03-29,MO,VIP,Family Tree Photo Frame,1,29.99
2026-03-29,NY,VIP,Egg Slicer,1,6.99
2026-03-29,NY,VIP,Annibale Colombo Bed,1,1899.99
2026-03-29,NY,VIP,Essence Mascara Lash Princess,1,9.99
2026-03-29,NY,VIP,Annibale Colombo Bed,2,3799.98
2026-03-29,TX,Returning,Apple MacBook Pro 14 Inch Space Grey,3,5999.97
2026-03-29,TX,Returning,Milk,3,10.47
2026-03-29,TX,Returning,Microwave Oven,2,179.98
2026-03-29,TX,New,Essence Mascara Lash Princess,1,9.99
2026-03-29,CA,New,Rice,1,5.99
2026-03-29,CA,New,Chicken Meat,2,19.98
2026-03-29,CA,New,Annibale Colombo Sofa,3,7499.97
2026-03-29,NY,Returning,Chanel Coco Noir Eau De,3,389.97
2026-03-29,NY,Returning,Decoration Swing,1,59.99
2026-03-29,NY,Returning,Black Aluminium Cup,2,11.98
2026-03-29,NY,Returning,Cat Food,1,8.99
2026-03-29,IL,New,Red Nail Polish,2,17.98
2026-03-29,IL,New,Green Bell Pepper,1,1.29
2026-03-29,FL,Returning,Electric Stove,2,99.98
2026-03-29,WA,Returning,Rolex Cellini Moonphase,3,38999.97
2026-03-29,NY,VIP,Knife,1,14.99
2026-03-29,GA,Returning,Ice Cream,2,10.98
2026-03-29,GA,Returning,Rolex Submariner Watch,3,41999.97
2026-03-29,GA,Returning,Chanel Coco Noir Eau De,1,129.99
2026-03-29,GA,Returning,Men Check Shirt,2,55.98
2026-03-29,NY,Returning,Puma Future Rider Trainers,2,179.98
2026-03-29,NY,Returning,Man Short Sleeve Shirt,1,19.99
2026-03-29,NY,Returning,Plate,3,11.97
2026-03-29,IL,VIP,Ice Cube Tray,1,5.99
2026-03-29,WA,Returning,Spice Rack,3,59.97
2026-03-29,WA,Returning,Hand Blender,2,69.98
2026-03-29,TX,VIP,Powder Canister,1,14.99
2026-03-29,TX,VIP,Spoon,2,9.98
2026-03-29,TX,VIP,Rolex Cellini Date Black Dial,2,17999.98
2026-03-29,TX,VIP,Mug Tree Stand,3,47.97
2026-03-29,TX,VIP,Bedside Table African Cherry,1,299.99
2026-03-29,NY,Returning,Glass,3,14.97
2026-03-29,NY,Returning,Water,2,1.98
2026-03-29,NY,Returning,Eyeshadow Palette with Mirror,1,19.99
2026-03-29,NY,Returning,Annibale Colombo Sofa,3,7499.97
2026-03-29,GA,Returning,Bedside Table African Cherry,3,899.97
2026-03-29,GA,Returning,Tray,1,16.99
2026-03-29,NY,New,Egg Slicer,2,13.98
2026-03-29,NY,New,Man Plaid Shirt,1,34.99
2026-03-29,NY,New,Essence Mascara Lash Princess,2,19.98
2026-03-29,WA,New,Beef Steak,2,25.98
2026-03-29,IL,VIP,Red Onions,3,5.97
2026-03-29,IL,VIP,Rice,3,17.97
2026-03-29,IL,VIP,Tissue Paper Box,1,2.49
2026-03-29,IL,VIP,Man Plaid Shirt,2,69.98
2026-03-29,IL,VIP,Asus Zenbook Pro Dual Screen Laptop,3,5399.97
2026-03-29,MO,Returning,Boxed Blender,3,119.97
2026-03-29,MO,Returning,New DELL XPS 13 9300 Laptop,3,4499.97
2026-03-29,MO,Returning,Rolex Submariner Watch,2,27999.98
2026-03-29,MO,Returning,Hand Blender,2,69.98
2026-03-29,MO,Returning,Chanel Coco Noir Eau De,3,389.97
2026-03-29,TX,New,Calvin Klein CK One,1,49.99
2026-03-29,TX,New,Annibale Colombo Bed,1,1899.99
2026-03-29,TX,New,Asus Zenbook Pro Dual Screen Laptop,1,1799.99
2026-03-29,CA,VIP,Apple Airpods,1,129.99
2026-03-29,CA,VIP,Green Bell Pepper,1,1.29
2026-03-29,CA,VIP,Yellow Peeler,1,5.99
2026-03-29,CA,VIP,Tissue Paper Box,1,2.49
2026-03-29,NY,New,Man Plaid Shirt,3,104.97
2026-03-29,NY,New,Essence Mascara Lash Princess,3,29.97
2026-03-29,NY,New,Black Whisk,2,19.98
2026-03-29,GA,VIP,Cat Food,3,26.97
2026-03-29,NY,Returning,Nescafe Coffee,2,15.98
2026-03-29,NY,Returning,Slotted Turner,2,17.98
2026-03-29,MO,VIP,Carbon Steel Wok,2,59.98
2026-03-29,MO,VIP,Citrus Squeezer Yellow,1,8.99
2026-03-29,MO,VIP,Electric Stove,1,49.99
2026-03-29,GA,VIP,Kiwi,2,4.98
2026-03-29,GA,VIP,Rice,3,17.97
2026-03-29,CA,VIP,Hand Blender,3,104.97
2026-03-29,CA,VIP,Electric Stove,3,149.97
2026-03-29,CA,VIP,Kiwi,2,4.98
2026-03-29,IL,VIP,Wooden Bathroom Sink With Mirror,1,799.99
2026-03-29,IL,VIP,Spoon,1,4.99
2026-03-29,IL,VIP,Brown Leather Belt Watch,3,269.97
2026-03-29,FL,Returning,Apple Airpods,3,389.97
2026-03-29,FL,Returning,Rice,3,17.97
2026-03-29,FL,Returning,Electric Stove,1,49.99
2026-03-29,FL,VIP,Table Lamp,2,99.98
2026-03-29,FL,VIP,Slotted Turner,3,26.97
2026-03-29,FL,VIP,Protein Powder,2,39.98
2026-03-29,FL,VIP,Rice,1,5.99
2026-03-29,IL,New,Huawei Matebook X Pro,3,4199.97
2026-03-29,NY,New,Asus Zenbook Pro Dual Screen Laptop,2,3599.98
2026-03-29,NY,New,Mulberry,2,9.98
2026-03-29,GA,New,Red Lipstick,1,12.99
2026-03-29,GA,New,Annibale Colombo Bed,3,5699.97
2026-03-29,GA,New,Blue & Black Check Shirt,1,29.99
2026-03-29,GA,New,Fine Mesh Strainer,3,29.97
2026-03-29,IL,New,Chanel Coco Noir Eau De,3,389.97
2026-03-29,IL,New,Citrus Squeezer Yellow,1,8.99
2026-03-29,IL,New,Bamboo Spatula,2,15.98
2026-03-29,IL,New,Calvin Klein CK One,2,99.98
2026-03-29,NY,New,Apple Airpods,1,129.99
2026-03-29,NY,New,Red Nail Polish,2,17.98
2026-03-29,NY,New,Boxed Blender,2,79.98
2026-03-29,NY,New,Rice,1,5.99
2026-03-29,MO,New,Annibale Colombo Bed,3,5699.97
2026-03-29,WA,New,Electric Stove,2,99.98
2026-03-29,WA,New,Knife,1,14.99
2026-03-29,WA,New,Dolce Shine Eau de,1,69.99
2026-03-29,MO,VIP,Apple Airpods,2,259.98
2026-03-29,MO,VIP,Sports Sneakers Off White Red,1,109.99
2026-03-29,MO,VIP,Powder Canister,2,29.98
2026-03-29,MO,VIP,Plant Pot,1,14.99
2026-03-29,CA,Returning,Slotted Turner,2,17.98
2026-03-29,MO,Returning,Powder Canister,1,14.99
2026-03-29,MO,Returning,Chanel Coco Noir Eau De,3,389.97
2026-03-29,MO,Returning,Wooden Rolling Pin,1,11.99
2026-03-29,MO,Returning,Puma Future Rider Trainers,3,269.97
2026-03-29,IL,New,Beef Steak,2,25.98
2026-03-29,NY,New,Puma Future Rider Trainers,2,179.98
2026-03-29,NY,New,Annibale Colombo Sofa,2,4999.98
2026-03-29,NY,New,Dog Food,1,10.99
2026-03-30,GA,VIP,Apple MacBook Pro 14 Inch Space Grey,1,1999.99
2026-03-30,GA,VIP,Red Onions,2,3.98
2026-03-30,GA,VIP,Green Chili Pepper,2,1.98
2026-03-30,CA,New,Juice,2,7.98
2026-03-30,CA,New,Mulberry,1,4.99
2026-03-30,CA,New,Gucci Bloom Eau de,1,79.99
2026-03-30,FL,VIP,Fine Mesh Strainer,3,29.97
2026-03-30,FL,VIP,Strawberry,3,11.97
2026-03-30,FL,VIP,Red Tongs,1,6.99
2026-03-30,FL,VIP,Dog Food,1,10.99
2026-03-30,TX,Returning,Pan,3,74.97
2026-03-30,CA,New,Powder Canister,3,44.97
2026-03-30,CA,New,Mulberry,3,14.97
2026-03-30,CA,New,Green Bell Pepper,1,1.29
2026-03-30,CA,New,Sports Sneakers Off White Red,1,109.99
2026-03-30,NY,Returning,Asus Zenbook Pro Dual Screen Laptop,1,1799.99
2026-03-30,NY,Returning,Mug Tree Stand,3,47.97
2026-03-30,NY,Returning,Beef Steak,2,25.98
2026-03-30,TX,Returning,Brown Leather Belt Watch,2,179.98
2026-03-30,TX,Returning,Strawberry,1,3.99
2026-03-30,IL,VIP,Slotted Turner,1,8.99
2026-03-30,CA,Returning,Cat Food,2,17.98
2026-03-30,CA,Returning,Bedside Table African Cherry,2,599.98
2026-03-30,CA,Returning,Chopping Board,2,25.98
2026-03-30,NY,New,Kiwi,1,2.49
2026-03-30,NY,New,Rolex Cellini Date Black Dial,3,26999.97
2026-03-30,NY,Returning,Black Whisk,3,29.97
2026-03-30,NY,Returning,Strawberry,2,7.98
2026-03-30,NY,Returning,Pan,2,49.98
2026-03-30,CA,New,Eyeshadow Palette with Mirror,1,19.99
2026-03-30,CA,New,Lenovo Yoga 920,1,1099.99
2026-03-30,CA,New,Fine Mesh Strainer,1,9.99
2026-03-30,CA,New,Red Lipstick,3,38.97
2026-03-30,IL,New,Amazon Echo Plus,3,299.97
2026-03-30,FL,New,Soft Drinks,2,3.98
2026-03-30,FL,New,Knoll Saarinen Executive Conference Chair,3,1499.97
2026-03-30,IL,New,Fish Steak,3,44.97
2026-03-30,IL,New,Pan,3,74.97
2026-03-30,IL,New,Apple MacBook Pro 14 Inch Space Grey,2,3999.98
2026-03-30,IL,New,Rolex Submariner Watch,1,13999.99
2026-03-30,NY,Returning,Tissue Paper Box,2,4.98
2026-03-30,GA,New,Fish Steak,2,29.98
2026-03-30,GA,New,Green Bell Pepper,1,1.29
2026-03-30,GA,New,Kitchen Sieve,2,15.98
2026-03-30,GA,New,Pan,2,49.98
2026-03-30,WA,New,Fork,2,7.98
2026-03-30,WA,New,Table Lamp,2,99.98
2026-03-30,MO,New,Black Aluminium Cup,2,11.98
2026-03-30,FL,Returning,Eggs,3,8.97
2026-03-30,FL,Returning,Annibale Colombo Sofa,2,4999.98
2026-03-30,FL,VIP,Gigabyte Aorus Men Tshirt,3,74.97
2026-03-30,FL,VIP,Pan,3,74.97
2026-03-30,FL,VIP,Apple Airpods,2,259.98
2026-03-30,CA,VIP,Lenovo Yoga 920,3,3299.97
2026-03-30,CA,VIP,Black Aluminium Cup,2,11.98
2026-03-30,CA,Returning,Plate,1,3.99
2026-03-30,CA,Returning,Rolex Cellini Date Black Dial,1,8999.99
2026-03-30,CA,VIP,Nescafe Coffee,3,23.97
2026-03-30,CA,VIP,Grater Black,2,21.98
2026-03-30,CA,VIP,Beef Steak,3,38.97
2026-03-30,CA,New,Kitchen Sieve,3,23.97
2026-03-30,CA,New,Apple MacBook Pro 14 Inch Space Grey,3,5999.97
2026-03-30,MO,Returning,Plate,3,11.97
2026-03-30,MO,Returning,Spoon,3,14.97
2026-03-30,FL,New,Black Whisk,1,9.99
2026-03-30,MO,VIP,Rolex Cellini Date Black Dial,3,26999.97
2026-03-30,MO,VIP,Knife,1,14.99
2026-03-30,MO,VIP,Spoon,1,4.99
2026-03-30,MO,VIP,Nike Baseball Cleats,3,239.97
2026-03-30,WA,VIP,Apple MacBook Pro 14 Inch Space Grey,3,5999.97
2026-03-30,WA,VIP,Fine Mesh Strainer,1,9.99
2026-03-30,MO,VIP,Gigabyte Aorus Men Tshirt,2,49.98
2026-03-30,CA,Returning,Red Tongs,3,20.97
2026-03-30,CA,Returning,Juice,2,7.98
2026-03-30,CA,Returning,Apple Airpods,3,389.97
2026-03-30,CA,Returning,Milk,2,6.98
2026-03-30,WA,Returning,Red Onions,2,3.98
2026-03-30,WA,Returning,Tissue Paper Box,2,4.98
2026-03-30,NY,VIP,Knoll Saarinen Executive Conference Chair,3,1499.97
2026-03-30,NY,VIP,Carbon Steel Wok,2,59.98
2026-03-30,MO,VIP,Strawberry,1,3.99
2026-03-30,GA,VIP,Juice,3,11.97
2026-03-30,MO,New,Kitchen Sieve,3,23.97
2026-03-30,MO,New,Red Tongs,3,20.97
2026-03-30,CA,Returning,Yellow Peeler,3,17.97
2026-03-30,CA,Returning,Plate,2,7.98
2026-03-30,CA,Returning,Green Chili Pepper,3,2.97
2026-03-30,CA,Returning,Tray,1,16.99
2026-03-30,FL,Returning,Bedside Table African Cherry,1,299.99
2026-03-30,FL,Returning,Knoll Saarinen Executive Conference Chair,3,1499.97
2026-03-30,FL,Returning,Fine Mesh Strainer,2,19.98
2026-03-30,MO,VIP,Eyeshadow Palette with Mirror,2,39.98
2026-03-30,MO,VIP,Sports Sneakers Off White & Red,1,119.99
2026-03-30,MO,VIP,Powder Canister,1,14.99
2026-03-30,MO,VIP,Tissue Paper Box,2,4.98
2026-03-30,IL,Returning,Blue & Black Check Shirt,3,89.97
2026-03-30,IL,Returning,Decoration Swing,2,119.98
2026-03-30,GA,VIP,Fine Mesh Strainer,3,29.97
2026-03-30,GA,VIP,Plant Pot,1,14.99
2026-03-30,GA,VIP,Cat Food,3,26.97
2026-03-30,GA,VIP,Rolex Datejust,3,32999.97
2026-03-30,CA,New,Men Check Shirt,3,83.97
2026-03-30,CA,New,Calvin Klein CK One,3,149.97
2026-03-30,CA,New,New DELL XPS 13 9300 Laptop,3,4499.97
2026-03-30,WA,VIP,Water,2,1.98
2026-03-30,WA,VIP,Dolce Shine Eau de,3,209.97
2026-03-30,WA,VIP,Microwave Oven,1,89.99
2026-03-30,WA,VIP,Amazon Echo Plus,2,199.98
2026-03-30,WA,VIP,Carbon Steel Wok,1,29.99
2026-03-30,WA,VIP,Rolex Submariner Watch,3,41999.97
2026-03-30,WA,VIP,Gigabyte Aorus Men Tshirt,2,49.98
2026-03-30,MO,VIP,Huawei Matebook X Pro,2,2799.98
2026-03-30,MO,VIP,Juice,1,3.99
2026-03-30,MO,VIP,Electric Stove,3,149.97
2026-03-30,MO,VIP,Nescafe Coffee,3,23.97
2026-03-30,TX,Returning,Protein Powder,3,59.97
2026-03-30,WA,Returning,Brown Leather Belt Watch,3,269.97
2026-03-30,WA,Returning,Sports Sneakers Off White & Red,3,359.97
2026-03-30,WA,Returning,Bamboo Spatula,1,7.99
2026-03-30,IL,New,Brown Leather Belt Watch,2,179.98
2026-03-30,IL,New,Spoon,3,14.97
2026-03-30,CA,New,Longines Master Collection,1,1499.99
2026-03-30,CA,New,House Showpiece Plant,2,79.98
2026-03-30,CA,New,Gucci Bloom Eau de,2,159.98
2026-03-30,GA,Returning,Microwave Oven,2,179.98
2026-03-30,GA,Returning,Ice Cream,1,5.49
2026-03-30,WA,VIP,Rice,2,11.98
2026-03-30,WA,VIP,Bamboo Spatula,1,7.99
2026-03-30,MO,New,Grater Black,1,10.99
2026-03-30,MO,New,Eyeshadow Palette with Mirror,1,19.99
2026-03-30,MO,New,Knoll Saarinen Executive Conference Chair,1,499.99
2026-03-30,WA,Returning,Potatoes,1,2.29
2026-03-30,WA,Returning,Decoration Swing,2,119.98
2026-03-30,WA,Returning,Annibale Colombo Bed,3,5699.97
2026-03-30,WA,Returning,Dog Food,2,21.98
2026-03-30,WA,VIP,Boxed Blender,1,39.99
2026-03-30,GA,New,Mulberry,3,14.97
2026-03-30,GA,New,Kiwi,1,2.49
2026-03-30,GA,New,Mug Tree Stand,3,47.97
2026-03-30,GA,New,Grater Black,3,32.97
2026-03-30,CA,VIP,Plate,2,7.98
2026-03-30,CA,VIP,Glass,2,9.98
2026-03-30,CA,VIP,Lunch Box,1,12.99
2026-03-30,CA,VIP,Rice,3,17.97
2026-03-30,CA,VIP,Green Bell Pepper,1,1.29
2026-03-30,CA,VIP,Amazon Echo Plus,3,299.97
2026-03-30,TX,VIP,Annibale Colombo Sofa,3,7499.97
2026-03-30,TX,VIP,Spice Rack,2,39.98
2026-03-30,WA,Returning,Gucci Bloom Eau de,3,239.97
2026-03-30,WA,Returning,Knoll Saarinen Executive Conference Chair,2,999.98
2026-03-30,WA,Returning,Microwave Oven,1,89.99
2026-03-30,GA,New,Men Check Shirt,1,27.99
2026-03-30,GA,VIP,Green Chili Pepper,2,1.98
2026-03-30,GA,VIP,Silver Pot With Glass Cap,1,39.99
2026-03-30,FL,Returning,Hand Blender,1,34.99
2026-03-30,CA,VIP,Red Onions,3,5.97
2026-03-30,CA,VIP,Chanel Coco Noir Eau De,3,389.97
2026-03-30,MO,Returning,Amazon Echo Plus,2,199.98
2026-03-30,MO,Returning,Yellow Peeler,2,11.98
2026-03-30,MO,VIP,Bamboo Spatula,3,23.97
2026-03-30,MO,VIP,Milk,2,6.98
2026-03-30,MO,VIP,Black Aluminium Cup,2,11.98
2026-03-30,NY,Returning,Black Aluminium Cup,1,5.99
2026-03-30,NY,Returning,Kiwi,2,4.98
2026-03-30,NY,Returning,Dior J'adore,2,179.98
2026-03-30,MO,New,Table Lamp,2,99.98
2026-03-30,MO,New,Blue & Black Check Shirt,3,89.97
2026-03-30,MO,New,Apple,1,1.99
2026-03-30,MO,New,Hand Blender,1,34.99
2026-03-30,CA,New,Lenovo Yoga 920,2,2199.98
2026-03-30,CA,New,Rolex Cellini Moonphase,3,38999.97
2026-03-30,CA,New,Man Short Sleeve Shirt,2,39.98
2026-03-30,CA,New,Tissue Paper Box,1,2.49
2026-03-30,CA,New,Decoration Swing,2,119.98
2026-03-30,CA,New,Chicken Meat,3,29.97
2026-03-30,IL,VIP,Knoll Saarinen Executive Conference Chair,3,1499.97
2026-03-30,IL,VIP,Green Chili Pepper,1,0.99
2026-03-30,FL,VIP,Rolex Datejust,1,10999.99
2026-03-30,FL,VIP,Knoll Saarinen Executive Conference Chair,1,499.99
2026-03-30,FL,VIP,Black Aluminium Cup,3,17.97
2026-03-30,TX,VIP,Blue & Black Check Shirt,1,29.99
2026-03-30,TX,VIP,Plate,2,7.98
2026-03-30,MO,VIP,Dior J'adore,1,89.99
2026-03-30,NY,New,Chanel Coco Noir Eau De,1,129.99
2026-03-30,NY,New,Rice,3,17.97
2026-03-30,NY,Returning,Green Chili Pepper,3,2.97
2026-03-30,NY,Returning,Plate,2,7.98
2026-03-30,NY,Returning,Glass,1,4.99
2026-03-30,GA,Returning,Egg Slicer,2,13.98
2026-03-30,GA,Returning,Rolex Cellini Moonphase,1,12999.99
2026-03-30,FL,New,Dolce Shine Eau de,3,209.97
2026-03-30,FL,New,Chopping Board,3,38.97
2026-03-30,FL,New,Rolex Datejust,2,21999.98
2026-03-31,FL,VIP,Amazon Echo Plus,3,299.97
2026-03-31,FL,VIP,Dior J'adore,1,89.99
2026-03-31,WA,Returning,Essence Mascara Lash Princess,1,9.99
2026-03-31,FL,VIP,Knife,2,29.98
2026-03-31,FL,VIP,Microwave Oven,3,269.97
2026-03-31,FL,VIP,Pan,1,24.99
2026-03-31,FL,VIP,Tray,2,33.98
2026-03-31,GA,VIP,Eyeshadow Palette with Mirror,2,39.98
2026-03-31,CA,Returning,Egg Slicer,3,20.97
2026-03-31,CA,Returning,Glass,1,4.99
2026-03-31,CA,Returning,Puma Future Rider Trainers,1,89.99
2026-03-31,GA,New,Bamboo Spatula,1,7.99
2026-03-31,MO,New,Blue & Black Check Shirt,2,59.98
2026-03-31,MO,New,Lenovo Yoga 920,2,2199.98
2026-03-31,MO,New,Protein Powder,1,19.99
2026-03-31,MO,VIP,Gigabyte Aorus Men Tshirt,2,49.98
2026-03-31,MO,VIP,Wooden Rolling Pin,1,11.99
2026-03-31,GA,Returning,Sports Sneakers Off White Red,2,219.98
2026-03-31,GA,Returning,Milk,1,3.49
2026-03-31,GA,Returning,Chopping Board,1,12.99
2026-03-31,GA,Returning,Rolex Cellini Moonphase,2,25999.98
2026-03-31,CA,VIP,Red Nail Polish,3,26.97
2026-03-31,GA,Returning,Asus Zenbook Pro Dual Screen Laptop,3,5399.97
2026-03-31,GA,Returning,Plant Pot,2,29.98
2026-03-31,GA,Returning,Protein Powder,2,39.98
2026-03-31,GA,Returning,Black Whisk,3,29.97
2026-03-31,GA,Returning,Electric Stove,2,99.98
2026-03-31,NY,VIP,Fish Steak,3,44.97
2026-03-31,NY,VIP,Wooden Bathroom Sink With Mirror,1,799.99
2026-03-31,MO,Returning,New DELL XPS 13 9300 Laptop,3,4499.97
2026-03-31,MO,Returning,Eggs,3,8.97
2026-03-31,MO,Returning,Silver Pot With Glass Cap,2,79.98
2026-03-31,MO,New,Wooden Bathroom Sink With Mirror,1,799.99
2026-03-31,MO,Returning,Microwave Oven,3,269.97
2026-03-31,MO,Returning,Fish Steak,2,29.98
2026-03-31,MO,Returning,Glass,2,9.98
2026-03-31,MO,Returning,Huawei Matebook X Pro,3,4199.97
2026-03-31,NY,VIP,Cat Food,3,26.97
2026-03-31,NY,VIP,Eyeshadow Palette with Mirror,3,59.97
2026-03-31,NY,VIP,Water,3,2.97
2026-03-31,NY,VIP,Grater Black,2,21.98
2026-03-31,TX,New,Nike Baseball Cleats,3,239.97
2026-03-31,TX,New,Wooden Rolling Pin,1,11.99
2026-03-31,TX,New,Chicken Meat,1,9.99
2026-03-31,IL,VIP,Lemon,3,2.37
2026-03-31,IL,VIP,Slotted Turner,2,17.98
2026-03-31,IL,VIP,Knoll Saarinen Executive Conference Chair,1,499.99
2026-03-31,IL,VIP,Gigabyte Aorus Men Tshirt,1,24.99
2026-03-31,FL,VIP,Boxed Blender,3,119.97
2026-03-31,FL,VIP,Glass,1,4.99
2026-03-31,FL,VIP,Black Aluminium Cup,1,5.99
2026-03-31,IL,New,Annibale Colombo Sofa,2,4999.98
2026-03-31,IL,New,Slotted Turner,2,17.98
2026-03-31,WA,Returning,Yellow Peeler,2,11.98
2026-03-31,WA,New,Table Lamp,3,149.97
2026-03-31,WA,New,Man Short Sleeve Shirt,2,39.98
2026-03-31,NY,VIP,Essence Mascara Lash Princess,1,9.99
2026-03-31,NY,VIP,Green Chili Pepper,3,2.97
2026-03-31,NY,VIP,Blue & Black Check Shirt,1,29.99
2026-03-31,FL,New,Rolex Cellini Date Black Dial,1,8999.99
2026-03-31,FL,New,Family Tree Photo Frame,3,89.97
2026-03-31,FL,New,Spice Rack,3,59.97
2026-03-31,FL,New,Rice,3,17.97
2026-03-31,GA,New,Nike Baseball Cleats,3,239.97
2026-03-31,GA,New,Spice Rack,3,59.97
2026-03-31,GA,New,Soft Drinks,3,5.97
2026-03-31,GA,New,Strawberry,1,3.99
2026-03-31,GA,New,Boxed Blender,3,119.97
2026-03-31,GA,New,Lunch Box,2,25.98
2026-03-31,FL,Returning,Spoon,3,14.97
2026-03-31,FL,Returning,Longines Master Collection,2,2999.98
2026-03-31,FL,Returning,Gigabyte Aorus Men Tshirt,2,49.98
2026-03-31,NY,Returning,Huawei Matebook X Pro,2,2799.98
2026-03-31,NY,Returning,Red Lipstick,3,38.97
2026-03-31,NY,Returning,Apple Airpods,2,259.98
2026-03-31,NY,Returning,Annibale Colombo Sofa,1,2499.99
2026-03-31,NY,Returning,Nike Baseball Cleats,1,79.99
2026-03-31,WA,VIP,Apple Airpods,1,129.99
2026-03-31,WA,VIP,Annibale Colombo Sofa,2,4999.98
2026-03-31,WA,VIP,Red Lipstick,2,25.98
2026-03-31,WA,VIP,Man Plaid Shirt,3,104.97
2026-03-31,IL,New,Green Bell Pepper,1,1.29
2026-03-31,IL,New,Water,2,1.98
2026-03-31,IL,New,Knife,3,44.97
2026-03-31,IL,New,Chopping Board,2,25.98
2026-03-31,NY,Returning,Table Lamp,3,149.97
2026-03-31,MO,Returning,Lemon,2,1.58
2026-03-31,NY,New,Knife,1,14.99
2026-03-31,CA,Returning,Knoll Saarinen Executive Conference Chair,2,999.98
2026-03-31,CA,Returning,Chopping Board,3,38.97
2026-03-31,CA,Returning,Nike Air Jordan 1 Red And Black,1,149.99
2026-03-31,GA,New,Green Bell Pepper,2,2.58
2026-03-31,GA,New,Potatoes,1,2.29
2026-04-01,FL,VIP,Soft Drinks,3,5.97
2026-04-01,FL,VIP,Rolex Datejust,1,10999.99
2026-04-01,FL,VIP,Boxed Blender,2,79.98
2026-04-01,FL,VIP,Green Chili Pepper,2,1.98
2026-04-01,IL,VIP,Annibale Colombo Bed,3,5699.97
2026-04-01,IL,VIP,Egg Slicer,2,13.98
2026-04-01,GA,VIP,Spoon,2,9.98
2026-04-01,GA,VIP,Chicken Meat,3,29.97
2026-04-01,GA,VIP,Kiwi,2,4.98
2026-04-01,FL,Returning,Juice,2,7.98
2026-04-01,FL,Returning,Ice Cream,1,5.49
2026-04-01,CA,New,Apple,2,3.98
2026-04-01,CA,New,Rice,2,11.98
2026-04-01,NY,New,Electric Stove,2,99.98
2026-04-01,NY,New,Red Onions,2,3.98
2026-04-01,NY,New,Fine Mesh Strainer,3,29.97
2026-04-01,IL,New,New DELL XPS 13 9300 Laptop,1,1499.99
2026-04-01,IL,New,Blue & Black Check Shirt,1,29.99
2026-04-01,IL,New,Dior J'adore,3,269.97
2026-04-01,IL,New,Eyeshadow Palette with Mirror,2,39.98
2026-04-01,IL,New,Kiwi,2,4.98
2026-04-01,WA,VIP,Spoon,2,9.98
2026-04-01,WA,VIP,Dolce Shine Eau de,3,209.97
2026-04-01,WA,VIP,Tissue Paper Box,2,4.98
2026-04-01,WA,VIP,Powder Canister,2,29.98
2026-04-01,IL,VIP,Lemon,3,2.37
2026-04-01,GA,VIP,Blue & Black Check Shirt,1,29.99
2026-04-01,GA,VIP,Bamboo Spatula,1,7.99
2026-04-01,MO,New,Gigabyte Aorus Men Tshirt,1,24.99
2026-04-01,MO,New,Man Plaid Shirt,1,34.99
2026-04-01,MO,New,Rice,2,11.98
2026-04-01,TX,VIP,Knife,3,44.97
2026-04-01,TX,VIP,Apple Airpods,2,259.98
2026-04-01,TX,VIP,Water,2,1.98
2026-04-01,TX,VIP,Red Tongs,3,20.97
2026-04-01,NY,New,Chanel Coco Noir Eau De,2,259.98
2026-04-01,FL,Returning,Men Check Shirt,2,55.98
2026-04-01,FL,Returning,Chopping Board,2,25.98
2026-04-01,FL,Returning,Asus Zenbook Pro Dual Screen Laptop,1,1799.99
2026-04-01,FL,Returning,Cooking Oil,2,9.98
2026-04-01,TX,VIP,Bedside Table African Cherry,3,899.97
2026-04-01,TX,VIP,Chopping Board,3,38.97
2026-04-01,WA,Returning,Rolex Cellini Moonphase,3,38999.97
2026-04-01,WA,Returning,Ice Cream,2,10.98
2026-04-01,GA,VIP,Hand Blender,1,34.99
2026-04-01,GA,VIP,Gucci Bloom Eau de,1,79.99
2026-04-01,GA,VIP,Annibale Colombo Bed,3,5699.97
2026-04-01,GA,VIP,Cat Food,2,17.98
2026-04-01,NY,Returning,Calvin Klein CK One,2,99.98
2026-04-01,FL,Returning,Bedside Table African Cherry,1,299.99
2026-04-01,FL,Returning,Red Onions,3,5.97
2026-04-01,FL,Returning,Longines Master Collection,1,1499.99
2026-04-01,FL,Returning,Calvin Klein CK One,3,149.97
2026-04-01,NY,VIP,Yellow Peeler,1,5.99
2026-04-01,NY,VIP,Silver Pot With Glass Cap,1,39.99
2026-04-01,MO,VIP,Mulberry,2,9.98
2026-04-01,WA,VIP,Spice Rack,1,19.99
2026-04-01,WA,VIP,Milk,3,10.47
2026-04-01,WA,VIP,Kiwi,2,4.98
2026-04-01,WA,VIP,Man Plaid Shirt,2,69.98
2026-04-01,IL,Returning,Decoration Swing,3,179.97
2026-04-01,IL,Returning,Honey Jar,1,6.99
2026-04-01,IL,Returning,Knife,3,44.97
2026-04-01,MO,New,Boxed Blender,2,79.98
2026-04-01,MO,New,Cooking Oil,2,9.98
2026-04-01,MO,New,Chanel Coco Noir Eau De,2,259.98
2026-04-01,MO,New,Lunch Box,3,38.97
2026-04-01,MO,New,Dog Food,1,10.99
2026-04-01,MO,New,Wooden Bathroom Sink With Mirror,2,1599.98
2026-04-01,FL,VIP,Rolex Cellini Date Black Dial,1,8999.99
2026-04-01,FL,VIP,Spoon,3,14.97
2026-04-01,FL,New,Nescafe Coffee,2,15.98
2026-04-01,CA,Returning,Spoon,1,4.99
2026-04-01,CA,New,Knoll Saarinen Executive Conference Chair,1,499.99
2026-04-01,CA,New,Ice Cube Tray,2,11.98
2026-04-01,CA,New,Cat Food,2,17.98
2026-04-01,CA,New,Ice Cream,2,10.98
2026-04-01,IL,VIP,Gucci Bloom Eau de,2,159.98
2026-04-01,IL,VIP,Juice,3,11.97
2026-04-01,IL,VIP,Red Lipstick,1,12.99
2026-04-01,IL,VIP,Tray,2,33.98
2026-04-01,IL,VIP,Kiwi,2,4.98
2026-04-01,FL,New,Huawei Matebook X Pro,3,4199.97
2026-04-01,FL,New,Kitchen Sieve,2,15.98
2026-04-01,FL,New,Family Tree Photo Frame,3,89.97
2026-04-01,MO,Returning,Egg Slicer,3,20.97
2026-04-01,MO,Returning,Hand Blender,1,34.99
2026-04-01,WA,VIP,Apple,1,1.99
2026-04-01,NY,New,Potatoes,1,2.29
2026-04-01,NY,New,Milk,2,6.98
2026-04-01,CA,VIP,Juice,2,7.98
2026-04-01,CA,VIP,Silver Pot With Glass Cap,3,119.97
2026-04-01,CA,VIP,Red Tongs,3,20.97
2026-04-01,GA,New,Soft Drinks,2,3.98
2026-04-01,GA,New,Rolex Submariner Watch,2,27999.98
2026-04-01,GA,New,Ice Cream,1,5.49
2026-04-01,GA,New,Wooden Rolling Pin,1,11.99
2026-04-01,WA,VIP,Rolex Datejust,3,32999.97
2026-04-01,WA,VIP,Amazon Echo Plus,2,199.98
2026-04-01,WA,Returning,Tissue Paper Box,3,7.47
2026-04-01,WA,Returning,Wooden Rolling Pin,2,23.98
2026-04-01,WA,Returning,Lenovo Yoga 920,3,3299.97
2026-04-01,WA,Returning,Gucci Bloom Eau de,3,239.97
2026-04-01,NY,Returning,Man Short Sleeve Shirt,1,19.99
2026-04-01,NY,Returning,Gucci Bloom Eau de,2,159.98
2026-04-01,NY,Returning,Nike Air Jordan 1 Red And Black,3,449.97
2026-04-01,CA,VIP,Knoll Saarinen Executive Conference Chair,2,999.98
2026-04-01,NY,VIP,Honey Jar,1,6.99
2026-04-01,NY,VIP,Protein Powder,2,39.98
2026-04-01,NY,VIP,Fish Steak,2,29.98
2026-04-01,CA,New,Nike Air Jordan 1 Red And Black,3,449.97
2026-04-01,CA,New,Kitchen Sieve,1,7.99
2026-04-01,CA,New,Fork,3,11.97
2026-04-01,FL,Returning,Table Lamp,1,49.99
2026-04-01,MO,New,Sports Sneakers Off White & Red,3,359.97
2026-04-01,MO,New,Mulberry,3,14.97
2026-04-01,IL,New,Gucci Bloom Eau de,3,239.97
2026-04-01,TX,VIP,Lunch Box,2,25.98
2026-04-01,TX,VIP,Asus Zenbook Pro Dual Screen Laptop,1,1799.99
2026-04-01,TX,VIP,Red Onions,1,1.99
2026-04-01,FL,VIP,Hand Blender,3,104.97
2026-04-01,FL,VIP,Red Nail Polish,1,8.99
2026-04-01,TX,Returning,Gigabyte Aorus Men Tshirt,1,24.99
2026-04-01,TX,Returning,Gucci Bloom Eau de,3,239.97
2026-04-01,FL,Returning,Sports Sneakers Off White Red,3,329.97
2026-04-01,FL,Returning,Hand Blender,3,104.97
2026-04-01,FL,Returning,Fish Steak,3,44.97
2026-04-01,WA,New,Glass,1,4.99
2026-04-01,WA,New,Knife,2,29.98
2026-04-01,NY,New,Eggs,3,8.97
2026-04-01,NY,New,Bamboo Spatula,1,7.99
2026-04-01,NY,New,Electric Stove,3,149.97
2026-04-01,TX,Returning,Red Tongs,2,13.98
2026-04-01,TX,Returning,Eggs,2,5.98
2026-04-01,TX,Returning,Huawei Matebook X Pro,2,2799.98
2026-04-01,TX,Returning,Protein Powder,1,19.99
2026-04-01,WA,Returning,Cat Food,1,8.99
2026-04-02,IL,New,Tissue Paper Box,2,4.98
2026-04-02,IL,New,Protein Powder,1,19.99
2026-04-02,IL,New,Nike Air Jordan 1 Red And Black,1,149.99
2026-04-02,CA,VIP,Knoll Saarinen Executive Conference Chair,1,499.99
2026-04-02,CA,VIP,Yellow Peeler,2,11.98
2026-04-02,CA,VIP,Slotted Turner,1,8.99
2026-04-02,CA,VIP,Mug Tree Stand,2,31.98
2026-04-02,IL,VIP,Man Plaid Shirt,3,104.97
2026-04-02,IL,VIP,Bedside Table African Cherry,2,599.98
2026-04-02,CA,Returning,Asus Zenbook Pro Dual Screen Laptop,1,1799.99
2026-04-02,CA,Returning,Fine Mesh Strainer,3,29.97
2026-04-02,CA,Returning,Tray,1,16.99
2026-04-02,GA,VIP,Kitchen Sieve,2,15.98
2026-04-02,GA,VIP,Fine Mesh Strainer,1,9.99
2026-04-02,GA,VIP,Nike Air Jordan 1 Red And Black,1,149.99
2026-04-02,GA,VIP,Puma Future Rider Trainers,2,179.98
2026-04-02,NY,VIP,Fish Steak,1,14.99
2026-04-02,NY,VIP,Ice Cream,2,10.98
2026-04-02,NY,VIP,Asus Zenbook Pro Dual Screen Laptop,3,5399.97
2026-04-02,NY,VIP,Sports Sneakers Off White & Red,3,359.97
2026-04-02,NY,VIP,Potatoes,1,2.29
2026-04-02,NY,VIP,Nescafe Coffee,1,7.99
2026-04-02,CA,New,Wooden Rolling Pin,1,11.99
2026-04-02,CA,New,Potatoes,2,4.58
2026-04-02,WA,New,Soft Drinks,2,3.98
2026-04-02,WA,New,Citrus Squeezer Yellow,3,26.97
2026-04-02,WA,New,Plate,3,11.97
2026-04-02,MO,Returning,Glass,2,9.98
2026-04-02,MO,Returning,Nescafe Coffee,2,15.98
2026-04-02,GA,New,Blue & Black Check Shirt,1,29.99
2026-04-02,GA,New,Gucci Bloom Eau de,3,239.97
2026-04-02,GA,New,Kitchen Sieve,1,7.99
2026-04-02,GA,New,Red Tongs,1,6.99
2026-04-02,CA,Returning,Wooden Bathroom Sink With Mirror,1,799.99
2026-04-02,CA,Returning,Rolex Cellini Moonphase,3,38999.97
2026-04-02,CA,Returning,Dior J'adore,1,89.99
2026-04-02,CA,Returning,Red Lipstick,2,25.98
2026-04-02,GA,New,Glass,3,14.97
2026-04-02,GA,New,New DELL XPS 13 9300 Laptop,2,2999.98
2026-04-02,IL,New,Apple,2,3.98
2026-04-02,FL,New,Slotted Turner,3,26.97
2026-04-02,FL,VIP,Dior J'adore,3,269.97
2026-04-02,FL,VIP,Gigabyte Aorus Men Tshirt,3,74.97
2026-04-02,FL,VIP,Red Tongs,3,20.97
2026-04-02,GA,New,Men Check Shirt,1,27.99
2026-04-02,CA,New,Microwave Oven,3,269.97
2026-04-02,TX,VIP,Slotted Turner,2,17.98
2026-04-02,TX,VIP,Rolex Cellini Moonphase,2,25999.98
2026-04-02,IL,Returning,Rolex Submariner Watch,1,13999.99
2026-04-02,IL,Returning,Ice Cream,1,5.49
2026-04-02,IL,Returning,Potatoes,3,6.87
2026-04-02,IL,Returning,Water,2,1.98
2026-04-02,GA,VIP,Ice Cream,3,16.47
2026-04-02,GA,VIP,Rolex Submariner Watch,2,27999.98
2026-04-02,GA,VIP,Powder Canister,2,29.98
2026-04-02,GA,VIP,Mug Tree Stand,3,47.97
2026-04-02,FL,New,Annibale Colombo Bed,1,1899.99
2026-04-02,FL,New,Lenovo Yoga 920,2,2199.98
2026-04-02,TX,Returning,Red Nail Polish,2,17.98
2026-04-02,TX,Returning,Decoration Swing,3,179.97
2026-04-02,TX,Returning,Essence Mascara Lash Princess,1,9.99
2026-04-02,TX,Returning,Men Check Shirt,3,83.97
2026-04-02,NY,VIP,Lenovo Yoga 920,1,1099.99
2026-04-02,MO,Returning,Water,3,2.97
2026-04-02,NY,New,Man Plaid Shirt,2,69.98
2026-04-02,TX,Returning,Yellow Peeler,1,5.99
2026-04-02,TX,Returning,Red Onions,3,5.97
2026-04-02,TX,Returning,Glass,2,9.98
2026-04-02,TX,Returning,Rolex Cellini Moonphase,3,38999.97
2026-04-02,MO,New,Lunch Box,3,38.97
2026-04-02,FL,New,Egg Slicer,2,13.98
2026-04-02,FL,New,Chopping Board,1,12.99
2026-04-02,FL,New,Gigabyte Aorus Men Tshirt,3,74.97
2026-04-02,FL,New,Fork,1,3.99
2026-04-02,NY,Returning,Mug Tree Stand,2,31.98
2026-04-02,NY,Returning,Tissue Paper Box,2,4.98
2026-04-02,FL,New,Red Onions,1,1.99
2026-04-02,FL,New,Amazon Echo Plus,2,199.98
2026-04-02,FL,New,Protein Powder,2,39.98
2026-04-02,FL,VIP,Fine Mesh Strainer,1,9.99
2026-04-02,FL,VIP,Mulberry,2,9.98
2026-04-02,FL,New,Nike Air Jordan 1 Red And Black,1,149.99
2026-04-02,NY,VIP,Rice,2,11.98
2026-04-02,NY,VIP,Fine Mesh Strainer,1,9.99
2026-04-02,NY,Returning,Silver Pot With Glass Cap,2,79.98
2026-04-02,NY,New,Kiwi,2,4.98
2026-04-02,FL,VIP,Table Lamp,1,49.99
2026-04-02,FL,VIP,Cooking Oil,1,4.99
2026-04-02,FL,VIP,Grater Black,3,32.97
2026-04-02,FL,VIP,Spoon,2,9.98
2026-04-02,TX,VIP,Lenovo Yoga 920,1,1099.99
2026-04-02,TX,VIP,Men Check Shirt,3,83.97
2026-04-02,TX,VIP,Citrus Squeezer Yellow,1,8.99
2026-04-02,NY,Returning,Cucumber,1,1.49
2026-04-02,NY,Returning,Cat Food,2,17.98
2026-04-02,NY,Returning,House Showpiece Plant,3,119.97
2026-04-02,NY,Returning,Boxed Blender,2,79.98
2026-04-02,NY,Returning,Fish Steak,1,14.99
2026-04-02,GA,New,Red Tongs,1,6.99
2026-04-02,FL,New,Dolce Shine Eau de,2,139.98
2026-04-02,FL,New,Rolex Cellini Moonphase,2,25999.98
2026-04-02,FL,New,Soft Drinks,2,3.98
2026-04-02,FL,New,Citrus Squeezer Yellow,1,8.99
2026-04-02,IL,Returning,Dolce Shine Eau de,1,69.99
2026-04-02,GA,New,Milk,1,3.49
2026-04-02,GA,New,Longines Master Collection,2,2999.98
2026-04-02,GA,New,Bamboo Spatula,3,23.97
2026-04-02,GA,New,Apple Airpods,3,389.97
2026-04-02,FL,VIP,Eyeshadow Palette with Mirror,1,19.99
2026-04-02,FL,VIP,House Showpiece Plant,1,39.99
2026-04-02,WA,New,Spice Rack,2,39.98
2026-04-02,WA,New,Lemon,3,2.37
2026-04-02,WA,New,Dog Food,1,10.99
2026-04-02,FL,Returning,Eggs,1,2.99
2026-04-02,FL,Returning,Gucci Bloom Eau de,3,239.97
2026-04-02,TX,New,Black Aluminium Cup,3,17.97
2026-04-02,TX,New,Chicken Meat,2,19.98
2026-04-02,FL,New,Gucci Bloom Eau de,3,239.97
2026-04-02,NY,New,Chanel Coco Noir Eau De,1,129.99
2026-04-02,NY,VIP,Dolce Shine Eau de,1,69.99
2026-04-02,NY,VIP,Mulberry,3,14.97
2026-04-02,NY,VIP,Rolex Submariner Watch,1,13999.99
2026-04-02,NY,VIP,Strawberry,1,3.99
2026-04-02,MO,New,Black Whisk,3,29.97
2026-04-02,MO,New,Decoration Swing,2,119.98
2026-04-02,NY,VIP,Lenovo Yoga 920,2,2199.98
2026-04-02,MO,VIP,Gigabyte Aorus Men Tshirt,3,74.97
2026-04-02,WA,New,Rice,2,11.98
2026-04-02,FL,New,Beef Steak,3,38.97
2026-04-02,FL,New,Eggs,1,2.99
2026-04-02,FL,New,Juice,1,3.99
2026-04-02,FL,New,Lemon,2,1.58
2026-04-02,FL,New,Asus Zenbook Pro Dual Screen Laptop,3,5399.97
2026-04-02,FL,New,Amazon Echo Plus,3,299.97
2026-04-02,FL,New,Sports Sneakers Off White Red,1,109.99
2026-04-02,FL,New,Eyeshadow Palette with Mirror,3,59.97
2026-04-02,FL,Returning,Boxed Blender,3,119.97
2026-04-02,FL,Returning,Amazon Echo Plus,3,299.97
2026-04-02,TX,VIP,Bamboo Spatula,1,7.99
2026-04-02,CA,Returning,Apple MacBook Pro 14 Inch Space Grey,1,1999.99
2026-04-02,CA,Returning,Man Short Sleeve Shirt,3,59.97
2026-04-02,IL,VIP,Bedside Table African Cherry,2,599.98
2026-04-02,IL,New,Lunch Box,2,25.98
2026-04-02,CA,Returning,Hand Blender,3,104.97
2026-04-02,NY,VIP,Asus Zenbook Pro Dual Screen Laptop,2,3599.98
2026-04-02,NY,VIP,Decoration Swing,3,179.97
2026-04-02,NY,VIP,Spoon,3,14.97
2026-04-02,NY,VIP,Fish Steak,2,29.98
2026-04-02,MO,New,Brown Leather Belt Watch,2,179.98
2026-04-02,NY,Returning,Men Check Shirt,1,27.99
2026-04-02,NY,Returning,Sports Sneakers Off White Red,3,329.97
2026-04-02,NY,Returning,Huawei Matebook X Pro,1,1399.99
2026-04-02,NY,Returning,Bedside Table African Cherry,1,299.99
2026-04-02,NY,New,Protein Powder,2,39.98
2026-04-02,NY,New,House Showpiece Plant,3,119.97
2026-04-02,NY,New,Yellow Peeler,3,17.97
2026-04-02,NY,New,Powder Canister,1,14.99
2026-04-02,MO,Returning,Ice Cube Tray,2,11.98
2026-04-02,WA,Returning,Water,1,0.99
2026-04-02,WA,Returning,Puma Future Rider Trainers,1,89.99
2026-04-02,WA,Returning,Chopping Board,2,25.98
2026-04-02,IL,New,Man Plaid Shirt,3,104.97
2026-04-02,IL,New,Cooking Oil,2,9.98
2026-04-02,IL,New,Blue & Black Check Shirt,1,29.99
2026-04-02,IL,New,Calvin Klein CK One,3,149.97
2026-04-03,NY,Returning,Dior J'adore,1,89.99
2026-04-03,NY,Returning,Red Lipstick,3,38.97
2026-04-03,NY,Returning,Protein Powder,1,19.99
2026-04-03,NY,Returning,Amazon Echo Plus,2,199.98
2026-04-03,IL,Returning,Soft Drinks,2,3.98
2026-04-03,MO,Returning,Cat Food,2,17.98
2026-04-03,MO,Returning,Bedside Table African Cherry,2,599.98
2026-04-03,NY,New,New DELL XPS 13 9300 Laptop,3,4499.97
2026-04-03,NY,New,Milk,2,6.98
2026-04-03,MO,VIP,Knoll Saarinen Executive Conference Chair,2,999.98
2026-04-03,GA,VIP,Glass,3,14.97
2026-04-03,GA,VIP,Huawei Matebook X Pro,3,4199.97
2026-04-03,GA,VIP,Ice Cream,1,5.49
2026-04-03,GA,VIP,Grater Black,3,32.97
2026-04-03,MO,New,Nike Baseball Cleats,1,79.99
2026-04-03,MO,New,Ice Cream,3,16.47
2026-04-03,NY,New,Yellow Peeler,2,11.98
2026-04-03,NY,New,Kiwi,1,2.49
2026-04-03,NY,New,Rolex Cellini Date Black Dial,2,17999.98
2026-04-03,FL,New,Wooden Rolling Pin,1,11.99
2026-04-03,FL,New,Plant Pot,3,44.97
2026-04-03,FL,New,Black Whisk,2,19.98
2026-04-03,CA,Returning,Yellow Peeler,3,17.97
2026-04-03,CA,Returning,Red Tongs,3,20.97
2026-04-03,CA,Returning,New DELL XPS 13 9300 Laptop,3,4499.97
2026-04-03,CA,Returning,Knoll Saarinen Executive Conference Chair,1,499.99
2026-04-03,IL,New,Bamboo Spatula,1,7.99
2026-04-03,IL,New,Beef Steak,3,38.97
2026-04-03,IL,New,Sports Sneakers Off White & Red,1,119.99
2026-04-03,IL,New,Spoon,2,9.98
2026-04-03,IL,New,Man Plaid Shirt,1,34.99
2026-04-03,IL,New,Honey Jar,3,20.97
2026-04-03,TX,VIP,Calvin Klein CK One,3,149.97
2026-04-03,TX,VIP,Cooking Oil,3,14.97
2026-04-03,TX,VIP,Cat Food,1,8.99
2026-04-03,TX,VIP,Apple MacBook Pro 14 Inch Space Grey,1,1999.99
2026-04-03,MO,VIP,Mulberry,1,4.99
2026-04-03,MO,VIP,Brown Leather Belt Watch,3,269.97
2026-04-03,MO,VIP,Dolce Shine Eau de,1,69.99
2026-04-03,GA,VIP,Fine Mesh Strainer,3,29.97
2026-04-03,CA,VIP,Cucumber,3,4.47
2026-04-03,CA,VIP,Silver Pot With Glass Cap,1,39.99
2026-04-03,WA,VIP,Dog Food,3,32.97
2026-04-03,MO,New,Mulberry,3,14.97
2026-04-03,FL,New,Spice Rack,2,39.98
2026-04-03,FL,New,Mulberry,3,14.97
2026-04-03,FL,New,Puma Future Rider Trainers,1,89.99
2026-04-03,FL,New,Rolex Submariner Watch,1,13999.99
2026-04-03,IL,New,Men Check Shirt,1,27.99
2026-04-03,TX,Returning,Man Plaid Shirt,2,69.98
2026-04-03,TX,New,Annibale Colombo Sofa,1,2499.99
2026-04-03,TX,New,Electric Stove,2,99.98
2026-04-03,TX,New,Nike Baseball Cleats,3,239.97
2026-04-03,TX,New,Bamboo Spatula,1,7.99
2026-04-03,NY,VIP,Fish Steak,1,14.99
2026-04-03,NY,VIP,Wooden Bathroom Sink With Mirror,1,799.99
2026-04-03,FL,New,Carbon Steel Wok,3,89.97
2026-04-03,FL,New,Bedside Table African Cherry,3,899.97
2026-04-03,MO,New,Grater Black,3,32.97
2026-04-03,MO,New,Dog Food,3,32.97
2026-04-03,IL,Returning,Eyeshadow Palette with Mirror,2,39.98
2026-04-03,IL,Returning,Longines Master Collection,2,2999.98
2026-04-03,MO,VIP,Protein Powder,3,59.97
2026-04-03,MO,VIP,Man Plaid Shirt,1,34.99
2026-04-03,MO,VIP,Longines Master Collection,1,1499.99
2026-04-03,MO,VIP,Rolex Cellini Moonphase,1,12999.99
2026-04-03,WA,VIP,Egg Slicer,2,13.98
2026-04-03,MO,Returning,Decoration Swing,3,179.97
2026-04-03,WA,VIP,Calvin Klein CK One,2,99.98
2026-04-03,GA,Returning,Bedside Table African Cherry,3,899.97
2026-04-03,GA,Returning,Ice Cream,1,5.49
2026-04-03,GA,Returning,Huawei Matebook X Pro,2,2799.98
2026-04-03,FL,New,Lemon,3,2.37
2026-04-03,CA,VIP,Kiwi,3,7.47
2026-04-03,CA,VIP,Green Chili Pepper,1,0.99
2026-04-03,CA,VIP,Longines Master Collection,1,1499.99
2026-04-03,CA,VIP,Wooden Rolling Pin,2,23.98
2026-04-03,MO,VIP,Annibale Colombo Sofa,3,7499.97
2026-04-03,MO,VIP,Man Plaid Shirt,2,69.98
2026-04-03,MO,VIP,Slotted Turner,2,17.98
2026-04-03,MO,New,Chopping Board,1,12.99
2026-04-03,MO,New,Powder Canister,2,29.98
2026-04-03,MO,New,Green Chili Pepper,1,0.99
2026-04-03,MO,New,Knoll Saarinen Executive Conference Chair,3,1499.97
2026-04-03,WA,VIP,Lenovo Yoga 920,1,1099.99
2026-04-03,NY,New,Family Tree Photo Frame,2,59.98
2026-04-03,NY,New,Bedside Table African Cherry,2,599.98
2026-04-03,NY,New,Gucci Bloom Eau de,1,79.99
2026-04-03,NY,New,Eggs,3,8.97
2026-04-03,CA,Returning,Calvin Klein CK One,3,149.97
2026-04-03,CA,Returning,Microwave Oven,2,179.98
2026-04-03,CA,Returning,Kitchen Sieve,3,23.97
2026-04-03,CA,Returning,Rolex Cellini Moonphase,1,12999.99
2026-04-03,WA,Returning,Ice Cream,1,5.49
2026-04-03,WA,Returning,Ice Cube Tray,2,11.98
2026-04-03,WA,Returning,Bamboo Spatula,3,23.97
2026-04-03,WA,Returning,Cooking Oil,1,4.99
2026-04-03,WA,Returning,Ice Cream,1,5.49
2026-04-03,WA,Returning,Decoration Swing,2,119.98
2026-04-03,WA,Returning,Men Check Shirt,2,55.98
2026-04-03,MO,Returning,Cucumber,1,1.49
2026-04-03,FL,VIP,Black Whisk,1,9.99
2026-04-03,WA,VIP,Men Check Shirt,3,83.97
2026-04-03,WA,VIP,Microwave Oven,2,179.98
2026-04-03,TX,Returning,Asus Zenbook Pro Dual Screen Laptop,1,1799.99
2026-04-03,TX,Returning,Longines Master Collection,1,1499.99
2026-04-03,TX,Returning,Rolex Cellini Date Black Dial,3,26999.97
2026-04-03,TX,Returning,Cat Food,1,8.99
2026-04-03,IL,VIP,Fish Steak,3,44.97
2026-04-03,IL,VIP,Cat Food,2,17.98
2026-04-03,IL,VIP,Wooden Bathroom Sink With Mirror,3,2399.97
2026-04-03,MO,VIP,Pan,1,24.99
2026-04-03,MO,VIP,Spoon,2,9.98
2026-04-03,FL,New,Spoon,1,4.99
2026-04-03,FL,New,Boxed Blender,3,119.97
2026-04-03,NY,Returning,Rice,1,5.99
2026-04-03,NY,Returning,Sports Sneakers Off White Red,2,219.98
2026-04-03,GA,Returning,Green Bell Pepper,3,3.87
2026-04-03,GA,Returning,Honey Jar,2,13.98
2026-04-03,GA,Returning,Calvin Klein CK One,2,99.98
2026-04-03,GA,Returning,Cucumber,2,2.98
2026-04-03,NY,New,Rolex Cellini Date Black Dial,3,26999.97
2026-04-03,NY,New,Juice,1,3.99
2026-04-03,NY,New,Man Plaid Shirt,2,69.98
2026-04-03,FL,New,Egg Slicer,3,20.97
2026-04-03,FL,New,Carbon Steel Wok,2,59.98
2026-04-03,FL,New,Microwave Oven,3,269.97
2026-04-03,FL,New,Rolex Cellini Moonphase,2,25999.98
2026-04-03,CA,Returning,Cucumber,2,2.98
2026-04-03,CA,Returning,Nescafe Coffee,1,7.99
2026-04-03,IL,VIP,Longines Master Collection,3,4499.97
2026-04-03,IL,VIP,Glass,3,14.97
2026-04-03,IL,VIP,Cat Food,3,26.97
2026-04-03,WA,VIP,Juice,3,11.97
2026-04-03,WA,VIP,Citrus Squeezer Yellow,2,17.98
2026-04-03,WA,VIP,Milk,3,10.47
2026-04-03,NY,New,Wooden Bathroom Sink With Mirror,2,1599.98
2026-04-03,TX,VIP,Protein Powder,1,19.99
2026-04-03,TX,VIP,Juice,2,7.98
2026-04-03,TX,VIP,Apple MacBook Pro 14 Inch Space Grey,2,3999.98
2026-04-03,TX,VIP,Lemon,2,1.58
2026-04-03,MO,Returning,Gigabyte Aorus Men Tshirt,1,24.99
2026-04-03,MO,Returning,Eggs,2,5.98
2026-04-03,MO,Returning,Red Nail Polish,2,17.98
2026-04-03,MO,Returning,Huawei Matebook X Pro,1,1399.99
2026-04-03,MO,New,Apple Airpods,2,259.98
2026-04-03,MO,New,Cat Food,1,8.99
2026-04-03,NY,New,Grater Black,3,32.97
2026-04-03,NY,New,Mug Tree Stand,2,31.98
2026-04-03,NY,New,Rolex Cellini Date Black Dial,3,26999.97
2026-04-03,FL,Returning,Electric Stove,3,149.97
2026-04-03,FL,Returning,Rolex Cellini Moonphase,2,25999.98
2026-04-03,CA,Returning,Bedside Table African Cherry,3,899.97
2026-04-03,CA,Returning,Man Plaid Shirt,2,69.98
2026-04-03,CA,Returning,Wooden Rolling Pin,2,23.98
2026-04-03,CA,Returning,Carbon Steel Wok,1,29.99
2026-04-03,GA,VIP,Glass,2,9.98
2026-04-03,GA,VIP,Knife,3,44.97
2026-04-03,GA,VIP,Cucumber,1,1.49
2026-04-03,GA,New,Apple,3,5.97
2026-04-03,GA,New,Ice Cube Tray,1,5.99
2026-04-03,FL,Returning,Chicken Meat,2,19.98
2026-04-03,MO,VIP,Juice,3,11.97
2026-04-03,MO,VIP,Hand Blender,2,69.98
2026-04-03,MO,VIP,Chicken Meat,1,9.99
2026-04-03,MO,VIP,Huawei Matebook X Pro,1,1399.99
2026-04-03,IL,Returning,Juice,2,7.98
2026-04-03,IL,Returning,Nike Baseball Cleats,2,159.98
2026-04-03,CA,New,Apple Airpods,3,389.97
2026-04-03,CA,New,Water,3,2.97
2026-04-03,MO,New,Potatoes,3,6.87
2026-04-03,IL,Returning,Red Tongs,3,20.97
2026-04-03,IL,Returning,Table Lamp,1,49.99
2026-04-03,IL,New,Calvin Klein CK One,1,49.99
2026-04-03,IL,New,Water,1,0.99
2026-04-03,IL,New,Family Tree Photo Frame,2,59.98
2026-04-03,IL,New,Dior J'adore,1,89.99
2026-04-03,TX,New,Nike Air Jordan 1 Red And Black,3,449.97
2026-04-03,TX,New,Powder Canister,1,14.99
2026-04-03,TX,New,Longines Master Collection,2,2999.98
2026-04-04,WA,VIP,Wooden Bathroom Sink With Mirror,3,2399.97
2026-04-04,WA,VIP,Brown Leather Belt Watch,3,269.97
2026-04-04,WA,VIP,Milk,2,6.98
2026-04-04,WA,VIP,Longines Master Collection,1,1499.99
2026-04-04,WA,VIP,Nescafe Coffee,3,23.97
2026-04-04,WA,VIP,Dior J'adore,2,179.98
2026-04-04,WA,VIP,Rolex Datejust,1,10999.99
2026-04-04,NY,Returning,Table Lamp,1,49.99
2026-04-04,NY,Returning,Nike Baseball Cleats,1,79.99
2026-04-04,IL,VIP,Kitchen Sieve,3,23.97
2026-04-04,IL,VIP,Spoon,3,14.97
2026-04-04,IL,VIP,Protein Powder,1,19.99
2026-04-04,IL,New,Apple,1,1.99
2026-04-04,IL,New,Lemon,1,0.79
2026-04-04,IL,New,Yellow Peeler,1,5.99
2026-04-04,GA,VIP,Cooking Oil,1,4.99
2026-04-04,GA,VIP,Knoll Saarinen Executive Conference Chair,2,999.98
2026-04-04,MO,VIP,Tray,2,33.98
2026-04-04,MO,VIP,Bamboo Spatula,3,23.97
2026-04-04,MO,VIP,Cucumber,3,4.47
2026-04-04,MO,VIP,Kiwi,3,7.47
2026-04-04,MO,New,Calvin Klein CK One,3,149.97
2026-04-04,MO,New,Essence Mascara Lash Princess,3,29.97
2026-04-04,FL,New,Red Onions,3,5.97
2026-04-04,FL,New,Man Plaid Shirt,3,104.97
2026-04-04,NY,Returning,Table Lamp,3,149.97
2026-04-04,NY,Returning,Sports Sneakers Off White Red,3,329.97
2026-04-04,NY,Returning,Rolex Submariner Watch,2,27999.98
2026-04-04,TX,Returning,Black Whisk,1,9.99
2026-04-04,TX,Returning,Tray,1,16.99
2026-04-04,IL,Returning,Chanel Coco Noir Eau De,2,259.98
2026-04-04,IL,Returning,Sports Sneakers Off White & Red,2,239.98
2026-04-04,IL,Returning,Fine Mesh Strainer,2,19.98
2026-04-04,IL,Returning,Black Whisk,1,9.99
2026-04-04,GA,VIP,Red Onions,3,5.97
2026-04-04,WA,Returning,Family Tree Photo Frame,2,59.98
2026-04-04,WA,Returning,Cat Food,2,17.98
2026-04-04,WA,Returning,Plant Pot,3,44.97
2026-04-04,WA,Returning,Dolce Shine Eau de,3,209.97
2026-04-04,NY,Returning,Citrus Squeezer Yellow,3,26.97
2026-04-04,IL,Returning,Lemon,2,1.58
2026-04-04,IL,Returning,Spice Rack,3,59.97
2026-04-04,IL,Returning,Annibale Colombo Sofa,2,4999.98
2026-04-04,NY,New,Men Check Shirt,2,55.98
2026-04-04,NY,New,Strawberry,3,11.97
2026-04-04,NY,New,Dior J'adore,1,89.99
2026-04-04,NY,New,Nike Baseball Cleats,3,239.97
2026-04-04,TX,VIP,Spoon,3,14.97
2026-04-04,TX,VIP,Sports Sneakers Off White & Red,2,239.98
2026-04-04,TX,VIP,Gigabyte Aorus Men Tshirt,3,74.97
2026-04-04,TX,Returning,Rolex Cellini Date Black Dial,1,8999.99
2026-04-04,TX,Returning,Dolce Shine Eau de,2,139.98
2026-04-04,TX,Returning,Men Check Shirt,1,27.99
2026-04-04,TX,New,Gigabyte Aorus Men Tshirt,3,74.97
2026-04-04,TX,New,Water,3,2.97
2026-04-04,TX,New,Eyeshadow Palette with Mirror,3,59.97
2026-04-04,WA,New,Dolce Shine Eau de,1,69.99
2026-04-04,WA,New,Gigabyte Aorus Men Tshirt,1,24.99
2026-04-04,WA,New,Spoon,1,4.99
2026-04-04,NY,VIP,Knife,3,44.97
2026-04-04,NY,VIP,Bedside Table African Cherry,3,899.97
2026-04-04,NY,VIP,Chanel Coco Noir Eau De,3,389.97
2026-04-04,TX,New,Tray,1,16.99
2026-04-04,TX,New,Dolce Shine Eau de,2,139.98
2026-04-04,TX,New,Green Bell Pepper,3,3.87
2026-04-04,TX,New,Family Tree Photo Frame,2,59.98
2026-04-04,MO,New,Spoon,1,4.99
2026-04-04,GA,New,Ice Cube Tray,3,17.97
2026-04-04,GA,New,Bedside Table African Cherry,3,899.97
2026-04-04,GA,New,Knife,3,44.97
2026-04-04,WA,Returning,Hand Blender,2,69.98
2026-04-04,FL,VIP,Man Short Sleeve Shirt,2,39.98
2026-04-04,WA,VIP,Green Bell Pepper,3,3.87
2026-04-04,MO,VIP,Fine Mesh Strainer,3,29.97
2026-04-04,FL,Returning,Eggs,3,8.97
2026-04-04,FL,Returning,Green Chili Pepper,1,0.99
2026-04-04,CA,VIP,Spoon,2,9.98
2026-04-04,CA,VIP,Cucumber,2,2.98
2026-04-04,CA,VIP,Dior J'adore,1,89.99
2026-04-04,CA,VIP,Family Tree Photo Frame,3,89.97
2026-04-04,MO,Returning,Juice,1,3.99
2026-04-04,MO,Returning,Ice Cube Tray,3,17.97
2026-04-04,MO,Returning,Black Whisk,3,29.97
2026-04-04,CA,VIP,Annibale Colombo Bed,2,3799.98
2026-04-04,TX,Returning,Citrus Squeezer Yellow,2,17.98
2026-04-04,TX,Returning,Potatoes,1,2.29
2026-04-04,TX,Returning,Family Tree Photo Frame,2,59.98
2026-04-04,WA,Returning,Bedside Table African Cherry,2,599.98
2026-04-04,CA,Returning,Lemon,1,0.79
2026-04-04,CA,Returning,Grater Black,2,21.98
2026-04-04,CA,Returning,Powder Canister,2,29.98
2026-04-04,GA,Returning,Plant Pot,2,29.98
2026-04-04,FL,Returning,Dolce Shine Eau de,3,209.97
2026-04-04,FL,Returning,Chopping Board,1,12.99
2026-04-04,FL,Returning,Sports Sneakers Off White & Red,3,359.97
2026-04-04,NY,VIP,Lunch Box,1,12.99
2026-04-04,NY,VIP,Sports Sneakers Off White & Red,3,359.97
2026-04-04,NY,VIP,Eggs,2,5.98
2026-04-04,NY,VIP,Plate,1,3.99
2026-04-04,IL,Returning,Essence Mascara Lash Princess,3,29.97
2026-04-04,IL,Returning,Gigabyte Aorus Men Tshirt,1,24.99
2026-04-04,IL,Returning,Chopping Board,3,38.97
2026-04-04,IL,Returning,Asus Zenbook Pro Dual Screen Laptop,3,5399.97
2026-04-04,TX,VIP,Nike Air Jordan 1 Red And Black,2,299.98
2026-04-04,NY,Returning,Dog Food,2,21.98
2026-04-04,NY,Returning,Men Check Shirt,2,55.98
2026-04-04,NY,Returning,Lunch Box,3,38.97
2026-04-04,NY,Returning,Red Lipstick,1,12.99
2026-04-04,FL,New,Potatoes,1,2.29
2026-04-04,FL,New,Tray,1,16.99
2026-04-04,FL,New,Bamboo Spatula,2,15.98
2026-04-04,MO,Returning,Strawberry,3,11.97
2026-04-04,MO,Returning,Cucumber,1,1.49
2026-04-04,CA,Returning,Tissue Paper Box,1,2.49
2026-04-04,CA,Returning,Soft Drinks,2,3.98
2026-04-04,CA,Returning,Annibale Colombo Bed,1,1899.99
2026-04-04,CA,Returning,Knoll Saarinen Executive Conference Chair,2,999.98
2026-04-04,GA,Returning,Chanel Coco Noir Eau De,1,129.99
2026-04-04,GA,Returning,Black Aluminium Cup,2,11.98
2026-04-04,GA,Returning,Potatoes,1,2.29
2026-04-04,FL,Returning,Milk,1,3.49
2026-04-04,FL,Returning,Huawei Matebook X Pro,3,4199.97
2026-04-04,FL,Returning,Honey Jar,1,6.99
2026-04-04,FL,Returning,Amazon Echo Plus,3,299.97
2026-04-04,IL,New,Lemon,2,1.58
2026-04-04,IL,New,Knife,1,14.99
2026-04-04,IL,New,Black Whisk,2,19.98
2026-04-04,IL,New,Red Nail Polish,3,26.97
2026-04-04,WA,Returning,Lunch Box,1,12.99
2026-04-04,WA,Returning,Hand Blender,1,34.99
2026-04-04,WA,Returning,Electric Stove,2,99.98
2026-04-04,WA,Returning,Kitchen Sieve,2,15.98
2026-04-04,WA,VIP,Mug Tree Stand,1,15.99
2026-04-04,WA,VIP,Black Aluminium Cup,2,11.98
2026-04-04,WA,VIP,Powder Canister,2,29.98
2026-04-04,NY,New,Green Bell Pepper,1,1.29
2026-04-04,NY,New,Ice Cream,2,10.98
2026-04-04,FL,New,Wooden Bathroom Sink With Mirror,2,1599.98
2026-04-04,FL,New,Mulberry,2,9.98
2026-04-04,WA,Returning,Silver Pot With Glass Cap,1,39.99
2026-04-04,FL,New,Microwave Oven,2,179.98
2026-04-04,FL,New,House Showpiece Plant,2,79.98
2026-04-04,FL,New,Plant Pot,1,14.99
2026-04-04,MO,VIP,Red Onions,1,1.99
2026-04-04,MO,VIP,Juice,3,11.97
2026-04-04,MO,VIP,New DELL XPS 13 9300 Laptop,2,2999.98
2026-04-04,MO,VIP,Kitchen Sieve,3,23.97
2026-04-04,CA,VIP,Green Bell Pepper,1,1.29
2026-04-04,CA,VIP,Fish Steak,2,29.98
2026-04-04,CA,VIP,Black Aluminium Cup,2,11.98
2026-04-04,CA,VIP,Dog Food,1,10.99
2026-04-04,CA,VIP,Potatoes,2,4.58
2026-04-04,CA,VIP,Water,2,1.98
2026-04-04,CA,VIP,Rolex Submariner Watch,3,41999.97
2026-04-04,CA,VIP,Fine Mesh Strainer,3,29.97
2026-04-04,MO,New,Protein Powder,2,39.98
2026-04-04,WA,New,Gigabyte Aorus Men Tshirt,3,74.97
2026-04-04,WA,VIP,Cat Food,2,17.98
2026-04-04,CA,Returning,Powder Canister,1,14.99
2026-04-04,CA,Returning,Juice,1,3.99
2026-04-04,NY,VIP,Man Short Sleeve Shirt,3,59.97
2026-04-04,IL,New,Spoon,2,9.98
2026-04-04,IL,New,Chanel Coco Noir Eau De,1,129.99
2026-04-04,WA,New,Blue & Black Check Shirt,2,59.98
2026-04-04,WA,New,Boxed Blender,3,119.97
2026-04-04,WA,New,Knife,1,14.99
2026-04-04,WA,New,Plate,1,3.99
2026-04-04,IL,VIP,Plate,2,7.98
2026-04-04,IL,VIP,Strawberry,3,11.97
2026-04-04,IL,VIP,Red Tongs,3,20.97
2026-04-04,IL,VIP,Kiwi,1,2.49
2026-04-05,GA,VIP,Black Whisk,2,19.98
2026-04-05,MO,New,Plate,3,11.97
2026-04-05,MO,New,Spice Rack,3,59.97
2026-04-05,NY,VIP,Green Bell Pepper,1,1.29
2026-04-05,NY,VIP,Grater Black,3,32.97
2026-04-05,WA,New,Men Check Shirt,3,83.97
2026-04-05,WA,New,Milk,2,6.98
2026-04-05,WA,New,Eggs,2,5.98
2026-04-05,WA,New,Chicken Meat,1,9.99
2026-04-05,FL,New,Nescafe Coffee,3,23.97
2026-04-05,FL,New,Fork,2,7.98
2026-04-05,IL,New,Puma Future Rider Trainers,1,89.99
2026-04-05,IL,New,Lenovo Yoga 920,2,2199.98
2026-04-05,IL,Returning,Egg Slicer,3,20.97
2026-04-05,IL,Returning,Tray,1,16.99
2026-04-05,IL,Returning,Fish Steak,1,14.99
2026-04-05,IL,Returning,Plant Pot,2,29.98
2026-04-05,IL,VIP,Longines Master Collection,2,2999.98
2026-04-05,CA,Returning,Apple Airpods,2,259.98
2026-04-05,CA,Returning,House Showpiece Plant,2,79.98
2026-04-05,CA,Returning,Essence Mascara Lash Princess,2,19.98
2026-04-05,IL,VIP,Apple Airpods,2,259.98
2026-04-05,IL,VIP,Longines Master Collection,1,1499.99
2026-04-05,IL,VIP,Amazon Echo Plus,3,299.97
2026-04-05,CA,VIP,Bamboo Spatula,3,23.97
2026-04-05,CA,VIP,Lunch Box,3,38.97
2026-04-05,CA,VIP,Essence Mascara Lash Princess,1,9.99
2026-04-05,FL,New,Red Nail Polish,2,17.98
2026-04-05,FL,New,Asus Zenbook Pro Dual Screen Laptop,3,5399.97
2026-04-05,FL,New,Nescafe Coffee,2,15.98
2026-04-05,FL,New,Protein Powder,1,19.99
2026-04-05,GA,Returning,Black Whisk,3,29.97
2026-04-05,GA,Returning,Black Aluminium Cup,2,11.98
2026-04-05,TX,VIP,Lenovo Yoga 920,3,3299.97
2026-04-05,WA,VIP,Honey Jar,2,13.98
2026-04-05,FL,New,Decoration Swing,1,59.99
2026-04-05,FL,New,Pan,2,49.98
2026-04-05,CA,Returning,Knoll Saarinen Executive Conference Chair,2,999.98
2026-04-05,CA,Returning,Black Aluminium Cup,2,11.98
2026-04-05,CA,Returning,Decoration Swing,2,119.98
2026-04-05,CA,Returning,Potatoes,1,2.29
2026-04-05,MO,New,Black Aluminium Cup,2,11.98
2026-04-05,MO,New,Slotted Turner,1,8.99
2026-04-05,MO,New,Hand Blender,1,34.99
2026-04-05,MO,New,Pan,2,49.98
2026-04-05,GA,Returning,Bedside Table African Cherry,1,299.99
2026-04-05,CA,Returning,Green Bell Pepper,1,1.29
2026-04-05,CA,Returning,Men Check Shirt,2,55.98
2026-04-05,WA,Returning,Bedside Table African Cherry,3,899.97
2026-04-05,WA,Returning,Sports Sneakers Off White Red,2,219.98
2026-04-05,CA,Returning,Cooking Oil,2,9.98
2026-04-05,CA,Returning,Ice Cube Tray,2,11.98
2026-04-05,CA,Returning,Citrus Squeezer Yellow,2,17.98
2026-04-05,NY,New,Knoll Saarinen Executive Conference Chair,2,999.98
2026-04-05,TX,Returning,Gucci Bloom Eau de,3,239.97
2026-04-05,TX,Returning,Tissue Paper Box,2,4.98
2026-04-05,TX,Returning,Powder Canister,1,14.99
2026-04-05,TX,Returning,Chanel Coco Noir Eau De,2,259.98
2026-04-05,FL,New,Apple,2,3.98
2026-04-05,FL,New,Annibale Colombo Sofa,2,4999.98
2026-04-05,FL,New,Rolex Submariner Watch,3,41999.97
2026-04-05,MO,New,Huawei Matebook X Pro,1,1399.99
2026-04-05,MO,Returning,Microwave Oven,2,179.98
2026-04-05,MO,Returning,Cucumber,3,4.47
2026-04-05,MO,Returning,Brown Leather Belt Watch,2,179.98
2026-04-05,FL,New,Wooden Bathroom Sink With Mirror,1,799.99
2026-04-05,MO,New,Chopping Board,3,38.97
2026-04-05,TX,New,Fine Mesh Strainer,3,29.97
2026-04-05,TX,New,Bedside Table African Cherry,2,599.98
2026-04-05,TX,New,Knife,3,44.97
2026-04-05,TX,New,Nike Baseball Cleats,1,79.99
2026-04-05,NY,New,Nescafe Coffee,2,15.98
2026-04-05,NY,New,Rolex Datejust,3,32999.97
2026-04-05,GA,New,Pan,3,74.97
2026-04-05,GA,New,Tissue Paper Box,1,2.49
2026-04-05,GA,New,Man Short Sleeve Shirt,3,59.97
2026-04-05,TX,VIP,Carbon Steel Wok,1,29.99
2026-04-05,TX,VIP,Green Bell Pepper,2,2.58
2026-04-05,TX,VIP,Rolex Cellini Moonphase,1,12999.99
2026-04-05,TX,VIP,Chopping Board,1,12.99
2026-04-05,MO,Returning,Gigabyte Aorus Men Tshirt,3,74.97
2026-04-05,MO,Returning,Juice,2,7.98
2026-04-05,CA,Returning,Green Chili Pepper,2,1.98
2026-04-05,CA,Returning,Rolex Datejust,1,10999.99
2026-04-05,CA,Returning,Kitchen Sieve,1,7.99
2026-04-05,GA,Returning,Egg Slicer,2,13.98
2026-04-05,GA,Returning,Wooden Rolling Pin,2,23.98
2026-04-05,GA,Returning,Citrus Squeezer Yellow,1,8.99
2026-04-05,GA,Returning,Cooking Oil,1,4.99
2026-04-05,NY,Returning,Wooden Bathroom Sink With Mirror,1,799.99
2026-04-05,TX,VIP,Family Tree Photo Frame,3,89.97
2026-04-05,FL,Returning,Men Check Shirt,1,27.99
2026-04-05,FL,Returning,Dog Food,2,21.98
2026-04-05,FL,Returning,Gucci Bloom Eau de,1,79.99
2026-04-05,FL,Returning,Nescafe Coffee,2,15.98
2026-04-05,TX,Returning,Kiwi,3,7.47
2026-04-05,TX,Returning,Slotted Turner,3,26.97
2026-04-05,TX,Returning,Ice Cube Tray,1,5.99
2026-04-05,TX,Returning,Spice Rack,2,39.98
2026-04-05,IL,New,Plant Pot,2,29.98
2026-04-05,IL,New,Hand Blender,1,34.99
2026-04-05,IL,New,Asus Zenbook Pro Dual Screen Laptop,1,1799.99
2026-04-05,IL,New,New DELL XPS 13 9300 Laptop,3,4499.97
2026-04-05,IL,New,Cooking Oil,1,4.99
2026-04-05,IL,New,Wooden Bathroom Sink With Mirror,3,2399.97
2026-04-05,GA,New,Chanel Coco Noir Eau De,1,129.99
2026-04-05,GA,New,Slotted Turner,1,8.99
2026-04-05,GA,New,Silver Pot With Glass Cap,2,79.98
2026-04-05,MO,VIP,Pan,3,74.97
2026-04-05,MO,VIP,Annibale Colombo Sofa,3,7499.97
2026-04-05,MO,VIP,Microwave Oven,3,269.97
2026-04-05,MO,VIP,Asus Zenbook Pro Dual Screen Laptop,1,1799.99
2026-04-05,IL,VIP,Family Tree Photo Frame,1,29.99
2026-04-05,FL,Returning,Red Onions,2,3.98
2026-04-05,FL,Returning,Kitchen Sieve,3,23.97
2026-04-05,FL,Returning,Knoll Saarinen Executive Conference Chair,2,999.98
2026-04-05,FL,VIP,Rolex Datejust,2,21999.98
2026-04-05,FL,VIP,Slotted Turner,3,26.97
2026-04-05,FL,VIP,Black Whisk,2,19.98
2026-04-05,FL,Returning,Knife,3,44.97
2026-04-05,FL,Returning,Egg Slicer,3,20.97
2026-04-05,FL,Returning,Potatoes,3,6.87
2026-04-05,IL,New,Chanel Coco Noir Eau De,2,259.98
2026-04-05,IL,New,Electric Stove,2,99.98
2026-04-05,IL,New,Red Lipstick,2,25.98
2026-04-05,IL,New,Water,2,1.98
2026-04-05,IL,New,Wooden Rolling Pin,2,23.98
2026-04-05,IL,New,Lemon,2,1.58
2026-04-05,TX,VIP,Water,2,1.98
2026-04-05,TX,VIP,Apple MacBook Pro 14 Inch Space Grey,1,1999.99
2026-04-05,TX,VIP,Tray,3,50.97
2026-04-05,MO,Returning,Knife,1,14.99
2026-04-05,MO,Returning,Eggs,1,2.99
2026-04-05,MO,Returning,Rolex Cellini Date Black Dial,2,17999.98
2026-04-05,MO,New,Plant Pot,1,14.99
2026-04-05,MO,New,Knoll Saarinen Executive Conference Chair,3,1499.97
2026-04-05,MO,New,Bamboo Spatula,3,23.97
2026-04-05,WA,VIP,Beef Steak,3,38.97
2026-04-05,IL,Returning,Longines Master Collection,1,1499.99
2026-04-05,IL,Returning,Electric Stove,3,149.97
2026-04-05,IL,Returning,Nike Air Jordan 1 Red And Black,1,149.99
2026-04-05,CA,Returning,Tissue Paper Box,3,7.47
2026-04-06,FL,VIP,Calvin Klein CK One,1,49.99
2026-04-06,IL,VIP,Eyeshadow Palette with Mirror,1,19.99
2026-04-06,IL,VIP,Rolex Cellini Moonphase,2,25999.98
2026-04-06,IL,VIP,Microwave Oven,1,89.99
2026-04-06,WA,VIP,Powder Canister,3,44.97
2026-04-06,WA,VIP,Bedside Table African Cherry,1,299.99
2026-04-06,WA,VIP,Nike Baseball Cleats,1,79.99
2026-04-06,WA,VIP,Microwave Oven,1,89.99
2026-04-06,GA,VIP,Silver Pot With Glass Cap,3,119.97
2026-04-06,GA,VIP,Black Aluminium Cup,1,5.99
2026-04-06,GA,New,Spoon,3,14.97
2026-04-06,GA,New,Cat Food,3,26.97
2026-04-06,GA,New,Yellow Peeler,3,17.97
2026-04-06,GA,New,Table Lamp,2,99.98
2026-04-06,MO,VIP,Fork,1,3.99
2026-04-06,MO,Returning,Wooden Rolling Pin,1,11.99
2026-04-06,MO,Returning,Gigabyte Aorus Men Tshirt,2,49.98
2026-04-06,IL,New,Black Whisk,1,9.99
2026-04-06,CA,New,Gigabyte Aorus Men Tshirt,2,49.98
2026-04-06,NY,Returning,Kiwi,1,2.49
2026-04-06,CA,Returning,Spice Rack,3,59.97
2026-04-06,CA,Returning,Apple MacBook Pro 14 Inch Space Grey,3,5999.97
2026-04-06,CA,VIP,Glass,3,14.97
2026-04-06,CA,VIP,Calvin Klein CK One,3,149.97
2026-04-06,FL,New,Cucumber,1,1.49
2026-04-06,FL,New,Table Lamp,3,149.97
2026-04-06,FL,New,Ice Cube Tray,1,5.99
2026-04-06,MO,New,Brown Leather Belt Watch,3,269.97
2026-04-06,MO,New,Apple Airpods,3,389.97
2026-04-06,MO,New,Annibale Colombo Sofa,2,4999.98
2026-04-06,NY,Returning,Citrus Squeezer Yellow,1,8.99
2026-04-06,NY,Returning,Mulberry,2,9.98
2026-04-06,NY,Returning,Knoll Saarinen Executive Conference Chair,1,499.99
2026-04-06,NY,Returning,Puma Future Rider Trainers,1,89.99
2026-04-06,NY,Returning,Lunch Box,3,38.97
2026-04-06,NY,Returning,Rolex Submariner Watch,1,13999.99
2026-04-06,NY,Returning,Plate,2,7.98
2026-04-06,NY,Returning,Spice Rack,2,39.98
2026-04-06,NY,Returning,Eggs,2,5.98
2026-04-06,WA,New,Man Plaid Shirt,3,104.97
2026-04-06,WA,New,Cooking Oil,2,9.98
2026-04-06,WA,New,Wooden Bathroom Sink With Mirror,2,1599.98
2026-04-06,FL,New,Carbon Steel Wok,3,89.97
2026-04-06,FL,New,Green Bell Pepper,2,2.58
2026-04-06,FL,New,Green Chili Pepper,2,1.98
2026-04-06,FL,New,Rolex Cellini Moonphase,1,12999.99
2026-04-06,TX,Returning,Carbon Steel Wok,1,29.99
2026-04-06,TX,Returning,Lenovo Yoga 920,1,1099.99
2026-04-06,TX,Returning,Microwave Oven,1,89.99
2026-04-06,CA,New,Puma Future Rider Trainers,2,179.98
2026-04-06,CA,New,Nescafe Coffee,3,23.97
2026-04-06,FL,VIP,Mug Tree Stand,1,15.99
2026-04-06,GA,New,Silver Pot With Glass Cap,2,79.98
2026-04-06,GA,New,Red Tongs,1,6.99
2026-04-06,TX,VIP,Dior J'adore,3,269.97
2026-04-06,TX,VIP,Red Tongs,3,20.97
2026-04-06,TX,VIP,Juice,1,3.99
2026-04-06,WA,New,Black Whisk,2,19.98
2026-04-06,WA,New,Nescafe Coffee,2,15.98
2026-04-06,CA,VIP,Longines Master Collection,1,1499.99
2026-04-06,CA,VIP,Pan,3,74.97
2026-04-06,CA,VIP,Tray,3,50.97
2026-04-06,CA,VIP,Lenovo Yoga 920,2,2199.98
2026-04-06,CA,Returning,Sports Sneakers Off White Red,2,219.98
2026-04-06,CA,Returning,Wooden Rolling Pin,2,23.98
2026-04-06,CA,Returning,New DELL XPS 13 9300 Laptop,1,1499.99
2026-04-06,TX,Returning,Spice Rack,3,59.97
2026-04-06,TX,Returning,Amazon Echo Plus,2,199.98
2026-04-06,IL,VIP,Rolex Datejust,3,32999.97
2026-04-06,IL,VIP,Wooden Rolling Pin,3,35.97
2026-04-06,FL,Returning,Honey Jar,1,6.99
2026-04-06,FL,Returning,Slotted Turner,2,17.98
2026-04-06,FL,Returning,Bedside Table African Cherry,3,899.97
2026-04-06,FL,Returning,Mulberry,1,4.99
2026-04-06,FL,VIP,Spoon,3,14.97
2026-04-06,FL,VIP,Plate,1,3.99
2026-04-06,FL,VIP,Chanel Coco Noir Eau De,2,259.98
2026-04-06,IL,VIP,Wooden Rolling Pin,3,35.97
2026-04-06,IL,VIP,House Showpiece Plant,3,119.97
2026-04-06,GA,VIP,Boxed Blender,3,119.97
2026-04-06,GA,VIP,Water,1,0.99
2026-04-06,GA,VIP,Rice,1,5.99
2026-04-06,GA,VIP,Green Bell Pepper,3,3.87
2026-04-06,GA,VIP,New DELL XPS 13 9300 Laptop,2,2999.98
2026-04-06,GA,VIP,Rolex Datejust,2,21999.98
2026-04-06,WA,VIP,Milk,1,3.49
2026-04-06,WA,VIP,Essence Mascara Lash Princess,3,29.97
2026-04-06,NY,New,Powder Canister,1,14.99
2026-04-06,NY,New,Nike Air Jordan 1 Red And Black,3,449.97
2026-04-06,NY,New,Protein Powder,1,19.99
2026-04-06,IL,Returning,Family Tree Photo Frame,1,29.99
2026-04-06,IL,Returning,Lenovo Yoga 920,3,3299.97
2026-04-06,IL,Returning,Tissue Paper Box,2,4.98
2026-04-06,IL,Returning,Nike Baseball Cleats,1,79.99
2026-04-07,MO,New,Apple Airpods,1,129.99
2026-04-07,MO,New,Beef Steak,2,25.98
2026-04-07,GA,Returning,Kiwi,1,2.49
2026-04-07,GA,Returning,Electric Stove,1,49.99
2026-04-07,GA,Returning,Family Tree Photo Frame,1,29.99
2026-04-07,FL,Returning,Red Tongs,1,6.99
2026-04-07,NY,New,Longines Master Collection,1,1499.99
2026-04-07,NY,New,Water,3,2.97
2026-04-07,WA,New,Fork,3,11.97
2026-04-07,WA,New,Sports Sneakers Off White & Red,1,119.99
2026-04-07,WA,New,Knoll Saarinen Executive Conference Chair,2,999.98
2026-04-07,WA,New,Silver Pot With Glass Cap,2,79.98
2026-04-07,IL,New,Water,3,2.97
2026-04-07,IL,New,Potatoes,3,6.87
2026-04-07,NY,VIP,Sports Sneakers Off White & Red,3,359.97
2026-04-07,NY,VIP,Asus Zenbook Pro Dual Screen Laptop,1,1799.99
2026-04-07,NY,VIP,Electric Stove,2,99.98
2026-04-07,NY,VIP,Boxed Blender,3,119.97
2026-04-07,MO,VIP,Lenovo Yoga 920,3,3299.97
2026-04-07,MO,VIP,Pan,1,24.99
2026-04-07,MO,VIP,Green Bell Pepper,1,1.29
2026-04-07,MO,VIP,Black Whisk,2,19.98
2026-04-07,TX,VIP,Carbon Steel Wok,2,59.98
2026-04-07,TX,VIP,Men Check Shirt,3,83.97
2026-04-07,FL,New,Longines Master Collection,2,2999.98
2026-04-07,FL,New,Wooden Bathroom Sink With Mirror,2,1599.98
2026-04-07,FL,New,Knoll Saarinen Executive Conference Chair,2,999.98
2026-04-07,FL,New,Silver Pot With Glass Cap,2,79.98
2026-04-07,TX,VIP,Calvin Klein CK One,1,49.99
2026-04-07,TX,VIP,Juice,2,7.98
2026-04-07,TX,VIP,Egg Slicer,3,20.97
2026-04-07,GA,Returning,Mulberry,2,9.98
2026-04-07,GA,Returning,Glass,3,14.97
2026-04-07,IL,New,Carbon Steel Wok,2,59.98
2026-04-07,IL,New,Men Check Shirt,3,83.97
2026-04-07,MO,New,Lemon,1,0.79
2026-04-07,TX,Returning,Brown Leather Belt Watch,2,179.98
2026-04-07,NY,New,Plate,1,3.99
2026-04-07,NY,New,Man Short Sleeve Shirt,2,39.98
2026-04-07,NY,New,Nike Baseball Cleats,1,79.99
2026-04-07,NY,New,Rolex Datejust,3,32999.97
2026-04-07,FL,New,Kiwi,2,4.98
2026-04-07,WA,New,Red Nail Polish,3,26.97
2026-04-07,WA,New,Hand Blender,1,34.99
2026-04-07,WA,New,Strawberry,2,7.98
2026-04-07,NY,New,Beef Steak,1,12.99
2026-04-07,NY,New,Hand Blender,1,34.99
2026-04-07,NY,New,Spoon,2,9.98
2026-04-07,NY,New,Slotted Turner,2,17.98
2026-04-07,GA,VIP,Black Aluminium Cup,1,5.99
2026-04-07,FL,New,Black Aluminium Cup,2,11.98
2026-04-07,FL,New,Bedside Table African Cherry,2,599.98
2026-04-07,GA,Returning,Ice Cube Tray,3,17.97
2026-04-07,GA,Returning,Grater Black,3,32.97
2026-04-07,GA,Returning,Blue & Black Check Shirt,3,89.97
2026-04-07,GA,Returning,Silver Pot With Glass Cap,3,119.97
2026-04-07,FL,New,Hand Blender,2,69.98
2026-04-07,GA,Returning,Gucci Bloom Eau de,3,239.97
2026-04-07,GA,Returning,Kitchen Sieve,1,7.99
2026-04-07,GA,Returning,Ice Cream,2,10.98
2026-04-07,GA,Returning,Boxed Blender,2,79.98
2026-04-07,WA,VIP,Red Onions,1,1.99
2026-04-07,WA,VIP,Beef Steak,2,25.98
2026-04-07,WA,VIP,Lenovo Yoga 920,3,3299.97
2026-04-07,GA,VIP,Ice Cube Tray,2,11.98
2026-04-07,GA,VIP,Boxed Blender,1,39.99
2026-04-07,GA,VIP,Apple Airpods,3,389.97
2026-04-07,GA,VIP,Dior J'adore,2,179.98
2026-04-07,IL,VIP,Ice Cube Tray,3,17.97
2026-04-07,IL,New,Plate,2,7.98
2026-04-07,WA,VIP,Potatoes,1,2.29
2026-04-07,WA,VIP,Rice,1,5.99
2026-04-07,CA,Returning,Lenovo Yoga 920,1,1099.99
2026-04-07,CA,Returning,Rice,1,5.99
2026-04-07,CA,Returning,Asus Zenbook Pro Dual Screen Laptop,3,5399.97
2026-04-07,IL,VIP,Kitchen Sieve,2,15.98
2026-04-07,IL,VIP,Family Tree Photo Frame,3,89.97
2026-04-07,TX,New,Rolex Cellini Date Black Dial,3,26999.97
2026-04-07,TX,New,Rolex Datejust,1,10999.99
2026-04-07,TX,New,Bamboo Spatula,3,23.97
2026-04-08,IL,New,Sports Sneakers Off White & Red,1,119.99
2026-04-08,IL,New,Mug Tree Stand,3,47.97
2026-04-08,IL,New,Annibale Colombo Bed,1,1899.99
2026-04-08,GA,VIP,Tray,1,16.99
2026-04-08,GA,VIP,Cat Food,3,26.97
2026-04-08,TX,VIP,Knife,2,29.98
2026-04-08,TX,VIP,Nescafe Coffee,3,23.97
2026-04-08,TX,VIP,Decoration Swing,2,119.98
2026-04-08,TX,VIP,Rice,3,17.97
2026-04-08,TX,New,Blue & Black Check Shirt,3,89.97
2026-04-08,IL,Returning,Asus Zenbook Pro Dual Screen Laptop,3,5399.97
2026-04-08,IL,Returning,Man Plaid Shirt,3,104.97
2026-04-08,IL,Returning,House Showpiece Plant,1,39.99
2026-04-08,GA,New,Plate,1,3.99
2026-04-08,GA,New,Wooden Bathroom Sink With Mirror,3,2399.97
2026-04-08,GA,New,Asus Zenbook Pro Dual Screen Laptop,3,5399.97
2026-04-08,FL,New,Slotted Turner,1,8.99
2026-04-08,MO,VIP,Kitchen Sieve,1,7.99
2026-04-08,MO,VIP,Juice,1,3.99
2026-04-08,MO,VIP,Rolex Submariner Watch,2,27999.98
2026-04-08,MO,VIP,Nike Air Jordan 1 Red And Black,3,449.97
2026-04-08,MO,Returning,Apple Airpods,2,259.98
2026-04-08,MO,Returning,Family Tree Photo Frame,1,29.99
2026-04-08,TX,New,Eggs,2,5.98
2026-04-08,TX,New,Yellow Peeler,3,17.97
2026-04-08,MO,Returning,Honey Jar,2,13.98
2026-04-08,MO,Returning,Soft Drinks,1,1.99
2026-04-08,MO,Returning,Slotted Turner,2,17.98
2026-04-08,MO,Returning,Eggs,3,8.97
2026-04-08,FL,VIP,Slotted Turner,2,17.98
2026-04-08,WA,Returning,Yellow Peeler,1,5.99
2026-04-08,MO,Returning,Lemon,2,1.58
2026-04-08,MO,Returning,Family Tree Photo Frame,2,59.98
2026-04-08,MO,Returning,Eggs,3,8.97
2026-04-08,MO,Returning,Sports Sneakers Off White Red,3,329.97
2026-04-08,MO,VIP,Eggs,3,8.97
2026-04-08,MO,VIP,Mulberry,2,9.98
2026-04-08,MO,VIP,Rolex Cellini Date Black Dial,1,8999.99
2026-04-08,MO,VIP,Pan,2,49.98
2026-04-08,MO,New,Nike Air Jordan 1 Red And Black,3,449.97
2026-04-08,MO,New,Black Aluminium Cup,3,17.97
2026-04-08,MO,New,Lunch Box,3,38.97
2026-04-08,IL,New,Tissue Paper Box,1,2.49
2026-04-08,IL,New,Kiwi,2,4.98
2026-04-08,IL,New,Lemon,3,2.37
2026-04-08,GA,New,Huawei Matebook X Pro,2,2799.98
2026-04-08,MO,New,Beef Steak,3,38.97
2026-04-08,MO,New,Knife,3,44.97
2026-04-08,MO,New,Microwave Oven,1,89.99
2026-04-08,MO,New,Rolex Datejust,3,32999.97
2026-04-08,TX,VIP,Cooking Oil,3,14.97
2026-04-08,GA,New,Man Plaid Shirt,3,104.97
2026-04-08,GA,Returning,Huawei Matebook X Pro,1,1399.99
2026-04-08,GA,Returning,Fine Mesh Strainer,3,29.97
2026-04-08,TX,New,Longines Master Collection,2,2999.98
2026-04-08,TX,New,Cucumber,3,4.47
2026-04-08,TX,New,Tray,3,50.97
2026-04-08,TX,Returning,Lenovo Yoga 920,1,1099.99
2026-04-08,TX,Returning,Fish Steak,3,44.97
2026-04-08,TX,Returning,Bedside Table African Cherry,3,899.97
2026-04-08,TX,Returning,Essence Mascara Lash Princess,2,19.98
2026-04-09,GA,VIP,Amazon Echo Plus,2,199.98
2026-04-09,GA,VIP,Eggs,3,8.97
2026-04-09,CA,Returning,Rolex Submariner Watch,1,13999.99
2026-04-09,CA,Returning,Fine Mesh Strainer,1,9.99
2026-04-09,GA,VIP,Microwave Oven,1,89.99
2026-04-09,FL,VIP,Hand Blender,3,104.97
2026-04-09,FL,VIP,Man Plaid Shirt,1,34.99
2026-04-09,FL,VIP,Knife,2,29.98
2026-04-09,FL,VIP,Red Onions,2,3.98
2026-04-09,WA,VIP,Carbon Steel Wok,3,89.97
2026-04-09,FL,VIP,Powder Canister,2,29.98
2026-04-09,FL,VIP,Strawberry,1,3.99
2026-04-09,FL,VIP,Kitchen Sieve,1,7.99
2026-04-09,WA,VIP,Apple Airpods,2,259.98
2026-04-09,WA,VIP,Puma Future Rider Trainers,2,179.98
2026-04-09,WA,VIP,Plant Pot,3,44.97
2026-04-09,CA,New,Puma Future Rider Trainers,2,179.98
2026-04-09,CA,New,Boxed Blender,3,119.97
2026-04-09,CA,New,New DELL XPS 13 9300 Laptop,3,4499.97
2026-04-09,CA,New,Protein Powder,1,19.99
2026-04-09,WA,Returning,Decoration Swing,3,179.97
2026-04-09,WA,Returning,Wooden Bathroom Sink With Mirror,2,1599.98
2026-04-09,WA,Returning,Dog Food,2,21.98
2026-04-09,WA,Returning,Dolce Shine Eau de,2,139.98
2026-04-09,TX,Returning,Eyeshadow Palette with Mirror,3,59.97
2026-04-09,TX,Returning,Calvin Klein CK One,1,49.99
2026-04-09,TX,Returning,Rice,3,17.97
2026-04-09,NY,VIP,Dog Food,2,21.98
2026-04-09,FL,New,Spice Rack,1,19.99
2026-04-09,FL,New,Mulberry,2,9.98
2026-04-09,FL,New,House Showpiece Plant,1,39.99
2026-04-09,FL,New,Kitchen Sieve,3,23.97
2026-04-09,CA,VIP,Rolex Cellini Date Black Dial,2,17999.98
2026-04-09,CA,VIP,Gigabyte Aorus Men Tshirt,2,49.98
2026-04-09,CA,VIP,Table Lamp,2,99.98
2026-04-09,MO,New,Red Nail Polish,2,17.98
2026-04-09,FL,VIP,Dog Food,3,32.97
2026-04-09,FL,VIP,Essence Mascara Lash Princess,2,19.98
2026-04-09,FL,VIP,Beef Steak,1,12.99
2026-04-09,GA,VIP,New DELL XPS 13 9300 Laptop,1,1499.99
2026-04-09,GA,VIP,Boxed Blender,1,39.99
2026-04-09,FL,New,Nike Air Jordan 1 Red And Black,2,299.98
2026-04-09,WA,New,New DELL XPS 13 9300 Laptop,2,2999.98
2026-04-09,WA,New,Apple,2,3.98
2026-04-09,WA,New,Rolex Submariner Watch,3,41999.97
2026-04-09,WA,New,Chicken Meat,3,29.97
2026-04-09,NY,VIP,Pan,2,49.98
2026-04-09,NY,VIP,Chanel Coco Noir Eau De,3,389.97
2026-04-09,CA,Returning,Mulberry,3,14.97
2026-04-09,CA,Returning,Silver Pot With Glass Cap,2,79.98
2026-04-09,CA,Returning,Green Chili Pepper,1,0.99
2026-04-09,CA,Returning,Nescafe Coffee,2,15.98
2026-04-09,FL,VIP,Milk,3,10.47
2026-04-09,FL,VIP,Wooden Bathroom Sink With Mirror,3,2399.97
2026-04-09,MO,Returning,Powder Canister,3,44.97
2026-04-09,MO,Returning,Green Chili Pepper,1,0.99
2026-04-09,MO,Returning,Tray,1,16.99
2026-04-09,MO,Returning,Hand Blender,2,69.98
2026-04-09,FL,New,Carbon Steel Wok,3,89.97
2026-04-09,WA,VIP,Chopping Board,3,38.97
2026-04-09,WA,VIP,Electric Stove,1,49.99
2026-04-09,TX,VIP,Kitchen Sieve,1,7.99
2026-04-09,TX,VIP,Silver Pot With Glass Cap,2,79.98
2026-04-09,GA,New,Longines Master Collection,1,1499.99
2026-04-09,FL,New,Man Plaid Shirt,2,69.98
2026-04-09,FL,New,Beef Steak,2,25.98
2026-04-09,FL,New,Longines Master Collection,1,1499.99
2026-04-10,NY,VIP,Apple MacBook Pro 14 Inch Space Grey,2,3999.98
2026-04-10,FL,Returning,Table Lamp,1,49.99
2026-04-10,GA,VIP,Dog Food,1,10.99
2026-04-10,GA,VIP,Apple Airpods,1,129.99
2026-04-10,GA,VIP,Mug Tree Stand,3,47.97
2026-04-10,FL,New,Silver Pot With Glass Cap,1,39.99
2026-04-10,FL,New,Sports Sneakers Off White & Red,1,119.99
2026-04-10,FL,New,Honey Jar,2,13.98
2026-04-10,FL,New,Red Lipstick,1,12.99
2026-04-10,FL,Returning,Slotted Turner,1,8.99
2026-04-10,FL,Returning,Plant Pot,2,29.98
2026-04-10,FL,Returning,Brown Leather Belt Watch,1,89.99
2026-04-10,FL,Returning,Red Tongs,2,13.98
2026-04-10,IL,New,Chanel Coco Noir Eau De,3,389.97
2026-04-10,IL,New,Nescafe Coffee,3,23.97
2026-04-10,IL,New,Pan,3,74.97
2026-04-10,IL,New,Strawberry,3,11.97
2026-04-10,TX,VIP,Glass,1,4.99
2026-04-10,TX,VIP,Tray,3,50.97
2026-04-10,TX,VIP,Microwave Oven,1,89.99
2026-04-10,NY,Returning,Table Lamp,2,99.98
2026-04-10,GA,New,Rolex Cellini Date Black Dial,3,26999.97
2026-04-10,GA,New,Water,3,2.97
2026-04-10,GA,New,Yellow Peeler,3,17.97
2026-04-10,GA,New,Rice,3,17.97
2026-04-10,NY,Returning,Black Aluminium Cup,1,5.99
2026-04-10,MO,New,Kiwi,2,4.98
2026-04-10,MO,New,Apple Airpods,3,389.97
2026-04-10,MO,New,Knife,2,29.98
2026-04-10,MO,New,Mug Tree Stand,1,15.99
2026-04-10,FL,VIP,Pan,1,24.99
2026-04-10,FL,VIP,Nike Baseball Cleats,2,159.98
2026-04-10,FL,VIP,Cucumber,3,4.47
2026-04-10,IL,VIP,Boxed Blender,1,39.99
2026-04-10,IL,VIP,Green Bell Pepper,3,3.87
2026-04-10,IL,New,Lemon,3,2.37
2026-04-10,IL,New,Apple,2,3.98
2026-04-10,IL,New,Family Tree Photo Frame,2,59.98
2026-04-10,GA,New,Dior J'adore,1,89.99
2026-04-10,MO,Returning,Tray,3,50.97
2026-04-10,CA,Returning,Slotted Turner,2,17.98
2026-04-10,CA,Returning,Annibale Colombo Sofa,3,7499.97
2026-04-10,CA,Returning,Asus Zenbook Pro Dual Screen Laptop,2,3599.98
2026-04-10,MO,New,Nescafe Coffee,2,15.98
2026-04-10,TX,New,Chopping Board,1,12.99
2026-04-10,TX,New,Red Tongs,1,6.99
2026-04-10,TX,New,Sports Sneakers Off White & Red,1,119.99
2026-04-10,MO,New,Ice Cream,1,5.49
2026-04-10,MO,New,Rolex Cellini Moonphase,2,25999.98
2026-04-10,MO,New,Spoon,1,4.99
2026-04-10,GA,New,Blue & Black Check Shirt,2,59.98
2026-04-10,GA,New,Spice Rack,3,59.97
2026-04-10,GA,New,Apple Airpods,3,389.97
2026-04-10,WA,New,Tissue Paper Box,2,4.98
2026-04-10,FL,VIP,Gigabyte Aorus Men Tshirt,3,74.97
2026-04-10,FL,VIP,Honey Jar,3,20.97
2026-04-10,FL,VIP,Decoration Swing,3,179.97
2026-04-10,WA,VIP,Apple,1,1.99
2026-04-10,FL,VIP,Kiwi,1,2.49
2026-04-10,GA,New,Man Plaid Shirt,1,34.99
2026-04-10,GA,New,Nike Baseball Cleats,2,159.98
2026-04-10,GA,New,Water,2,1.98
2026-04-10,GA,New,Milk,1,3.49
2026-04-10,WA,VIP,Ice Cream,3,16.47
2026-04-10,WA,VIP,Honey Jar,3,20.97
2026-04-10,NY,New,Chopping Board,1,12.99
2026-04-10,NY,New,Man Plaid Shirt,2,69.98
2026-04-10,FL,Returning,Table Lamp,3,149.97
2026-04-10,FL,Returning,Electric Stove,2,99.98
2026-04-10,FL,Returning,Chopping Board,2,25.98
2026-04-10,IL,New,Hand Blender,1,34.99
2026-04-10,MO,New,Silver Pot With Glass Cap,3,119.97
2026-04-10,IL,New,Green Chili Pepper,1,0.99
2026-04-10,IL,New,House Showpiece Plant,1,39.99
2026-04-10,IL,New,Annibale Colombo Sofa,2,4999.98
2026-04-10,TX,New,Egg Slicer,3,20.97
2026-04-10,TX,New,Chicken Meat,3,29.97
2026-04-10,TX,New,Green Chili Pepper,3,2.97
2026-04-10,TX,New,Water,1,0.99
2026-04-10,IL,New,House Showpiece Plant,2,79.98
2026-04-10,MO,VIP,Green Chili Pepper,3,2.97
2026-04-10,MO,VIP,Juice,3,11.97
2026-04-10,MO,VIP,Fish Steak,1,14.99
2026-04-10,MO,VIP,New DELL XPS 13 9300 Laptop,1,1499.99
2026-04-10,IL,VIP,Red Onions,3,5.97
2026-04-10,IL,VIP,Blue & Black Check Shirt,3,89.97
2026-04-10,IL,VIP,Dior J'adore,1,89.99
2026-04-10,IL,VIP,Knife,3,44.97
2026-04-10,MO,VIP,Sports Sneakers Off White & Red,3,359.97
2026-04-10,MO,VIP,Eyeshadow Palette with Mirror,1,19.99
2026-04-10,MO,VIP,Huawei Matebook X Pro,1,1399.99
2026-04-10,MO,VIP,Mug Tree Stand,1,15.99
2026-04-10,GA,New,Silver Pot With Glass Cap,3,119.97
2026-04-10,GA,New,Chanel Coco Noir Eau De,1,129.99
2026-04-10,GA,New,Nike Air Jordan 1 Red And Black,2,299.98
2026-04-10,GA,New,Apple,1,1.99
2026-04-10,TX,VIP,Pan,2,49.98
2026-04-10,TX,VIP,Fish Steak,3,44.97
2026-04-10,TX,VIP,Microwave Oven,1,89.99
2026-04-10,TX,VIP,Rolex Submariner Watch,3,41999.97
2026-04-10,GA,New,New DELL XPS 13 9300 Laptop,1,1499.99
2026-04-10,TX,New,Apple,2,3.98
2026-04-10,TX,New,Ice Cube Tray,2,11.98
2026-04-10,TX,New,House Showpiece Plant,1,39.99
2026-04-10,MO,VIP,Rice,3,17.97
2026-04-10,MO,VIP,Apple Airpods,2,259.98
2026-04-10,MO,VIP,Man Plaid Shirt,3,104.97
2026-04-10,CA,VIP,Decoration Swing,2,119.98
2026-04-10,CA,VIP,Cooking Oil,2,9.98
2026-04-10,CA,VIP,Rolex Datejust,1,10999.99
2026-04-10,NY,Returning,Lemon,3,2.37
2026-04-10,TX,New,Cat Food,2,17.98
2026-04-10,FL,VIP,Soft Drinks,3,5.97
2026-04-10,FL,VIP,Slotted Turner,3,26.97
2026-04-10,FL,VIP,Black Whisk,1,9.99
2026-04-10,CA,Returning,Plant Pot,3,44.97
2026-04-10,CA,Returning,Citrus Squeezer Yellow,2,17.98
2026-04-10,CA,Returning,Powder Canister,3,44.97
2026-04-10,FL,Returning,Huawei Matebook X Pro,1,1399.99
2026-04-10,FL,Returning,Bamboo Spatula,1,7.99
2026-04-10,MO,Returning,Protein Powder,1,19.99
2026-04-10,IL,New,Powder Canister,1,14.99
2026-04-10,GA,New,House Showpiece Plant,2,79.98
2026-04-10,NY,VIP,Mulberry,1,4.99
2026-04-10,NY,VIP,Spice Rack,3,59.97
2026-04-10,NY,VIP,Brown Leather Belt Watch,1,89.99
2026-04-10,WA,Returning,Mulberry,3,14.97
2026-04-10,WA,Returning,New DELL XPS 13 9300 Laptop,3,4499.97
2026-04-10,WA,Returning,Annibale Colombo Bed,1,1899.99
2026-04-10,WA,Returning,Dior J'adore,2,179.98
2026-04-10,TX,Returning,Lunch Box,3,38.97
2026-04-10,TX,Returning,Nescafe Coffee,2,15.98
2026-04-10,TX,Returning,Wooden Bathroom Sink With Mirror,2,1599.98
2026-04-10,TX,Returning,Eggs,2,5.98
2026-04-10,TX,Returning,Red Tongs,1,6.99
2026-04-10,TX,Returning,Gucci Bloom Eau de,2,159.98
2026-04-10,TX,Returning,Cucumber,1,1.49
2026-04-10,TX,New,Blue & Black Check Shirt,1,29.99
2026-04-10,MO,Returning,Asus Zenbook Pro Dual Screen Laptop,2,3599.98
2026-04-10,MO,Returning,Bedside Table African Cherry,3,899.97
2026-04-10,MO,Returning,Rolex Submariner Watch,1,13999.99
2026-04-10,MO,Returning,Powder Canister,3,44.97
2026-04-10,MO,Returning,Brown Leather Belt Watch,3,269.97
2026-04-10,MO,Returning,Carbon Steel Wok,3,89.97
2026-04-10,MO,Returning,Glass,2,9.98
2026-04-10,GA,Returning,Slotted Turner,1,8.99
2026-04-10,GA,Returning,Bedside Table African Cherry,2,599.98
2026-04-10,GA,Returning,Annibale Colombo Bed,1,1899.99
2026-04-10,IL,Returning,Spice Rack,2,39.98
2026-04-10,IL,Returning,Nescafe Coffee,3,23.97
2026-04-10,IL,Returning,Annibale Colombo Bed,3,5699.97
2026-04-10,IL,VIP,Gigabyte Aorus Men Tshirt,2,49.98
2026-04-11,CA,Returning,Rolex Submariner Watch,2,27999.98
2026-04-11,CA,Returning,Glass,3,14.97
2026-04-11,CA,Returning,Fork,2,7.98
2026-04-11,WA,New,Pan,3,74.97
2026-04-11,CA,New,Pan,1,24.99
2026-04-11,NY,VIP,Silver Pot With Glass Cap,2,79.98
2026-04-11,TX,New,Eggs,1,2.99
2026-04-11,TX,New,Microwave Oven,3,269.97
2026-04-11,TX,New,Fork,3,11.97
2026-04-11,NY,Returning,Puma Future Rider Trainers,1,89.99
2026-04-11,NY,Returning,Mulberry,3,14.97
2026-04-11,NY,Returning,Plate,2,7.98
2026-04-11,NY,Returning,Egg Slicer,3,20.97
2026-04-11,NY,Returning,Brown Leather Belt Watch,2,179.98
2026-04-11,NY,Returning,Family Tree Photo Frame,2,59.98
2026-04-11,TX,Returning,Mulberry,1,4.99
2026-04-11,TX,Returning,Black Aluminium Cup,2,11.98
2026-04-11,TX,Returning,Rice,3,17.97
2026-04-11,FL,New,Dog Food,2,21.98
2026-04-11,FL,New,Nike Air Jordan 1 Red And Black,1,149.99
2026-04-11,FL,New,Black Whisk,1,9.99
2026-04-11,MO,New,Man Short Sleeve Shirt,2,39.98
2026-04-11,GA,VIP,Rolex Submariner Watch,3,41999.97
2026-04-11,GA,VIP,Cucumber,1,1.49
2026-04-11,GA,VIP,Powder Canister,3,44.97
2026-04-11,TX,Returning,Lunch Box,1,12.99
2026-04-11,FL,VIP,Family Tree Photo Frame,3,89.97
2026-04-11,FL,VIP,Mulberry,3,14.97
2026-04-11,NY,VIP,Brown Leather Belt Watch,2,179.98
2026-04-11,NY,VIP,Longines Master Collection,3,4499.97
2026-04-11,CA,Returning,Milk,2,6.98
2026-04-11,CA,Returning,Man Plaid Shirt,2,69.98
2026-04-11,IL,Returning,Beef Steak,2,25.98
2026-04-11,WA,New,Lemon,3,2.37
2026-04-11,WA,New,Huawei Matebook X Pro,1,1399.99
2026-04-11,WA,New,Honey Jar,1,6.99
2026-04-11,IL,VIP,Black Aluminium Cup,3,17.97
2026-04-11,IL,VIP,Glass,2,9.98
2026-04-11,FL,New,Spice Rack,3,59.97
2026-04-11,FL,New,Green Chili Pepper,3,2.97
2026-04-11,WA,Returning,Rolex Datejust,1,10999.99
2026-04-11,WA,Returning,Rolex Cellini Moonphase,2,25999.98
2026-04-11,WA,Returning,Sports Sneakers Off White & Red,3,359.97
2026-04-11,GA,VIP,Spice Rack,1,19.99
2026-04-11,GA,VIP,Calvin Klein CK One,1,49.99
2026-04-11,GA,VIP,Wooden Rolling Pin,1,11.99
2026-04-11,FL,Returning,Protein Powder,1,19.99
2026-04-11,FL,Returning,Apple MacBook Pro 14 Inch Space Grey,3,5999.97
2026-04-11,NY,Returning,Spoon,1,4.99
2026-04-11,NY,Returning,Electric Stove,2,99.98
2026-04-11,TX,Returning,Men Check Shirt,3,83.97
2026-04-11,TX,Returning,Dolce Shine Eau de,2,139.98
2026-04-11,TX,Returning,Gucci Bloom Eau de,2,159.98
2026-04-11,TX,Returning,Red Onions,2,3.98
2026-04-12,NY,New,Wooden Bathroom Sink With Mirror,2,1599.98
2026-04-12,GA,VIP,Black Whisk,1,9.99
2026-04-12,GA,VIP,Essence Mascara Lash Princess,1,9.99
2026-04-12,CA,Returning,Men Check Shirt,3,83.97
2026-04-12,WA,Returning,Yellow Peeler,2,11.98
2026-04-12,WA,Returning,Carbon Steel Wok,1,29.99
2026-04-12,WA,Returning,Lemon,1,0.79
2026-04-12,CA,Returning,Red Lipstick,2,25.98
2026-04-12,CA,Returning,Honey Jar,1,6.99
2026-04-12,GA,VIP,Nescafe Coffee,2,15.98
2026-04-12,GA,VIP,Cat Food,1,8.99
2026-04-12,GA,VIP,Sports Sneakers Off White & Red,3,359.97
2026-04-12,TX,Returning,Cooking Oil,3,14.97
2026-04-12,TX,Returning,Sports Sneakers Off White Red,3,329.97
2026-04-12,TX,Returning,Lunch Box,3,38.97
2026-04-12,TX,Returning,Carbon Steel Wok,2,59.98
2026-04-12,TX,Returning,Rice,2,11.98
2026-04-12,NY,Returning,Rice,3,17.97
2026-04-12,NY,Returning,Fine Mesh Strainer,1,9.99
2026-04-12,NY,Returning,Microwave Oven,2,179.98
2026-04-12,MO,Returning,Lenovo Yoga 920,2,2199.98
2026-04-12,MO,Returning,Wooden Bathroom Sink With Mirror,1,799.99
2026-04-12,MO,Returning,Puma Future Rider Trainers,1,89.99
2026-04-12,IL,VIP,New DELL XPS 13 9300 Laptop,1,1499.99
2026-04-12,IL,VIP,Hand Blender,3,104.97
2026-04-12,IL,VIP,Rolex Submariner Watch,2,27999.98
2026-04-12,MO,New,Red Tongs,2,13.98
2026-04-12,MO,New,Pan,3,74.97
2026-04-12,MO,New,Rice,2,11.98
2026-04-12,MO,New,House Showpiece Plant,3,119.97
2026-04-12,GA,New,Essence Mascara Lash Princess,2,19.98
2026-04-12,GA,New,Blue & Black Check Shirt,3,89.97
2026-04-12,FL,New,Lenovo Yoga 920,2,2199.98
2026-04-12,FL,Returning,Honey Jar,1,6.99
2026-04-12,FL,Returning,Electric Stove,3,149.97
2026-04-12,FL,Returning,Sports Sneakers Off White Red,1,109.99
2026-04-12,CA,Returning,Puma Future Rider Trainers,1,89.99
2026-04-12,CA,Returning,Blue & Black Check Shirt,1,29.99
2026-04-12,GA,New,Strawberry,1,3.99
2026-04-12,GA,New,Nescafe Coffee,2,15.98
2026-04-12,GA,New,Puma Future Rider Trainers,1,89.99
2026-04-12,GA,New,Family Tree Photo Frame,3,89.97
2026-04-12,TX,VIP,Glass,1,4.99
2026-04-12,TX,VIP,Protein Powder,1,19.99
2026-04-12,TX,VIP,Decoration Swing,3,179.97
2026-04-12,IL,VIP,Citrus Squeezer Yellow,1,8.99
2026-04-12,IL,VIP,Wooden Bathroom Sink With Mirror,1,799.99
2026-04-12,IL,VIP,Green Bell Pepper,2,2.58
2026-04-12,IL,VIP,Green Chili Pepper,2,1.98
2026-04-12,NY,New,Milk,3,10.47
2026-04-12,IL,New,Rolex Submariner Watch,2,27999.98
2026-04-12,IL,New,Spoon,2,9.98
2026-04-12,IL,New,Fine Mesh Strainer,2,19.98
2026-04-12,IL,New,Kiwi,1,2.49
2026-04-12,TX,New,Bamboo Spatula,3,23.97
2026-04-12,TX,New,Beef Steak,2,25.98
2026-04-12,GA,Returning,Spoon,2,9.98
2026-04-12,TX,New,Men Check Shirt,2,55.98
2026-04-12,TX,New,Dolce Shine Eau de,1,69.99
2026-04-12,TX,New,Calvin Klein CK One,1,49.99
2026-04-12,TX,New,Rolex Cellini Date Black Dial,1,8999.99
2026-04-12,IL,VIP,Powder Canister,1,14.99
2026-04-12,IL,VIP,Amazon Echo Plus,1,99.99
2026-04-12,IL,VIP,Slotted Turner,3,26.97
2026-04-12,IL,VIP,Nescafe Coffee,1,7.99
2026-04-12,WA,New,Cooking Oil,3,14.97
2026-04-12,WA,New,Powder Canister,1,14.99
2026-04-12,WA,New,Nike Air Jordan 1 Red And Black,2,299.98
2026-04-12,NY,VIP,Fish Steak,2,29.98
2026-04-12,NY,VIP,Hand Blender,1,34.99
2026-04-12,WA,New,Protein Powder,2,39.98
2026-04-12,WA,New,Lenovo Yoga 920,2,2199.98
2026-04-12,WA,New,Carbon Steel Wok,1,29.99
2026-04-12,WA,New,Rolex Datejust,1,10999.99
2026-04-12,WA,Returning,Fork,1,3.99
2026-04-12,WA,Returning,Silver Pot With Glass Cap,2,79.98
2026-04-12,IL,VIP,Apple MacBook Pro 14 Inch Space Grey,2,3999.98
2026-04-12,IL,VIP,Blue & Black Check Shirt,1,29.99
2026-04-12,IL,VIP,Black Whisk,1,9.99
2026-04-12,MO,VIP,Carbon Steel Wok,3,89.97
2026-04-12,MO,VIP,Family Tree Photo Frame,2,59.98
2026-04-12,MO,VIP,Electric Stove,3,149.97
2026-04-12,FL,Returning,Knoll Saarinen Executive Conference Chair,1,499.99
2026-04-12,FL,Returning,Dog Food,2,21.98
2026-04-12,FL,Returning,Longines Master Collection,2,2999.98
2026-04-12,GA,VIP,Mulberry,2,9.98
2026-04-12,GA,VIP,Bamboo Spatula,2,15.98
2026-04-12,GA,VIP,Green Bell Pepper,2,2.58
2026-04-12,GA,VIP,Family Tree Photo Frame,1,29.99
2026-04-12,CA,New,Puma Future Rider Trainers,2,179.98
2026-04-12,CA,New,Boxed Blender,2,79.98
2026-04-12,CA,New,Potatoes,1,2.29
2026-04-12,CA,New,Amazon Echo Plus,1,99.99
2026-04-12,WA,New,Mug Tree Stand,3,47.97
2026-04-12,WA,New,Brown Leather Belt Watch,1,89.99
2026-04-12,WA,New,Eyeshadow Palette with Mirror,3,59.97
2026-04-12,GA,New,Apple MacBook Pro 14 Inch Space Grey,3,5999.97
2026-04-12,GA,New,Honey Jar,3,20.97
2026-04-12,GA,New,Huawei Matebook X Pro,3,4199.97
2026-04-12,GA,New,Potatoes,1,2.29
2026-04-12,MO,New,Asus Zenbook Pro Dual Screen Laptop,1,1799.99
2026-04-12,MO,New,Strawberry,1,3.99
2026-04-12,MO,New,Wooden Bathroom Sink With Mirror,2,1599.98
2026-04-12,MO,New,Gucci Bloom Eau de,1,79.99
2026-04-12,IL,New,Fish Steak,2,29.98
2026-04-12,IL,New,Gucci Bloom Eau de,2,159.98
2026-04-12,MO,VIP,Bamboo Spatula,2,15.98
2026-04-12,GA,VIP,Black Whisk,1,9.99
2026-04-12,GA,VIP,Plate,2,7.98
2026-04-12,GA,VIP,Green Bell Pepper,1,1.29
2026-04-12,MO,VIP,Hand Blender,3,104.97
2026-04-12,MO,New,Spice Rack,3,59.97
2026-04-12,IL,New,Men Check Shirt,2,55.98
2026-04-12,CA,New,Chicken Meat,3,29.97
2026-04-12,WA,Returning,Lemon,2,1.58
2026-04-12,WA,Returning,Ice Cube Tray,3,17.97
2026-04-12,WA,Returning,Black Whisk,3,29.97
2026-04-12,NY,VIP,Wooden Rolling Pin,1,11.99
2026-04-12,NY,VIP,Chicken Meat,2,19.98
2026-04-12,WA,Returning,Lemon,3,2.37
2026-04-12,WA,Returning,Essence Mascara Lash Princess,3,29.97
2026-04-12,WA,Returning,Knife,2,29.98
2026-04-12,TX,Returning,Eyeshadow Palette with Mirror,1,19.99
2026-04-12,TX,Returning,Plant Pot,3,44.97
2026-04-12,TX,Returning,Juice,2,7.98
2026-04-12,WA,Returning,Chopping Board,1,12.99
2026-04-12,NY,VIP,House Showpiece Plant,3,119.97
2026-04-12,NY,VIP,Powder Canister,3,44.97
2026-04-12,NY,VIP,Grater Black,2,21.98
2026-04-12,WA,Returning,Dior J'adore,2,179.98
2026-04-12,FL,VIP,Huawei Matebook X Pro,3,4199.97
2026-04-12,FL,VIP,Knoll Saarinen Executive Conference Chair,2,999.98
2026-04-12,MO,New,Rolex Submariner Watch,2,27999.98
2026-04-12,MO,New,Powder Canister,2,29.98
2026-04-12,MO,New,Juice,2,7.98
2026-04-12,MO,New,Water,1,0.99
2026-04-12,NY,New,Bamboo Spatula,1,7.99
2026-04-12,NY,New,Soft Drinks,2,3.98
2026-04-12,NY,New,Milk,3,10.47
2026-04-12,MO,New,Wooden Bathroom Sink With Mirror,2,1599.98
2026-04-12,MO,New,Apple MacBook Pro 14 Inch Space Grey,2,3999.98
2026-04-12,MO,New,Gigabyte Aorus Men Tshirt,1,24.99
2026-04-12,TX,New,Annibale Colombo Sofa,3,7499.97
2026-04-12,TX,New,Ice Cream,1,5.49
2026-04-12,TX,New,Nike Air Jordan 1 Red And Black,1,149.99
2026-04-12,TX,New,Man Short Sleeve Shirt,2,39.98
2026-04-12,MO,New,Powder Canister,3,44.97
2026-04-12,MO,New,Lunch Box,1,12.99
2026-04-12,MO,New,Knoll Saarinen Executive Conference Chair,3,1499.97
2026-04-12,MO,New,Mug Tree Stand,2,31.98
2026-04-12,TX,New,Lunch Box,3,38.97
2026-04-12,TX,New,Slotted Turner,1,8.99
2026-04-12,TX,New,Blue & Black Check Shirt,2,59.98
2026-04-12,TX,New,Plant Pot,1,14.99
2026-04-12,WA,VIP,New DELL XPS 13 9300 Laptop,2,2999.98
2026-04-12,WA,VIP,Tissue Paper Box,2,4.98
2026-04-12,WA,VIP,Chanel Coco Noir Eau De,2,259.98
2026-04-12,WA,VIP,Plant Pot,1,14.99
2026-04-12,NY,VIP,Cucumber,1,1.49
2026-04-12,FL,Returning,Gigabyte Aorus Men Tshirt,3,74.97
2026-04-12,FL,Returning,Red Nail Polish,2,17.98
2026-04-12,FL,Returning,Dior J'adore,3,269.97
2026-04-12,FL,Returning,Wooden Bathroom Sink With Mirror,1,799.99
2026-04-12,NY,VIP,Eyeshadow Palette with Mirror,3,59.97
2026-04-12,NY,VIP,Mug Tree Stand,2,31.98
2026-04-12,FL,VIP,Bedside Table African Cherry,3,899.97
2026-04-12,WA,New,Eyeshadow Palette with Mirror,1,19.99
2026-04-13,MO,Returning,Sports Sneakers Off White & Red,2,239.98
2026-04-13,MO,Returning,Fine Mesh Strainer,3,29.97
2026-04-13,MO,Returning,Apple MacBook Pro 14 Inch Space Grey,2,3999.98
2026-04-13,IL,VIP,Milk,1,3.49
2026-04-13,IL,New,Apple Airpods,1,129.99
2026-04-13,IL,New,Rolex Cellini Date Black Dial,2,17999.98
2026-04-13,GA,New,Decoration Swing,3,179.97
2026-04-13,GA,New,Eggs,2,5.98
2026-04-13,TX,Returning,Grater Black,2,21.98
2026-04-13,TX,Returning,Mug Tree Stand,1,15.99
2026-04-13,WA,Returning,House Showpiece Plant,1,39.99
2026-04-13,WA,Returning,Lunch Box,1,12.99
2026-04-13,WA,Returning,Man Short Sleeve Shirt,3,59.97
2026-04-13,WA,Returning,Nescafe Coffee,2,15.98
2026-04-13,TX,VIP,Dolce Shine Eau de,2,139.98
2026-04-13,TX,VIP,Knoll Saarinen Executive Conference Chair,3,1499.97
2026-04-13,TX,VIP,Rice,1,5.99
2026-04-13,TX,New,Kiwi,1,2.49
2026-04-13,TX,New,Chanel Coco Noir Eau De,2,259.98
2026-04-13,TX,New,Slotted Turner,3,26.97
2026-04-13,WA,VIP,Annibale Colombo Sofa,2,4999.98
2026-04-13,WA,VIP,Gucci Bloom Eau de,1,79.99
2026-04-13,FL,VIP,Red Onions,2,3.98
2026-04-13,FL,VIP,Lunch Box,3,38.97
2026-04-13,FL,VIP,Bedside Table African Cherry,1,299.99
2026-04-13,GA,New,Fine Mesh Strainer,3,29.97
2026-04-13,GA,New,Potatoes,1,2.29
2026-04-13,MO,VIP,Cooking Oil,1,4.99
2026-04-13,NY,VIP,Nike Baseball Cleats,2,159.98
2026-04-13,NY,New,Cucumber,3,4.47
2026-04-13,NY,New,Eggs,1,2.99
2026-04-13,NY,New,Asus Zenbook Pro Dual Screen Laptop,3,5399.97
2026-04-13,CA,VIP,Plate,1,3.99
2026-04-13,CA,VIP,Powder Canister,2,29.98
2026-04-13,NY,VIP,Huawei Matebook X Pro,3,4199.97
2026-04-13,NY,VIP,Nike Air Jordan 1 Red And Black,1,149.99
2026-04-13,NY,VIP,Man Short Sleeve Shirt,1,19.99
2026-04-13,MO,Returning,Decoration Swing,3,179.97
2026-04-13,MO,Returning,Kiwi,3,7.47
2026-04-13,CA,New,Slotted Turner,3,26.97
2026-04-13,CA,New,Soft Drinks,2,3.98
2026-04-13,CA,New,Nike Air Jordan 1 Red And Black,1,149.99
2026-04-13,CA,New,Slotted Turner,2,17.98
2026-04-13,TX,VIP,Hand Blender,2,69.98
2026-04-13,TX,VIP,Protein Powder,2,39.98
2026-04-13,FL,VIP,Cucumber,2,2.98
2026-04-13,FL,VIP,Slotted Turner,2,17.98
2026-04-13,FL,VIP,Electric Stove,3,149.97
2026-04-13,FL,Returning,Spoon,2,9.98
2026-04-13,FL,Returning,Sports Sneakers Off White & Red,3,359.97
2026-04-13,FL,Returning,Kitchen Sieve,3,23.97
2026-04-13,MO,Returning,House Showpiece Plant,2,79.98
2026-04-13,MO,Returning,Glass,3,14.97
2026-04-13,MO,Returning,Gucci Bloom Eau de,2,159.98
2026-04-13,MO,Returning,Apple Airpods,2,259.98
2026-04-13,WA,New,Grater Black,3,32.97
2026-04-13,WA,New,Red Lipstick,1,12.99
2026-04-13,WA,New,Ice Cream,1,5.49
2026-04-13,WA,New,House Showpiece Plant,2,79.98
2026-04-13,WA,Returning,Cat Food,1,8.99
2026-04-13,WA,Returning,Sports Sneakers Off White Red,3,329.97
2026-04-13,WA,Returning,Spice Rack,3,59.97
2026-04-13,NY,New,Apple MacBook Pro 14 Inch Space Grey,1,1999.99
2026-04-13,NY,New,Amazon Echo Plus,2,199.98
2026-04-13,NY,New,Juice,1,3.99
2026-04-13,NY,New,Potatoes,3,6.87
2026-04-13,GA,VIP,Green Chili Pepper,1,0.99
2026-04-13,GA,VIP,Eyeshadow Palette with Mirror,1,19.99
2026-04-13,GA,VIP,Honey Jar,3,20.97
2026-04-13,CA,VIP,Asus Zenbook Pro Dual Screen Laptop,3,5399.97
2026-04-13,CA,VIP,Apple Airpods,3,389.97
2026-04-13,CA,VIP,Red Nail Polish,1,8.99
2026-04-13,CA,VIP,Microwave Oven,2,179.98
2026-04-13,GA,VIP,Red Onions,1,1.99
2026-04-13,GA,VIP,Eyeshadow Palette with Mirror,3,59.97
2026-04-13,GA,VIP,Puma Future Rider Trainers,1,89.99
2026-04-13,NY,VIP,Grater Black,1,10.99
2026-04-13,NY,VIP,Dog Food,3,32.97
2026-04-13,NY,VIP,Apple MacBook Pro 14 Inch Space Grey,2,3999.98
2026-04-13,MO,New,Knoll Saarinen Executive Conference Chair,3,1499.97
2026-04-13,MO,New,New DELL XPS 13 9300 Laptop,3,4499.97
2026-04-13,MO,New,House Showpiece Plant,1,39.99
2026-04-13,MO,New,Rolex Cellini Date Black Dial,2,17999.98
2026-04-13,IL,New,Electric Stove,3,149.97
2026-04-13,IL,New,Puma Future Rider Trainers,3,269.97
2026-04-13,IL,New,Mug Tree Stand,3,47.97
2026-04-13,CA,VIP,Family Tree Photo Frame,3,89.97
2026-04-13,MO,VIP,Huawei Matebook X Pro,1,1399.99
2026-04-13,MO,VIP,Annibale Colombo Sofa,3,7499.97
2026-04-13,MO,VIP,Green Chili Pepper,3,2.97
2026-04-13,MO,VIP,Dog Food,1,10.99
2026-04-13,CA,New,Apple MacBook Pro 14 Inch Space Grey,1,1999.99
2026-04-13,CA,New,Kiwi,1,2.49
2026-04-13,CA,New,Juice,1,3.99
2026-04-13,CA,New,Honey Jar,1,6.99
2026-04-13,CA,New,Bedside Table African Cherry,2,599.98
2026-04-13,CA,New,Apple MacBook Pro 14 Inch Space Grey,1,1999.99
2026-04-13,CA,New,Lenovo Yoga 920,3,3299.97
2026-04-13,CA,New,Red Onions,3,5.97
2026-04-13,WA,VIP,Fork,3,11.97
2026-04-13,WA,VIP,Ice Cream,1,5.49
2026-04-13,WA,VIP,Eyeshadow Palette with Mirror,1,19.99
2026-04-13,WA,VIP,Dog Food,1,10.99
2026-04-13,GA,VIP,Tray,3,50.97
2026-04-13,GA,VIP,Longines Master Collection,1,1499.99
2026-04-13,FL,New,Tissue Paper Box,1,2.49
2026-04-13,FL,New,New DELL XPS 13 9300 Laptop,3,4499.97
2026-04-13,CA,New,Black Aluminium Cup,1,5.99
2026-04-13,CA,New,Water,3,2.97
2026-04-13,IL,VIP,Carbon Steel Wok,2,59.98
2026-04-13,IL,VIP,Chicken Meat,3,29.97
2026-04-13,GA,New,Rolex Cellini Date Black Dial,1,8999.99
2026-04-13,GA,New,Chanel Coco Noir Eau De,3,389.97
2026-04-13,TX,VIP,Dog Food,3,32.97
2026-04-13,TX,VIP,Kiwi,1,2.49
2026-04-13,WA,New,Calvin Klein CK One,2,99.98
2026-04-13,IL,VIP,Knoll Saarinen Executive Conference Chair,1,499.99
2026-04-13,IL,VIP,New DELL XPS 13 9300 Laptop,2,2999.98
2026-04-13,IL,VIP,Beef Steak,2,25.98
2026-04-13,IL,VIP,House Showpiece Plant,1,39.99
2026-04-13,CA,VIP,Soft Drinks,2,3.98
2026-04-13,IL,Returning,House Showpiece Plant,3,119.97
2026-04-13,IL,Returning,Puma Future Rider Trainers,3,269.97
2026-04-13,IL,Returning,Green Bell Pepper,1,1.29
2026-04-13,MO,Returning,Carbon Steel Wok,3,89.97
2026-04-13,CA,Returning,Electric Stove,3,149.97
2026-04-13,CA,Returning,Annibale Colombo Sofa,2,4999.98
2026-04-13,CA,Returning,Kitchen Sieve,2,15.98
2026-04-13,CA,Returning,Puma Future Rider Trainers,2,179.98
2026-04-13,GA,New,Egg Slicer,1,6.99
2026-04-13,GA,New,Red Nail Polish,1,8.99
2026-04-13,GA,New,Microwave Oven,1,89.99
2026-04-13,GA,New,Lemon,1,0.79
2026-04-13,WA,Returning,Spoon,1,4.99
2026-04-13,WA,Returning,Dog Food,3,32.97
2026-04-13,WA,Returning,Potatoes,3,6.87
2026-04-13,WA,Returning,Knoll Saarinen Executive Conference Chair,1,499.99
2026-04-13,CA,New,Men Check Shirt,2,55.98
2026-04-13,CA,New,Kiwi,2,4.98
2026-04-13,CA,New,Strawberry,1,3.99
2026-04-13,CA,Returning,Amazon Echo Plus,1,99.99
2026-04-13,CA,Returning,Fish Steak,1,14.99
2026-04-13,CA,Returning,Spoon,1,4.99
2026-04-13,CA,Returning,Boxed Blender,2,79.98
2026-04-13,CA,New,Hand Blender,2,69.98
2026-04-13,FL,New,Wooden Bathroom Sink With Mirror,3,2399.97
2026-04-13,NY,Returning,Brown Leather Belt Watch,2,179.98
2026-04-13,NY,Returning,Red Lipstick,1,12.99
2026-04-13,NY,Returning,Plant Pot,2,29.98
2026-04-13,NY,Returning,Potatoes,1,2.29
2026-04-13,CA,Returning,Fish Steak,3,44.97
2026-04-13,CA,Returning,Nike Air Jordan 1 Red And Black,3,449.97
2026-04-13,FL,New,Electric Stove,2,99.98
2026-04-13,FL,New,Apple Airpods,3,389.97
2026-04-13,FL,New,Chanel Coco Noir Eau De,2,259.98
2026-04-13,MO,VIP,Mulberry,3,14.97
2026-04-13,MO,VIP,Gigabyte Aorus Men Tshirt,1,24.99
2026-04-13,MO,VIP,Citrus Squeezer Yellow,1,8.99
2026-04-13,NY,Returning,Yellow Peeler,3,17.97
2026-04-13,MO,VIP,Gucci Bloom Eau de,1,79.99
2026-04-13,MO,VIP,Kitchen Sieve,2,15.98
2026-04-13,MO,VIP,Potatoes,3,6.87
2026-04-13,IL,New,Longines Master Collection,3,4499.97
2026-04-13,IL,New,Red Tongs,2,13.98
2026-04-13,IL,New,Spoon,3,14.97
2026-04-13,IL,New,Powder Canister,1,14.99
2026-04-13,WA,Returning,Red Lipstick,3,38.97
2026-04-13,WA,Returning,Family Tree Photo Frame,3,89.97
2026-04-13,WA,Returning,Glass,3,14.97
2026-04-13,WA,Returning,Apple MacBook Pro 14 Inch Space Grey,2,3999.98
2026-04-13,NY,Returning,Soft Drinks,1,1.99
2026-04-13,FL,Returning,Rolex Cellini Date Black Dial,3,26999.97
2026-04-13,TX,VIP,Electric Stove,3,149.97
2026-04-13,TX,VIP,Soft Drinks,1,1.99
2026-04-13,NY,New,Cucumber,1,1.49
2026-04-13,NY,New,Spice Rack,1,19.99
2026-04-13,MO,VIP,Powder Canister,1,14.99
2026-04-13,MO,VIP,Rolex Submariner Watch,1,13999.99
2026-04-13,MO,VIP,Rolex Cellini Date Black Dial,3,26999.97
2026-04-13,MO,VIP,Lunch Box,3,38.97
2026-04-13,MO,VIP,Beef Steak,3,38.97
2026-04-13,MO,VIP,Milk,1,3.49
2026-04-14,MO,New,Strawberry,1,3.99
2026-04-14,MO,New,House Showpiece Plant,1,39.99
2026-04-14,MO,New,Bedside Table African Cherry,3,899.97
2026-04-14,MO,New,Fine Mesh Strainer,3,29.97
2026-04-14,GA,New,Apple,1,1.99
2026-04-14,GA,New,Egg Slicer,2,13.98
2026-04-14,GA,New,Puma Future Rider Trainers,2,179.98
2026-04-14,GA,New,Strawberry,2,7.98
2026-04-14,NY,VIP,Bedside Table African Cherry,3,899.97
2026-04-14,NY,VIP,Gigabyte Aorus Men Tshirt,1,24.99
2026-04-14,NY,VIP,Nike Air Jordan 1 Red And Black,1,149.99
2026-04-14,NY,VIP,Longines Master Collection,2,2999.98
2026-04-14,NY,VIP,Red Onions,2,3.98
2026-04-14,IL,Returning,Beef Steak,3,38.97
2026-04-14,IL,Returning,Dolce Shine Eau de,2,139.98
2026-04-14,WA,New,Gucci Bloom Eau de,2,159.98
2026-04-14,WA,New,Red Onions,2,3.98
2026-04-14,TX,VIP,Table Lamp,1,49.99
2026-04-14,TX,VIP,Dog Food,3,32.97
2026-04-14,FL,New,Spice Rack,2,39.98
2026-04-14,FL,New,Apple,2,3.98
2026-04-14,NY,VIP,Wooden Rolling Pin,2,23.98
2026-04-14,NY,VIP,Nike Baseball Cleats,2,159.98
2026-04-14,NY,VIP,Tissue Paper Box,2,4.98
2026-04-14,NY,VIP,Nike Air Jordan 1 Red And Black,2,299.98
2026-04-14,GA,New,Glass,1,4.99
2026-04-14,WA,New,Cooking Oil,1,4.99
2026-04-14,WA,New,Red Tongs,1,6.99
2026-04-14,WA,New,Family Tree Photo Frame,3,89.97
2026-04-14,IL,Returning,Asus Zenbook Pro Dual Screen Laptop,1,1799.99
2026-04-14,CA,New,Annibale Colombo Bed,2,3799.98
2026-04-14,CA,New,Man Plaid Shirt,3,104.97
2026-04-14,MO,Returning,Tray,2,33.98
2026-04-14,MO,Returning,Calvin Klein CK One,2,99.98
2026-04-14,FL,VIP,Grater Black,1,10.99
2026-04-14,FL,VIP,Chicken Meat,1,9.99
2026-04-14,FL,VIP,Grater Black,2,21.98
2026-04-14,MO,Returning,Powder Canister,3,44.97
2026-04-14,MO,Returning,Egg Slicer,2,13.98
2026-04-14,MO,Returning,Rolex Cellini Moonphase,1,12999.99
2026-04-14,CA,New,Huawei Matebook X Pro,2,2799.98
2026-04-14,CA,New,Ice Cream,2,10.98
2026-04-14,TX,New,Juice,1,3.99
2026-04-14,TX,New,Citrus Squeezer Yellow,3,26.97
2026-04-14,NY,New,Green Bell Pepper,2,2.58
2026-04-14,NY,New,Knife,2,29.98
2026-04-14,NY,New,Green Chili Pepper,1,0.99
2026-04-14,NY,New,Decoration Swing,3,179.97
2026-04-14,NY,New,Kitchen Sieve,2,15.98
2026-04-14,GA,VIP,Yellow Peeler,2,11.98
2026-04-14,GA,VIP,Plant Pot,1,14.99
2026-04-14,CA,Returning,Black Aluminium Cup,3,17.97
2026-04-14,CA,Returning,Protein Powder,2,39.98
2026-04-14,CA,Returning,Spice Rack,3,59.97
2026-04-14,IL,Returning,Eyeshadow Palette with Mirror,3,59.97
2026-04-14,IL,Returning,Slotted Turner,1,8.99
2026-04-14,NY,VIP,Chopping Board,3,38.97
2026-04-14,NY,VIP,Rice,2,11.98
2026-04-14,IL,VIP,Black Aluminium Cup,2,11.98
2026-04-14,IL,VIP,Dog Food,3,32.97
2026-04-14,NY,Returning,Fish Steak,3,44.97
2026-04-14,NY,Returning,Amazon Echo Plus,1,99.99
2026-04-14,TX,VIP,Yellow Peeler,2,11.98
2026-04-14,TX,VIP,Lunch Box,3,38.97
2026-04-14,TX,VIP,Plate,3,11.97
2026-04-14,TX,VIP,Slotted Turner,2,17.98
2026-04-14,TX,Returning,Rolex Datejust,1,10999.99
2026-04-14,FL,Returning,Annibale Colombo Bed,2,3799.98
2026-04-14,FL,Returning,Tray,1,16.99
2026-04-14,FL,Returning,Gucci Bloom Eau de,2,159.98
2026-04-14,GA,VIP,Pan,3,74.97
2026-04-14,GA,VIP,Lunch Box,2,25.98
2026-04-14,GA,VIP,Rolex Submariner Watch,2,27999.98
2026-04-14,MO,VIP,Annibale Colombo Sofa,2,4999.98
2026-04-14,WA,VIP,Lunch Box,3,38.97
2026-04-14,WA,VIP,Nike Baseball Cleats,3,239.97
2026-04-14,WA,VIP,Essence Mascara Lash Princess,3,29.97
2026-04-14,WA,VIP,Sports Sneakers Off White Red,3,329.97
2026-04-14,WA,New,Green Bell Pepper,1,1.29
2026-04-14,WA,New,Tray,3,50.97
2026-04-14,WA,New,Egg Slicer,1,6.99
2026-04-14,TX,VIP,Dolce Shine Eau de,1,69.99
2026-04-14,IL,Returning,Sports Sneakers Off White & Red,3,359.97
2026-04-14,IL,Returning,Citrus Squeezer Yellow,3,26.97
2026-04-14,IL,Returning,Man Short Sleeve Shirt,1,19.99
2026-04-14,NY,Returning,Black Aluminium Cup,3,17.97
2026-04-14,NY,Returning,Dior J'adore,2,179.98
2026-04-14,CA,VIP,Kiwi,3,7.47
2026-04-14,CA,VIP,Potatoes,3,6.87
2026-04-14,TX,VIP,Longines Master Collection,2,2999.98
2026-04-14,TX,VIP,Annibale Colombo Sofa,1,2499.99
2026-04-14,TX,VIP,Asus Zenbook Pro Dual Screen Laptop,1,1799.99
2026-04-14,FL,Returning,Fork,1,3.99
2026-04-14,FL,Returning,Rolex Submariner Watch,1,13999.99
2026-04-14,FL,Returning,Gigabyte Aorus Men Tshirt,1,24.99
2026-04-14,FL,Returning,New DELL XPS 13 9300 Laptop,1,1499.99
2026-04-14,IL,VIP,New DELL XPS 13 9300 Laptop,1,1499.99
2026-04-14,FL,Returning,Brown Leather Belt Watch,1,89.99
2026-04-14,FL,Returning,Gucci Bloom Eau de,3,239.97
2026-04-14,FL,Returning,Red Nail Polish,1,8.99
2026-04-14,FL,Returning,Black Whisk,1,9.99
2026-04-14,NY,New,Egg Slicer,2,13.98
2026-04-14,NY,New,Citrus Squeezer Yellow,1,8.99
2026-04-14,NY,New,Dior J'adore,2,179.98
2026-04-14,NY,New,Decoration Swing,1,59.99
2026-04-14,FL,New,Knoll Saarinen Executive Conference Chair,3,1499.97
2026-04-14,FL,New,Silver Pot With Glass Cap,3,119.97
2026-04-14,CA,New,Soft Drinks,1,1.99
2026-04-14,CA,New,Black Whisk,1,9.99
2026-04-14,IL,VIP,Hand Blender,2,69.98
2026-04-14,IL,VIP,Red Tongs,2,13.98
2026-04-14,IL,VIP,Sports Sneakers Off White & Red,1,119.99
2026-04-14,IL,New,Slotted Turner,3,26.97
2026-04-14,IL,New,Brown Leather Belt Watch,3,269.97
2026-04-14,FL,New,Chopping Board,3,38.97
2026-04-14,FL,New,Glass,3,14.97
2026-04-14,FL,New,Blue & Black Check Shirt,3,89.97
2026-04-14,NY,VIP,Fork,1,3.99
2026-04-14,NY,VIP,Annibale Colombo Sofa,1,2499.99
2026-04-14,NY,VIP,Bedside Table African Cherry,1,299.99
2026-04-14,MO,New,House Showpiece Plant,2,79.98
2026-04-14,MO,New,Wooden Bathroom Sink With Mirror,2,1599.98
2026-04-14,MO,New,Grater Black,1,10.99
2026-04-14,MO,New,Sports Sneakers Off White Red,2,219.98
2026-04-14,FL,Returning,Juice,2,7.98
2026-04-14,FL,Returning,Red Lipstick,1,12.99
2026-04-14,GA,New,New DELL XPS 13 9300 Laptop,2,2999.98
2026-04-14,GA,New,Kiwi,3,7.47
2026-04-14,GA,Returning,Red Onions,3,5.97
2026-04-14,GA,Returning,Annibale Colombo Sofa,1,2499.99
2026-04-14,GA,Returning,Man Short Sleeve Shirt,2,39.98
2026-04-14,GA,Returning,Egg Slicer,1,6.99
2026-04-14,GA,Returning,Powder Canister,1,14.99
2026-04-14,GA,Returning,Egg Slicer,1,6.99
2026-04-14,GA,Returning,Beef Steak,1,12.99
2026-04-14,FL,Returning,Grater Black,1,10.99
2026-04-14,FL,Returning,Man Short Sleeve Shirt,2,39.98
2026-04-14,FL,Returning,Silver Pot With Glass Cap,3,119.97
2026-04-14,FL,Returning,Red Lipstick,1,12.99
2026-04-14,FL,New,Longines Master Collection,2,2999.98
2026-04-14,FL,New,Hand Blender,2,69.98
2026-04-14,FL,New,Fine Mesh Strainer,1,9.99
2026-04-14,GA,Returning,Lenovo Yoga 920,2,2199.98
2026-04-14,GA,Returning,Hand Blender,2,69.98
2026-04-14,GA,Returning,Citrus Squeezer Yellow,1,8.99
2026-04-14,GA,VIP,Wooden Rolling Pin,3,35.97
2026-04-14,NY,New,Mug Tree Stand,2,31.98
2026-04-15,GA,New,Spoon,2,9.98
2026-04-15,GA,New,Citrus Squeezer Yellow,1,8.99
2026-04-15,GA,New,Annibale Colombo Bed,3,5699.97
2026-04-15,GA,New,Decoration Swing,1,59.99
2026-04-15,NY,Returning,Dog Food,3,32.97
2026-04-15,NY,Returning,Spoon,2,9.98
2026-04-15,MO,Returning,Dolce Shine Eau de,3,209.97
2026-04-15,MO,Returning,Cat Food,2,17.98
2026-04-15,MO,Returning,Table Lamp,3,149.97
2026-04-15,IL,New,Amazon Echo Plus,2,199.98
2026-04-15,TX,VIP,Apple,2,3.98
2026-04-15,TX,VIP,Apple Airpods,1,129.99
2026-04-15,TX,VIP,Dior J'adore,3,269.97
2026-04-15,TX,VIP,Microwave Oven,2,179.98
2026-04-15,NY,Returning,Electric Stove,3,149.97
2026-04-15,NY,Returning,Spice Rack,1,19.99
2026-04-15,NY,Returning,Water,3,2.97
2026-04-15,NY,Returning,Honey Jar,2,13.98
2026-04-15,GA,VIP,Egg Slicer,3,20.97
2026-04-15,GA,VIP,Black Aluminium Cup,1,5.99
2026-04-15,GA,VIP,Ice Cube Tray,1,5.99
2026-04-15,IL,Returning,Longines Master Collection,1,1499.99
2026-04-15,IL,Returning,Juice,1,3.99
2026-04-15,IL,Returning,Family Tree Photo Frame,1,29.99
2026-04-15,MO,Returning,Family Tree Photo Frame,2,59.98
2026-04-15,MO,Returning,Pan,3,74.97
2026-04-15,MO,Returning,Dog Food,1,10.99
2026-04-15,GA,VIP,Eggs,3,8.97
2026-04-15,FL,New,Gigabyte Aorus Men Tshirt,3,74.97
2026-04-15,FL,New,Strawberry,2,7.98
2026-04-15,FL,New,Bedside Table African Cherry,1,299.99
2026-04-15,WA,Returning,Spoon,1,4.99
2026-04-15,WA,Returning,Rolex Datejust,2,21999.98
2026-04-15,WA,Returning,Tray,2,33.98
2026-04-15,TX,VIP,Man Short Sleeve Shirt,3,59.97
2026-04-15,TX,VIP,Protein Powder,3,59.97
2026-04-15,TX,VIP,Table Lamp,1,49.99
2026-04-15,TX,VIP,Kiwi,2,4.98
2026-04-15,TX,VIP,Cucumber,2,2.98
2026-04-15,TX,VIP,Nescafe Coffee,1,7.99
2026-04-15,NY,Returning,Lenovo Yoga 920,2,2199.98
2026-04-15,NY,Returning,Dior J'adore,3,269.97
2026-04-15,NY,Returning,Black Whisk,1,9.99
2026-04-15,NY,Returning,Spice Rack,2,39.98
2026-04-15,MO,New,Fine Mesh Strainer,2,19.98
2026-04-15,MO,New,Rice,2,11.98
2026-04-15,MO,New,Black Aluminium Cup,1,5.99
2026-04-15,WA,Returning,Mug Tree Stand,1,15.99
2026-04-15,MO,VIP,Protein Powder,1,19.99
2026-04-15,MO,VIP,Fish Steak,3,44.97
2026-04-15,MO,VIP,Lemon,1,0.79
2026-04-15,MO,VIP,Microwave Oven,3,269.97
2026-04-15,TX,New,Nescafe Coffee,2,15.98
2026-04-15,TX,New,Mug Tree Stand,3,47.97
2026-04-15,TX,New,Potatoes,2,4.58
2026-04-15,TX,New,Decoration Swing,2,119.98
2026-04-15,MO,VIP,Tray,1,16.99
2026-04-15,WA,New,Rolex Submariner Watch,2,27999.98
2026-04-15,WA,New,Rolex Cellini Date Black Dial,1,8999.99
2026-04-15,WA,New,Knife,1,14.99
2026-04-15,CA,Returning,Spoon,3,14.97
2026-04-15,CA,Returning,Beef Steak,1,12.99
2026-04-15,WA,Returning,Black Whisk,1,9.99
2026-04-15,WA,Returning,Spoon,3,14.97
2026-04-15,IL,Returning,Plate,1,3.99
2026-04-15,NY,VIP,Fork,2,7.98
2026-04-15,WA,Returning,Wooden Bathroom Sink With Mirror,2,1599.98
2026-04-15,WA,Returning,Plate,3,11.97
2026-04-15,WA,Returning,Asus Zenbook Pro Dual Screen Laptop,1,1799.99
2026-04-15,TX,Returning,Amazon Echo Plus,1,99.99
2026-04-15,TX,Returning,Cat Food,2,17.98
2026-04-15,TX,Returning,Fine Mesh Strainer,3,29.97
2026-04-15,TX,VIP,Cucumber,2,2.98
2026-04-15,MO,Returning,Plant Pot,1,14.99
2026-04-15,MO,Returning,Apple,1,1.99
2026-04-15,MO,Returning,Chanel Coco Noir Eau De,3,389.97
2026-04-15,WA,Returning,Red Nail Polish,1,8.99
2026-04-15,NY,New,Rice,1,5.99
2026-04-15,NY,New,Carbon Steel Wok,3,89.97
2026-04-15,NY,New,Red Lipstick,2,25.98
2026-04-15,GA,VIP,Black Aluminium Cup,2,11.98
2026-04-15,GA,VIP,Rolex Cellini Date Black Dial,2,17999.98
2026-04-15,GA,VIP,Microwave Oven,1,89.99
2026-04-15,GA,VIP,Bamboo Spatula,2,15.98
2026-04-15,WA,Returning,Knoll Saarinen Executive Conference Chair,2,999.98
2026-04-15,GA,Returning,Fork,1,3.99
2026-04-15,GA,Returning,Mug Tree Stand,3,47.97
2026-04-15,FL,New,Pan,3,74.97
2026-04-15,FL,New,Silver Pot With Glass Cap,3,119.97
2026-04-15,FL,New,Plant Pot,3,44.97
2026-04-15,FL,New,Apple Airpods,1,129.99
2026-04-15,FL,New,Lunch Box,2,25.98
2026-04-15,FL,New,Blue & Black Check Shirt,3,89.97
2026-04-15,FL,New,Cooking Oil,2,9.98
2026-04-15,NY,New,Wooden Rolling Pin,2,23.98
2026-04-15,NY,New,New DELL XPS 13 9300 Laptop,3,4499.97
2026-04-15,NY,New,Amazon Echo Plus,1,99.99
2026-04-15,FL,VIP,Citrus Squeezer Yellow,1,8.99
2026-04-15,FL,VIP,Kiwi,1,2.49
2026-04-15,FL,VIP,Cucumber,1,1.49
2026-04-15,GA,VIP,Strawberry,1,3.99
2026-04-15,GA,VIP,Essence Mascara Lash Princess,1,9.99
2026-04-15,GA,VIP,Calvin Klein CK One,1,49.99
2026-04-15,GA,VIP,Knoll Saarinen Executive Conference Chair,3,1499.97
2026-04-15,GA,VIP,Water,2,1.98
2026-04-15,GA,VIP,Juice,1,3.99
2026-04-15,GA,VIP,Carbon Steel Wok,1,29.99
2026-04-15,GA,New,Mulberry,2,9.98
2026-04-15,GA,New,Red Tongs,1,6.99
2026-04-15,WA,VIP,Apple Airpods,3,389.97
2026-04-15,WA,VIP,Knoll Saarinen Executive Conference Chair,2,999.98
2026-04-15,WA,VIP,Strawberry,1,3.99
2026-04-15,MO,New,Silver Pot With Glass Cap,3,119.97
2026-04-15,MO,New,Apple MacBook Pro 14 Inch Space Grey,3,5999.97
2026-04-15,MO,New,Hand Blender,1,34.99
2026-04-15,CA,VIP,Mug Tree Stand,2,31.98
2026-04-15,CA,VIP,Men Check Shirt,2,55.98
2026-04-15,CA,VIP,Apple,1,1.99
2026-04-15,CA,VIP,Mulberry,3,14.97
2026-04-15,CA,New,Longines Master Collection,1,1499.99
2026-04-15,IL,New,Potatoes,2,4.58
2026-04-15,IL,VIP,Spice Rack,2,39.98
2026-04-15,IL,VIP,Huawei Matebook X Pro,1,1399.99
2026-04-15,IL,VIP,Nike Baseball Cleats,1,79.99
2026-04-15,IL,VIP,Red Lipstick,1,12.99
2026-04-15,GA,VIP,Black Aluminium Cup,1,5.99
2026-04-15,GA,VIP,Kiwi,3,7.47
2026-04-15,GA,VIP,Rolex Datejust,1,10999.99
2026-04-15,NY,VIP,Red Lipstick,1,12.99
2026-04-15,NY,VIP,Pan,1,24.99
2026-04-15,NY,VIP,Dolce Shine Eau de,3,209.97
2026-04-15,NY,Returning,Lenovo Yoga 920,3,3299.97
2026-04-15,TX,Returning,Red Onions,2,3.98
2026-04-15,FL,VIP,Eyeshadow Palette with Mirror,2,39.98
2026-04-15,FL,VIP,Kitchen Sieve,2,15.98
2026-04-15,FL,VIP,Plate,1,3.99
2026-04-15,FL,VIP,Nescafe Coffee,3,23.97
2026-04-15,MO,VIP,Potatoes,3,6.87
2026-04-15,MO,VIP,Black Whisk,1,9.99
2026-04-15,MO,VIP,Slotted Turner,2,17.98
2026-04-15,FL,New,Man Short Sleeve Shirt,1,19.99
2026-04-15,FL,New,Wooden Bathroom Sink With Mirror,2,1599.98
2026-04-15,FL,New,Eggs,1,2.99
2026-04-15,FL,New,Nike Air Jordan 1 Red And Black,2,299.98
2026-04-15,NY,Returning,Table Lamp,2,99.98
2026-04-15,NY,Returning,Microwave Oven,3,269.97
2026-04-15,TX,New,Apple MacBook Pro 14 Inch Space Grey,1,1999.99
2026-04-15,CA,Returning,Soft Drinks,3,5.97
2026-04-15,IL,VIP,Electric Stove,3,149.97
2026-04-15,IL,VIP,Potatoes,2,4.58
2026-04-15,IL,VIP,Lemon,2,1.58
2026-04-15,NY,New,New DELL XPS 13 9300 Laptop,3,4499.97
2026-04-15,NY,New,Egg Slicer,3,20.97
2026-04-15,NY,New,Brown Leather Belt Watch,3,269.97
2026-04-15,NY,New,Wooden Bathroom Sink With Mirror,1,799.99
2026-04-15,IL,VIP,Calvin Klein CK One,2,99.98
2026-04-15,IL,VIP,Nescafe Coffee,3,23.97
2026-04-15,IL,VIP,Table Lamp,2,99.98
2026-04-15,IL,VIP,Rice,3,17.97
2026-04-15,IL,New,Dior J'adore,3,269.97
2026-04-15,MO,VIP,Rice,3,17.97
2026-04-15,WA,VIP,Nike Air Jordan 1 Red And Black,2,299.98
2026-04-15,WA,New,Spice Rack,1,19.99
2026-04-15,WA,New,Red Nail Polish,1,8.99
2026-04-15,WA,New,Plant Pot,2,29.98
2026-04-15,WA,New,Potatoes,2,4.58
2026-04-15,IL,VIP,Lunch Box,1,12.99
2026-04-15,IL,VIP,Cooking Oil,2,9.98
2026-04-15,MO,Returning,Slotted Turner,1,8.99
2026-04-15,MO,Returning,Lenovo Yoga 920,2,2199.98
2026-04-15,IL,Returning,Fish Steak,2,29.98
2026-04-15,MO,Returning,Sports Sneakers Off White Red,2,219.98
2026-04-15,MO,Returning,Rice,1,5.99
2026-04-16,NY,VIP,Sports Sneakers Off White Red,2,219.98
2026-04-16,NY,VIP,Lenovo Yoga 920,1,1099.99
2026-04-16,NY,VIP,Table Lamp,1,49.99
2026-04-16,NY,VIP,Tissue Paper Box,1,2.49
2026-04-16,FL,New,Longines Master Collection,3,4499.97
2026-04-16,FL,New,Apple Airpods,1,129.99
2026-04-16,FL,Returning,Nike Baseball Cleats,3,239.97
2026-04-16,FL,Returning,Green Chili Pepper,3,2.97
2026-04-16,FL,Returning,Lunch Box,3,38.97
2026-04-16,TX,New,Man Plaid Shirt,3,104.97
2026-04-16,TX,New,Nike Air Jordan 1 Red And Black,3,449.97
2026-04-16,TX,New,Soft Drinks,2,3.98
2026-04-16,TX,New,Chicken Meat,2,19.98
2026-04-16,CA,VIP,Red Onions,1,1.99
2026-04-16,CA,VIP,Plate,1,3.99
2026-04-16,CA,VIP,Decoration Swing,2,119.98
2026-04-16,CA,VIP,Puma Future Rider Trainers,1,89.99
2026-04-16,WA,VIP,Slotted Turner,2,17.98
2026-04-16,WA,VIP,Blue & Black Check Shirt,3,89.97
2026-04-16,WA,VIP,Rice,1,5.99
2026-04-16,WA,VIP,Calvin Klein CK One,3,149.97
2026-04-16,WA,VIP,Electric Stove,3,149.97
2026-04-16,WA,VIP,Rolex Submariner Watch,2,27999.98
2026-04-16,TX,VIP,Tissue Paper Box,2,4.98
2026-04-16,TX,VIP,Milk,3,10.47
2026-04-16,FL,VIP,Apple Airpods,2,259.98
2026-04-16,FL,VIP,Huawei Matebook X Pro,3,4199.97
2026-04-16,IL,Returning,Rolex Datejust,2,21999.98
2026-04-16,IL,Returning,Mug Tree Stand,3,47.97
2026-04-16,IL,VIP,Table Lamp,3,149.97
2026-04-16,IL,VIP,Ice Cream,1,5.49
2026-04-16,IL,VIP,Water,2,1.98
2026-04-16,IL,VIP,Eggs,3,8.97
2026-04-16,CA,Returning,Kiwi,3,7.47
2026-04-16,CA,Returning,Red Tongs,3,20.97
2026-04-16,CA,Returning,Honey Jar,3,20.97
2026-04-16,CA,New,Pan,3,74.97
2026-04-16,CA,New,Cucumber,3,4.47
2026-04-16,MO,New,Plate,3,11.97
2026-04-16,MO,New,Green Chili Pepper,2,1.98
2026-04-16,GA,VIP,Kiwi,3,7.47
2026-04-16,GA,VIP,Bedside Table African Cherry,1,299.99
2026-04-16,GA,VIP,Nescafe Coffee,3,23.97
2026-04-16,GA,VIP,Plant Pot,1,14.99
2026-04-16,GA,New,Sports Sneakers Off White Red,2,219.98
2026-04-16,GA,New,Kitchen Sieve,3,23.97
2026-04-16,GA,New,Table Lamp,2,99.98
2026-04-16,NY,New,Rolex Cellini Moonphase,3,38999.97
2026-04-16,NY,New,Kitchen Sieve,2,15.98
2026-04-16,MO,New,Essence Mascara Lash Princess,2,19.98
2026-04-16,MO,New,Rolex Cellini Moonphase,1,12999.99
2026-04-16,MO,New,Carbon Steel Wok,1,29.99
2026-04-16,MO,New,Ice Cream,2,10.98
2026-04-16,FL,Returning,Kiwi,3,7.47
2026-04-16,GA,New,Huawei Matebook X Pro,2,2799.98
2026-04-16,NY,New,Nike Air Jordan 1 Red And Black,2,299.98
2026-04-16,FL,Returning,Fish Steak,2,29.98
2026-04-16,FL,Returning,Lemon,1,0.79
2026-04-16,FL,Returning,New DELL XPS 13 9300 Laptop,2,2999.98
2026-04-16,IL,VIP,Citrus Squeezer Yellow,1,8.99
2026-04-16,IL,VIP,Calvin Klein CK One,2,99.98
2026-04-16,IL,VIP,Rolex Cellini Moonphase,2,25999.98
2026-04-16,NY,New,Huawei Matebook X Pro,1,1399.99
2026-04-16,NY,New,Plant Pot,2,29.98
2026-04-16,TX,Returning,Rolex Cellini Moonphase,2,25999.98
2026-04-16,TX,VIP,Fish Steak,2,29.98
2026-04-16,TX,Returning,Wooden Rolling Pin,3,35.97
2026-04-16,TX,Returning,Red Lipstick,1,12.99
2026-04-16,TX,Returning,Chanel Coco Noir Eau De,3,389.97
2026-04-16,FL,Returning,Men Check Shirt,1,27.99
2026-04-16,FL,Returning,Pan,1,24.99
2026-04-16,FL,Returning,Lemon,1,0.79
2026-04-16,NY,Returning,Cat Food,3,26.97
2026-04-16,NY,Returning,Ice Cream,2,10.98
2026-04-16,NY,Returning,Glass,3,14.97
2026-04-16,IL,Returning,Pan,1,24.99
2026-04-16,CA,VIP,New DELL XPS 13 9300 Laptop,3,4499.97
2026-04-16,CA,VIP,Plate,3,11.97
2026-04-16,TX,Returning,Lemon,3,2.37
2026-04-16,TX,Returning,Sports Sneakers Off White Red,3,329.97
2026-04-16,TX,Returning,Honey Jar,1,6.99
2026-04-16,TX,Returning,Nike Air Jordan 1 Red And Black,2,299.98
2026-04-16,WA,VIP,Black Aluminium Cup,3,17.97
2026-04-16,WA,VIP,Dolce Shine Eau de,3,209.97
2026-04-16,FL,VIP,Red Lipstick,3,38.97
2026-04-16,NY,New,Sports Sneakers Off White & Red,1,119.99
2026-04-16,NY,New,New DELL XPS 13 9300 Laptop,3,4499.97
2026-04-16,TX,New,Black Aluminium Cup,1,5.99
2026-04-16,TX,New,Juice,1,3.99
2026-04-16,TX,New,Milk,2,6.98
2026-04-16,MO,VIP,Nike Air Jordan 1 Red And Black,3,449.97
2026-04-16,MO,VIP,Glass,1,4.99
2026-04-16,MO,VIP,Chanel Coco Noir Eau De,3,389.97
2026-04-16,MO,VIP,Asus Zenbook Pro Dual Screen Laptop,3,5399.97
2026-04-16,CA,Returning,Dolce Shine Eau de,2,139.98
2026-04-16,CA,Returning,Rolex Submariner Watch,1,13999.99
2026-04-16,NY,VIP,Water,1,0.99
2026-04-16,NY,VIP,Cat Food,2,17.98
2026-04-16,NY,VIP,Tray,2,33.98
2026-04-16,IL,New,Powder Canister,1,14.99
2026-04-16,IL,New,Chanel Coco Noir Eau De,2,259.98
2026-04-16,IL,New,Annibale Colombo Sofa,1,2499.99
2026-04-16,IL,New,Men Check Shirt,1,27.99
2026-04-16,IL,New,Silver Pot With Glass Cap,3,119.97
2026-04-16,IL,New,Nike Baseball Cleats,1,79.99
2026-04-16,TX,Returning,Apple,2,3.98
2026-04-16,TX,Returning,Lenovo Yoga 920,3,3299.97
2026-04-16,TX,Returning,Nike Air Jordan 1 Red And Black,2,299.98
2026-04-16,TX,Returning,Nike Baseball Cleats,1,79.99
2026-04-16,IL,Returning,Boxed Blender,3,119.97
2026-04-16,NY,New,Strawberry,1,3.99
2026-04-16,NY,New,Kitchen Sieve,1,7.99
2026-04-16,NY,New,Lemon,3,2.37
2026-04-16,NY,New,Men Check Shirt,1,27.99
2026-04-16,NY,Returning,Lemon,2,1.58
2026-04-16,NY,Returning,Water,1,0.99
2026-04-16,NY,Returning,Knife,3,44.97
2026-04-16,FL,Returning,Nike Air Jordan 1 Red And Black,3,449.97
2026-04-16,FL,Returning,Asus Zenbook Pro Dual Screen Laptop,3,5399.97
2026-04-16,FL,Returning,Fine Mesh Strainer,3,29.97
2026-04-16,FL,Returning,Spice Rack,2,39.98
2026-04-16,FL,Returning,Man Plaid Shirt,1,34.99
2026-04-16,CA,Returning,Mulberry,3,14.97
2026-04-16,CA,Returning,Amazon Echo Plus,2,199.98
2026-04-16,CA,Returning,Rolex Cellini Moonphase,1,12999.99
2026-04-16,MO,Returning,Man Short Sleeve Shirt,3,59.97
2026-04-16,WA,VIP,Fish Steak,2,29.98
2026-04-16,CA,New,Dog Food,1,10.99
2026-04-16,CA,New,Nescafe Coffee,1,7.99
2026-04-16,CA,New,Potatoes,2,4.58
2026-04-16,TX,New,Grater Black,2,21.98
2026-04-16,FL,Returning,Microwave Oven,3,269.97
2026-04-16,FL,Returning,Eggs,2,5.98
2026-04-16,WA,VIP,Potatoes,1,2.29
2026-04-17,GA,New,Potatoes,1,2.29
2026-04-17,WA,VIP,Gucci Bloom Eau de,2,159.98
2026-04-17,WA,VIP,Powder Canister,3,44.97
2026-04-17,WA,VIP,Rolex Cellini Moonphase,2,25999.98
2026-04-17,NY,Returning,Puma Future Rider Trainers,1,89.99
2026-04-17,NY,Returning,Knife,1,14.99
2026-04-17,NY,Returning,Gigabyte Aorus Men Tshirt,3,74.97
2026-04-17,IL,Returning,Green Bell Pepper,3,3.87
2026-04-17,IL,Returning,Strawberry,2,7.98
2026-04-17,FL,New,Huawei Matebook X Pro,1,1399.99
2026-04-17,FL,New,Gucci Bloom Eau de,3,239.97
2026-04-17,FL,New,Hand Blender,1,34.99
2026-04-17,FL,New,Strawberry,3,11.97
2026-04-17,FL,Returning,Longines Master Collection,1,1499.99
2026-04-17,FL,Returning,Essence Mascara Lash Princess,2,19.98
2026-04-17,IL,New,Dolce Shine Eau de,2,139.98
2026-04-17,IL,New,Red Lipstick,1,12.99
2026-04-17,FL,Returning,Fish Steak,1,14.99
2026-04-17,FL,Returning,Calvin Klein CK One,3,149.97
2026-04-17,FL,Returning,Grater Black,2,21.98
2026-04-17,FL,Returning,Bedside Table African Cherry,3,899.97
2026-04-17,IL,Returning,Man Plaid Shirt,2,69.98
2026-04-17,IL,Returning,Rolex Datejust,2,21999.98
2026-04-17,IL,Returning,Black Aluminium Cup,1,5.99
2026-04-17,MO,Returning,Red Onions,2,3.98
2026-04-17,WA,Returning,Rolex Datejust,2,21999.98
2026-04-17,WA,Returning,Citrus Squeezer Yellow,2,17.98
2026-04-17,FL,Returning,Cooking Oil,2,9.98
2026-04-17,FL,Returning,Wooden Bathroom Sink With Mirror,1,799.99
2026-04-17,FL,Returning,Yellow Peeler,1,5.99
2026-04-17,GA,New,Fork,2,7.98
2026-04-17,GA,New,Cucumber,2,2.98
2026-04-17,FL,New,Cooking Oil,1,4.99
2026-04-17,FL,New,Rolex Cellini Moonphase,3,38999.97
2026-04-17,IL,VIP,Honey Jar,3,20.97
2026-04-17,IL,VIP,Nescafe Coffee,1,7.99
2026-04-17,WA,Returning,Dior J'adore,1,89.99
2026-04-17,WA,Returning,Man Short Sleeve Shirt,2,39.98
2026-04-17,WA,Returning,Lenovo Yoga 920,3,3299.97
2026-04-17,GA,New,Wooden Bathroom Sink With Mirror,1,799.99
2026-04-17,GA,New,Black Aluminium Cup,3,17.97
2026-04-17,GA,New,Brown Leather Belt Watch,1,89.99
2026-04-17,FL,VIP,Slotted Turner,3,26.97
2026-04-17,FL,VIP,Kiwi,2,4.98
2026-04-17,FL,VIP,Beef Steak,2,25.98
2026-04-17,NY,Returning,Apple Airpods,2,259.98
2026-04-17,NY,Returning,Red Lipstick,1,12.99
2026-04-17,NY,Returning,Rolex Datejust,2,21999.98
2026-04-17,TX,Returning,Eggs,1,2.99
2026-04-17,TX,Returning,Decoration Swing,2,119.98
2026-04-17,TX,Returning,Honey Jar,2,13.98
2026-04-17,TX,Returning,Lemon,2,1.58
2026-04-17,WA,Returning,Slotted Turner,2,17.98
2026-04-17,WA,Returning,Puma Future Rider Trainers,1,89.99
2026-04-17,IL,VIP,Apple MacBook Pro 14 Inch Space Grey,2,3999.98
2026-04-17,IL,VIP,Amazon Echo Plus,2,199.98
2026-04-17,IL,VIP,Nike Air Jordan 1 Red And Black,3,449.97
2026-04-17,IL,VIP,Green Chili Pepper,1,0.99
2026-04-17,CA,New,Wooden Bathroom Sink With Mirror,3,2399.97
2026-04-17,CA,New,Man Short Sleeve Shirt,2,39.98
2026-04-17,CA,New,Huawei Matebook X Pro,3,4199.97
2026-04-17,CA,New,Rolex Datejust,2,21999.98
2026-04-17,NY,New,Fork,3,11.97
2026-04-17,NY,New,Chicken Meat,1,9.99
2026-04-17,NY,New,Dior J'adore,3,269.97
2026-04-17,GA,New,Dolce Shine Eau de,1,69.99
2026-04-17,GA,New,Gigabyte Aorus Men Tshirt,1,24.99
2026-04-17,GA,New,Knife,2,29.98
2026-04-17,GA,New,Asus Zenbook Pro Dual Screen Laptop,2,3599.98
2026-04-17,TX,VIP,Red Nail Polish,1,8.99
2026-04-17,TX,VIP,Dog Food,2,21.98
2026-04-17,TX,New,Water,1,0.99
2026-04-17,TX,New,Black Whisk,1,9.99
2026-04-17,TX,New,Tray,3,50.97
2026-04-17,MO,VIP,Asus Zenbook Pro Dual Screen Laptop,3,5399.97
2026-04-17,NY,New,Apple,1,1.99
2026-04-17,NY,New,Boxed Blender,1,39.99
2026-04-17,NY,New,Annibale Colombo Sofa,2,4999.98
2026-04-17,NY,New,Nike Baseball Cleats,2,159.98
2026-04-17,FL,VIP,Glass,3,14.97
2026-04-17,FL,VIP,Tissue Paper Box,3,7.47
2026-04-17,FL,VIP,Huawei Matebook X Pro,3,4199.97
2026-04-17,TX,VIP,Table Lamp,1,49.99
2026-04-17,TX,VIP,Wooden Bathroom Sink With Mirror,2,1599.98
2026-04-17,TX,VIP,Apple MacBook Pro 14 Inch Space Grey,1,1999.99
2026-04-17,MO,VIP,Rice,2,11.98
2026-04-17,MO,VIP,Wooden Rolling Pin,2,23.98
2026-04-17,MO,VIP,Boxed Blender,2,79.98
2026-04-17,MO,VIP,Strawberry,3,11.97
2026-04-17,CA,Returning,Sports Sneakers Off White & Red,2,239.98
2026-04-17,CA,Returning,Cucumber,3,4.47
2026-04-17,CA,Returning,Bedside Table African Cherry,3,899.97
2026-04-17,NY,New,Protein Powder,1,19.99
2026-04-17,FL,New,Table Lamp,1,49.99
2026-04-17,NY,VIP,Family Tree Photo Frame,1,29.99
2026-04-17,NY,VIP,Milk,3,10.47
2026-04-17,TX,VIP,Sports Sneakers Off White Red,2,219.98
2026-04-17,TX,VIP,Cucumber,1,1.49
2026-04-17,TX,VIP,Longines Master Collection,3,4499.97
2026-04-17,CA,VIP,Nike Baseball Cleats,1,79.99
2026-04-17,CA,VIP,Yellow Peeler,3,17.97
2026-04-17,CA,VIP,Pan,3,74.97
2026-04-17,CA,VIP,Amazon Echo Plus,3,299.97
2026-04-17,CA,Returning,Nike Air Jordan 1 Red And Black,1,149.99
2026-04-17,CA,Returning,Green Chili Pepper,2,1.98
2026-04-17,CA,Returning,Kitchen Sieve,2,15.98
2026-04-17,GA,New,Blue & Black Check Shirt,2,59.98
2026-04-17,GA,New,Protein Powder,2,39.98
2026-04-17,GA,New,Glass,3,14.97
2026-04-17,GA,New,Chicken Meat,3,29.97
2026-04-17,NY,Returning,Mulberry,2,9.98
2026-04-17,NY,Returning,Calvin Klein CK One,2,99.98
2026-04-17,NY,Returning,Essence Mascara Lash Princess,3,29.97
2026-04-17,NY,Returning,New DELL XPS 13 9300 Laptop,3,4499.97
2026-04-17,FL,VIP,Cooking Oil,2,9.98
2026-04-17,FL,VIP,Chopping Board,2,25.98
2026-04-17,FL,VIP,Plant Pot,3,44.97
2026-04-17,TX,Returning,Bedside Table African Cherry,1,299.99
2026-04-17,MO,New,Chopping Board,2,25.98
2026-04-17,MO,New,Rolex Submariner Watch,2,27999.98
2026-04-17,MO,New,Mug Tree Stand,3,47.97
2026-04-17,MO,New,Ice Cream,2,10.98
2026-04-17,IL,VIP,Mug Tree Stand,1,15.99
2026-04-17,IL,VIP,Black Whisk,3,29.97
2026-04-17,IL,Returning,Carbon Steel Wok,1,29.99
2026-04-17,IL,Returning,Ice Cream,3,16.47
2026-04-17,WA,New,Electric Stove,2,99.98
2026-04-17,WA,New,Hand Blender,1,34.99
2026-04-17,WA,New,Protein Powder,3,59.97
2026-04-17,WA,New,Eggs,1,2.99
2026-04-17,NY,New,Annibale Colombo Bed,1,1899.99
2026-04-17,NY,New,Ice Cube Tray,2,11.98
2026-04-17,NY,New,Apple MacBook Pro 14 Inch Space Grey,1,1999.99
2026-04-17,NY,New,Electric Stove,3,149.97
2026-04-17,NY,VIP,Eyeshadow Palette with Mirror,2,39.98
2026-04-17,NY,VIP,Rolex Submariner Watch,3,41999.97
2026-04-17,NY,VIP,Wooden Rolling Pin,2,23.98
2026-04-17,CA,VIP,Lemon,3,2.37
2026-04-17,CA,VIP,Slotted Turner,2,17.98
2026-04-17,MO,Returning,Eggs,1,2.99
2026-04-17,MO,Returning,Green Bell Pepper,1,1.29
2026-04-17,CA,VIP,Boxed Blender,1,39.99
2026-04-17,CA,VIP,Soft Drinks,1,1.99
2026-04-17,CA,VIP,Eggs,3,8.97
2026-04-17,CA,VIP,Wooden Bathroom Sink With Mirror,3,2399.97
2026-04-17,GA,VIP,Red Onions,3,5.97
2026-04-17,GA,VIP,Black Aluminium Cup,2,11.98
2026-04-17,GA,VIP,Microwave Oven,3,269.97
2026-04-17,FL,Returning,Nike Baseball Cleats,2,159.98
2026-04-17,FL,Returning,Ice Cube Tray,3,17.97
2026-04-17,FL,Returning,Strawberry,1,3.99
2026-04-17,CA,VIP,Lenovo Yoga 920,2,2199.98
2026-04-17,CA,VIP,Red Lipstick,1,12.99
2026-04-17,CA,VIP,Decoration Swing,3,179.97
2026-04-17,CA,VIP,Honey Jar,3,20.97
2026-04-17,FL,VIP,Mug Tree Stand,1,15.99
2026-04-17,FL,VIP,Lunch Box,3,38.97
2026-04-17,FL,VIP,Rolex Submariner Watch,3,41999.97
2026-04-17,NY,New,Wooden Rolling Pin,1,11.99
2026-04-17,NY,New,Water,1,0.99
2026-04-17,NY,New,Boxed Blender,1,39.99
2026-04-17,NY,New,Decoration Swing,1,59.99
2026-04-17,CA,Returning,Lunch Box,1,12.99
2026-04-17,CA,Returning,Nike Air Jordan 1 Red And Black,3,449.97
2026-04-17,CA,Returning,Apple MacBook Pro 14 Inch Space Grey,3,5999.97
2026-04-17,WA,New,Glass,2,9.98
2026-04-17,WA,New,Tissue Paper Box,2,4.98
2026-04-17,IL,New,Glass,2,9.98
2026-04-17,IL,New,Tray,3,50.97
2026-04-17,IL,New,Protein Powder,1,19.99
2026-04-17,IL,New,Potatoes,2,4.58
2026-04-17,FL,VIP,Black Whisk,2,19.98
2026-04-17,FL,VIP,Gucci Bloom Eau de,3,239.97
2026-04-17,FL,VIP,Grater Black,1,10.99
2026-04-17,FL,VIP,Citrus Squeezer Yellow,3,26.97
2026-04-17,GA,VIP,Lenovo Yoga 920,1,1099.99
2026-04-17,GA,VIP,Rolex Datejust,2,21999.98
2026-04-17,GA,VIP,Rice,3,17.97
2026-04-17,NY,Returning,Slotted Turner,1,8.99
2026-04-17,NY,Returning,Bamboo Spatula,3,23.97
2026-04-17,NY,Returning,Glass,3,14.97
2026-04-17,NY,Returning,Protein Powder,1,19.99
2026-04-17,FL,New,Bamboo Spatula,3,23.97
2026-04-17,FL,New,Gigabyte Aorus Men Tshirt,1,24.99
2026-04-17,NY,New,Kiwi,3,7.47
2026-04-17,NY,New,Mug Tree Stand,3,47.97
2026-04-17,NY,New,Water,3,2.97
2026-04-17,CA,Returning,Electric Stove,1,49.99
2026-04-17,NY,VIP,Apple,2,3.98
2026-04-17,NY,VIP,Amazon Echo Plus,1,99.99
2026-04-18,GA,VIP,Tissue Paper Box,2,4.98
2026-04-18,GA,VIP,Mulberry,1,4.99
2026-04-18,GA,VIP,Electric Stove,2,99.98
2026-04-18,GA,VIP,Green Chili Pepper,1,0.99
2026-04-18,WA,VIP,Calvin Klein CK One,2,99.98
2026-04-18,WA,VIP,Green Chili Pepper,2,1.98
2026-04-18,GA,Returning,Nescafe Coffee,1,7.99
2026-04-18,IL,VIP,Bedside Table African Cherry,3,899.97
2026-04-18,IL,VIP,Decoration Swing,2,119.98
2026-04-18,GA,VIP,Sports Sneakers Off White Red,1,109.99
2026-04-18,GA,VIP,Sports Sneakers Off White & Red,3,359.97
2026-04-18,GA,VIP,Rolex Cellini Date Black Dial,1,8999.99
2026-04-18,IL,VIP,Annibale Colombo Sofa,3,7499.97
2026-04-18,IL,VIP,Black Whisk,1,9.99
2026-04-18,IL,New,Knife,2,29.98
2026-04-18,IL,New,Table Lamp,2,99.98
2026-04-18,FL,VIP,Rolex Cellini Date Black Dial,3,26999.97
2026-04-18,FL,VIP,Plate,2,7.98
2026-04-18,NY,Returning,Mulberry,1,4.99
2026-04-18,NY,Returning,Water,2,1.98
2026-04-18,NY,Returning,Glass,2,9.98
2026-04-18,FL,Returning,Wooden Bathroom Sink With Mirror,2,1599.98
2026-04-18,GA,New,Rice,2,11.98
2026-04-18,GA,New,Juice,2,7.98
2026-04-18,TX,New,Wooden Rolling Pin,2,23.98
2026-04-18,TX,New,Table Lamp,2,99.98
2026-04-18,TX,New,Family Tree Photo Frame,1,29.99
2026-04-18,TX,New,New DELL XPS 13 9300 Laptop,2,2999.98
2026-04-18,IL,VIP,Black Aluminium Cup,1,5.99
2026-04-18,IL,VIP,Knife,3,44.97
2026-04-18,IL,VIP,Lunch Box,3,38.97
2026-04-18,IL,VIP,Honey Jar,2,13.98
2026-04-18,TX,New,Mulberry,3,14.97
2026-04-18,TX,New,Chopping Board,1,12.99
2026-04-18,TX,New,Family Tree Photo Frame,2,59.98
2026-04-18,TX,New,Soft Drinks,1,1.99
2026-04-18,MO,New,Electric Stove,1,49.99
2026-04-18,MO,New,Eggs,2,5.98
2026-04-18,NY,VIP,Honey Jar,1,6.99
2026-04-18,WA,Returning,Pan,3,74.97
2026-04-18,WA,Returning,Rolex Cellini Date Black Dial,2,17999.98
2026-04-18,MO,VIP,Blue & Black Check Shirt,3,89.97
2026-04-18,MO,VIP,Potatoes,2,4.58
2026-04-18,IL,VIP,Pan,1,24.99
2026-04-18,IL,VIP,Huawei Matebook X Pro,1,1399.99
2026-04-18,IL,VIP,Dior J'adore,1,89.99
2026-04-18,GA,New,Family Tree Photo Frame,2,59.98
2026-04-18,GA,New,Bedside Table African Cherry,1,299.99
2026-04-18,GA,New,Honey Jar,2,13.98
2026-04-18,TX,VIP,House Showpiece Plant,2,79.98
2026-04-18,TX,VIP,Glass,3,14.97
2026-04-18,TX,VIP,Rolex Cellini Moonphase,1,12999.99
2026-04-18,TX,VIP,Fish Steak,2,29.98
2026-04-18,IL,New,Soft Drinks,1,1.99
2026-04-18,IL,New,Knife,3,44.97
2026-04-18,IL,New,Wooden Bathroom Sink With Mirror,2,1599.98
2026-04-18,NY,New,Lemon,3,2.37
2026-04-18,NY,New,Apple MacBook Pro 14 Inch Space Grey,2,3999.98
2026-04-18,NY,New,Mug Tree Stand,2,31.98
2026-04-18,FL,Returning,Black Aluminium Cup,1,5.99
2026-04-18,FL,Returning,Eggs,3,8.97
2026-04-18,FL,Returning,Spoon,2,9.98
2026-04-18,TX,Returning,Spice Rack,1,19.99
2026-04-18,TX,Returning,Egg Slicer,2,13.98
2026-04-18,MO,Returning,Mug Tree Stand,2,31.98
2026-04-18,IL,New,Green Chili Pepper,1,0.99
2026-04-18,IL,New,Mug Tree Stand,1,15.99
2026-04-18,WA,VIP,Ice Cube Tray,2,11.98
2026-04-18,WA,VIP,Potatoes,1,2.29
2026-04-18,WA,VIP,Rolex Datejust,1,10999.99
2026-04-18,GA,Returning,Sports Sneakers Off White Red,1,109.99
2026-04-18,GA,Returning,Rolex Datejust,1,10999.99
2026-04-18,GA,Returning,Nike Air Jordan 1 Red And Black,1,149.99
2026-04-18,CA,Returning,Red Nail Polish,3,26.97
2026-04-18,CA,Returning,House Showpiece Plant,2,79.98
2026-04-18,CA,Returning,Gucci Bloom Eau de,1,79.99
2026-04-18,GA,New,Dior J'adore,1,89.99
2026-04-18,GA,New,Fish Steak,2,29.98
2026-04-18,GA,New,Potatoes,3,6.87
2026-04-18,TX,VIP,Plate,1,3.99
2026-04-18,TX,VIP,Huawei Matebook X Pro,2,2799.98
2026-04-18,TX,VIP,Protein Powder,3,59.97
2026-04-18,TX,VIP,Fish Steak,3,44.97
2026-04-18,TX,VIP,Silver Pot With Glass Cap,1,39.99
2026-04-18,TX,Returning,Nike Baseball Cleats,3,239.97
2026-04-18,MO,VIP,Lemon,3,2.37
2026-04-18,MO,VIP,Blue & Black Check Shirt,1,29.99
2026-04-18,MO,VIP,Annibale Colombo Sofa,2,4999.98
2026-04-18,MO,VIP,Red Lipstick,1,12.99
2026-04-18,FL,New,Black Whisk,2,19.98
2026-04-18,FL,New,Ice Cream,1,5.49
2026-04-18,WA,VIP,Red Tongs,2,13.98
2026-04-18,WA,VIP,Gigabyte Aorus Men Tshirt,1,24.99
2026-04-18,WA,VIP,Fork,2,7.98
2026-04-18,NY,New,Glass,3,14.97
2026-04-18,NY,New,Rolex Datejust,2,21999.98
2026-04-18,NY,New,Essence Mascara Lash Princess,1,9.99
2026-04-18,NY,New,Chicken Meat,2,19.98
2026-04-18,NY,VIP,Slotted Turner,1,8.99
2026-04-18,NY,VIP,Bamboo Spatula,3,23.97
2026-04-18,NY,VIP,Tray,2,33.98
2026-04-18,NY,VIP,Plant Pot,3,44.97
2026-04-18,GA,New,Asus Zenbook Pro Dual Screen Laptop,2,3599.98
2026-04-18,GA,New,Table Lamp,1,49.99
2026-04-18,WA,New,Gigabyte Aorus Men Tshirt,1,24.99
2026-04-18,WA,New,Spoon,3,14.97
2026-04-18,WA,New,Annibale Colombo Bed,2,3799.98
2026-04-18,WA,New,Brown Leather Belt Watch,3,269.97
2026-04-18,TX,Returning,Hand Blender,2,69.98
2026-04-18,TX,Returning,Green Chili Pepper,1,0.99
2026-04-18,TX,Returning,Citrus Squeezer Yellow,3,26.97
2026-04-18,TX,Returning,Mug Tree Stand,1,15.99
2026-04-18,TX,New,Chopping Board,1,12.99
2026-04-18,TX,New,Sports Sneakers Off White Red,1,109.99
2026-04-18,TX,New,Dolce Shine Eau de,1,69.99
2026-04-18,WA,New,Rolex Datejust,2,21999.98
2026-04-18,WA,New,Sports Sneakers Off White Red,2,219.98
2026-04-18,WA,New,Knife,2,29.98
2026-04-18,MO,VIP,Green Bell Pepper,1,1.29
2026-04-18,MO,VIP,Essence Mascara Lash Princess,2,19.98
2026-04-18,MO,VIP,Apple,2,3.98
2026-04-18,WA,New,Eyeshadow Palette with Mirror,2,39.98
2026-04-18,WA,New,Dolce Shine Eau de,3,209.97
2026-04-18,CA,Returning,Wooden Rolling Pin,2,23.98
2026-04-18,MO,New,Silver Pot With Glass Cap,1,39.99
2026-04-18,MO,New,Chanel Coco Noir Eau De,2,259.98
2026-04-18,MO,New,Puma Future Rider Trainers,1,89.99
2026-04-18,NY,New,Decoration Swing,2,119.98
2026-04-18,NY,New,Beef Steak,1,12.99
2026-04-18,NY,New,Wooden Rolling Pin,1,11.99
2026-04-18,MO,Returning,Lenovo Yoga 920,2,2199.98
2026-04-18,MO,Returning,Wooden Rolling Pin,3,35.97
2026-04-18,MO,Returning,Strawberry,1,3.99
2026-04-18,MO,Returning,Table Lamp,2,99.98
2026-04-18,NY,Returning,Longines Master Collection,2,2999.98
2026-04-18,WA,New,Spoon,3,14.97
2026-04-18,WA,VIP,Green Bell Pepper,3,3.87
2026-04-18,WA,VIP,Wooden Rolling Pin,1,11.99
2026-04-18,WA,VIP,Protein Powder,1,19.99
2026-04-18,WA,VIP,Honey Jar,1,6.99
2026-04-18,FL,VIP,Fork,3,11.97
2026-04-18,MO,New,Citrus Squeezer Yellow,3,26.97
2026-04-18,MO,New,Rolex Datejust,2,21999.98
2026-04-18,MO,New,Brown Leather Belt Watch,2,179.98
2026-04-18,NY,Returning,Sports Sneakers Off White & Red,2,239.98
2026-04-18,NY,Returning,Kiwi,3,7.47
2026-04-18,FL,New,Lemon,1,0.79
2026-04-18,FL,New,Puma Future Rider Trainers,2,179.98
2026-04-18,CA,VIP,Pan,1,24.99
2026-04-18,CA,VIP,Annibale Colombo Sofa,3,7499.97
2026-04-18,NY,New,Rolex Cellini Date Black Dial,1,8999.99
2026-04-18,NY,New,Silver Pot With Glass Cap,2,79.98
2026-04-18,MO,VIP,Potatoes,3,6.87
2026-04-18,FL,Returning,Brown Leather Belt Watch,1,89.99
2026-04-18,FL,Returning,Sports Sneakers Off White Red,1,109.99
2026-04-19,TX,Returning,Protein Powder,2,39.98
2026-04-19,TX,Returning,Plate,1,3.99
2026-04-19,TX,Returning,Grater Black,2,21.98
2026-04-19,TX,Returning,Men Check Shirt,1,27.99
2026-04-19,TX,Returning,Sports Sneakers Off White & Red,2,239.98
2026-04-19,GA,New,Spoon,3,14.97
2026-04-19,GA,New,Man Plaid Shirt,2,69.98
2026-04-19,GA,New,Dolce Shine Eau de,2,139.98
2026-04-19,GA,New,Plate,1,3.99
2026-04-19,GA,New,Kitchen Sieve,1,7.99
2026-04-19,GA,New,Ice Cube Tray,1,5.99
2026-04-19,CA,VIP,Ice Cream,1,5.49
2026-04-19,CA,VIP,Green Chili Pepper,2,1.98
2026-04-19,CA,VIP,New DELL XPS 13 9300 Laptop,3,4499.97
2026-04-19,CA,VIP,Fine Mesh Strainer,2,19.98
2026-04-19,TX,Returning,Cat Food,1,8.99
2026-04-19,TX,Returning,Green Chili Pepper,2,1.98
2026-04-19,TX,Returning,Sports Sneakers Off White & Red,3,359.97
2026-04-19,NY,Returning,Rolex Submariner Watch,3,41999.97
2026-04-19,NY,New,Kiwi,2,4.98
2026-04-19,NY,New,Red Lipstick,2,25.98
2026-04-19,NY,New,Annibale Colombo Bed,1,1899.99
2026-04-19,WA,Returning,Carbon Steel Wok,3,89.97
2026-04-19,NY,VIP,Powder Canister,1,14.99
2026-04-19,NY,VIP,Lemon,2,1.58
2026-04-19,NY,VIP,Rolex Cellini Moonphase,3,38999.97
2026-04-19,NY,VIP,Nike Air Jordan 1 Red And Black,1,149.99
2026-04-19,CA,New,New DELL XPS 13 9300 Laptop,3,4499.97
2026-04-19,CA,New,Lemon,1,0.79
2026-04-19,FL,New,Plate,3,11.97
2026-04-19,FL,New,Huawei Matebook X Pro,2,2799.98
2026-04-19,FL,New,Sports Sneakers Off White & Red,2,239.98
2026-04-19,FL,New,Sports Sneakers Off White Red,2,219.98
2026-04-19,IL,New,Beef Steak,3,38.97
2026-04-19,IL,New,Cat Food,1,8.99
2026-04-19,GA,New,Microwave Oven,3,269.97
2026-04-19,GA,New,Green Bell Pepper,1,1.29
2026-04-19,GA,New,Spoon,1,4.99
2026-04-19,GA,New,Decoration Swing,2,119.98
2026-04-19,NY,VIP,Mulberry,2,9.98
2026-04-19,NY,VIP,Chicken Meat,2,19.98
2026-04-19,CA,New,Men Check Shirt,3,83.97
2026-04-19,GA,New,Mug Tree Stand,1,15.99
2026-04-19,GA,New,Potatoes,3,6.87
2026-04-19,GA,VIP,Rolex Cellini Date Black Dial,3,26999.97
2026-04-19,GA,VIP,Pan,1,24.99
2026-04-19,GA,VIP,Silver Pot With Glass Cap,3,119.97
2026-04-19,GA,VIP,Family Tree Photo Frame,3,89.97
2026-04-19,FL,Returning,Juice,3,11.97
2026-04-19,FL,Returning,Plant Pot,3,44.97
2026-04-19,FL,Returning,Apple MacBook Pro 14 Inch Space Grey,1,1999.99
2026-04-19,MO,Returning,Microwave Oven,2,179.98
2026-04-19,MO,Returning,Red Nail Polish,1,8.99
2026-04-19,MO,Returning,Calvin Klein CK One,2,99.98
2026-04-19,MO,Returning,Red Onions,2,3.98
2026-04-19,MO,New,Pan,1,24.99
2026-04-19,MO,New,Nike Air Jordan 1 Red And Black,2,299.98
2026-04-19,MO,New,Cooking Oil,1,4.99
2026-04-19,FL,VIP,Chopping Board,1,12.99
2026-04-19,FL,VIP,Strawberry,3,11.97
2026-04-19,FL,VIP,Mug Tree Stand,3,47.97
2026-04-19,FL,VIP,New DELL XPS 13 9300 Laptop,3,4499.97
2026-04-19,WA,New,Eyeshadow Palette with Mirror,3,59.97
2026-04-19,WA,New,Mug Tree Stand,3,47.97
2026-04-19,TX,Returning,Annibale Colombo Bed,1,1899.99
2026-04-19,TX,Returning,Gucci Bloom Eau de,1,79.99
2026-04-19,TX,Returning,Egg Slicer,1,6.99
2026-04-19,GA,New,Black Whisk,3,29.97
2026-04-19,GA,New,Wooden Bathroom Sink With Mirror,1,799.99
2026-04-19,GA,New,Lunch Box,3,38.97
2026-04-19,GA,New,Silver Pot With Glass Cap,2,79.98
2026-04-19,FL,Returning,House Showpiece Plant,3,119.97
2026-04-19,FL,Returning,Blue & Black Check Shirt,1,29.99
2026-04-19,FL,Returning,Apple Airpods,2,259.98
2026-04-19,GA,Returning,Fish Steak,2,29.98
2026-04-19,WA,Returning,Eggs,1,2.99
2026-04-19,WA,Returning,Wooden Bathroom Sink With Mirror,3,2399.97
2026-04-19,WA,Returning,Dolce Shine Eau de,1,69.99
2026-04-19,TX,New,Ice Cream,3,16.47
2026-04-19,TX,New,New DELL XPS 13 9300 Laptop,3,4499.97
2026-04-19,TX,New,Yellow Peeler,3,17.97
2026-04-19,CA,VIP,Cucumber,3,4.47
2026-04-19,CA,VIP,Mulberry,2,9.98
2026-04-19,GA,New,Annibale Colombo Sofa,3,7499.97
2026-04-19,GA,New,Knoll Saarinen Executive Conference Chair,2,999.98
2026-04-19,GA,New,Yellow Peeler,1,5.99
2026-04-19,GA,New,Essence Mascara Lash Princess,3,29.97
2026-04-19,TX,VIP,Knoll Saarinen Executive Conference Chair,1,499.99
2026-04-19,TX,VIP,Pan,2,49.98
2026-04-19,TX,VIP,Eggs,3,8.97
2026-04-19,TX,VIP,Man Short Sleeve Shirt,2,39.98
2026-04-19,CA,New,Strawberry,2,7.98
2026-04-19,TX,New,Mulberry,1,4.99
2026-04-19,TX,New,Nike Air Jordan 1 Red And Black,2,299.98
2026-04-19,TX,New,Black Whisk,1,9.99
2026-04-19,NY,New,Red Onions,2,3.98
2026-04-19,NY,New,Fork,3,11.97
2026-04-19,NY,New,Brown Leather Belt Watch,3,269.97
2026-04-19,TX,New,Soft Drinks,1,1.99
2026-04-19,MO,New,Bamboo Spatula,3,23.97
2026-04-19,FL,New,Powder Canister,1,14.99
2026-04-19,FL,New,Egg Slicer,3,20.97
2026-04-19,FL,New,Kitchen Sieve,3,23.97
2026-04-19,FL,VIP,Kitchen Sieve,3,23.97
2026-04-19,FL,VIP,Lunch Box,2,25.98
2026-04-19,FL,VIP,Hand Blender,3,104.97
2026-04-19,FL,VIP,Pan,1,24.99
2026-04-19,TX,VIP,Cooking Oil,2,9.98
2026-04-19,FL,VIP,Gigabyte Aorus Men Tshirt,2,49.98
2026-04-19,FL,VIP,Eyeshadow Palette with Mirror,1,19.99
2026-04-19,FL,VIP,Rolex Datejust,3,32999.97
2026-04-19,MO,VIP,Red Lipstick,2,25.98
2026-04-19,MO,VIP,Chopping Board,2,25.98
2026-04-19,TX,VIP,Man Plaid Shirt,1,34.99
2026-04-19,TX,VIP,Puma Future Rider Trainers,1,89.99
2026-04-19,GA,Returning,Longines Master Collection,2,2999.98
2026-04-19,GA,Returning,New DELL XPS 13 9300 Laptop,3,4499.97
2026-04-19,TX,Returning,Longines Master Collection,1,1499.99
2026-04-19,TX,Returning,Blue & Black Check Shirt,1,29.99
2026-04-19,WA,New,Grater Black,2,21.98
2026-04-19,WA,New,Ice Cube Tray,1,5.99
2026-04-19,WA,New,Eggs,1,2.99
2026-04-19,WA,New,Dior J'adore,3,269.97
2026-04-19,MO,VIP,Bamboo Spatula,2,15.98
2026-04-19,MO,VIP,Slotted Turner,3,26.97
2026-04-19,MO,VIP,Brown Leather Belt Watch,3,269.97
2026-04-19,WA,Returning,Fine Mesh Strainer,1,9.99
2026-04-19,WA,Returning,Red Tongs,3,20.97
2026-04-19,WA,Returning,Wooden Bathroom Sink With Mirror,1,799.99
2026-04-19,WA,Returning,Rolex Datejust,1,10999.99
2026-04-19,NY,New,Cucumber,1,1.49
2026-04-19,NY,New,Nike Air Jordan 1 Red And Black,2,299.98
2026-04-19,NY,New,Strawberry,3,11.97
2026-04-19,NY,New,Black Aluminium Cup,2,11.98
2026-04-19,NY,New,Black Whisk,2,19.98
2026-04-19,NY,New,Puma Future Rider Trainers,3,269.97
2026-04-19,NY,New,Calvin Klein CK One,3,149.97
2026-04-19,IL,Returning,Annibale Colombo Bed,1,1899.99
2026-04-19,IL,Returning,Electric Stove,3,149.97
2026-04-19,GA,Returning,Mug Tree Stand,2,31.98
2026-04-19,GA,Returning,Knoll Saarinen Executive Conference Chair,1,499.99
2026-04-20,IL,Returning,Bamboo Spatula,2,15.98
2026-04-20,IL,Returning,Milk,3,10.47
2026-04-20,IL,Returning,Citrus Squeezer Yellow,3,26.97
2026-04-20,IL,VIP,Brown Leather Belt Watch,1,89.99
2026-04-20,IL,VIP,Decoration Swing,3,179.97
2026-04-20,WA,Returning,Red Tongs,2,13.98
2026-04-20,WA,Returning,Red Onions,1,1.99
2026-04-20,WA,Returning,Red Lipstick,3,38.97
2026-04-20,WA,Returning,Tray,2,33.98
2026-04-20,MO,New,Chicken Meat,3,29.97
2026-04-20,MO,New,Electric Stove,2,99.98
2026-04-20,MO,New,Tray,3,50.97
2026-04-20,MO,New,Puma Future Rider Trainers,2,179.98
2026-04-20,WA,VIP,Man Short Sleeve Shirt,3,59.97
2026-04-20,MO,New,Spoon,1,4.99
2026-04-20,MO,New,Apple MacBook Pro 14 Inch Space Grey,1,1999.99
2026-04-20,MO,New,Powder Canister,2,29.98
2026-04-20,NY,New,Water,3,2.97
2026-04-20,NY,New,Mulberry,3,14.97
2026-04-20,NY,New,Grater Black,1,10.99
2026-04-20,CA,VIP,Milk,2,6.98
2026-04-20,CA,New,Plant Pot,2,29.98
2026-04-20,CA,New,Citrus Squeezer Yellow,1,8.99
2026-04-20,CA,New,Boxed Blender,2,79.98
2026-04-20,WA,Returning,Eyeshadow Palette with Mirror,1,19.99
2026-04-20,WA,Returning,Gucci Bloom Eau de,3,239.97
2026-04-20,FL,VIP,Dolce Shine Eau de,1,69.99
2026-04-20,FL,VIP,Glass,2,9.98
2026-04-20,TX,Returning,Grater Black,3,32.97
2026-04-20,NY,Returning,Brown Leather Belt Watch,2,179.98
2026-04-20,NY,Returning,Sports Sneakers Off White & Red,3,359.97
2026-04-20,NY,Returning,Black Aluminium Cup,3,17.97
2026-04-20,NY,Returning,Tray,3,50.97
2026-04-20,WA,Returning,Glass,3,14.97
2026-04-20,WA,Returning,Microwave Oven,3,269.97
2026-04-20,WA,Returning,Grater Black,1,10.99
2026-04-20,WA,Returning,Bamboo Spatula,1,7.99
2026-04-20,FL,New,Black Aluminium Cup,3,17.97
2026-04-20,MO,VIP,Spoon,3,14.97
2026-04-20,MO,VIP,Kiwi,3,7.47
2026-04-20,MO,VIP,Dolce Shine Eau de,1,69.99
2026-04-20,MO,VIP,Sports Sneakers Off White Red,1,109.99
2026-04-20,CA,VIP,Red Tongs,2,13.98
2026-04-20,CA,VIP,Men Check Shirt,2,55.98
2026-04-20,CA,VIP,Dior J'adore,3,269.97
2026-04-20,GA,VIP,Apple Airpods,3,389.97
2026-04-20,GA,VIP,Hand Blender,2,69.98
2026-04-20,GA,VIP,House Showpiece Plant,3,119.97
2026-04-20,GA,VIP,Rolex Submariner Watch,2,27999.98
2026-04-20,CA,VIP,Eggs,1,2.99
2026-04-20,CA,VIP,Chanel Coco Noir Eau De,2,259.98
2026-04-20,CA,VIP,Rolex Datejust,2,21999.98
2026-04-20,CA,VIP,Table Lamp,1,49.99
2026-04-20,CA,VIP,Green Chili Pepper,1,0.99
2026-04-20,MO,New,Tissue Paper Box,1,2.49
2026-04-20,MO,New,New DELL XPS 13 9300 Laptop,1,1499.99
2026-04-20,MO,New,Boxed Blender,2,79.98
2026-04-20,FL,New,Hand Blender,3,104.97
2026-04-20,CA,VIP,Puma Future Rider Trainers,3,269.97
2026-04-20,IL,Returning,Knife,2,29.98
2026-04-20,IL,Returning,Beef Steak,1,12.99
2026-04-20,IL,Returning,Apple,1,1.99
2026-04-20,IL,Returning,Electric Stove,2,99.98
2026-04-20,NY,New,Ice Cream,2,10.98
2026-04-20,NY,New,Dior J'adore,2,179.98
2026-04-20,NY,New,Fork,1,3.99
2026-04-20,NY,New,Rolex Datejust,2,21999.98
2026-04-20,NY,Returning,Rolex Cellini Moonphase,3,38999.97
2026-04-20,NY,New,Water,3,2.97
2026-04-20,NY,New,Electric Stove,3,149.97
2026-04-20,GA,VIP,Knife,2,29.98
2026-04-20,GA,VIP,Water,2,1.98
2026-04-20,NY,New,Egg Slicer,3,20.97
2026-04-20,NY,New,Man Plaid Shirt,1,34.99
2026-04-20,NY,New,Chicken Meat,1,9.99
2026-04-20,CA,Returning,Man Short Sleeve Shirt,1,19.99
2026-04-20,WA,VIP,Fish Steak,1,14.99
2026-04-20,MO,VIP,Mulberry,1,4.99
2026-04-20,MO,VIP,Microwave Oven,2,179.98
2026-04-20,MO,VIP,Man Short Sleeve Shirt,1,19.99
2026-04-20,NY,VIP,Spoon,2,9.98
2026-04-20,GA,VIP,Amazon Echo Plus,1,99.99
2026-04-20,FL,VIP,Rolex Cellini Moonphase,3,38999.97
2026-04-20,FL,VIP,Calvin Klein CK One,2,99.98
2026-04-20,MO,Returning,Black Aluminium Cup,2,11.98
2026-04-20,MO,Returning,Cucumber,2,2.98
2026-04-20,NY,New,Dolce Shine Eau de,2,139.98
2026-04-20,NY,New,Mug Tree Stand,1,15.99
2026-04-20,CA,New,Red Nail Polish,2,17.98
2026-04-20,CA,New,Man Short Sleeve Shirt,1,19.99
2026-04-20,CA,New,Yellow Peeler,1,5.99
2026-04-20,CA,New,Apple Airpods,3,389.97
2026-04-20,MO,Returning,Mulberry,2,9.98
2026-04-20,MO,Returning,Knife,3,44.97
2026-04-20,MO,Returning,Rice,3,17.97
2026-04-20,MO,Returning,Rolex Submariner Watch,2,27999.98
2026-04-20,IL,Returning,Amazon Echo Plus,3,299.97
2026-04-20,IL,Returning,Gigabyte Aorus Men Tshirt,1,24.99
2026-04-20,IL,Returning,Rolex Submariner Watch,3,41999.97
2026-04-20,IL,Returning,Huawei Matebook X Pro,1,1399.99
2026-04-20,GA,VIP,Essence Mascara Lash Princess,3,29.97
2026-04-20,GA,VIP,Nike Baseball Cleats,2,159.98
2026-04-20,WA,VIP,Citrus Squeezer Yellow,2,17.98
2026-04-20,WA,VIP,Huawei Matebook X Pro,1,1399.99
2026-04-20,WA,VIP,Table Lamp,2,99.98
2026-04-20,GA,VIP,Essence Mascara Lash Princess,3,29.97
2026-04-20,IL,VIP,Dolce Shine Eau de,3,209.97
2026-04-20,IL,VIP,Rice,3,17.97
2026-04-20,IL,VIP,New DELL XPS 13 9300 Laptop,3,4499.97
2026-04-20,WA,VIP,Table Lamp,3,149.97
2026-04-20,WA,VIP,Electric Stove,1,49.99
2026-04-20,TX,Returning,Carbon Steel Wok,2,59.98
2026-04-20,TX,Returning,Juice,3,11.97
2026-04-20,TX,New,Carbon Steel Wok,1,29.99
2026-04-20,TX,New,Gigabyte Aorus Men Tshirt,3,74.97
2026-04-20,GA,Returning,Men Check Shirt,3,83.97
2026-04-20,GA,Returning,Red Tongs,1,6.99
2026-04-20,IL,Returning,Glass,1,4.99
2026-04-20,IL,Returning,Citrus Squeezer Yellow,1,8.99
2026-04-20,MO,Returning,Black Whisk,2,19.98
2026-04-20,MO,Returning,Nike Baseball Cleats,1,79.99
2026-04-20,IL,Returning,House Showpiece Plant,1,39.99
2026-04-20,IL,Returning,Glass,2,9.98
2026-04-20,IL,Returning,Rolex Submariner Watch,3,41999.97
2026-04-20,IL,Returning,Red Nail Polish,1,8.99
2026-04-20,GA,Returning,Longines Master Collection,2,2999.98
2026-04-20,GA,Returning,Citrus Squeezer Yellow,1,8.99
2026-04-20,GA,New,Chanel Coco Noir Eau De,1,129.99
2026-04-20,GA,New,Carbon Steel Wok,2,59.98
2026-04-20,GA,New,Electric Stove,3,149.97
2026-04-20,GA,New,Black Whisk,2,19.98
2026-04-20,GA,New,Man Plaid Shirt,1,34.99
2026-04-21,CA,Returning,Kitchen Sieve,2,15.98
2026-04-21,CA,Returning,Strawberry,2,7.98
2026-04-21,CA,Returning,Rolex Submariner Watch,3,41999.97
2026-04-21,CA,Returning,Pan,1,24.99
2026-04-21,CA,Returning,Amazon Echo Plus,2,199.98
2026-04-21,MO,VIP,Bedside Table African Cherry,1,299.99
2026-04-21,MO,VIP,Fish Steak,3,44.97
2026-04-21,MO,VIP,Beef Steak,3,38.97
2026-04-21,MO,VIP,Honey Jar,1,6.99
2026-04-21,GA,VIP,Red Nail Polish,2,17.98
2026-04-21,GA,VIP,Nike Baseball Cleats,3,239.97
2026-04-21,GA,VIP,Sports Sneakers Off White & Red,3,359.97
2026-04-21,GA,VIP,Plant Pot,1,14.99
2026-04-21,CA,Returning,Tray,1,16.99
2026-04-21,CA,Returning,Spice Rack,2,39.98
2026-04-21,CA,Returning,Amazon Echo Plus,2,199.98
2026-04-21,CA,Returning,Fish Steak,1,14.99
2026-04-21,GA,Returning,Chanel Coco Noir Eau De,1,129.99
2026-04-21,GA,Returning,Yellow Peeler,3,17.97
2026-04-21,GA,Returning,Dog Food,2,21.98
2026-04-21,GA,VIP,Bamboo Spatula,2,15.98
2026-04-21,MO,VIP,Family Tree Photo Frame,1,29.99
2026-04-21,MO,VIP,Red Nail Polish,3,26.97
2026-04-21,MO,VIP,Rolex Cellini Moonphase,3,38999.97
2026-04-21,GA,VIP,Chicken Meat,2,19.98
2026-04-21,GA,VIP,Mulberry,2,9.98
2026-04-21,GA,VIP,Annibale Colombo Bed,2,3799.98
2026-04-21,GA,VIP,Huawei Matebook X Pro,1,1399.99
2026-04-21,GA,VIP,Cat Food,3,26.97
2026-04-21,GA,VIP,Lemon,1,0.79
2026-04-21,GA,VIP,Dior J'adore,3,269.97
2026-04-21,GA,VIP,Cooking Oil,3,14.97
2026-04-21,TX,VIP,Kiwi,1,2.49
2026-04-21,WA,Returning,Knife,1,14.99
2026-04-21,WA,Returning,Nescafe Coffee,1,7.99
2026-04-21,IL,Returning,Cucumber,2,2.98
2026-04-21,IL,Returning,Mug Tree Stand,3,47.97
2026-04-21,IL,Returning,Apple MacBook Pro 14 Inch Space Grey,2,3999.98
2026-04-21,IL,Returning,Wooden Bathroom Sink With Mirror,2,1599.98
2026-04-21,IL,Returning,Chanel Coco Noir Eau De,1,129.99
2026-04-21,WA,Returning,Longines Master Collection,2,2999.98
2026-04-21,WA,Returning,Hand Blender,1,34.99
2026-04-21,WA,Returning,Electric Stove,3,149.97
2026-04-21,GA,New,Rolex Submariner Watch,2,27999.98
2026-04-21,GA,New,Red Nail Polish,2,17.98
2026-04-21,GA,VIP,Huawei Matebook X Pro,1,1399.99
2026-04-21,NY,Returning,Decoration Swing,3,179.97
2026-04-21,NY,Returning,Eyeshadow Palette with Mirror,2,39.98
2026-04-21,NY,Returning,Red Tongs,2,13.98
2026-04-21,NY,Returning,Rolex Cellini Moonphase,1,12999.99
2026-04-21,CA,VIP,Bedside Table African Cherry,1,299.99
2026-04-21,IL,New,Chopping Board,1,12.99
2026-04-21,IL,New,Honey Jar,3,20.97
2026-04-21,IL,New,Powder Canister,3,44.97
2026-04-21,NY,VIP,Dog Food,3,32.97
2026-04-21,MO,VIP,Longines Master Collection,3,4499.97
2026-04-21,MO,VIP,Essence Mascara Lash Princess,1,9.99
2026-04-21,MO,VIP,Green Bell Pepper,1,1.29
2026-04-21,MO,VIP,Apple,3,5.97
2026-04-21,IL,New,Soft Drinks,1,1.99
2026-04-21,IL,New,Rolex Cellini Date Black Dial,3,26999.97
2026-04-21,TX,VIP,Man Plaid Shirt,3,104.97
2026-04-21,NY,New,Milk,1,3.49
2026-04-21,FL,Returning,Electric Stove,3,149.97
2026-04-21,CA,New,Amazon Echo Plus,3,299.97
2026-04-21,CA,New,Annibale Colombo Bed,2,3799.98
2026-04-21,CA,New,Honey Jar,3,20.97
2026-04-21,CA,New,Man Plaid Shirt,2,69.98
2026-04-21,TX,New,Ice Cream,1,5.49
2026-04-21,TX,New,Bedside Table African Cherry,3,899.97
2026-04-21,GA,New,Puma Future Rider Trainers,3,269.97
2026-04-21,GA,New,Annibale Colombo Sofa,2,4999.98
2026-04-21,FL,Returning,Man Plaid Shirt,1,34.99
2026-04-21,FL,Returning,Bedside Table African Cherry,1,299.99
2026-04-21,FL,Returning,Egg Slicer,2,13.98
2026-04-21,CA,New,Honey Jar,2,13.98
2026-04-21,CA,New,Essence Mascara Lash Princess,1,9.99
2026-04-21,CA,New,Apple Airpods,2,259.98
2026-04-21,CA,New,Annibale Colombo Sofa,3,7499.97
2026-04-21,FL,VIP,Potatoes,3,6.87
2026-04-21,FL,VIP,Egg Slicer,3,20.97
2026-04-21,FL,VIP,Puma Future Rider Trainers,3,269.97
2026-04-21,MO,VIP,Table Lamp,2,99.98
2026-04-21,MO,VIP,Chanel Coco Noir Eau De,1,129.99
2026-04-21,MO,VIP,Wooden Bathroom Sink With Mirror,3,2399.97
2026-04-21,MO,VIP,Honey Jar,2,13.98
2026-04-21,IL,New,Protein Powder,3,59.97
2026-04-21,IL,New,Dog Food,2,21.98
2026-04-21,GA,Returning,Green Chili Pepper,1,0.99
2026-04-21,GA,Returning,Bamboo Spatula,3,23.97
2026-04-21,GA,Returning,Gigabyte Aorus Men Tshirt,1,24.99
2026-04-21,GA,VIP,Rolex Cellini Moonphase,2,25999.98
2026-04-21,GA,VIP,Apple,3,5.97
2026-04-21,NY,Returning,Amazon Echo Plus,3,299.97
2026-04-21,NY,Returning,Man Short Sleeve Shirt,2,39.98
2026-04-21,NY,Returning,Knoll Saarinen Executive Conference Chair,2,999.98
2026-04-21,GA,VIP,Amazon Echo Plus,1,99.99
2026-04-21,GA,VIP,Blue & Black Check Shirt,3,89.97
2026-04-21,GA,VIP,Mug Tree Stand,1,15.99
2026-04-21,TX,Returning,Wooden Rolling Pin,2,23.98
2026-04-21,MO,VIP,Asus Zenbook Pro Dual Screen Laptop,2,3599.98
2026-04-21,MO,VIP,Cooking Oil,2,9.98
2026-04-21,MO,VIP,Spoon,3,14.97
2026-04-21,IL,Returning,Dolce Shine Eau de,1,69.99
2026-04-21,IL,Returning,Apple Airpods,3,389.97
2026-04-21,IL,Returning,Black Whisk,3,29.97
2026-04-21,IL,Returning,Powder Canister,2,29.98
2026-04-21,CA,New,Nike Baseball Cleats,3,239.97
2026-04-21,CA,New,Tray,3,50.97
2026-04-21,CA,New,Green Chili Pepper,3,2.97
2026-04-21,CA,New,Water,1,0.99
2026-04-21,CA,New,Glass,1,4.99
2026-04-21,NY,VIP,Strawberry,3,11.97
2026-04-21,NY,VIP,Asus Zenbook Pro Dual Screen Laptop,1,1799.99
2026-04-21,NY,VIP,Decoration Swing,3,179.97
2026-04-21,NY,VIP,Nescafe Coffee,2,15.98
2026-04-21,FL,Returning,Kitchen Sieve,3,23.97
2026-04-21,FL,Returning,Slotted Turner,1,8.99
2026-04-21,FL,Returning,Amazon Echo Plus,3,299.97
2026-04-21,FL,Returning,Lunch Box,1,12.99
2026-04-21,IL,VIP,Citrus Squeezer Yellow,3,26.97
2026-04-21,IL,VIP,Calvin Klein CK One,3,149.97
2026-04-21,IL,VIP,Puma Future Rider Trainers,3,269.97
2026-04-21,IL,VIP,Mulberry,3,14.97
2026-04-21,IL,VIP,Strawberry,1,3.99
2026-04-21,FL,New,Cat Food,1,8.99
2026-04-21,FL,New,Kitchen Sieve,2,15.98
2026-04-21,CA,Returning,Sports Sneakers Off White & Red,3,359.97
2026-04-21,CA,Returning,Citrus Squeezer Yellow,1,8.99
2026-04-21,GA,VIP,Ice Cube Tray,2,11.98
2026-04-21,GA,VIP,Pan,3,74.97
2026-04-21,IL,VIP,Eyeshadow Palette with Mirror,3,59.97
2026-04-21,IL,VIP,Sports Sneakers Off White Red,1,109.99
2026-04-21,IL,VIP,New DELL XPS 13 9300 Laptop,2,2999.98
2026-04-21,WA,Returning,Potatoes,2,4.58
2026-04-21,CA,Returning,Dior J'adore,3,269.97
2026-04-21,CA,Returning,Apple Airpods,3,389.97
2026-04-21,CA,Returning,Eggs,3,8.97
2026-04-21,CA,Returning,Brown Leather Belt Watch,2,179.98
2026-04-21,MO,VIP,Powder Canister,1,14.99
2026-04-21,MO,VIP,Asus Zenbook Pro Dual Screen Laptop,1,1799.99
2026-04-21,MO,VIP,Honey Jar,1,6.99
2026-04-21,MO,VIP,Man Plaid Shirt,3,104.97
2026-04-21,CA,VIP,Man Short Sleeve Shirt,1,19.99
2026-04-21,CA,VIP,Mug Tree Stand,1,15.99
2026-04-21,WA,VIP,Plant Pot,3,44.97
2026-04-21,WA,VIP,Bamboo Spatula,3,23.97
2026-04-21,WA,VIP,Rice,1,5.99
2026-04-21,IL,VIP,Eyeshadow Palette with Mirror,3,59.97
2026-04-21,IL,VIP,Strawberry,1,3.99
2026-04-21,IL,VIP,Grater Black,1,10.99
2026-04-21,IL,VIP,Dog Food,2,21.98
2026-04-21,CA,Returning,Ice Cube Tray,1,5.99
2026-04-21,MO,Returning,Dolce Shine Eau de,2,139.98
2026-04-21,MO,Returning,Dior J'adore,1,89.99
2026-04-21,CA,New,Brown Leather Belt Watch,1,89.99
2026-04-21,CA,New,Lenovo Yoga 920,2,2199.98
2026-04-21,CA,New,Green Bell Pepper,1,1.29
2026-04-21,CA,New,Rolex Submariner Watch,2,27999.98
2026-04-21,MO,Returning,Pan,1,24.99
2026-04-21,MO,Returning,Decoration Swing,2,119.98
2026-04-21,MO,Returning,Ice Cream,1,5.49
2026-04-21,GA,VIP,Fish Steak,1,14.99
2026-04-21,GA,VIP,Boxed Blender,1,39.99
2026-04-21,GA,VIP,Pan,3,74.97
2026-04-21,FL,New,Wooden Rolling Pin,1,11.99
2026-04-21,FL,New,Honey Jar,2,13.98
2026-04-21,FL,New,Potatoes,3,6.87
2026-04-21,FL,New,Milk,1,3.49
2026-04-21,NY,Returning,Silver Pot With Glass Cap,2,79.98
2026-04-21,WA,VIP,Fish Steak,1,14.99
2026-04-21,WA,VIP,Apple Airpods,1,129.99
2026-04-21,WA,VIP,Wooden Rolling Pin,1,11.99
2026-04-21,GA,VIP,Carbon Steel Wok,1,29.99
2026-04-21,GA,VIP,Electric Stove,3,149.97
2026-04-21,GA,VIP,Men Check Shirt,2,55.98
2026-04-21,GA,VIP,Plant Pot,2,29.98
2026-04-22,TX,New,Wooden Bathroom Sink With Mirror,2,1599.98
2026-04-22,TX,New,Nescafe Coffee,2,15.98
2026-04-22,TX,New,House Showpiece Plant,2,79.98
2026-04-22,TX,New,Microwave Oven,1,89.99
2026-04-22,NY,Returning,Apple,2,3.98
2026-04-22,NY,VIP,Annibale Colombo Bed,1,1899.99
2026-04-22,NY,VIP,Rolex Submariner Watch,1,13999.99
2026-04-22,NY,VIP,Man Short Sleeve Shirt,2,39.98
2026-04-22,NY,VIP,Rice,2,11.98
2026-04-22,GA,New,Dior J'adore,2,179.98
2026-04-22,GA,New,Asus Zenbook Pro Dual Screen Laptop,3,5399.97
2026-04-22,GA,New,Silver Pot With Glass Cap,2,79.98
2026-04-22,TX,VIP,Man Short Sleeve Shirt,2,39.98
2026-04-22,TX,VIP,Nike Baseball Cleats,3,239.97
2026-04-22,NY,VIP,Cucumber,1,1.49
2026-04-22,NY,VIP,Gucci Bloom Eau de,2,159.98
2026-04-22,FL,Returning,Red Onions,1,1.99
2026-04-22,TX,Returning,Red Nail Polish,1,8.99
2026-04-22,TX,Returning,Annibale Colombo Bed,1,1899.99
2026-04-22,TX,Returning,Powder Canister,3,44.97
2026-04-22,TX,Returning,Apple,2,3.98
2026-04-22,NY,VIP,Dog Food,3,32.97
2026-04-22,TX,Returning,Lemon,1,0.79
2026-04-22,TX,Returning,Fine Mesh Strainer,2,19.98
2026-04-22,TX,Returning,Beef Steak,2,25.98
2026-04-22,FL,New,Green Bell Pepper,2,2.58
2026-04-22,FL,New,Ice Cream,1,5.49
2026-04-22,IL,VIP,Yellow Peeler,1,5.99
2026-04-22,IL,VIP,Apple MacBook Pro 14 Inch Space Grey,2,3999.98
2026-04-22,IL,VIP,Dolce Shine Eau de,1,69.99
2026-04-22,IL,VIP,Essence Mascara Lash Princess,3,29.97
2026-04-22,WA,Returning,Egg Slicer,2,13.98
2026-04-22,WA,Returning,House Showpiece Plant,2,79.98
2026-04-22,NY,Returning,Decoration Swing,2,119.98
2026-04-22,NY,Returning,Nike Air Jordan 1 Red And Black,3,449.97
2026-04-22,NY,Returning,Dog Food,1,10.99
2026-04-22,NY,Returning,Electric Stove,1,49.99
2026-04-22,FL,Returning,Eyeshadow Palette with Mirror,2,39.98
2026-04-22,FL,Returning,Red Lipstick,2,25.98
2026-04-22,TX,VIP,Yellow Peeler,2,11.98
2026-04-22,TX,VIP,Man Short Sleeve Shirt,2,39.98
2026-04-22,TX,VIP,New DELL XPS 13 9300 Laptop,3,4499.97
2026-04-22,MO,Returning,Lunch Box,2,25.98
2026-04-22,MO,Returning,Powder Canister,2,29.98
2026-04-22,MO,Returning,Apple MacBook Pro 14 Inch Space Grey,3,5999.97
2026-04-22,MO,Returning,Honey Jar,1,6.99
2026-04-22,MO,New,Blue & Black Check Shirt,3,89.97
2026-04-22,MO,New,Pan,3,74.97
2026-04-22,MO,New,Carbon Steel Wok,3,89.97
2026-04-22,NY,Returning,Juice,1,3.99
2026-04-22,WA,New,Yellow Peeler,2,11.98
2026-04-22,WA,New,Powder Canister,3,44.97
2026-04-22,WA,New,Hand Blender,3,104.97
2026-04-22,WA,New,Huawei Matebook X Pro,2,2799.98
2026-04-22,CA,VIP,Annibale Colombo Sofa,2,4999.98
2026-04-22,CA,VIP,Knoll Saarinen Executive Conference Chair,3,1499.97
2026-04-22,CA,VIP,Knife,1,14.99
2026-04-22,CA,VIP,Tray,1,16.99
2026-04-22,GA,VIP,Kiwi,1,2.49
2026-04-22,GA,VIP,Honey Jar,1,6.99
2026-04-22,GA,VIP,Dolce Shine Eau de,1,69.99
2026-04-22,GA,VIP,Nike Baseball Cleats,2,159.98
2026-04-22,FL,VIP,Tray,1,16.99
2026-04-22,WA,Returning,Sports Sneakers Off White Red,1,109.99
2026-04-22,FL,Returning,Eggs,2,5.98
2026-04-22,FL,Returning,Spoon,2,9.98
2026-04-22,FL,Returning,Mug Tree Stand,2,31.98
2026-04-22,FL,Returning,Spice Rack,2,39.98
2026-04-22,IL,New,Grater Black,1,10.99
2026-04-22,IL,New,Sports Sneakers Off White & Red,2,239.98
2026-04-22,IL,New,Milk,1,3.49
2026-04-22,IL,New,Nike Air Jordan 1 Red And Black,2,299.98
2026-04-22,MO,Returning,Annibale Colombo Bed,3,5699.97
2026-04-22,MO,Returning,New DELL XPS 13 9300 Laptop,1,1499.99
2026-04-22,MO,Returning,Dolce Shine Eau de,2,139.98
2026-04-22,NY,New,Chanel Coco Noir Eau De,3,389.97
2026-04-22,NY,New,Grater Black,2,21.98
2026-04-22,NY,New,Green Bell Pepper,1,1.29
2026-04-22,FL,New,Lemon,3,2.37
2026-04-22,FL,New,Sports Sneakers Off White Red,3,329.97
2026-04-22,NY,New,Potatoes,1,2.29
2026-04-22,NY,New,Electric Stove,3,149.97
2026-04-22,NY,New,Red Onions,3,5.97
2026-04-22,FL,Returning,Cucumber,3,4.47
2026-04-22,FL,Returning,Red Nail Polish,1,8.99
2026-04-22,FL,VIP,Beef Steak,3,38.97
2026-04-22,FL,VIP,Rolex Submariner Watch,3,41999.97
2026-04-22,FL,VIP,Spoon,2,9.98
2026-04-22,FL,VIP,Fine Mesh Strainer,2,19.98
2026-04-22,WA,New,Mulberry,2,9.98
2026-04-22,WA,New,Huawei Matebook X Pro,2,2799.98
2026-04-22,WA,New,Tray,1,16.99
2026-04-22,WA,New,Kiwi,2,4.98
2026-04-22,FL,VIP,Black Aluminium Cup,2,11.98
2026-04-22,FL,VIP,Bamboo Spatula,2,15.98
2026-04-22,FL,VIP,Juice,3,11.97
2026-04-22,FL,VIP,Carbon Steel Wok,1,29.99
2026-04-22,MO,New,Rolex Datejust,3,32999.97
2026-04-22,MO,New,Spice Rack,2,39.98
2026-04-22,FL,VIP,Mulberry,2,9.98
2026-04-22,NY,New,Silver Pot With Glass Cap,3,119.97
2026-04-22,NY,New,Wooden Rolling Pin,3,35.97
2026-04-22,NY,New,Gigabyte Aorus Men Tshirt,3,74.97
2026-04-22,NY,New,Red Tongs,1,6.99
2026-04-22,GA,New,New DELL XPS 13 9300 Laptop,1,1499.99
2026-04-22,IL,New,Silver Pot With Glass Cap,1,39.99
2026-04-22,IL,New,Dog Food,2,21.98
2026-04-22,IL,New,Fish Steak,2,29.98
2026-04-22,GA,VIP,Men Check Shirt,2,55.98
2026-04-22,GA,VIP,Bedside Table African Cherry,2,599.98
2026-04-22,GA,VIP,Grater Black,1,10.99
2026-04-22,TX,Returning,Rolex Submariner Watch,1,13999.99
2026-04-22,GA,New,Wooden Bathroom Sink With Mirror,1,799.99
2026-04-22,GA,New,Cat Food,3,26.97
2026-04-22,GA,New,Dog Food,1,10.99
2026-04-22,GA,New,Gigabyte Aorus Men Tshirt,1,24.99
2026-04-22,FL,New,Fine Mesh Strainer,3,29.97
2026-04-22,FL,New,Amazon Echo Plus,2,199.98
2026-04-22,FL,New,Juice,3,11.97
2026-04-22,CA,Returning,Apple,3,5.97
2026-04-22,CA,Returning,Black Whisk,2,19.98
2026-04-22,IL,New,Asus Zenbook Pro Dual Screen Laptop,1,1799.99
2026-04-22,IL,New,Mug Tree Stand,3,47.97
2026-04-22,IL,New,Honey Jar,1,6.99
2026-04-22,WA,New,Rolex Datejust,1,10999.99
2026-04-22,WA,New,Red Tongs,2,13.98
2026-04-22,WA,New,Green Bell Pepper,2,2.58
2026-04-22,MO,Returning,Tissue Paper Box,1,2.49
2026-04-22,MO,Returning,Fish Steak,2,29.98
2026-04-22,MO,VIP,Table Lamp,3,149.97
2026-04-22,MO,VIP,Rolex Cellini Moonphase,2,25999.98
2026-04-22,MO,New,Gucci Bloom Eau de,1,79.99
2026-04-22,MO,New,Lemon,1,0.79
2026-04-22,MO,New,Wooden Bathroom Sink With Mirror,3,2399.97
2026-04-22,MO,New,Glass,1,4.99
2026-04-22,WA,Returning,Egg Slicer,3,20.97
2026-04-22,CA,Returning,Mulberry,2,9.98
2026-04-22,CA,Returning,Bamboo Spatula,1,7.99
2026-04-22,NY,New,Plant Pot,3,44.97
2026-04-22,NY,New,Rolex Datejust,3,32999.97
2026-04-22,NY,New,Green Chili Pepper,1,0.99
2026-04-22,GA,New,Silver Pot With Glass Cap,1,39.99
2026-04-22,GA,New,Electric Stove,1,49.99
2026-04-22,GA,New,Rolex Cellini Date Black Dial,2,17999.98
2026-04-22,GA,New,Table Lamp,1,49.99
2026-04-22,GA,New,Black Whisk,2,19.98
2026-04-22,GA,New,Green Bell Pepper,3,3.87
2026-04-22,CA,VIP,Huawei Matebook X Pro,2,2799.98
2026-04-22,CA,VIP,Knoll Saarinen Executive Conference Chair,1,499.99
2026-04-22,CA,VIP,Chanel Coco Noir Eau De,3,389.97
2026-04-22,TX,VIP,Fork,2,7.98
2026-04-22,TX,VIP,Beef Steak,2,25.98
2026-04-22,TX,New,Kitchen Sieve,2,15.98
2026-04-22,TX,New,Nescafe Coffee,1,7.99
2026-04-22,NY,Returning,Protein Powder,3,59.97
2026-04-22,NY,Returning,Tissue Paper Box,3,7.47
2026-04-22,NY,Returning,Cat Food,2,17.98
2026-04-22,NY,Returning,Glass,2,9.98
2026-04-22,GA,VIP,Nike Baseball Cleats,3,239.97
2026-04-22,NY,New,Beef Steak,3,38.97
2026-04-22,NY,New,Red Nail Polish,2,17.98
2026-04-22,NY,New,Citrus Squeezer Yellow,3,26.97
2026-04-22,NY,New,Fork,2,7.98
2026-04-22,MO,New,Wooden Rolling Pin,3,35.97
2026-04-22,MO,Returning,House Showpiece Plant,2,79.98
2026-04-22,MO,Returning,Mulberry,2,9.98
2026-04-22,MO,Returning,Chanel Coco Noir Eau De,1,129.99
2026-04-22,TX,New,Asus Zenbook Pro Dual Screen Laptop,3,5399.97
2026-04-22,TX,New,Juice,2,7.98
2026-04-22,TX,New,Spice Rack,2,39.98
2026-04-22,IL,New,Beef Steak,2,25.98
2026-04-22,IL,New,Red Onions,3,5.97
2026-04-22,IL,New,Amazon Echo Plus,2,199.98
2026-04-22,IL,New,Kitchen Sieve,1,7.99
2026-04-23,CA,Returning,Brown Leather Belt Watch,1,89.99
2026-04-23,CA,Returning,Fine Mesh Strainer,1,9.99
2026-04-23,CA,Returning,Family Tree Photo Frame,3,89.97
2026-04-23,CA,Returning,Mulberry,3,14.97
2026-04-23,FL,New,Boxed Blender,1,39.99
2026-04-23,FL,New,Rice,1,5.99
2026-04-23,FL,New,Knife,1,14.99
2026-04-23,CA,VIP,Lunch Box,3,38.97
2026-04-23,CA,VIP,Milk,1,3.49
2026-04-23,CA,VIP,Green Bell Pepper,3,3.87
2026-04-23,CA,VIP,Essence Mascara Lash Princess,3,29.97
2026-04-23,FL,New,Chicken Meat,1,9.99
2026-04-23,FL,New,Eyeshadow Palette with Mirror,1,19.99
2026-04-23,FL,New,Bamboo Spatula,2,15.98
2026-04-23,FL,New,Pan,1,24.99
2026-04-23,CA,VIP,Fish Steak,1,14.99
2026-04-23,CA,VIP,Nike Baseball Cleats,3,239.97
2026-04-23,CA,VIP,Rolex Submariner Watch,3,41999.97
2026-04-23,CA,VIP,Potatoes,2,4.58
2026-04-23,FL,VIP,Silver Pot With Glass Cap,1,39.99
2026-04-23,NY,VIP,Red Nail Polish,2,17.98
2026-04-23,MO,Returning,Beef Steak,2,25.98
2026-04-23,MO,Returning,Spice Rack,1,19.99
2026-04-23,MO,Returning,Grater Black,3,32.97
2026-04-23,NY,VIP,Beef Steak,3,38.97
2026-04-23,NY,VIP,Green Bell Pepper,1,1.29
2026-04-23,NY,VIP,Lenovo Yoga 920,2,2199.98
2026-04-23,NY,VIP,Apple Airpods,3,389.97
2026-04-23,TX,New,Red Lipstick,2,25.98
2026-04-23,TX,New,Rolex Datejust,3,32999.97
2026-04-23,TX,New,Nike Baseball Cleats,1,79.99
2026-04-23,MO,Returning,Wooden Bathroom Sink With Mirror,3,2399.97
2026-04-23,IL,Returning,Dolce Shine Eau de,1,69.99
2026-04-23,IL,Returning,Powder Canister,1,14.99
2026-04-23,MO,New,Mulberry,1,4.99
2026-04-23,IL,New,Red Onions,3,5.97
2026-04-23,IL,New,Black Whisk,1,9.99
2026-04-23,IL,New,Wooden Rolling Pin,1,11.99
2026-04-23,IL,New,Green Bell Pepper,3,3.87
2026-04-23,NY,VIP,Ice Cream,3,16.47
2026-04-23,GA,New,Man Plaid Shirt,1,34.99
2026-04-23,GA,New,Ice Cream,2,10.98
2026-04-23,GA,New,Tissue Paper Box,3,7.47
2026-04-23,GA,New,Dolce Shine Eau de,2,139.98
2026-04-23,FL,New,Cat Food,1,8.99
2026-04-23,FL,New,Egg Slicer,3,20.97
2026-04-23,TX,New,Man Plaid Shirt,2,69.98
2026-04-23,TX,New,House Showpiece Plant,1,39.99
2026-04-23,NY,Returning,Cucumber,2,2.98
2026-04-23,NY,Returning,Man Plaid Shirt,1,34.99
2026-04-23,NY,Returning,Man Short Sleeve Shirt,2,39.98
2026-04-23,NY,Returning,Lunch Box,3,38.97
2026-04-23,TX,New,Chopping Board,3,38.97
2026-04-23,TX,New,Boxed Blender,3,119.97
2026-04-23,FL,New,Dog Food,1,10.99
2026-04-23,WA,Returning,Chopping Board,2,25.98
2026-04-23,WA,Returning,Rolex Cellini Moonphase,3,38999.97
2026-04-23,IL,Returning,Fish Steak,3,44.97
2026-04-23,IL,Returning,Glass,3,14.97
2026-04-23,IL,Returning,Red Nail Polish,3,26.97
2026-04-23,IL,Returning,Asus Zenbook Pro Dual Screen Laptop,1,1799.99
2026-04-23,TX,Returning,Egg Slicer,1,6.99
2026-04-23,TX,Returning,Fish Steak,2,29.98
2026-04-23,TX,Returning,Plate,3,11.97
2026-04-23,NY,New,Cat Food,1,8.99
2026-04-23,NY,New,Essence Mascara Lash Princess,2,19.98
2026-04-23,NY,New,Hand Blender,2,69.98
2026-04-23,NY,New,Wooden Rolling Pin,3,35.97
2026-04-23,MO,New,Fine Mesh Strainer,3,29.97
2026-04-23,MO,New,Nescafe Coffee,2,15.98
2026-04-23,MO,New,Juice,3,11.97
2026-04-23,MO,New,Rolex Datejust,2,21999.98
2026-04-23,WA,VIP,Fork,1,3.99
2026-04-23,WA,VIP,Silver Pot With Glass Cap,3,119.97
2026-04-23,WA,VIP,Grater Black,3,32.97
2026-04-23,WA,VIP,Spoon,3,14.97
2026-04-23,WA,VIP,Strawberry,1,3.99
2026-04-23,CA,VIP,Mulberry,2,9.98
2026-04-23,FL,VIP,Potatoes,3,6.87
2026-04-23,NY,New,Pan,2,49.98
2026-04-23,NY,New,Rolex Datejust,2,21999.98
2026-04-23,FL,VIP,Glass,1,4.99
2026-04-23,FL,VIP,Chopping Board,3,38.97
2026-04-23,FL,VIP,Ice Cube Tray,2,11.98
2026-04-23,FL,VIP,Beef Steak,1,12.99
2026-04-23,NY,VIP,Men Check Shirt,1,27.99
2026-04-23,NY,VIP,Nike Air Jordan 1 Red And Black,3,449.97
2026-04-23,NY,VIP,Gigabyte Aorus Men Tshirt,3,74.97
2026-04-23,NY,VIP,Table Lamp,3,149.97
2026-04-23,TX,VIP,Gucci Bloom Eau de,1,79.99
2026-04-23,TX,VIP,Rolex Datejust,3,32999.97
2026-04-23,TX,VIP,Green Bell Pepper,3,3.87
2026-04-23,TX,VIP,House Showpiece Plant,2,79.98
2026-04-23,IL,Returning,Soft Drinks,1,1.99
2026-04-23,IL,Returning,Egg Slicer,3,20.97
2026-04-23,IL,Returning,Nike Baseball Cleats,3,239.97
2026-04-24,IL,VIP,Asus Zenbook Pro Dual Screen Laptop,3,5399.97
2026-04-24,IL,VIP,Tissue Paper Box,1,2.49
2026-04-24,FL,VIP,Pan,2,49.98
2026-04-24,FL,VIP,Protein Powder,1,19.99
2026-04-24,FL,VIP,Gucci Bloom Eau de,1,79.99
2026-04-24,IL,Returning,Rolex Datejust,3,32999.97
2026-04-24,IL,Returning,Bedside Table African Cherry,2,599.98
2026-04-24,IL,Returning,Lunch Box,3,38.97
2026-04-24,WA,VIP,Knoll Saarinen Executive Conference Chair,2,999.98
2026-04-24,WA,VIP,Dolce Shine Eau de,2,139.98
2026-04-24,WA,VIP,Red Lipstick,3,38.97
2026-04-24,GA,VIP,Knoll Saarinen Executive Conference Chair,2,999.98
2026-04-24,GA,VIP,Tray,2,33.98
2026-04-24,NY,VIP,Yellow Peeler,2,11.98
2026-04-24,NY,VIP,Ice Cube Tray,1,5.99
2026-04-24,NY,VIP,Mug Tree Stand,3,47.97
2026-04-24,NY,VIP,Slotted Turner,1,8.99
2026-04-24,CA,Returning,Red Tongs,1,6.99
2026-04-24,CA,Returning,Juice,1,3.99
2026-04-24,CA,Returning,Wooden Bathroom Sink With Mirror,1,799.99
2026-04-24,FL,Returning,Yellow Peeler,2,11.98
2026-04-24,NY,New,Red Lipstick,2,25.98
2026-04-24,NY,New,Huawei Matebook X Pro,1,1399.99
2026-04-24,NY,New,Fish Steak,2,29.98
2026-04-24,FL,New,Nike Air Jordan 1 Red And Black,1,149.99
2026-04-24,FL,New,Mulberry,1,4.99
2026-04-24,FL,New,Hand Blender,2,69.98
2026-04-24,FL,New,Cucumber,2,2.98
2026-04-24,MO,New,Huawei Matebook X Pro,3,4199.97
2026-04-24,FL,New,Glass,3,14.97
2026-04-24,FL,New,Nike Air Jordan 1 Red And Black,1,149.99
2026-04-24,FL,New,Spice Rack,2,39.98
2026-04-24,FL,New,Boxed Blender,3,119.97
2026-04-24,WA,New,Spoon,3,14.97
2026-04-24,WA,New,Red Tongs,1,6.99
2026-04-24,WA,New,Red Onions,2,3.98
2026-04-24,WA,New,Milk,3,10.47
2026-04-24,WA,VIP,Lenovo Yoga 920,2,2199.98
2026-04-24,WA,VIP,Lunch Box,3,38.97
2026-04-24,WA,VIP,Essence Mascara Lash Princess,2,19.98
2026-04-24,WA,VIP,Mulberry,3,14.97
2026-04-24,NY,Returning,Black Whisk,3,29.97
2026-04-24,NY,Returning,Rolex Datejust,3,32999.97
2026-04-24,NY,Returning,Knife,2,29.98
2026-04-24,NY,Returning,Ice Cube Tray,3,17.97
2026-04-24,GA,Returning,Lemon,2,1.58
2026-04-24,GA,Returning,Nescafe Coffee,2,15.98
2026-04-24,GA,Returning,Pan,2,49.98
2026-04-24,WA,Returning,Ice Cube Tray,2,11.98
2026-04-24,WA,Returning,Wooden Rolling Pin,1,11.99
2026-04-24,WA,Returning,Sports Sneakers Off White & Red,1,119.99
2026-04-24,MO,VIP,Wooden Rolling Pin,3,35.97
2026-04-24,MO,VIP,Apple Airpods,1,129.99
2026-04-24,MO,VIP,Family Tree Photo Frame,2,59.98
2026-04-24,MO,VIP,Apple,2,3.98
2026-04-24,FL,VIP,Cooking Oil,1,4.99
2026-04-24,FL,VIP,Sports Sneakers Off White & Red,1,119.99
2026-04-24,FL,VIP,Tissue Paper Box,1,2.49
2026-04-24,FL,VIP,Red Nail Polish,3,26.97
2026-04-24,NY,Returning,Black Whisk,3,29.97
2026-04-24,NY,Returning,Decoration Swing,1,59.99
2026-04-24,NY,Returning,Man Short Sleeve Shirt,2,39.98
2026-04-24,NY,VIP,Annibale Colombo Sofa,3,7499.97
2026-04-24,NY,VIP,Green Chili Pepper,2,1.98
2026-04-24,NY,VIP,Black Whisk,3,29.97
2026-04-24,FL,Returning,Citrus Squeezer Yellow,1,8.99
2026-04-24,FL,Returning,Potatoes,2,4.58
2026-04-24,WA,VIP,Lunch Box,1,12.99
2026-04-24,MO,Returning,Wooden Rolling Pin,2,23.98
2026-04-24,MO,Returning,Citrus Squeezer Yellow,3,26.97
2026-04-24,MO,Returning,Rolex Datejust,2,21999.98
2026-04-24,TX,Returning,Red Tongs,3,20.97
2026-04-24,FL,Returning,Table Lamp,2,99.98
2026-04-24,FL,Returning,Powder Canister,2,29.98
2026-04-24,FL,Returning,Puma Future Rider Trainers,2,179.98
2026-04-24,FL,Returning,Calvin Klein CK One,3,149.97
2026-04-24,NY,New,Yellow Peeler,2,11.98
2026-04-24,NY,New,Glass,3,14.97
2026-04-24,NY,New,Men Check Shirt,2,55.98
2026-04-24,NY,New,Annibale Colombo Sofa,3,7499.97
2026-04-25,GA,New,Rolex Cellini Date Black Dial,3,26999.97
2026-04-25,GA,New,Cat Food,3,26.97
2026-04-25,IL,VIP,Red Tongs,2,13.98
2026-04-25,IL,VIP,Chicken Meat,1,9.99
2026-04-25,IL,VIP,Electric Stove,2,99.98
2026-04-25,IL,VIP,Men Check Shirt,3,83.97
2026-04-25,NY,New,Electric Stove,2,99.98
2026-04-25,WA,Returning,Apple Airpods,3,389.97
2026-04-25,WA,Returning,Apple,3,5.97
2026-04-25,WA,Returning,Black Aluminium Cup,1,5.99
2026-04-25,WA,Returning,Ice Cube Tray,3,17.97
2026-04-25,MO,Returning,Decoration Swing,2,119.98
2026-04-25,MO,Returning,Nike Air Jordan 1 Red And Black,3,449.97
2026-04-25,MO,Returning,Sports Sneakers Off White & Red,1,119.99
2026-04-25,TX,Returning,Grater Black,2,21.98
2026-04-25,TX,Returning,Man Short Sleeve Shirt,3,59.97
2026-04-25,TX,Returning,Lenovo Yoga 920,1,1099.99
2026-04-25,TX,Returning,Pan,1,24.99
2026-04-25,FL,Returning,Man Short Sleeve Shirt,1,19.99
2026-04-25,FL,Returning,Bamboo Spatula,2,15.98
2026-04-25,FL,Returning,Rice,3,17.97
2026-04-25,FL,Returning,Cat Food,3,26.97
2026-04-25,MO,VIP,Puma Future Rider Trainers,3,269.97
2026-04-25,MO,VIP,Glass,1,4.99
2026-04-25,MO,New,Essence Mascara Lash Princess,1,9.99
2026-04-25,MO,New,Dior J'adore,1,89.99
2026-04-25,MO,New,Protein Powder,2,39.98
2026-04-25,FL,Returning,Yellow Peeler,1,5.99
2026-04-25,GA,New,Rolex Submariner Watch,3,41999.97
2026-04-25,GA,New,Lenovo Yoga 920,2,2199.98
2026-04-25,GA,New,Calvin Klein CK One,1,49.99
2026-04-25,WA,Returning,Powder Canister,1,14.99
2026-04-25,WA,Returning,Family Tree Photo Frame,3,89.97
2026-04-25,FL,VIP,Asus Zenbook Pro Dual Screen Laptop,3,5399.97
2026-04-25,FL,VIP,Milk,1,3.49
2026-04-25,IL,New,Fish Steak,2,29.98
2026-04-25,IL,Returning,Calvin Klein CK One,1,49.99
2026-04-25,IL,Returning,Wooden Bathroom Sink With Mirror,2,1599.98
2026-04-25,IL,Returning,Nescafe Coffee,1,7.99
2026-04-25,FL,Returning,Cooking Oil,3,14.97
2026-04-25,FL,Returning,Ice Cream,3,16.47
2026-04-25,FL,Returning,Fork,1,3.99
2026-04-25,FL,Returning,Red Onions,3,5.97
2026-04-25,WA,New,Plate,2,7.98
2026-04-25,WA,New,Asus Zenbook Pro Dual Screen Laptop,2,3599.98
2026-04-25,CA,Returning,Spoon,2,9.98
2026-04-25,CA,Returning,Boxed Blender,2,79.98
2026-04-25,FL,VIP,Eyeshadow Palette with Mirror,1,19.99
2026-04-25,FL,VIP,Apple MacBook Pro 14 Inch Space Grey,2,3999.98
2026-04-25,WA,VIP,Rolex Cellini Moonphase,3,38999.97
2026-04-25,WA,VIP,Annibale Colombo Sofa,1,2499.99
2026-04-25,WA,Returning,Electric Stove,1,49.99
2026-04-25,TX,New,Cooking Oil,2,9.98
2026-04-25,TX,New,Hand Blender,3,104.97
2026-04-25,TX,New,Chanel Coco Noir Eau De,3,389.97
2026-04-25,IL,New,Green Chili Pepper,1,0.99
2026-04-25,IL,New,Gucci Bloom Eau de,1,79.99
2026-04-25,WA,Returning,Rolex Datejust,3,32999.97
2026-04-25,WA,Returning,Green Bell Pepper,3,3.87
2026-04-25,FL,VIP,Cucumber,2,2.98
2026-04-25,FL,VIP,Mug Tree Stand,3,47.97
2026-04-25,CA,New,Apple,2,3.98
2026-04-25,CA,New,Grater Black,2,21.98
2026-04-25,CA,New,Huawei Matebook X Pro,2,2799.98
2026-04-25,WA,Returning,Dolce Shine Eau de,1,69.99
2026-04-25,FL,New,Plate,1,3.99
2026-04-25,FL,New,Glass,3,14.97
2026-04-25,NY,New,Lemon,2,1.58
2026-04-25,NY,New,Huawei Matebook X Pro,2,2799.98
2026-04-25,NY,New,Egg Slicer,2,13.98
2026-04-25,NY,New,Men Check Shirt,3,83.97
2026-04-25,MO,New,Eggs,3,8.97
2026-04-25,MO,New,Rolex Cellini Moonphase,3,38999.97
2026-04-25,MO,New,Honey Jar,3,20.97
2026-04-25,MO,VIP,Eggs,1,2.99
2026-04-25,MO,Returning,Dolce Shine Eau de,3,209.97
2026-04-25,MO,Returning,Man Short Sleeve Shirt,3,59.97
2026-04-25,MO,Returning,Milk,3,10.47
2026-04-25,TX,Returning,Red Tongs,1,6.99
2026-04-25,TX,Returning,Asus Zenbook Pro Dual Screen Laptop,2,3599.98
2026-04-25,TX,Returning,Cucumber,3,4.47
2026-04-25,TX,Returning,Nescafe Coffee,3,23.97
2026-04-25,NY,Returning,Sports Sneakers Off White & Red,1,119.99
2026-04-25,NY,Returning,Tissue Paper Box,1,2.49
2026-04-25,NY,Returning,Chopping Board,3,38.97
2026-04-25,NY,Returning,Chicken Meat,2,19.98
2026-04-25,WA,VIP,Rolex Submariner Watch,3,41999.97
2026-04-25,WA,VIP,Slotted Turner,3,26.97
2026-04-25,WA,VIP,Man Short Sleeve Shirt,3,59.97
2026-04-25,GA,VIP,Knife,1,14.99
2026-04-25,GA,VIP,Calvin Klein CK One,2,99.98
2026-04-25,MO,New,Black Aluminium Cup,1,5.99
2026-04-25,MO,New,New DELL XPS 13 9300 Laptop,1,1499.99
2026-04-25,GA,VIP,House Showpiece Plant,1,39.99
2026-04-25,GA,VIP,Eyeshadow Palette with Mirror,2,39.98
2026-04-25,NY,New,Apple,1,1.99
2026-04-25,NY,New,Men Check Shirt,1,27.99
2026-04-25,MO,Returning,Rolex Datejust,3,32999.97
2026-04-25,MO,Returning,Sports Sneakers Off White & Red,2,239.98
2026-04-25,GA,Returning,Green Bell Pepper,1,1.29
2026-04-25,GA,Returning,Microwave Oven,1,89.99
2026-04-25,CA,Returning,Lunch Box,2,25.98
2026-04-25,GA,VIP,Rolex Submariner Watch,1,13999.99
2026-04-25,GA,VIP,Juice,2,7.98
2026-04-25,GA,VIP,Kiwi,3,7.47
2026-04-25,TX,New,Rolex Cellini Date Black Dial,2,17999.98
2026-04-25,MO,New,Man Plaid Shirt,3,104.97
2026-04-25,MO,New,Spice Rack,1,19.99
2026-04-25,MO,New,Red Tongs,3,20.97
2026-04-25,WA,Returning,Beef Steak,2,25.98
2026-04-25,CA,VIP,Grater Black,2,21.98
2026-04-25,CA,VIP,Annibale Colombo Sofa,3,7499.97
2026-04-25,CA,VIP,Tray,2,33.98
2026-04-25,CA,VIP,Longines Master Collection,3,4499.97
2026-04-25,CA,VIP,Apple MacBook Pro 14 Inch Space Grey,1,1999.99
2026-04-25,CA,VIP,Man Plaid Shirt,3,104.97
2026-04-25,CA,VIP,Spice Rack,1,19.99
2026-04-25,CA,VIP,Rolex Datejust,1,10999.99
2026-04-25,NY,New,Silver Pot With Glass Cap,3,119.97
2026-04-25,NY,New,Lemon,1,0.79
2026-04-25,MO,Returning,Knoll Saarinen Executive Conference Chair,1,499.99
2026-04-25,MO,Returning,Glass,2,9.98
2026-04-25,MO,Returning,Spoon,1,4.99
2026-04-25,IL,Returning,Ice Cream,3,16.47
2026-04-25,GA,Returning,Protein Powder,2,39.98
2026-04-25,GA,Returning,Nike Air Jordan 1 Red And Black,3,449.97
2026-04-25,MO,New,House Showpiece Plant,3,119.97
2026-04-25,MO,New,Lunch Box,3,38.97
2026-04-25,MO,New,Man Plaid Shirt,1,34.99
2026-04-25,FL,Returning,Knife,1,14.99
2026-04-25,FL,Returning,Knoll Saarinen Executive Conference Chair,2,999.98
2026-04-25,FL,New,Milk,2,6.98
2026-04-25,CA,VIP,Nike Baseball Cleats,1,79.99
2026-04-25,CA,VIP,Microwave Oven,3,269.97
2026-04-25,CA,VIP,Honey Jar,1,6.99
2026-04-25,FL,VIP,Egg Slicer,1,6.99
2026-04-25,FL,VIP,Apple Airpods,2,259.98
2026-04-25,FL,VIP,Puma Future Rider Trainers,2,179.98
2026-04-25,FL,VIP,Slotted Turner,3,26.97
2026-04-25,NY,VIP,Hand Blender,2,69.98
2026-04-25,NY,VIP,Bamboo Spatula,2,15.98
2026-04-25,NY,VIP,Blue & Black Check Shirt,1,29.99
2026-04-25,FL,New,Water,2,1.98
2026-04-25,FL,New,Fine Mesh Strainer,2,19.98
2026-04-25,FL,New,Brown Leather Belt Watch,3,269.97
2026-04-25,WA,New,Red Tongs,3,20.97
2026-04-25,WA,New,Nike Air Jordan 1 Red And Black,1,149.99
2026-04-25,WA,New,Honey Jar,3,20.97
2026-04-25,TX,VIP,Slotted Turner,3,26.97
2026-04-25,TX,VIP,Eyeshadow Palette with Mirror,1,19.99
2026-04-25,IL,Returning,Asus Zenbook Pro Dual Screen Laptop,3,5399.97
2026-04-25,IL,Returning,Citrus Squeezer Yellow,3,26.97
2026-04-25,IL,Returning,Cooking Oil,1,4.99
2026-04-25,IL,Returning,Calvin Klein CK One,2,99.98
2026-04-25,WA,Returning,Milk,2,6.98
2026-04-25,WA,Returning,Electric Stove,3,149.97
2026-04-25,WA,Returning,Apple MacBook Pro 14 Inch Space Grey,2,3999.98
2026-04-25,WA,Returning,Yellow Peeler,3,17.97
2026-04-25,MO,New,Potatoes,3,6.87
2026-04-25,TX,New,Eggs,3,8.97
2026-04-25,TX,New,Plant Pot,1,14.99
2026-04-25,TX,New,Wooden Bathroom Sink With Mirror,3,2399.97
2026-04-25,TX,New,Lemon,1,0.79
2026-04-25,WA,New,Fine Mesh Strainer,1,9.99
2026-04-25,WA,New,Red Lipstick,1,12.99
2026-04-25,WA,New,Dog Food,3,32.97
2026-04-25,WA,New,Juice,1,3.99
2026-04-26,CA,VIP,Gucci Bloom Eau de,3,239.97
2026-04-26,CA,VIP,Dolce Shine Eau de,1,69.99
2026-04-26,CA,VIP,Glass,1,4.99
2026-04-26,CA,VIP,Red Tongs,3,20.97
2026-04-26,IL,New,Blue & Black Check Shirt,2,59.98
2026-04-26,TX,VIP,New DELL XPS 13 9300 Laptop,2,2999.98
2026-04-26,NY,New,Wooden Rolling Pin,3,35.97
2026-04-26,NY,New,Rolex Datejust,1,10999.99
2026-04-26,GA,VIP,Table Lamp,1,49.99
2026-04-26,GA,VIP,Tissue Paper Box,3,7.47
2026-04-26,GA,VIP,Rice,1,5.99
2026-04-26,FL,New,Slotted Turner,2,17.98
2026-04-26,TX,VIP,Red Lipstick,2,25.98
2026-04-26,IL,Returning,Black Aluminium Cup,1,5.99
2026-04-26,IL,Returning,Decoration Swing,2,119.98
2026-04-26,IL,Returning,Knife,1,14.99
2026-04-26,NY,VIP,Fork,1,3.99
2026-04-26,NY,VIP,Eggs,2,5.98
2026-04-26,NY,VIP,Red Nail Polish,1,8.99
2026-04-26,NY,VIP,Cat Food,2,17.98
2026-04-26,NY,VIP,Man Short Sleeve Shirt,2,39.98
2026-04-26,NY,VIP,Soft Drinks,3,5.97
2026-04-26,GA,New,Eggs,3,8.97
2026-04-26,GA,New,Boxed Blender,2,79.98
2026-04-26,GA,New,New DELL XPS 13 9300 Laptop,2,2999.98
2026-04-26,GA,New,Honey Jar,2,13.98
2026-04-26,TX,New,Kitchen Sieve,3,23.97
2026-04-26,TX,New,Fish Steak,3,44.97
2026-04-26,TX,New,Bamboo Spatula,3,23.97
2026-04-26,GA,VIP,Kitchen Sieve,3,23.97
2026-04-26,GA,VIP,Plate,1,3.99
2026-04-26,GA,VIP,Citrus Squeezer Yellow,1,8.99
2026-04-26,TX,New,Tissue Paper Box,3,7.47
2026-04-26,TX,New,Sports Sneakers Off White Red,2,219.98
2026-04-26,TX,New,Ice Cube Tray,2,11.98
2026-04-26,TX,New,Dog Food,1,10.99
2026-04-26,TX,New,Bamboo Spatula,1,7.99
2026-04-26,TX,New,Eggs,1,2.99
2026-04-26,TX,New,Egg Slicer,3,20.97
2026-04-26,TX,New,Men Check Shirt,1,27.99
2026-04-26,GA,VIP,Red Tongs,1,6.99
2026-04-26,GA,VIP,Dior J'adore,3,269.97
2026-04-26,GA,VIP,Nike Air Jordan 1 Red And Black,1,149.99
2026-04-26,IL,New,Nike Baseball Cleats,2,159.98
2026-04-26,IL,New,Cat Food,1,8.99
2026-04-26,NY,New,Cooking Oil,1,4.99
2026-04-26,NY,New,Nike Air Jordan 1 Red And Black,1,149.99
2026-04-26,NY,New,Dolce Shine Eau de,1,69.99
2026-04-26,NY,New,Potatoes,2,4.58
2026-04-26,TX,VIP,Chanel Coco Noir Eau De,1,129.99
2026-04-26,TX,VIP,Lenovo Yoga 920,1,1099.99
2026-04-26,GA,Returning,Black Aluminium Cup,2,11.98
2026-04-26,GA,Returning,Potatoes,3,6.87
2026-04-26,GA,Returning,Essence Mascara Lash Princess,2,19.98
2026-04-26,GA,Returning,Wooden Bathroom Sink With Mirror,2,1599.98
2026-04-26,WA,VIP,Eyeshadow Palette with Mirror,2,39.98
2026-04-26,WA,VIP,Brown Leather Belt Watch,2,179.98
2026-04-26,CA,Returning,Juice,2,7.98
2026-04-26,CA,Returning,Blue & Black Check Shirt,1,29.99
2026-04-26,FL,New,Dior J'adore,3,269.97
2026-04-26,FL,New,Mug Tree Stand,2,31.98
2026-04-26,FL,New,Chopping Board,1,12.99
2026-04-26,WA,Returning,Dolce Shine Eau de,1,69.99
2026-04-26,GA,VIP,Citrus Squeezer Yellow,2,17.98
2026-04-26,GA,VIP,Grater Black,1,10.99
2026-04-26,NY,VIP,Nike Air Jordan 1 Red And Black,3,449.97
2026-04-26,NY,VIP,Hand Blender,2,69.98
2026-04-26,NY,VIP,Juice,3,11.97
2026-04-26,GA,VIP,Sports Sneakers Off White Red,2,219.98
2026-04-26,GA,VIP,Red Tongs,3,20.97
2026-04-26,GA,VIP,Green Chili Pepper,1,0.99
2026-04-26,GA,VIP,Ice Cube Tray,2,11.98
2026-04-26,MO,VIP,Rolex Cellini Date Black Dial,1,8999.99
2026-04-26,MO,VIP,Black Whisk,2,19.98
2026-04-26,MO,VIP,Nescafe Coffee,2,15.98
2026-04-26,MO,VIP,Black Aluminium Cup,2,11.98
2026-04-26,WA,VIP,Water,1,0.99
2026-04-26,WA,VIP,Juice,2,7.98
2026-04-26,FL,Returning,Mulberry,3,14.97
2026-04-26,IL,VIP,Red Nail Polish,3,26.97
2026-04-26,IL,VIP,Nescafe Coffee,2,15.98
2026-04-26,IL,VIP,Powder Canister,1,14.99
2026-04-26,MO,New,Annibale Colombo Bed,2,3799.98
2026-04-26,MO,New,Decoration Swing,1,59.99
2026-04-26,MO,New,Rolex Submariner Watch,1,13999.99
2026-04-26,MO,New,Rice,1,5.99
2026-04-26,CA,Returning,Rolex Cellini Date Black Dial,1,8999.99
2026-04-26,CA,Returning,Spoon,2,9.98
2026-04-26,CA,Returning,Egg Slicer,3,20.97
2026-04-26,MO,VIP,Rolex Cellini Moonphase,3,38999.97
2026-04-26,GA,New,Mug Tree Stand,3,47.97
2026-04-26,MO,VIP,Gucci Bloom Eau de,2,159.98
2026-04-26,TX,Returning,Apple,1,1.99
2026-04-26,TX,Returning,Fork,1,3.99
2026-04-26,TX,Returning,Bedside Table African Cherry,2,599.98
2026-04-26,TX,Returning,Wooden Bathroom Sink With Mirror,2,1599.98
2026-04-26,WA,Returning,Annibale Colombo Bed,1,1899.99
2026-04-26,WA,Returning,Rolex Datejust,3,32999.97
2026-04-26,TX,VIP,Rolex Datejust,2,21999.98
2026-04-26,TX,VIP,Beef Steak,2,25.98
2026-04-26,FL,New,Hand Blender,3,104.97
2026-04-26,FL,New,Pan,2,49.98
2026-04-26,FL,Returning,Powder Canister,1,14.99
2026-04-26,FL,Returning,Soft Drinks,2,3.98
2026-04-26,FL,Returning,Spoon,2,9.98
2026-04-26,TX,VIP,Huawei Matebook X Pro,1,1399.99
2026-04-26,TX,VIP,Mulberry,1,4.99
2026-04-26,TX,VIP,Potatoes,2,4.58
2026-04-26,TX,VIP,Rolex Cellini Moonphase,1,12999.99
2026-04-26,NY,VIP,Black Whisk,3,29.97
2026-04-26,NY,VIP,Amazon Echo Plus,3,299.97
2026-04-26,FL,New,Dog Food,2,21.98
2026-04-26,GA,VIP,Milk,2,6.98
2026-04-26,GA,VIP,Plant Pot,3,44.97
2026-04-26,GA,VIP,Fish Steak,1,14.99
2026-04-26,GA,VIP,Longines Master Collection,2,2999.98
2026-04-26,GA,New,Juice,1,3.99
2026-04-26,GA,New,Milk,3,10.47
2026-04-26,NY,Returning,Pan,2,49.98
2026-04-26,NY,Returning,Eggs,2,5.98
2026-04-26,CA,Returning,Nike Baseball Cleats,3,239.97
2026-04-26,NY,Returning,Decoration Swing,2,119.98
2026-04-26,NY,Returning,Plate,1,3.99
2026-04-26,IL,New,Juice,3,11.97
2026-04-26,WA,Returning,Nike Air Jordan 1 Red And Black,3,449.97
2026-04-26,WA,New,Eyeshadow Palette with Mirror,3,59.97
2026-04-26,WA,New,Rolex Cellini Moonphase,3,38999.97
2026-04-26,WA,New,Knife,2,29.98
2026-04-26,MO,Returning,Milk,1,3.49
2026-04-26,MO,Returning,Man Plaid Shirt,3,104.97
2026-04-26,NY,New,Rice,3,17.97
2026-04-26,NY,New,Hand Blender,3,104.97
2026-04-26,WA,Returning,Ice Cube Tray,2,11.98
2026-04-26,WA,Returning,Red Onions,2,3.98
2026-04-26,WA,VIP,Lenovo Yoga 920,2,2199.98
2026-04-26,WA,VIP,Annibale Colombo Bed,1,1899.99
2026-04-26,WA,VIP,Rolex Datejust,2,21999.98
2026-04-26,WA,VIP,Soft Drinks,2,3.98
2026-04-26,FL,New,Blue & Black Check Shirt,2,59.98
2026-04-26,FL,New,Protein Powder,3,59.97
2026-04-26,FL,New,Men Check Shirt,1,27.99
2026-04-26,FL,New,Plant Pot,3,44.97
2026-04-26,TX,New,Rolex Cellini Date Black Dial,2,17999.98
2026-04-26,TX,New,Glass,1,4.99
2026-04-26,TX,New,Citrus Squeezer Yellow,2,17.98
2026-04-26,CA,Returning,Wooden Rolling Pin,2,23.98
2026-04-26,CA,Returning,Tissue Paper Box,3,7.47
2026-04-26,CA,Returning,Powder Canister,3,44.97
2026-04-26,CA,New,Lenovo Yoga 920,2,2199.98
2026-04-26,CA,New,Rolex Datejust,1,10999.99
2026-04-26,CA,New,Wooden Bathroom Sink With Mirror,3,2399.97
2026-04-26,FL,Returning,House Showpiece Plant,2,79.98
2026-04-26,FL,Returning,Strawberry,1,3.99
2026-04-26,NY,New,Table Lamp,1,49.99
2026-04-26,TX,VIP,Cat Food,1,8.99
2026-04-26,TX,VIP,Dior J'adore,3,269.97
2026-04-26,FL,New,Wooden Bathroom Sink With Mirror,1,799.99
2026-04-26,IL,New,Red Nail Polish,3,26.97
2026-04-26,IL,New,Plate,3,11.97
2026-04-26,IL,New,Brown Leather Belt Watch,2,179.98
2026-04-26,FL,VIP,Apple Airpods,1,129.99
2026-04-26,FL,VIP,Essence Mascara Lash Princess,3,29.97
2026-04-26,FL,VIP,Cooking Oil,3,14.97
2026-04-26,FL,VIP,Family Tree Photo Frame,3,89.97
2026-04-26,WA,VIP,Kiwi,1,2.49
2026-04-26,WA,VIP,Man Plaid Shirt,2,69.98
2026-04-26,WA,VIP,Rolex Submariner Watch,3,41999.97
2026-04-26,WA,VIP,Soft Drinks,3,5.97
2026-04-26,CA,New,Wooden Bathroom Sink With Mirror,2,1599.98
2026-04-26,CA,New,Tray,1,16.99
2026-04-26,WA,New,Fine Mesh Strainer,1,9.99
2026-04-26,WA,New,Eggs,3,8.97
2026-04-26,WA,New,Nescafe Coffee,3,23.97
2026-04-26,WA,New,Bedside Table African Cherry,2,599.98
2026-04-26,CA,VIP,Boxed Blender,3,119.97
2026-04-26,FL,New,Electric Stove,1,49.99
2026-04-26,FL,New,Lemon,2,1.58
2026-04-26,FL,New,Knoll Saarinen Executive Conference Chair,3,1499.97
2026-04-26,FL,New,Chopping Board,2,25.98
2026-04-26,NY,New,Family Tree Photo Frame,1,29.99
2026-04-26,NY,New,Plant Pot,3,44.97
2026-04-26,NY,New,Kitchen Sieve,3,23.97
2026-04-26,NY,VIP,Spice Rack,3,59.97
2026-04-26,NY,VIP,New DELL XPS 13 9300 Laptop,1,1499.99
2026-04-27,FL,Returning,Red Nail Polish,1,8.99
2026-04-27,FL,Returning,Gigabyte Aorus Men Tshirt,2,49.98
2026-04-27,FL,Returning,Powder Canister,1,14.99
2026-04-27,FL,Returning,Red Tongs,2,13.98
2026-04-27,CA,VIP,Rolex Datejust,3,32999.97
2026-04-27,CA,Returning,Family Tree Photo Frame,2,59.98
2026-04-27,CA,Returning,Gigabyte Aorus Men Tshirt,1,24.99
2026-04-27,CA,Returning,Rolex Cellini Moonphase,1,12999.99
2026-04-27,IL,VIP,Wooden Rolling Pin,3,35.97
2026-04-27,CA,New,Potatoes,3,6.87
2026-04-27,CA,New,Man Short Sleeve Shirt,2,39.98
2026-04-27,CA,New,Spice Rack,2,39.98
2026-04-27,CA,New,Table Lamp,1,49.99
2026-04-27,MO,Returning,Knife,2,29.98
2026-04-27,MO,Returning,Chanel Coco Noir Eau De,1,129.99
2026-04-27,GA,New,Powder Canister,3,44.97
2026-04-27,GA,New,Plate,2,7.98
2026-04-27,CA,New,Yellow Peeler,1,5.99
2026-04-27,CA,New,Soft Drinks,3,5.97
2026-04-27,CA,Returning,Nescafe Coffee,3,23.97
2026-04-27,CA,Returning,Lenovo Yoga 920,3,3299.97
2026-04-27,WA,VIP,Brown Leather Belt Watch,3,269.97
2026-04-27,CA,VIP,Bedside Table African Cherry,2,599.98
2026-04-27,GA,VIP,Sports Sneakers Off White Red,2,219.98
2026-04-27,GA,VIP,Slotted Turner,1,8.99
2026-04-27,IL,VIP,Gigabyte Aorus Men Tshirt,1,24.99
2026-04-27,IL,VIP,Wooden Rolling Pin,2,23.98
2026-04-27,IL,VIP,Rolex Datejust,2,21999.98
2026-04-27,IL,VIP,Dior J'adore,1,89.99
2026-04-27,FL,Returning,Annibale Colombo Sofa,1,2499.99
2026-04-27,FL,Returning,Red Tongs,3,20.97
2026-04-27,FL,Returning,Spoon,2,9.98
2026-04-27,FL,Returning,Kiwi,2,4.98
2026-04-27,WA,Returning,Tissue Paper Box,3,7.47
2026-04-27,WA,Returning,Red Nail Polish,2,17.98
2026-04-27,WA,Returning,Fish Steak,1,14.99
2026-04-27,NY,Returning,Cat Food,1,8.99
2026-04-27,NY,Returning,Bedside Table African Cherry,1,299.99
2026-04-27,NY,Returning,Black Aluminium Cup,3,17.97
2026-04-27,CA,VIP,Chicken Meat,1,9.99
2026-04-27,CA,VIP,Ice Cream,1,5.49
2026-04-27,CA,VIP,Essence Mascara Lash Princess,3,29.97
2026-04-27,WA,Returning,Puma Future Rider Trainers,3,269.97
2026-04-27,WA,Returning,Kiwi,1,2.49
2026-04-27,FL,Returning,Black Aluminium Cup,2,11.98
2026-04-27,FL,Returning,Asus Zenbook Pro Dual Screen Laptop,2,3599.98
2026-04-27,FL,Returning,Egg Slicer,1,6.99
2026-04-27,FL,Returning,Soft Drinks,2,3.98
2026-04-27,IL,New,Knoll Saarinen Executive Conference Chair,3,1499.97
2026-04-27,CA,Returning,Ice Cube Tray,2,11.98
2026-04-27,CA,Returning,Plate,1,3.99
2026-04-27,CA,Returning,Wooden Bathroom Sink With Mirror,3,2399.97
2026-04-27,CA,Returning,Huawei Matebook X Pro,1,1399.99
2026-04-27,MO,VIP,House Showpiece Plant,3,119.97
2026-04-27,MO,VIP,Wooden Bathroom Sink With Mirror,2,1599.98
2026-04-27,MO,VIP,Chanel Coco Noir Eau De,3,389.97
2026-04-27,MO,VIP,Fork,1,3.99
2026-04-27,IL,Returning,Wooden Bathroom Sink With Mirror,2,1599.98
2026-04-27,IL,Returning,House Showpiece Plant,1,39.99
2026-04-27,FL,New,Chanel Coco Noir Eau De,2,259.98
2026-04-27,IL,New,Man Short Sleeve Shirt,1,19.99
2026-04-27,IL,New,Brown Leather Belt Watch,3,269.97
2026-04-27,IL,New,Sports Sneakers Off White & Red,2,239.98
2026-04-27,IL,New,Tissue Paper Box,3,7.47
2026-04-27,FL,New,Carbon Steel Wok,3,89.97
2026-04-27,FL,New,Chopping Board,2,25.98
2026-04-27,MO,VIP,Mulberry,1,4.99
2026-04-27,MO,VIP,Puma Future Rider Trainers,3,269.97
2026-04-27,TX,VIP,Kiwi,3,7.47
2026-04-27,TX,VIP,Rolex Cellini Moonphase,2,25999.98
2026-04-27,TX,VIP,Apple MacBook Pro 14 Inch Space Grey,2,3999.98
2026-04-27,TX,VIP,Spoon,3,14.97
2026-04-27,WA,Returning,Eyeshadow Palette with Mirror,3,59.97
2026-04-27,WA,Returning,Decoration Swing,3,179.97
2026-04-27,WA,Returning,Lenovo Yoga 920,3,3299.97
2026-04-27,WA,Returning,Apple Airpods,1,129.99
2026-04-27,TX,Returning,Juice,2,7.98
2026-04-27,TX,Returning,Bedside Table African Cherry,1,299.99
2026-04-27,TX,Returning,Ice Cube Tray,1,5.99
2026-04-27,TX,Returning,Red Lipstick,2,25.98
2026-04-27,IL,Returning,Rolex Cellini Date Black Dial,2,17999.98
2026-04-27,IL,Returning,Ice Cream,2,10.98
2026-04-27,IL,Returning,Boxed Blender,1,39.99
2026-04-27,IL,Returning,Kiwi,1,2.49
2026-04-27,MO,New,Rolex Cellini Date Black Dial,3,26999.97
2026-04-27,FL,VIP,Nike Baseball Cleats,3,239.97
2026-04-27,FL,VIP,Rolex Submariner Watch,1,13999.99
2026-04-27,MO,Returning,Cat Food,2,17.98
2026-04-27,MO,Returning,Rolex Cellini Date Black Dial,2,17999.98
2026-04-27,MO,Returning,Rice,1,5.99
2026-04-27,MO,Returning,Sports Sneakers Off White Red,3,329.97
2026-04-27,WA,VIP,Carbon Steel Wok,2,59.98
2026-04-27,WA,VIP,Green Bell Pepper,3,3.87
2026-04-27,FL,New,Dior J'adore,2,179.98
2026-04-27,FL,New,Kiwi,2,4.98
2026-04-27,FL,New,Bedside Table African Cherry,1,299.99
2026-04-27,NY,VIP,Milk,1,3.49
2026-04-27,NY,VIP,Boxed Blender,2,79.98
2026-04-27,NY,VIP,Longines Master Collection,2,2999.98
2026-04-27,MO,Returning,Rolex Submariner Watch,1,13999.99
2026-04-27,MO,Returning,Annibale Colombo Bed,1,1899.99
2026-04-27,MO,Returning,Fish Steak,2,29.98
2026-04-27,WA,Returning,Yellow Peeler,1,5.99
2026-04-27,MO,Returning,Carbon Steel Wok,1,29.99
2026-04-27,GA,Returning,Puma Future Rider Trainers,1,89.99
2026-04-27,GA,Returning,Carbon Steel Wok,1,29.99
2026-04-27,GA,Returning,Protein Powder,1,19.99
2026-04-27,GA,Returning,Longines Master Collection,3,4499.97
2026-04-27,GA,Returning,Eggs,2,5.98
2026-04-27,GA,Returning,Rolex Submariner Watch,3,41999.97
2026-04-27,GA,Returning,Microwave Oven,2,179.98
2026-04-27,GA,Returning,Gucci Bloom Eau de,2,159.98
2026-04-27,CA,New,Dolce Shine Eau de,3,209.97
2026-04-27,CA,New,Apple,3,5.97
2026-04-27,NY,Returning,Chicken Meat,1,9.99
2026-04-27,NY,Returning,Cucumber,1,1.49
2026-04-27,NY,Returning,Bamboo Spatula,2,15.98
2026-04-27,GA,VIP,New DELL XPS 13 9300 Laptop,3,4499.97
2026-04-27,GA,VIP,Plant Pot,3,44.97
2026-04-27,GA,VIP,Man Short Sleeve Shirt,3,59.97
2026-04-27,GA,VIP,Apple Airpods,2,259.98
2026-04-27,FL,Returning,Silver Pot With Glass Cap,2,79.98
2026-04-27,TX,New,Cat Food,2,17.98
2026-04-27,TX,New,Rolex Submariner Watch,3,41999.97
2026-04-27,FL,VIP,Plant Pot,2,29.98
2026-04-27,TX,Returning,Plate,2,7.98
2026-04-27,TX,Returning,Amazon Echo Plus,1,99.99
2026-04-27,TX,Returning,Eyeshadow Palette with Mirror,1,19.99
2026-04-27,MO,Returning,Amazon Echo Plus,2,199.98
2026-04-27,MO,Returning,Egg Slicer,3,20.97
2026-04-27,MO,Returning,Gucci Bloom Eau de,2,159.98
2026-04-27,MO,Returning,Puma Future Rider Trainers,3,269.97
2026-04-27,FL,New,Table Lamp,1,49.99
2026-04-27,FL,Returning,Microwave Oven,2,179.98
2026-04-27,FL,New,Puma Future Rider Trainers,3,269.97
2026-04-27,FL,New,Family Tree Photo Frame,2,59.98
2026-04-27,FL,New,Men Check Shirt,3,83.97
2026-04-27,IL,New,Grater Black,2,21.98
2026-04-27,IL,New,Plate,2,7.98
2026-04-27,IL,New,Powder Canister,2,29.98
2026-04-27,IL,New,Eyeshadow Palette with Mirror,3,59.97
2026-04-27,IL,New,New DELL XPS 13 9300 Laptop,3,4499.97
2026-04-27,IL,New,Decoration Swing,3,179.97
2026-04-27,TX,VIP,Sports Sneakers Off White & Red,2,239.98
2026-04-27,TX,VIP,Juice,2,7.98
2026-04-27,TX,VIP,Kitchen Sieve,3,23.97
2026-04-27,TX,VIP,Chicken Meat,1,9.99
2026-04-27,IL,Returning,Black Whisk,3,29.97
2026-04-27,IL,Returning,Cooking Oil,3,14.97
2026-04-27,IL,Returning,Microwave Oven,1,89.99
2026-04-27,NY,Returning,Dolce Shine Eau de,3,209.97
2026-04-27,NY,Returning,Protein Powder,2,39.98
2026-04-27,MO,VIP,Tray,2,33.98
2026-04-27,MO,VIP,Fork,1,3.99
2026-04-27,IL,VIP,Men Check Shirt,2,55.98
2026-04-27,IL,VIP,Ice Cream,1,5.49
2026-04-27,GA,VIP,Carbon Steel Wok,1,29.99
2026-04-27,MO,VIP,Chopping Board,2,25.98
2026-04-27,MO,VIP,Juice,2,7.98
2026-04-27,NY,New,Rolex Submariner Watch,1,13999.99
2026-04-27,NY,New,Silver Pot With Glass Cap,3,119.97
2026-04-27,WA,Returning,Gigabyte Aorus Men Tshirt,3,74.97
2026-04-27,WA,Returning,Nike Air Jordan 1 Red And Black,3,449.97
2026-04-27,WA,Returning,Egg Slicer,3,20.97
2026-04-27,WA,Returning,Bedside Table African Cherry,1,299.99
2026-04-27,MO,Returning,Rolex Datejust,1,10999.99
2026-04-27,MO,Returning,Puma Future Rider Trainers,3,269.97
2026-04-27,WA,Returning,Annibale Colombo Bed,1,1899.99
2026-04-27,WA,Returning,Gucci Bloom Eau de,3,239.97
2026-04-27,WA,Returning,Spice Rack,1,19.99
2026-04-27,NY,New,New DELL XPS 13 9300 Laptop,1,1499.99
2026-04-27,NY,New,Decoration Swing,3,179.97
2026-04-27,NY,New,Glass,1,4.99
2026-04-27,FL,New,Rolex Cellini Date Black Dial,2,17999.98
2026-04-27,FL,New,Water,2,1.98
2026-04-27,FL,New,Rolex Datejust,2,21999.98
2026-04-27,GA,VIP,Bamboo Spatula,2,15.98
2026-04-27,GA,VIP,Apple,2,3.98
2026-04-27,GA,VIP,Protein Powder,2,39.98
2026-04-27,IL,VIP,Soft Drinks,2,3.98
2026-04-27,IL,VIP,Mug Tree Stand,2,31.98
2026-04-27,IL,VIP,Yellow Peeler,2,11.98
2026-04-27,IL,New,Microwave Oven,3,269.97
2026-04-27,IL,New,Black Whisk,1,9.99
2026-04-27,GA,VIP,Chopping Board,1,12.99
2026-04-27,GA,VIP,Knife,1,14.99
2026-04-27,GA,VIP,Green Chili Pepper,3,2.97
2026-04-27,MO,Returning,New DELL XPS 13 9300 Laptop,3,4499.97
2026-04-27,MO,Returning,Cucumber,3,4.47
2026-04-27,MO,Returning,Glass,2,9.98
2026-04-27,MO,Returning,House Showpiece Plant,3,119.97
2026-04-27,FL,VIP,Sports Sneakers Off White & Red,1,119.99
2026-04-27,FL,VIP,Wooden Rolling Pin,2,23.98
2026-04-27,FL,VIP,Essence Mascara Lash Princess,3,29.97
2026-04-27,FL,VIP,Kiwi,2,4.98
2026-04-27,FL,VIP,Ice Cream,3,16.47
2026-04-27,FL,VIP,Puma Future Rider Trainers,2,179.98
2026-04-27,CA,New,Men Check Shirt,1,27.99
2026-04-27,CA,New,Egg Slicer,1,6.99
2026-04-27,CA,New,Dolce Shine Eau de,2,139.98
2026-04-27,CA,New,Cat Food,3,26.97
2026-04-28,FL,New,Knoll Saarinen Executive Conference Chair,2,999.98
2026-04-28,FL,New,Mulberry,3,14.97
2026-04-28,FL,New,Nescafe Coffee,2,15.98
2026-04-28,FL,New,Green Chili Pepper,2,1.98
2026-04-28,MO,New,Apple Airpods,1,129.99
2026-04-28,MO,New,Bedside Table African Cherry,2,599.98
2026-04-28,MO,New,Tissue Paper Box,3,7.47
2026-04-28,FL,VIP,Plant Pot,3,44.97
2026-04-28,FL,VIP,Blue & Black Check Shirt,2,59.98
2026-04-28,FL,VIP,Man Short Sleeve Shirt,3,59.97
2026-04-28,FL,VIP,Hand Blender,3,104.97
2026-04-28,WA,Returning,Longines Master Collection,2,2999.98
2026-04-28,WA,Returning,Tissue Paper Box,1,2.49
2026-04-28,WA,Returning,Calvin Klein CK One,1,49.99
2026-04-28,TX,New,Dog Food,2,21.98
2026-04-28,FL,VIP,Kitchen Sieve,2,15.98
2026-04-28,FL,VIP,Puma Future Rider Trainers,2,179.98
2026-04-28,FL,VIP,Decoration Swing,2,119.98
2026-04-28,FL,VIP,Cat Food,2,17.98
2026-04-28,NY,Returning,Cooking Oil,2,9.98
2026-04-28,NY,Returning,Plant Pot,2,29.98
2026-04-28,NY,Returning,Dog Food,3,32.97
2026-04-28,NY,Returning,Spice Rack,3,59.97
2026-04-28,NY,New,Eyeshadow Palette with Mirror,2,39.98
2026-04-28,NY,New,Family Tree Photo Frame,1,29.99
2026-04-28,NY,New,Boxed Blender,2,79.98
2026-04-28,MO,VIP,Rolex Cellini Date Black Dial,3,26999.97
2026-04-28,MO,VIP,Red Nail Polish,3,26.97
2026-04-28,MO,VIP,Blue & Black Check Shirt,2,59.98
2026-04-28,MO,VIP,Juice,1,3.99
2026-04-28,TX,New,Nike Air Jordan 1 Red And Black,1,149.99
2026-04-28,TX,New,Lunch Box,3,38.97
2026-04-28,MO,New,Sports Sneakers Off White & Red,1,119.99
2026-04-28,MO,New,Beef Steak,1,12.99
2026-04-28,MO,New,Fine Mesh Strainer,3,29.97
2026-04-28,MO,New,Green Chili Pepper,1,0.99
2026-04-28,TX,New,Decoration Swing,1,59.99
2026-04-28,TX,New,Blue & Black Check Shirt,2,59.98
2026-04-28,TX,New,Egg Slicer,3,20.97
2026-04-28,IL,New,New DELL XPS 13 9300 Laptop,1,1499.99
2026-04-28,IL,New,Spoon,3,14.97
2026-04-28,FL,Returning,Rolex Cellini Moonphase,1,12999.99
2026-04-28,FL,Returning,Potatoes,3,6.87
2026-04-28,GA,Returning,Sports Sneakers Off White Red,1,109.99
2026-04-28,MO,New,Red Nail Polish,2,17.98
2026-04-28,MO,New,Beef Steak,2,25.98
2026-04-28,MO,New,Green Bell Pepper,1,1.29
2026-04-28,TX,Returning,Nike Baseball Cleats,1,79.99
2026-04-28,TX,Returning,Blue & Black Check Shirt,1,29.99
2026-04-28,TX,Returning,Nescafe Coffee,1,7.99
2026-04-28,TX,VIP,Bedside Table African Cherry,2,599.98
2026-04-28,TX,VIP,Slotted Turner,1,8.99
2026-04-28,TX,VIP,Puma Future Rider Trainers,1,89.99
2026-04-28,TX,VIP,Chanel Coco Noir Eau De,1,129.99
2026-04-28,TX,Returning,New DELL XPS 13 9300 Laptop,1,1499.99
2026-04-28,GA,New,Boxed Blender,3,119.97
2026-04-28,GA,VIP,Hand Blender,2,69.98
2026-04-28,GA,VIP,Lemon,1,0.79
2026-04-28,TX,New,Lemon,3,2.37
2026-04-28,TX,New,Huawei Matebook X Pro,1,1399.99
2026-04-28,FL,VIP,Rolex Datejust,1,10999.99
2026-04-28,TX,New,Microwave Oven,1,89.99
2026-04-28,TX,New,Cat Food,1,8.99
2026-04-28,IL,New,Silver Pot With Glass Cap,1,39.99
2026-04-28,IL,New,Bedside Table African Cherry,3,899.97
2026-04-28,NY,New,Green Bell Pepper,1,1.29
2026-04-28,NY,New,Grater Black,1,10.99
2026-04-28,MO,VIP,Tray,2,33.98
2026-04-28,MO,VIP,Knoll Saarinen Executive Conference Chair,1,499.99
2026-04-28,MO,VIP,Blue & Black Check Shirt,3,89.97
2026-04-28,IL,Returning,Asus Zenbook Pro Dual Screen Laptop,2,3599.98
2026-04-28,IL,Returning,Man Plaid Shirt,1,34.99
2026-04-28,IL,VIP,Calvin Klein CK One,2,99.98
2026-04-28,MO,Returning,Red Onions,3,5.97
2026-04-28,MO,Returning,Cat Food,3,26.97
2026-04-28,MO,Returning,Cooking Oil,3,14.97
2026-04-28,MO,Returning,Huawei Matebook X Pro,3,4199.97
2026-04-28,NY,New,Apple MacBook Pro 14 Inch Space Grey,2,3999.98
2026-04-28,NY,New,Apple Airpods,3,389.97
2026-04-28,NY,New,Nike Baseball Cleats,3,239.97
2026-04-28,NY,New,Eyeshadow Palette with Mirror,2,39.98
2026-04-28,MO,New,Blue & Black Check Shirt,2,59.98
2026-04-28,MO,New,Glass,1,4.99
2026-04-28,MO,New,Dior J'adore,2,179.98
2026-04-28,MO,New,Wooden Bathroom Sink With Mirror,1,799.99
2026-04-28,TX,New,Calvin Klein CK One,1,49.99
2026-04-28,TX,New,Red Onions,2,3.98
2026-04-28,TX,New,Annibale Colombo Bed,3,5699.97
2026-04-28,WA,Returning,Rice,1,5.99
2026-04-28,WA,Returning,Annibale Colombo Sofa,2,4999.98
2026-04-28,NY,VIP,Boxed Blender,3,119.97
2026-04-28,NY,VIP,Wooden Rolling Pin,2,23.98
2026-04-28,WA,Returning,Men Check Shirt,1,27.99
2026-04-28,WA,Returning,Calvin Klein CK One,3,149.97
2026-04-28,WA,Returning,Potatoes,1,2.29
2026-04-28,WA,Returning,Lemon,2,1.58
2026-04-28,IL,Returning,Asus Zenbook Pro Dual Screen Laptop,2,3599.98
2026-04-28,IL,Returning,Dior J'adore,2,179.98
2026-04-28,MO,New,Fish Steak,2,29.98
2026-04-28,MO,New,Table Lamp,2,99.98
2026-04-28,MO,New,Cooking Oil,1,4.99
2026-04-28,MO,New,Glass,3,14.97
2026-04-28,CA,Returning,Chopping Board,1,12.99
2026-04-28,IL,Returning,Annibale Colombo Bed,3,5699.97
2026-04-28,IL,Returning,Ice Cream,2,10.98
2026-04-28,IL,Returning,Nike Air Jordan 1 Red And Black,2,299.98
2026-04-28,IL,Returning,Kitchen Sieve,3,23.97
2026-04-28,IL,Returning,Sports Sneakers Off White & Red,2,239.98
2026-04-28,MO,New,Soft Drinks,3,5.97
2026-04-28,GA,Returning,Water,1,0.99
2026-04-28,IL,VIP,Apple MacBook Pro 14 Inch Space Grey,1,1999.99
2026-04-28,IL,VIP,Red Nail Polish,2,17.98
2026-04-28,IL,VIP,Gucci Bloom Eau de,3,239.97
2026-04-28,IL,VIP,Essence Mascara Lash Princess,3,29.97
2026-04-28,NY,Returning,Brown Leather Belt Watch,3,269.97
2026-04-28,NY,Returning,Beef Steak,2,25.98
2026-04-28,NY,Returning,Dior J'adore,2,179.98
2026-04-28,IL,Returning,Spoon,2,9.98
2026-04-28,IL,Returning,Lunch Box,1,12.99
2026-04-28,IL,Returning,Fork,3,11.97
2026-04-28,IL,Returning,Apple MacBook Pro 14 Inch Space Grey,2,3999.98
2026-04-28,FL,Returning,Kiwi,3,7.47
2026-04-28,FL,Returning,Huawei Matebook X Pro,1,1399.99
2026-04-28,FL,Returning,Calvin Klein CK One,3,149.97
2026-04-28,FL,Returning,Table Lamp,1,49.99
2026-04-28,GA,New,Lenovo Yoga 920,3,3299.97
2026-04-28,GA,New,Yellow Peeler,3,17.97
2026-04-28,GA,New,Silver Pot With Glass Cap,1,39.99
2026-04-28,GA,New,Apple Airpods,3,389.97
2026-04-28,NY,New,Essence Mascara Lash Princess,1,9.99
2026-04-28,NY,New,Red Tongs,2,13.98
2026-04-28,NY,New,Lenovo Yoga 920,2,2199.98
2026-04-28,NY,New,Yellow Peeler,2,11.98
2026-04-28,NY,Returning,Black Whisk,1,9.99
2026-04-28,NY,Returning,Microwave Oven,1,89.99
2026-04-28,IL,New,House Showpiece Plant,2,79.98
2026-04-28,IL,New,Man Plaid Shirt,3,104.97
2026-04-28,MO,VIP,Beef Steak,3,38.97
2026-04-28,MO,VIP,Red Lipstick,1,12.99
2026-04-28,MO,VIP,Chicken Meat,2,19.98
2026-04-28,MO,VIP,Gigabyte Aorus Men Tshirt,1,24.99
2026-04-28,FL,New,Ice Cube Tray,1,5.99
2026-04-28,FL,New,Mug Tree Stand,2,31.98
2026-04-28,FL,New,Kiwi,1,2.49
2026-04-28,MO,New,Beef Steak,1,12.99
2026-04-28,MO,New,Wooden Rolling Pin,1,11.99
2026-04-28,MO,New,Cucumber,2,2.98
2026-04-28,MO,New,Puma Future Rider Trainers,3,269.97
2026-04-28,NY,New,Egg Slicer,2,13.98
2026-04-28,IL,New,Lunch Box,1,12.99
2026-04-28,TX,VIP,Decoration Swing,1,59.99
2026-04-28,TX,VIP,Boxed Blender,3,119.97
2026-04-28,TX,VIP,Plate,1,3.99
2026-04-28,TX,VIP,Knife,3,44.97
2026-04-28,WA,Returning,Wooden Rolling Pin,1,11.99
2026-04-28,WA,Returning,Honey Jar,2,13.98
2026-04-28,TX,VIP,Dolce Shine Eau de,2,139.98
2026-04-28,TX,VIP,Decoration Swing,3,179.97
2026-04-28,TX,VIP,Microwave Oven,2,179.98
2026-04-28,TX,VIP,Apple MacBook Pro 14 Inch Space Grey,1,1999.99
2026-04-28,TX,Returning,Tray,1,16.99
2026-04-28,TX,Returning,Lemon,1,0.79
2026-04-28,CA,Returning,Green Chili Pepper,1,0.99
2026-04-28,CA,Returning,Amazon Echo Plus,2,199.98
2026-04-28,NY,New,Carbon Steel Wok,1,29.99
2026-04-28,NY,New,Nescafe Coffee,1,7.99
2026-04-28,NY,New,Black Whisk,1,9.99
2026-04-28,WA,Returning,Juice,2,7.98
2026-04-28,WA,Returning,Gigabyte Aorus Men Tshirt,1,24.99
2026-04-28,WA,Returning,Citrus Squeezer Yellow,3,26.97
2026-04-28,WA,Returning,Bamboo Spatula,3,23.97
2026-04-28,WA,Returning,Yellow Peeler,2,11.98
2026-04-28,IL,Returning,Pan,1,24.99
2026-04-28,IL,Returning,Yellow Peeler,1,5.99
2026-04-28,IL,Returning,Red Lipstick,2,25.98
2026-04-28,IL,Returning,Egg Slicer,3,20.97
2026-04-28,CA,Returning,Wooden Bathroom Sink With Mirror,2,1599.98
2026-04-28,CA,Returning,Nescafe Coffee,1,7.99
2026-04-28,CA,Returning,Rolex Submariner Watch,3,41999.97
2026-04-28,CA,Returning,Rolex Cellini Moonphase,1,12999.99
2026-04-28,NY,Returning,Lunch Box,1,12.99
2026-04-28,NY,Returning,Rolex Cellini Moonphase,1,12999.99
2026-04-28,NY,Returning,Yellow Peeler,3,17.97
2026-04-28,MO,New,Chicken Meat,2,19.98
2026-04-28,MO,New,Red Tongs,3,20.97
2026-04-29,WA,Returning,Dolce Shine Eau de,1,69.99
2026-04-29,GA,VIP,Wooden Bathroom Sink With Mirror,2,1599.98
2026-04-29,GA,VIP,Cucumber,3,4.47
2026-04-29,GA,VIP,Lunch Box,1,12.99
2026-04-29,GA,VIP,Calvin Klein CK One,2,99.98
2026-04-29,FL,VIP,Essence Mascara Lash Princess,1,9.99
2026-04-29,FL,VIP,Slotted Turner,3,26.97
2026-04-29,GA,Returning,Spoon,2,9.98
2026-04-29,FL,New,New DELL XPS 13 9300 Laptop,3,4499.97
2026-04-29,TX,VIP,Yellow Peeler,3,17.97
2026-04-29,TX,Returning,Rolex Submariner Watch,1,13999.99
2026-04-29,GA,Returning,New DELL XPS 13 9300 Laptop,1,1499.99
2026-04-29,GA,Returning,Tray,1,16.99
2026-04-29,GA,Returning,Black Aluminium Cup,1,5.99
2026-04-29,GA,Returning,Spice Rack,3,59.97
2026-04-29,IL,Returning,Annibale Colombo Bed,1,1899.99
2026-04-29,IL,Returning,Plate,2,7.98
2026-04-29,IL,Returning,Rolex Submariner Watch,1,13999.99
2026-04-29,IL,Returning,Chopping Board,3,38.97
2026-04-29,NY,VIP,Honey Jar,3,20.97
2026-04-29,NY,VIP,Brown Leather Belt Watch,3,269.97
2026-04-29,NY,VIP,Potatoes,1,2.29
2026-04-29,GA,Returning,Huawei Matebook X Pro,3,4199.97
2026-04-29,GA,Returning,Chanel Coco Noir Eau De,2,259.98
2026-04-29,MO,New,Table Lamp,2,99.98
2026-04-29,MO,New,Protein Powder,2,39.98
2026-04-29,MO,New,Gucci Bloom Eau de,1,79.99
2026-04-29,WA,Returning,Sports Sneakers Off White & Red,2,239.98
2026-04-29,WA,Returning,Fork,1,3.99
2026-04-29,WA,Returning,Ice Cube Tray,2,11.98
2026-04-29,WA,Returning,Apple MacBook Pro 14 Inch Space Grey,1,1999.99
2026-04-29,CA,VIP,Apple Airpods,2,259.98
2026-04-29,WA,VIP,Grater Black,3,32.97
2026-04-29,WA,VIP,Green Bell Pepper,1,1.29
2026-04-29,WA,VIP,Microwave Oven,3,269.97
2026-04-29,CA,New,House Showpiece Plant,1,39.99
2026-04-29,CA,New,Slotted Turner,2,17.98
2026-04-29,CA,New,Nike Air Jordan 1 Red And Black,2,299.98
2026-04-29,TX,New,Mulberry,1,4.99
2026-04-29,TX,New,Annibale Colombo Sofa,1,2499.99
2026-04-29,TX,New,Rolex Cellini Moonphase,1,12999.99
2026-04-29,MO,New,Chicken Meat,1,9.99
2026-04-29,MO,New,Lunch Box,3,38.97
2026-04-29,MO,New,Apple Airpods,3,389.97
2026-04-29,MO,New,Juice,3,11.97
2026-04-29,GA,New,New DELL XPS 13 9300 Laptop,2,2999.98
2026-04-29,MO,New,Mulberry,2,9.98
2026-04-29,MO,New,Slotted Turner,2,17.98
2026-04-29,NY,VIP,Electric Stove,1,49.99
2026-04-29,NY,VIP,Mulberry,1,4.99
2026-04-29,NY,VIP,Sports Sneakers Off White Red,1,109.99
2026-04-29,NY,VIP,Rolex Submariner Watch,1,13999.99
2026-04-29,MO,New,Blue & Black Check Shirt,1,29.99
2026-04-29,MO,New,Table Lamp,3,149.97
2026-04-29,MO,New,Boxed Blender,2,79.98
2026-04-29,NY,VIP,Plant Pot,1,14.99
2026-04-29,NY,VIP,Sports Sneakers Off White Red,3,329.97
2026-04-29,MO,VIP,Rice,2,11.98
2026-04-29,MO,VIP,Red Tongs,3,20.97
2026-04-29,NY,Returning,Puma Future Rider Trainers,3,269.97
2026-04-29,TX,Returning,Plate,3,11.97
2026-04-29,TX,VIP,Nescafe Coffee,2,15.98
2026-04-29,TX,VIP,Strawberry,3,11.97
2026-04-29,NY,Returning,Nike Air Jordan 1 Red And Black,3,449.97
2026-04-29,WA,VIP,Fish Steak,2,29.98
2026-04-29,WA,VIP,Sports Sneakers Off White & Red,2,239.98
2026-04-29,WA,VIP,Blue & Black Check Shirt,3,89.97
2026-04-29,IL,New,Bedside Table African Cherry,2,599.98
2026-04-29,IL,New,Nescafe Coffee,1,7.99
2026-04-29,IL,New,Nike Baseball Cleats,2,159.98
2026-04-29,IL,New,Amazon Echo Plus,3,299.97
2026-04-29,WA,VIP,Silver Pot With Glass Cap,2,79.98
2026-04-29,WA,VIP,Fork,1,3.99
2026-04-29,WA,VIP,Green Chili Pepper,3,2.97
2026-04-29,WA,VIP,Rolex Datejust,2,21999.98
2026-04-29,MO,New,Beef Steak,1,12.99
2026-04-29,MO,New,Tissue Paper Box,1,2.49
2026-04-29,MO,New,Potatoes,2,4.58
2026-04-29,GA,VIP,Annibale Colombo Bed,2,3799.98
2026-04-29,GA,VIP,Beef Steak,3,38.97
2026-04-29,CA,New,Hand Blender,1,34.99
2026-04-29,FL,Returning,Knoll Saarinen Executive Conference Chair,1,499.99
2026-04-29,FL,Returning,Potatoes,3,6.87
2026-04-29,FL,Returning,Green Chili Pepper,3,2.97
2026-04-29,WA,New,Mulberry,2,9.98
2026-04-29,WA,New,Beef Steak,2,25.98
2026-04-29,WA,New,Grater Black,2,21.98
2026-04-29,NY,New,Rolex Submariner Watch,2,27999.98
2026-04-29,NY,New,Dior J'adore,1,89.99
2026-04-29,NY,New,Sports Sneakers Off White Red,3,329.97
2026-04-29,NY,New,Microwave Oven,1,89.99
2026-04-29,WA,Returning,Yellow Peeler,1,5.99
2026-04-29,TX,VIP,Powder Canister,3,44.97
2026-04-29,TX,VIP,Men Check Shirt,1,27.99
2026-04-29,NY,New,Citrus Squeezer Yellow,3,26.97
2026-04-29,NY,New,Nike Air Jordan 1 Red And Black,1,149.99
2026-04-29,NY,New,Ice Cube Tray,3,17.97
2026-04-29,NY,New,Man Short Sleeve Shirt,3,59.97
2026-04-29,NY,New,Dior J'adore,1,89.99
2026-04-29,NY,New,Tissue Paper Box,2,4.98
2026-04-29,IL,Returning,Electric Stove,3,149.97
2026-04-29,IL,Returning,House Showpiece Plant,2,79.98
2026-04-29,NY,New,Plate,3,11.97
2026-04-29,NY,New,Puma Future Rider Trainers,2,179.98
2026-04-29,FL,VIP,Bedside Table African Cherry,2,599.98
2026-04-29,FL,VIP,Gigabyte Aorus Men Tshirt,3,74.97
2026-04-29,FL,VIP,Table Lamp,3,149.97
2026-04-29,FL,VIP,Protein Powder,1,19.99
2026-04-29,GA,VIP,Blue & Black Check Shirt,1,29.99
2026-04-29,IL,New,Rolex Cellini Date Black Dial,3,26999.97
2026-04-30,GA,New,Egg Slicer,2,13.98
2026-04-30,FL,Returning,Spice Rack,2,39.98
2026-04-30,FL,Returning,Amazon Echo Plus,2,199.98
2026-04-30,WA,Returning,Apple,2,3.98
2026-04-30,WA,Returning,Spice Rack,1,19.99
2026-04-30,GA,VIP,Juice,3,11.97
2026-04-30,GA,VIP,Ice Cube Tray,2,11.98
2026-04-30,GA,VIP,Ice Cream,1,5.49
2026-04-30,WA,VIP,Eyeshadow Palette with Mirror,2,39.98
2026-04-30,IL,Returning,Decoration Swing,3,179.97
2026-04-30,NY,VIP,Dolce Shine Eau de,2,139.98
2026-04-30,NY,VIP,Mug Tree Stand,3,47.97
2026-04-30,NY,VIP,Man Plaid Shirt,2,69.98
2026-04-30,NY,VIP,Chicken Meat,2,19.98
2026-04-30,GA,New,Egg Slicer,3,20.97
2026-04-30,NY,New,Boxed Blender,3,119.97
2026-04-30,NY,Returning,Man Plaid Shirt,3,104.97
2026-04-30,NY,Returning,Huawei Matebook X Pro,3,4199.97
2026-04-30,NY,Returning,Cooking Oil,3,14.97
2026-04-30,MO,Returning,Hand Blender,1,34.99
2026-04-30,IL,VIP,Eggs,2,5.98
2026-04-30,GA,Returning,Dior J'adore,3,269.97
2026-04-30,GA,Returning,Tissue Paper Box,2,4.98
2026-04-30,GA,Returning,Water,1,0.99
2026-04-30,GA,Returning,Dog Food,2,21.98
2026-04-30,IL,Returning,Plant Pot,1,14.99
2026-04-30,IL,Returning,Fish Steak,2,29.98
2026-04-30,IL,Returning,Rolex Datejust,3,32999.97
2026-04-30,IL,Returning,Gucci Bloom Eau de,1,79.99
2026-04-30,CA,New,Boxed Blender,1,39.99
2026-04-30,NY,Returning,Glass,2,9.98
2026-04-30,NY,Returning,Slotted Turner,2,17.98
2026-04-30,WA,VIP,Juice,2,7.98
2026-04-30,WA,VIP,Lemon,2,1.58
2026-04-30,WA,VIP,Sports Sneakers Off White & Red,2,239.98
2026-04-30,CA,VIP,Slotted Turner,3,26.97
2026-04-30,CA,VIP,Powder Canister,1,14.99
2026-04-30,CA,VIP,Kitchen Sieve,2,15.98
2026-04-30,CA,VIP,Wooden Rolling Pin,3,35.97
2026-04-30,CA,VIP,Plant Pot,2,29.98
2026-04-30,CA,VIP,Family Tree Photo Frame,1,29.99
2026-04-30,CA,VIP,Green Chili Pepper,2,1.98
2026-04-30,CA,VIP,Dior J'adore,3,269.97
2026-04-30,IL,New,Red Onions,3,5.97
2026-04-30,IL,New,Rice,1,5.99
2026-04-30,CA,New,Spoon,3,14.97
2026-04-30,CA,New,Apple MacBook Pro 14 Inch Space Grey,2,3999.98
2026-04-30,CA,New,Juice,1,3.99
2026-04-30,CA,New,Glass,3,14.97
2026-04-30,IL,VIP,Microwave Oven,3,269.97
2026-04-30,IL,VIP,Green Chili Pepper,3,2.97
2026-04-30,GA,VIP,Cat Food,2,17.98
2026-04-30,GA,VIP,Green Bell Pepper,1,1.29
2026-04-30,GA,VIP,Pan,1,24.99
2026-04-30,IL,Returning,New DELL XPS 13 9300 Laptop,3,4499.97
2026-04-30,IL,Returning,Men Check Shirt,1,27.99
2026-04-30,IL,Returning,Tray,2,33.98
2026-04-30,MO,New,Red Onions,3,5.97
2026-04-30,MO,New,Wooden Bathroom Sink With Mirror,2,1599.98
2026-04-30,MO,New,Rolex Submariner Watch,3,41999.97
2026-04-30,MO,New,Annibale Colombo Bed,3,5699.97
2026-04-30,FL,New,Black Whisk,2,19.98
2026-04-30,FL,New,Dog Food,3,32.97
2026-04-30,FL,New,Annibale Colombo Sofa,2,4999.98
2026-04-30,MO,New,Fork,3,11.97
2026-04-30,MO,New,Amazon Echo Plus,2,199.98
2026-04-30,MO,New,Powder Canister,3,44.97
2026-04-30,MO,New,Cooking Oil,1,4.99
2026-04-30,IL,Returning,Egg Slicer,1,6.99
2026-04-30,IL,Returning,Tray,1,16.99
2026-04-30,IL,Returning,Black Aluminium Cup,3,17.97
2026-04-30,WA,New,Gigabyte Aorus Men Tshirt,3,74.97
2026-04-30,WA,New,Knoll Saarinen Executive Conference Chair,2,999.98
2026-04-30,MO,New,Fish Steak,3,44.97
2026-04-30,MO,New,Longines Master Collection,1,1499.99
2026-04-30,MO,New,Knoll Saarinen Executive Conference Chair,1,499.99
2026-04-30,CA,New,Family Tree Photo Frame,1,29.99
2026-04-30,CA,New,Hand Blender,1,34.99
2026-04-30,TX,Returning,Fine Mesh Strainer,3,29.97
2026-04-30,TX,Returning,Silver Pot With Glass Cap,2,79.98
2026-04-30,WA,VIP,Rolex Cellini Date Black Dial,1,8999.99
2026-04-30,WA,VIP,Rice,1,5.99
2026-04-30,FL,VIP,Annibale Colombo Bed,3,5699.97
2026-04-30,FL,VIP,Amazon Echo Plus,3,299.97
2026-04-30,GA,New,Wooden Bathroom Sink With Mirror,2,1599.98
2026-04-30,GA,New,Water,3,2.97
2026-04-30,MO,Returning,Nescafe Coffee,1,7.99
2026-04-30,NY,Returning,Man Short Sleeve Shirt,2,39.98
2026-04-30,NY,Returning,Huawei Matebook X Pro,1,1399.99
2026-04-30,NY,Returning,Kiwi,2,4.98
2026-04-30,NY,Returning,Apple Airpods,1,129.99
2026-04-30,WA,Returning,Kiwi,2,4.98
2026-04-30,FL,VIP,Potatoes,1,2.29
2026-04-30,FL,VIP,Microwave Oven,1,89.99
2026-04-30,FL,VIP,Ice Cube Tray,3,17.97
2026-04-30,FL,VIP,Grater Black,2,21.98
2026-04-30,TX,New,Water,3,2.97
2026-04-30,TX,New,Glass,3,14.97
2026-04-30,TX,New,Spice Rack,2,39.98
2026-04-30,TX,New,Wooden Bathroom Sink With Mirror,1,799.99
2026-04-30,FL,Returning,Gucci Bloom Eau de,3,239.97
2026-04-30,FL,Returning,Bamboo Spatula,1,7.99
2026-04-30,FL,Returning,Tray,3,50.97
2026-04-30,FL,Returning,Family Tree Photo Frame,1,29.99
2026-04-30,TX,New,Cucumber,1,1.49
2026-04-30,TX,New,Chopping Board,1,12.99
2026-04-30,TX,New,Nescafe Coffee,1,7.99
2026-04-30,TX,New,Spoon,1,4.99
2026-04-30,MO,Returning,Black Aluminium Cup,2,11.98
2026-04-30,GA,Returning,Silver Pot With Glass Cap,2,79.98
2026-04-30,WA,New,Potatoes,2,4.58
2026-04-30,WA,New,Grater Black,2,21.98
2026-04-30,WA,New,Apple MacBook Pro 14 Inch Space Grey,1,1999.99
2026-04-30,WA,New,Puma Future Rider Trainers,2,179.98
2026-04-30,WA,New,Bedside Table African Cherry,3,899.97
2026-04-30,WA,New,Wooden Bathroom Sink With Mirror,3,2399.97
2026-04-30,IL,VIP,Microwave Oven,1,89.99
2026-04-30,MO,VIP,Lemon,3,2.37
2026-04-30,TX,Returning,Plant Pot,2,29.98
2026-04-30,TX,Returning,Lemon,3,2.37
2026-04-30,TX,Returning,Grater Black,2,21.98
2026-04-30,NY,New,Egg Slicer,2,13.98
2026-05-01,IL,New,Knoll Saarinen Executive Conference Chair,1,499.99
2026-05-01,IL,New,Puma Future Rider Trainers,1,89.99
2026-05-01,IL,New,Man Short Sleeve Shirt,3,59.97
2026-05-01,IL,New,House Showpiece Plant,3,119.97
2026-05-01,IL,Returning,Potatoes,1,2.29
2026-05-01,IL,Returning,Lemon,3,2.37
2026-05-01,IL,Returning,House Showpiece Plant,1,39.99
2026-05-01,NY,New,Water,3,2.97
2026-05-01,NY,New,House Showpiece Plant,2,79.98
2026-05-01,NY,New,Spice Rack,1,19.99
2026-05-01,NY,New,Huawei Matebook X Pro,2,2799.98
2026-05-01,WA,Returning,Black Aluminium Cup,3,17.97
2026-05-01,WA,Returning,Microwave Oven,3,269.97
2026-05-01,WA,Returning,Glass,2,9.98
2026-05-01,WA,New,Rolex Cellini Date Black Dial,2,17999.98
2026-05-01,FL,Returning,Dolce Shine Eau de,2,139.98
2026-05-01,IL,New,Apple MacBook Pro 14 Inch Space Grey,2,3999.98
2026-05-01,TX,Returning,Annibale Colombo Bed,3,5699.97
2026-05-01,FL,Returning,Electric Stove,3,149.97
2026-05-01,FL,Returning,Man Short Sleeve Shirt,1,19.99
2026-05-01,FL,Returning,Chopping Board,3,38.97
2026-05-01,FL,Returning,Carbon Steel Wok,2,59.98
2026-05-01,NY,VIP,Green Bell Pepper,3,3.87
2026-05-01,NY,VIP,Puma Future Rider Trainers,1,89.99
2026-05-01,WA,Returning,Dior J'adore,1,89.99
2026-05-01,WA,Returning,Man Plaid Shirt,1,34.99
2026-05-01,NY,Returning,Mug Tree Stand,2,31.98
2026-05-01,GA,VIP,Powder Canister,3,44.97
2026-05-01,IL,VIP,Pan,3,74.97
2026-05-01,MO,VIP,Dog Food,1,10.99
2026-05-01,FL,Returning,Kitchen Sieve,2,15.98
2026-05-01,FL,Returning,Red Nail Polish,2,17.98
2026-05-01,FL,Returning,Honey Jar,3,20.97
2026-05-01,FL,Returning,Red Lipstick,2,25.98
2026-05-01,IL,VIP,Annibale Colombo Sofa,3,7499.97
2026-05-01,IL,VIP,Pan,3,74.97
2026-05-01,IL,VIP,Electric Stove,3,149.97
2026-05-01,NY,New,Green Bell Pepper,2,2.58
2026-05-01,NY,New,Microwave Oven,2,179.98
2026-05-01,NY,New,Ice Cream,2,10.98
2026-05-01,NY,New,Amazon Echo Plus,2,199.98
2026-05-01,GA,Returning,Annibale Colombo Sofa,1,2499.99
2026-05-01,WA,New,Wooden Rolling Pin,1,11.99
2026-05-01,WA,New,Soft Drinks,2,3.98
2026-05-01,WA,New,Sports Sneakers Off White & Red,3,359.97
2026-05-01,TX,Returning,Silver Pot With Glass Cap,1,39.99
2026-05-01,TX,Returning,Essence Mascara Lash Princess,2,19.98
2026-05-01,WA,VIP,Bedside Table African Cherry,1,299.99
2026-05-01,WA,VIP,Silver Pot With Glass Cap,1,39.99
2026-05-01,NY,VIP,Chicken Meat,1,9.99
2026-05-01,NY,VIP,Rolex Datejust,3,32999.97
2026-05-01,IL,VIP,Longines Master Collection,3,4499.97
2026-05-01,IL,VIP,Rolex Submariner Watch,2,27999.98
2026-05-01,IL,VIP,Silver Pot With Glass Cap,3,119.97
2026-05-01,IL,VIP,Apple,1,1.99
2026-05-01,IL,New,Nike Baseball Cleats,1,79.99
2026-05-01,IL,New,Green Bell Pepper,2,2.58
2026-05-01,IL,New,Wooden Bathroom Sink With Mirror,3,2399.97
2026-05-01,MO,VIP,Cucumber,2,2.98
2026-05-01,MO,VIP,Boxed Blender,1,39.99
2026-05-01,IL,New,Dolce Shine Eau de,1,69.99
2026-05-01,IL,New,Sports Sneakers Off White & Red,3,359.97
2026-05-01,IL,New,Egg Slicer,1,6.99
2026-05-01,IL,New,Apple MacBook Pro 14 Inch Space Grey,3,5999.97
2026-05-01,CA,Returning,Silver Pot With Glass Cap,2,79.98
2026-05-01,CA,New,Carbon Steel Wok,1,29.99
2026-05-01,CA,New,Tray,2,33.98
2026-05-01,CA,New,Glass,3,14.97
2026-05-01,WA,Returning,Chanel Coco Noir Eau De,3,389.97
2026-05-01,WA,Returning,Mug Tree Stand,2,31.98
2026-05-01,WA,Returning,Juice,1,3.99
2026-05-01,WA,Returning,Fine Mesh Strainer,1,9.99
2026-05-01,NY,New,Nescafe Coffee,3,23.97
2026-05-01,NY,New,Red Lipstick,1,12.99
2026-05-01,NY,New,Rolex Cellini Moonphase,2,25999.98
2026-05-01,MO,VIP,Dior J'adore,3,269.97
2026-05-01,MO,New,Lenovo Yoga 920,1,1099.99
2026-05-01,MO,New,Green Bell Pepper,3,3.87
2026-05-01,TX,New,Dog Food,3,32.97
2026-05-01,TX,New,Egg Slicer,3,20.97
2026-05-01,TX,New,Red Lipstick,3,38.97
2026-05-01,TX,New,Ice Cube Tray,1,5.99
2026-05-01,NY,New,Beef Steak,3,38.97
2026-05-01,NY,New,Mug Tree Stand,2,31.98
2026-05-01,NY,New,Grater Black,1,10.99
2026-05-01,TX,VIP,Kiwi,2,4.98
2026-05-01,TX,VIP,Mug Tree Stand,3,47.97
2026-05-01,TX,VIP,Powder Canister,1,14.99
2026-05-01,TX,VIP,Apple,3,5.97
2026-05-01,NY,Returning,Red Onions,3,5.97
2026-05-01,NY,Returning,Tray,1,16.99
2026-05-01,TX,Returning,Dog Food,2,21.98
2026-05-01,TX,Returning,Brown Leather Belt Watch,1,89.99
2026-05-01,TX,Returning,Lunch Box,1,12.99
2026-05-01,TX,Returning,Slotted Turner,1,8.99
2026-05-01,IL,New,Dog Food,1,10.99
2026-05-01,IL,New,Citrus Squeezer Yellow,2,17.98
2026-05-01,IL,New,Microwave Oven,3,269.97
2026-05-01,TX,Returning,Bamboo Spatula,3,23.97
2026-05-01,TX,Returning,Hand Blender,2,69.98
2026-05-01,TX,Returning,Gigabyte Aorus Men Tshirt,2,49.98
2026-05-01,NY,VIP,Chanel Coco Noir Eau De,1,129.99
2026-05-01,GA,VIP,Lunch Box,2,25.98
2026-05-01,MO,New,Cucumber,3,4.47
2026-05-01,MO,New,Kiwi,1,2.49
2026-05-01,MO,New,Man Plaid Shirt,3,104.97
2026-05-01,MO,New,Gucci Bloom Eau de,3,239.97
2026-05-01,FL,Returning,Red Onions,2,3.98
2026-05-01,NY,VIP,Bedside Table African Cherry,1,299.99
2026-05-01,NY,VIP,Decoration Swing,3,179.97
2026-05-01,NY,VIP,Red Nail Polish,3,26.97
2026-05-01,MO,VIP,Red Nail Polish,2,17.98
2026-05-01,MO,VIP,Potatoes,3,6.87
2026-05-01,MO,Returning,Lemon,1,0.79
2026-05-01,MO,Returning,Man Short Sleeve Shirt,1,19.99
2026-05-01,MO,Returning,Knoll Saarinen Executive Conference Chair,2,999.98
2026-05-01,MO,Returning,Rice,3,17.97
2026-05-01,MO,New,Rolex Cellini Moonphase,1,12999.99
2026-05-01,MO,New,Tissue Paper Box,3,7.47
2026-05-01,MO,New,Red Nail Polish,1,8.99
2026-05-01,IL,New,Potatoes,1,2.29
2026-05-01,MO,Returning,Powder Canister,1,14.99
2026-05-01,MO,Returning,Eggs,3,8.97
2026-05-01,MO,Returning,Annibale Colombo Sofa,3,7499.97
2026-05-01,MO,Returning,Egg Slicer,2,13.98
2026-05-01,FL,Returning,Carbon Steel Wok,3,89.97
2026-05-01,FL,Returning,Amazon Echo Plus,2,199.98
2026-05-01,FL,Returning,Bamboo Spatula,1,7.99
2026-05-01,MO,VIP,Carbon Steel Wok,2,59.98
2026-05-01,MO,VIP,Rolex Cellini Moonphase,2,25999.98
2026-05-01,IL,New,Citrus Squeezer Yellow,3,26.97
2026-05-02,CA,VIP,Strawberry,3,11.97
2026-05-02,CA,VIP,Fish Steak,3,44.97
2026-05-02,CA,Returning,Man Plaid Shirt,2,69.98
2026-05-02,CA,Returning,Slotted Turner,2,17.98
2026-05-02,CA,Returning,Annibale Colombo Sofa,3,7499.97
2026-05-02,CA,Returning,House Showpiece Plant,1,39.99
2026-05-02,GA,Returning,Kitchen Sieve,1,7.99
2026-05-02,GA,Returning,Ice Cube Tray,1,5.99
2026-05-02,GA,Returning,Nike Air Jordan 1 Red And Black,2,299.98
2026-05-02,GA,Returning,Strawberry,2,7.98
2026-05-02,FL,Returning,Bamboo Spatula,1,7.99
2026-05-02,FL,Returning,Spice Rack,1,19.99
2026-05-02,FL,Returning,Black Aluminium Cup,1,5.99
2026-05-02,FL,Returning,Green Chili Pepper,2,1.98
2026-05-02,MO,Returning,Chicken Meat,2,19.98
2026-05-02,MO,Returning,Plate,3,11.97
2026-05-02,MO,Returning,Honey Jar,1,6.99
2026-05-02,FL,Returning,Rolex Datejust,3,32999.97
2026-05-02,MO,VIP,Chicken Meat,2,19.98
2026-05-02,MO,VIP,Kitchen Sieve,1,7.99
2026-05-02,CA,VIP,Nescafe Coffee,3,23.97
2026-05-02,CA,VIP,Longines Master Collection,1,1499.99
2026-05-02,CA,VIP,Knoll Saarinen Executive Conference Chair,1,499.99
2026-05-02,NY,New,Asus Zenbook Pro Dual Screen Laptop,2,3599.98
2026-05-02,MO,Returning,Essence Mascara Lash Princess,1,9.99
2026-05-02,MO,Returning,Kitchen Sieve,2,15.98
2026-05-02,TX,VIP,Longines Master Collection,1,1499.99
2026-05-02,TX,VIP,Nike Air Jordan 1 Red And Black,1,149.99
2026-05-02,TX,VIP,Knife,3,44.97
2026-05-02,TX,VIP,Eyeshadow Palette with Mirror,1,19.99
2026-05-02,NY,Returning,Fork,3,11.97
2026-05-02,NY,Returning,Dior J'adore,1,89.99
2026-05-02,NY,Returning,Decoration Swing,1,59.99
2026-05-02,NY,Returning,Grater Black,1,10.99
2026-05-02,CA,VIP,Milk,2,6.98
2026-05-02,CA,VIP,Apple Airpods,3,389.97
2026-05-02,CA,VIP,Chicken Meat,2,19.98
2026-05-02,CA,VIP,Red Nail Polish,2,17.98
2026-05-02,CA,VIP,Gigabyte Aorus Men Tshirt,2,49.98
2026-05-02,CA,VIP,Chopping Board,1,12.99
2026-05-02,WA,Returning,Annibale Colombo Bed,3,5699.97
2026-05-02,WA,Returning,Chanel Coco Noir Eau De,1,129.99
2026-05-02,WA,Returning,Microwave Oven,1,89.99
2026-05-02,IL,Returning,Chicken Meat,1,9.99
2026-05-02,IL,Returning,Silver Pot With Glass Cap,1,39.99
2026-05-02,IL,Returning,Slotted Turner,1,8.99
2026-05-02,CA,Returning,Tissue Paper Box,1,2.49
2026-05-02,CA,Returning,Wooden Rolling Pin,1,11.99
2026-05-02,NY,VIP,Chanel Coco Noir Eau De,1,129.99
2026-05-02,NY,VIP,Nescafe Coffee,2,15.98
2026-05-02,NY,VIP,Plant Pot,2,29.98
2026-05-02,NY,VIP,Electric Stove,1,49.99
2026-05-02,NY,VIP,Essence Mascara Lash Princess,2,19.98
2026-05-02,NY,VIP,Tissue Paper Box,2,4.98
2026-05-02,MO,New,Mug Tree Stand,2,31.98
2026-05-02,MO,New,Rolex Submariner Watch,1,13999.99
2026-05-02,TX,New,Microwave Oven,3,269.97
2026-05-02,GA,New,Ice Cream,2,10.98
2026-05-02,GA,New,Eyeshadow Palette with Mirror,1,19.99
2026-05-02,GA,New,Blue & Black Check Shirt,2,59.98
2026-05-02,FL,Returning,Beef Steak,2,25.98
2026-05-02,FL,Returning,Knife,1,14.99
2026-05-02,FL,Returning,Longines Master Collection,2,2999.98
2026-05-02,IL,New,Essence Mascara Lash Princess,1,9.99
2026-05-02,NY,New,Citrus Squeezer Yellow,3,26.97
2026-05-02,MO,New,Honey Jar,2,13.98
2026-05-02,MO,New,Dog Food,1,10.99
2026-05-02,MO,New,Cooking Oil,1,4.99
2026-05-02,MO,New,Rice,3,17.97
2026-05-02,GA,Returning,Nike Air Jordan 1 Red And Black,2,299.98
2026-05-02,MO,New,Dolce Shine Eau de,2,139.98
2026-05-02,MO,New,Huawei Matebook X Pro,3,4199.97
2026-05-02,NY,New,Chopping Board,3,38.97
2026-05-02,CA,VIP,Essence Mascara Lash Princess,2,19.98
2026-05-02,CA,VIP,Amazon Echo Plus,1,99.99
2026-05-02,CA,VIP,Microwave Oven,1,89.99
2026-05-02,WA,VIP,Sports Sneakers Off White Red,3,329.97
2026-05-02,WA,VIP,Black Whisk,2,19.98
2026-05-02,FL,Returning,Green Bell Pepper,3,3.87
2026-05-02,FL,Returning,Calvin Klein CK One,1,49.99
2026-05-02,FL,Returning,Rolex Cellini Moonphase,2,25999.98
2026-05-02,FL,Returning,Mulberry,2,9.98
2026-05-02,CA,VIP,House Showpiece Plant,1,39.99
2026-05-02,CA,VIP,Plant Pot,3,44.97
2026-05-02,CA,VIP,Chicken Meat,1,9.99
2026-05-02,CA,VIP,Knife,1,14.99
2026-05-02,NY,New,Blue & Black Check Shirt,3,89.97
2026-05-02,NY,New,Glass,1,4.99
2026-05-02,NY,New,Microwave Oven,2,179.98
2026-05-02,NY,New,Wooden Bathroom Sink With Mirror,1,799.99
2026-05-02,NY,VIP,Red Nail Polish,3,26.97
2026-05-02,TX,VIP,Chicken Meat,1,9.99
2026-05-02,TX,VIP,Yellow Peeler,1,5.99
2026-05-02,TX,VIP,Potatoes,3,6.87
2026-05-02,GA,New,Apple MacBook Pro 14 Inch Space Grey,2,3999.98
2026-05-02,GA,New,Wooden Rolling Pin,3,35.97
2026-05-02,GA,New,Spice Rack,3,59.97
2026-05-02,GA,New,Men Check Shirt,1,27.99
2026-05-02,MO,Returning,Red Onions,2,3.98
2026-05-02,MO,Returning,Family Tree Photo Frame,2,59.98
2026-05-02,MO,Returning,Knife,2,29.98
2026-05-02,WA,New,Brown Leather Belt Watch,3,269.97
2026-05-02,WA,New,Wooden Rolling Pin,1,11.99
2026-05-02,WA,New,Ice Cream,2,10.98
2026-05-02,WA,New,Ice Cube Tray,1,5.99
2026-05-02,IL,New,Boxed Blender,3,119.97
2026-05-02,FL,VIP,Hand Blender,3,104.97
2026-05-02,FL,VIP,Red Nail Polish,1,8.99
2026-05-02,FL,VIP,Gucci Bloom Eau de,1,79.99
2026-05-02,FL,VIP,Fish Steak,3,44.97
2026-05-02,GA,VIP,Mulberry,1,4.99
2026-05-02,GA,VIP,Asus Zenbook Pro Dual Screen Laptop,3,5399.97
2026-05-02,GA,VIP,Gucci Bloom Eau de,2,159.98
2026-05-02,GA,VIP,Apple MacBook Pro 14 Inch Space Grey,1,1999.99
2026-05-02,GA,New,Tray,1,16.99
2026-05-02,FL,New,Gigabyte Aorus Men Tshirt,2,49.98
2026-05-02,FL,New,Family Tree Photo Frame,3,89.97
2026-05-02,FL,New,Calvin Klein CK One,1,49.99
2026-05-02,FL,New,Tray,3,50.97
2026-05-02,NY,VIP,Chopping Board,1,12.99
2026-05-02,GA,New,Milk,3,10.47
2026-05-02,GA,New,Red Tongs,1,6.99
2026-05-02,TX,VIP,Annibale Colombo Sofa,2,4999.98
2026-05-02,TX,VIP,Longines Master Collection,2,2999.98
2026-05-02,TX,VIP,Ice Cube Tray,3,17.97
2026-05-02,WA,VIP,Eyeshadow Palette with Mirror,3,59.97
2026-05-02,WA,VIP,Red Onions,2,3.98
2026-05-02,WA,VIP,Nike Air Jordan 1 Red And Black,1,149.99
2026-05-02,WA,VIP,Knoll Saarinen Executive Conference Chair,1,499.99
2026-05-02,MO,Returning,Grater Black,2,21.98
2026-05-02,MO,Returning,Sports Sneakers Off White & Red,1,119.99
2026-05-02,MO,Returning,Nike Baseball Cleats,3,239.97
2026-05-02,CA,VIP,Annibale Colombo Bed,1,1899.99
2026-05-02,CA,VIP,Red Nail Polish,3,26.97
2026-05-02,MO,Returning,Strawberry,1,3.99
2026-05-02,MO,Returning,Microwave Oven,2,179.98
2026-05-02,MO,Returning,Dolce Shine Eau de,1,69.99
2026-05-02,MO,Returning,Annibale Colombo Bed,2,3799.98
2026-05-02,IL,Returning,New DELL XPS 13 9300 Laptop,3,4499.97
2026-05-02,CA,Returning,Rice,3,17.97
2026-05-02,WA,New,Strawberry,1,3.99
2026-05-02,WA,New,Decoration Swing,3,179.97
2026-05-02,WA,New,Yellow Peeler,3,17.97
2026-05-02,WA,New,Electric Stove,3,149.97
2026-05-02,GA,VIP,Sports Sneakers Off White & Red,2,239.98
2026-05-02,GA,VIP,Man Plaid Shirt,1,34.99
2026-05-02,GA,VIP,Spoon,1,4.99
2026-05-02,GA,VIP,Lunch Box,3,38.97
2026-05-03,GA,New,Table Lamp,2,99.98
2026-05-03,GA,New,Milk,2,6.98
2026-05-03,GA,New,Dolce Shine Eau de,2,139.98
2026-05-03,GA,New,Cooking Oil,1,4.99
2026-05-03,IL,New,Lenovo Yoga 920,3,3299.97
2026-05-03,IL,New,Beef Steak,3,38.97
2026-05-03,IL,New,Protein Powder,3,59.97
2026-05-03,IL,New,Wooden Rolling Pin,2,23.98
2026-05-03,WA,VIP,Blue & Black Check Shirt,1,29.99
2026-05-03,WA,VIP,Red Nail Polish,2,17.98
2026-05-03,FL,VIP,Rolex Cellini Moonphase,2,25999.98
2026-05-03,FL,VIP,Carbon Steel Wok,1,29.99
2026-05-03,FL,VIP,Family Tree Photo Frame,1,29.99
2026-05-03,GA,VIP,Gigabyte Aorus Men Tshirt,2,49.98
2026-05-03,IL,New,Chicken Meat,3,29.97
2026-05-03,IL,New,Apple Airpods,3,389.97
2026-05-03,IL,New,Carbon Steel Wok,3,89.97
2026-05-03,IL,New,Black Whisk,1,9.99
2026-05-03,MO,VIP,Tray,2,33.98
2026-05-03,MO,VIP,Annibale Colombo Bed,1,1899.99
2026-05-03,MO,VIP,Mulberry,1,4.99
2026-05-03,MO,VIP,Grater Black,3,32.97
2026-05-03,TX,VIP,Kiwi,2,4.98
2026-05-03,TX,VIP,Mulberry,1,4.99
2026-05-03,TX,VIP,Asus Zenbook Pro Dual Screen Laptop,1,1799.99
2026-05-03,TX,VIP,Strawberry,2,7.98
2026-05-03,CA,VIP,Strawberry,3,11.97
2026-05-03,FL,Returning,Rolex Datejust,1,10999.99
2026-05-03,FL,Returning,Blue & Black Check Shirt,2,59.98
2026-05-03,MO,VIP,Spice Rack,3,59.97
2026-05-03,MO,VIP,Spoon,3,14.97
2026-05-03,TX,VIP,Decoration Swing,3,179.97
2026-05-03,TX,VIP,Rolex Submariner Watch,1,13999.99
2026-05-03,TX,VIP,Soft Drinks,3,5.97
2026-05-03,TX,VIP,Rolex Cellini Date Black Dial,3,26999.97
2026-05-03,WA,Returning,Apple Airpods,3,389.97
2026-05-03,IL,Returning,Plate,3,11.97
2026-05-03,IL,Returning,Glass,1,4.99
2026-05-03,FL,New,Egg Slicer,3,20.97
2026-05-03,FL,New,Boxed Blender,3,119.97
2026-05-03,FL,New,Sports Sneakers Off White & Red,1,119.99
2026-05-03,FL,Returning,Hand Blender,1,34.99
2026-05-03,FL,Returning,Potatoes,3,6.87
2026-05-03,FL,Returning,Yellow Peeler,3,17.97
2026-05-03,FL,Returning,Boxed Blender,2,79.98
2026-05-03,FL,New,Potatoes,2,4.58
2026-05-03,FL,New,Apple Airpods,2,259.98
2026-05-03,FL,New,Blue & Black Check Shirt,3,89.97
2026-05-03,FL,New,Knoll Saarinen Executive Conference Chair,1,499.99
2026-05-03,FL,New,Apple,2,3.98
2026-05-03,FL,New,Carbon Steel Wok,3,89.97
2026-05-03,FL,New,Red Lipstick,1,12.99
2026-05-03,IL,Returning,Nike Air Jordan 1 Red And Black,1,149.99
2026-05-03,MO,Returning,Longines Master Collection,2,2999.98
2026-05-03,MO,Returning,Wooden Bathroom Sink With Mirror,2,1599.98
2026-05-03,MO,Returning,Plate,2,7.98
2026-05-03,WA,Returning,Asus Zenbook Pro Dual Screen Laptop,1,1799.99
2026-05-03,MO,VIP,Plant Pot,2,29.98
2026-05-03,MO,VIP,Dior J'adore,1,89.99
2026-05-03,MO,VIP,Table Lamp,3,149.97
2026-05-03,MO,VIP,Silver Pot With Glass Cap,2,79.98
2026-05-03,NY,Returning,Puma Future Rider Trainers,1,89.99
2026-05-03,NY,Returning,Cat Food,1,8.99
2026-05-03,NY,Returning,New DELL XPS 13 9300 Laptop,1,1499.99
2026-05-03,TX,Returning,Cooking Oil,2,9.98
2026-05-03,TX,Returning,Knife,3,44.97
2026-05-03,TX,Returning,Longines Master Collection,2,2999.98
2026-05-03,TX,Returning,Chanel Coco Noir Eau De,3,389.97
2026-05-03,TX,VIP,Green Bell Pepper,2,2.58
2026-05-03,TX,VIP,Bedside Table African Cherry,3,899.97
2026-05-03,TX,VIP,Essence Mascara Lash Princess,3,29.97
2026-05-03,TX,VIP,Glass,2,9.98
2026-05-03,CA,VIP,Yellow Peeler,2,11.98
2026-05-03,CA,VIP,Rolex Submariner Watch,3,41999.97
2026-05-03,CA,VIP,Rice,3,17.97
2026-05-03,CA,Returning,Mulberry,2,9.98
2026-05-03,CA,Returning,Potatoes,3,6.87
2026-05-03,CA,Returning,Mug Tree Stand,2,31.98
2026-05-03,CA,Returning,Silver Pot With Glass Cap,3,119.97
2026-05-03,MO,Returning,Apple,1,1.99
2026-05-03,MO,Returning,Egg Slicer,3,20.97
2026-05-03,MO,Returning,Lunch Box,2,25.98
2026-05-03,MO,New,Fine Mesh Strainer,2,19.98
2026-05-03,NY,New,Soft Drinks,2,3.98
2026-05-03,NY,New,Man Plaid Shirt,2,69.98
2026-05-03,NY,New,Spice Rack,2,39.98
2026-05-03,WA,VIP,House Showpiece Plant,2,79.98
2026-05-03,FL,Returning,Men Check Shirt,3,83.97
2026-05-03,FL,Returning,Powder Canister,1,14.99
2026-05-03,FL,Returning,Gucci Bloom Eau de,2,159.98
2026-05-03,FL,Returning,Fine Mesh Strainer,2,19.98
2026-05-04,TX,New,Spoon,2,9.98
2026-05-04,TX,New,Water,3,2.97
2026-05-04,TX,New,Carbon Steel Wok,1,29.99
2026-05-04,CA,VIP,Green Chili Pepper,3,2.97
2026-05-04,CA,VIP,Plate,2,7.98
2026-05-04,CA,VIP,Black Aluminium Cup,1,5.99
2026-05-04,CA,VIP,Chopping Board,2,25.98
2026-05-04,IL,Returning,Bedside Table African Cherry,2,599.98
2026-05-04,IL,Returning,Protein Powder,3,59.97
2026-05-04,IL,Returning,Rolex Datejust,3,32999.97
2026-05-04,IL,Returning,Fork,3,11.97
2026-05-04,GA,VIP,Dior J'adore,1,89.99
2026-05-04,GA,VIP,Juice,3,11.97
2026-05-04,GA,VIP,Red Tongs,1,6.99
2026-05-04,WA,New,Knoll Saarinen Executive Conference Chair,2,999.98
2026-05-04,WA,New,Strawberry,1,3.99
2026-05-04,WA,New,Annibale Colombo Sofa,1,2499.99
2026-05-04,WA,VIP,Apple,2,3.98
2026-05-04,NY,New,Cat Food,2,17.98
2026-05-04,GA,New,Knife,3,44.97
2026-05-04,FL,Returning,Rolex Submariner Watch,2,27999.98
2026-05-04,FL,Returning,Annibale Colombo Bed,3,5699.97
2026-05-04,NY,New,Apple,1,1.99
2026-05-04,NY,New,Dolce Shine Eau de,2,139.98
2026-05-04,NY,New,Red Onions,3,5.97
2026-05-04,MO,New,Apple,3,5.97
2026-05-04,GA,VIP,Annibale Colombo Bed,1,1899.99
2026-05-04,GA,VIP,Essence Mascara Lash Princess,3,29.97
2026-05-04,TX,Returning,Family Tree Photo Frame,3,89.97
2026-05-04,TX,Returning,Fish Steak,1,14.99
2026-05-04,TX,Returning,Eyeshadow Palette with Mirror,1,19.99
2026-05-04,CA,Returning,Egg Slicer,3,20.97
2026-05-04,NY,Returning,Tissue Paper Box,2,4.98
2026-05-04,IL,New,Man Short Sleeve Shirt,2,39.98
2026-05-04,MO,VIP,Water,3,2.97
2026-05-04,GA,Returning,Wooden Rolling Pin,1,11.99
2026-05-04,GA,Returning,Kiwi,1,2.49
2026-05-04,GA,Returning,Ice Cream,3,16.47
2026-05-04,WA,VIP,Protein Powder,2,39.98
2026-05-04,WA,VIP,Rolex Cellini Moonphase,3,38999.97
2026-05-04,FL,New,Electric Stove,1,49.99
2026-05-04,FL,New,Citrus Squeezer Yellow,1,8.99
2026-05-04,FL,VIP,Juice,1,3.99
2026-05-04,FL,VIP,Slotted Turner,3,26.97
2026-05-04,FL,VIP,Chopping Board,1,12.99
2026-05-04,CA,VIP,Nike Baseball Cleats,3,239.97
2026-05-04,CA,VIP,Glass,2,9.98
2026-05-04,CA,VIP,Red Tongs,1,6.99
2026-05-04,CA,VIP,House Showpiece Plant,1,39.99
2026-05-04,IL,New,Red Lipstick,3,38.97
2026-05-04,IL,New,Lenovo Yoga 920,3,3299.97
2026-05-04,IL,New,Red Tongs,3,20.97
2026-05-04,NY,VIP,Tissue Paper Box,3,7.47
2026-05-04,NY,VIP,Nike Air Jordan 1 Red And Black,2,299.98
2026-05-04,NY,VIP,House Showpiece Plant,3,119.97
2026-05-04,NY,New,Man Plaid Shirt,1,34.99
2026-05-04,NY,New,Sports Sneakers Off White & Red,2,239.98
2026-05-04,NY,New,Apple Airpods,3,389.97
2026-05-04,WA,Returning,Black Aluminium Cup,1,5.99
2026-05-04,WA,Returning,Protein Powder,3,59.97
2026-05-04,WA,Returning,Honey Jar,3,20.97
2026-05-04,WA,Returning,Huawei Matebook X Pro,1,1399.99
2026-05-04,NY,Returning,Kitchen Sieve,3,23.97
2026-05-04,NY,Returning,Huawei Matebook X Pro,2,2799.98
2026-05-04,CA,Returning,Dolce Shine Eau de,3,209.97
2026-05-04,CA,Returning,Rice,3,17.97
2026-05-04,CA,Returning,Annibale Colombo Bed,3,5699.97
2026-05-04,NY,VIP,Asus Zenbook Pro Dual Screen Laptop,1,1799.99
2026-05-04,CA,VIP,Bedside Table African Cherry,1,299.99
2026-05-04,CA,VIP,Rolex Submariner Watch,2,27999.98
2026-05-04,CA,VIP,Puma Future Rider Trainers,2,179.98
2026-05-04,CA,VIP,Ice Cream,1,5.49
2026-05-04,IL,New,Nike Baseball Cleats,1,79.99
2026-05-04,IL,New,Man Plaid Shirt,2,69.98
2026-05-04,IL,New,Huawei Matebook X Pro,2,2799.98
2026-05-04,IL,New,Amazon Echo Plus,2,199.98
2026-05-04,IL,New,Asus Zenbook Pro Dual Screen Laptop,1,1799.99
2026-05-04,IL,New,Rice,2,11.98
2026-05-04,CA,New,Men Check Shirt,3,83.97
2026-05-05,FL,Returning,Red Lipstick,2,25.98
2026-05-05,FL,Returning,Rolex Cellini Date Black Dial,2,17999.98
2026-05-05,FL,Returning,Gucci Bloom Eau de,1,79.99
2026-05-05,IL,Returning,Table Lamp,1,49.99
2026-05-05,IL,Returning,Cat Food,3,26.97
2026-05-05,IL,Returning,Hand Blender,1,34.99
2026-05-05,IL,Returning,Gucci Bloom Eau de,3,239.97
2026-05-05,WA,Returning,Sports Sneakers Off White & Red,1,119.99
2026-05-05,WA,Returning,Soft Drinks,1,1.99
2026-05-05,WA,Returning,Red Tongs,3,20.97
2026-05-05,WA,Returning,Honey Jar,2,13.98
2026-05-05,NY,Returning,Kitchen Sieve,3,23.97
2026-05-05,NY,Returning,Spoon,2,9.98
2026-05-05,NY,Returning,Black Aluminium Cup,3,17.97
2026-05-05,NY,Returning,Rolex Datejust,3,32999.97
2026-05-05,IL,VIP,Citrus Squeezer Yellow,2,17.98
2026-05-05,IL,VIP,Table Lamp,3,149.97
2026-05-05,IL,VIP,Beef Steak,1,12.99
2026-05-05,IL,VIP,Knife,2,29.98
2026-05-05,NY,VIP,Silver Pot With Glass Cap,2,79.98
2026-05-05,IL,New,Calvin Klein CK One,2,99.98
2026-05-05,IL,New,Sports Sneakers Off White & Red,1,119.99
2026-05-05,IL,New,Chanel Coco Noir Eau De,1,129.99
2026-05-05,CA,Returning,Nike Air Jordan 1 Red And Black,2,299.98
2026-05-05,CA,Returning,Citrus Squeezer Yellow,3,26.97
2026-05-05,CA,Returning,Man Short Sleeve Shirt,3,59.97
2026-05-05,CA,Returning,Fish Steak,2,29.98
2026-05-05,WA,Returning,Rolex Cellini Moonphase,3,38999.97
2026-05-05,WA,Returning,Silver Pot With Glass Cap,1,39.99
2026-05-05,WA,Returning,Red Tongs,2,13.98
2026-05-05,WA,Returning,Chanel Coco Noir Eau De,3,389.97
2026-05-05,CA,VIP,Gucci Bloom Eau de,1,79.99
2026-05-05,WA,Returning,Gigabyte Aorus Men Tshirt,2,49.98
2026-05-05,WA,Returning,Family Tree Photo Frame,3,89.97
2026-05-05,NY,New,Lenovo Yoga 920,1,1099.99
2026-05-05,NY,New,Red Lipstick,3,38.97
2026-05-05,FL,New,House Showpiece Plant,3,119.97
2026-05-05,FL,New,Amazon Echo Plus,3,299.97
2026-05-05,WA,VIP,Ice Cube Tray,2,11.98
2026-05-05,WA,VIP,Red Onions,2,3.98
2026-05-05,WA,VIP,Chopping Board,3,38.97
2026-05-05,MO,Returning,Man Short Sleeve Shirt,2,39.98
2026-05-05,MO,Returning,Gigabyte Aorus Men Tshirt,1,24.99
2026-05-05,MO,Returning,Knife,3,44.97
2026-05-05,IL,VIP,Spoon,3,14.97
2026-05-05,IL,VIP,Chopping Board,2,25.98
2026-05-05,WA,VIP,Grater Black,1,10.99
2026-05-05,MO,VIP,Calvin Klein CK One,3,149.97
2026-05-05,MO,VIP,Egg Slicer,2,13.98
2026-05-05,MO,VIP,Fork,1,3.99
2026-05-05,MO,VIP,Plate,3,11.97
2026-05-05,IL,VIP,Powder Canister,1,14.99
2026-05-05,GA,New,Puma Future Rider Trainers,1,89.99
2026-05-05,GA,New,Plate,3,11.97
2026-05-05,WA,Returning,Grater Black,2,21.98
2026-05-05,NY,New,Egg Slicer,2,13.98
2026-05-05,NY,New,Dog Food,2,21.98
2026-05-05,NY,New,Chanel Coco Noir Eau De,2,259.98
2026-05-05,NY,New,Water,1,0.99
2026-05-05,GA,New,Cat Food,3,26.97
2026-05-05,GA,New,Fish Steak,1,14.99
2026-05-05,GA,New,Calvin Klein CK One,2,99.98
2026-05-05,GA,New,Apple MacBook Pro 14 Inch Space Grey,3,5999.97
2026-05-05,NY,Returning,Ice Cube Tray,1,5.99
2026-05-05,NY,Returning,Nike Air Jordan 1 Red And Black,2,299.98
2026-05-05,NY,Returning,Chopping Board,2,25.98
2026-05-05,NY,Returning,Rolex Datejust,1,10999.99
2026-05-05,TX,New,Red Nail Polish,1,8.99
2026-05-05,WA,Returning,Amazon Echo Plus,1,99.99
2026-05-05,WA,Returning,Gucci Bloom Eau de,2,159.98
2026-05-05,WA,Returning,Strawberry,1,3.99
2026-05-05,WA,Returning,Microwave Oven,2,179.98
2026-05-05,CA,Returning,Black Whisk,2,19.98
2026-05-05,CA,Returning,Chanel Coco Noir Eau De,3,389.97
2026-05-05,TX,VIP,Honey Jar,3,20.97
2026-05-05,GA,New,Rolex Cellini Moonphase,3,38999.97
2026-05-05,IL,New,Microwave Oven,2,179.98
2026-05-05,IL,New,Spice Rack,3,59.97
2026-05-05,GA,Returning,Ice Cream,2,10.98
2026-05-05,GA,Returning,Tissue Paper Box,1,2.49
2026-05-05,FL,New,Wooden Rolling Pin,1,11.99
2026-05-05,FL,New,Plate,3,11.97
2026-05-05,CA,VIP,Red Nail Polish,1,8.99
2026-05-05,CA,VIP,Sports Sneakers Off White & Red,1,119.99
2026-05-05,TX,VIP,Slotted Turner,1,8.99
2026-05-05,CA,New,Kitchen Sieve,1,7.99
2026-05-05,CA,New,Men Check Shirt,3,83.97
2026-05-05,CA,New,Longines Master Collection,3,4499.97
2026-05-05,CA,New,Wooden Rolling Pin,2,23.98
2026-05-05,MO,New,Microwave Oven,2,179.98
2026-05-05,NY,Returning,Eggs,2,5.98
2026-05-05,NY,VIP,Grater Black,2,21.98
2026-05-05,GA,New,Nike Baseball Cleats,1,79.99
2026-05-05,GA,New,Red Tongs,3,20.97
2026-05-05,FL,VIP,Brown Leather Belt Watch,3,269.97
2026-05-05,FL,VIP,Soft Drinks,3,5.97
2026-05-05,IL,Returning,Essence Mascara Lash Princess,1,9.99
2026-05-05,MO,VIP,Annibale Colombo Sofa,1,2499.99
2026-05-05,MO,VIP,Slotted Turner,3,26.97
2026-05-05,MO,VIP,Kitchen Sieve,3,23.97
2026-05-05,MO,VIP,Fork,2,7.98
2026-05-05,IL,New,Annibale Colombo Bed,2,3799.98
2026-05-05,IL,New,Dior J'adore,1,89.99
2026-05-05,IL,New,Ice Cube Tray,2,11.98
2026-05-05,FL,Returning,Plate,3,11.97
2026-05-05,FL,Returning,Asus Zenbook Pro Dual Screen Laptop,3,5399.97
2026-05-05,GA,Returning,Rolex Submariner Watch,1,13999.99
2026-05-05,GA,Returning,Nescafe Coffee,3,23.97
2026-05-05,GA,New,Apple Airpods,2,259.98
2026-05-05,FL,Returning,Wooden Bathroom Sink With Mirror,2,1599.98
2026-05-05,FL,Returning,Rolex Submariner Watch,1,13999.99
2026-05-05,FL,VIP,Rolex Cellini Moonphase,1,12999.99
2026-05-05,FL,VIP,Asus Zenbook Pro Dual Screen Laptop,3,5399.97
2026-05-05,FL,VIP,Fine Mesh Strainer,1,9.99
2026-05-05,IL,VIP,Protein Powder,3,59.97
2026-05-05,NY,VIP,Wooden Rolling Pin,1,11.99
2026-05-05,MO,Returning,Nike Baseball Cleats,1,79.99
2026-05-05,FL,VIP,Red Lipstick,1,12.99
2026-05-05,FL,VIP,Green Bell Pepper,2,2.58
2026-05-05,FL,VIP,Cat Food,1,8.99
2026-05-05,FL,VIP,Grater Black,1,10.99
2026-05-05,NY,Returning,Sports Sneakers Off White & Red,3,359.97
2026-05-05,NY,Returning,Boxed Blender,1,39.99
2026-05-05,TX,VIP,Rolex Cellini Moonphase,2,25999.98
2026-05-05,CA,Returning,Fork,1,3.99
2026-05-05,CA,Returning,Silver Pot With Glass Cap,3,119.97
2026-05-05,CA,Returning,Water,2,1.98
2026-05-05,CA,Returning,Plate,1,3.99
2026-05-05,CA,Returning,Fish Steak,3,44.97
2026-05-05,CA,Returning,Green Chili Pepper,3,2.97
2026-05-05,CA,Returning,Mulberry,2,9.98
2026-05-05,GA,New,Juice,3,11.97
2026-05-05,GA,New,Dog Food,2,21.98
2026-05-05,MO,New,Kiwi,2,4.98
2026-05-05,MO,New,Kiwi,1,2.49
2026-05-05,MO,New,Red Onions,3,5.97
2026-05-05,MO,New,Fork,3,11.97
2026-05-05,TX,Returning,Cat Food,3,26.97
2026-05-05,NY,VIP,Kitchen Sieve,3,23.97
2026-05-05,NY,VIP,Knoll Saarinen Executive Conference Chair,3,1499.97
2026-05-05,NY,VIP,Glass,2,9.98
2026-05-05,NY,VIP,Pan,3,74.97
2026-05-05,GA,New,Calvin Klein CK One,3,149.97
2026-05-05,GA,New,Men Check Shirt,2,55.98
2026-05-05,GA,New,Longines Master Collection,1,1499.99
2026-05-05,GA,New,Nike Baseball Cleats,3,239.97
2026-05-05,NY,VIP,Boxed Blender,2,79.98
2026-05-05,NY,VIP,New DELL XPS 13 9300 Laptop,3,4499.97
2026-05-05,NY,VIP,Hand Blender,3,104.97
2026-05-06,IL,VIP,Bedside Table African Cherry,2,599.98
2026-05-06,IL,VIP,Green Chili Pepper,2,1.98
2026-05-06,IL,VIP,Silver Pot With Glass Cap,3,119.97
2026-05-06,IL,VIP,Rice,1,5.99
2026-05-06,GA,New,Table Lamp,3,149.97
2026-05-06,GA,New,Eyeshadow Palette with Mirror,2,39.98
2026-05-06,GA,New,Eggs,2,5.98
2026-05-06,NY,New,Protein Powder,3,59.97
2026-05-06,NY,New,Red Nail Polish,1,8.99
2026-05-06,NY,New,Soft Drinks,1,1.99
2026-05-06,NY,New,Calvin Klein CK One,2,99.98
2026-05-06,GA,Returning,Black Aluminium Cup,2,11.98
2026-05-06,GA,Returning,Kitchen Sieve,3,23.97
2026-05-06,GA,Returning,Gucci Bloom Eau de,3,239.97
2026-05-06,MO,Returning,House Showpiece Plant,3,119.97
2026-05-06,MO,Returning,Red Lipstick,3,38.97
2026-05-06,MO,Returning,Spoon,2,9.98
2026-05-06,MO,Returning,Fork,1,3.99
2026-05-06,TX,Returning,Red Tongs,3,20.97
2026-05-06,TX,VIP,Plant Pot,1,14.99
2026-05-06,TX,VIP,Boxed Blender,1,39.99
2026-05-06,TX,VIP,Lunch Box,3,38.97
2026-05-06,TX,VIP,Kiwi,1,2.49
2026-05-06,FL,New,Boxed Blender,3,119.97
2026-05-06,FL,New,Gucci Bloom Eau de,3,239.97
2026-05-06,FL,New,Potatoes,1,2.29
2026-05-06,FL,New,Wooden Rolling Pin,2,23.98
2026-05-06,TX,Returning,Nescafe Coffee,1,7.99
2026-05-06,TX,Returning,Black Aluminium Cup,1,5.99
2026-05-06,TX,Returning,Bamboo Spatula,3,23.97
2026-05-06,TX,Returning,Eggs,3,8.97
2026-05-06,NY,New,Huawei Matebook X Pro,2,2799.98
2026-05-06,NY,New,Citrus Squeezer Yellow,2,17.98
2026-05-06,MO,VIP,Chanel Coco Noir Eau De,3,389.97
2026-05-06,MO,VIP,Nike Baseball Cleats,1,79.99
2026-05-06,FL,Returning,Red Tongs,2,13.98
2026-05-06,FL,Returning,Mug Tree Stand,2,31.98
2026-05-06,FL,Returning,Mulberry,3,14.97
2026-05-06,TX,VIP,Mug Tree Stand,3,47.97
2026-05-06,GA,Returning,House Showpiece Plant,2,79.98
2026-05-06,GA,Returning,Citrus Squeezer Yellow,1,8.99
2026-05-06,MO,New,Nike Baseball Cleats,1,79.99
2026-05-06,MO,New,Slotted Turner,2,17.98
2026-05-06,MO,New,Asus Zenbook Pro Dual Screen Laptop,2,3599.98
2026-05-06,MO,New,Green Bell Pepper,3,3.87
2026-05-06,FL,New,Bedside Table African Cherry,3,899.97
2026-05-06,FL,VIP,Calvin Klein CK One,1,49.99
2026-05-06,FL,VIP,Knife,1,14.99
2026-05-06,NY,Returning,Essence Mascara Lash Princess,1,9.99
2026-05-06,NY,Returning,Wooden Bathroom Sink With Mirror,1,799.99
2026-05-06,NY,Returning,Fish Steak,3,44.97
2026-05-06,NY,Returning,Knife,3,44.97
2026-05-06,TX,Returning,Plant Pot,3,44.97
2026-05-06,TX,Returning,Spice Rack,3,59.97
2026-05-06,NY,Returning,Bamboo Spatula,2,15.98
2026-05-06,NY,Returning,Brown Leather Belt Watch,3,269.97
2026-05-06,WA,Returning,Dog Food,2,21.98
2026-05-06,WA,Returning,Calvin Klein CK One,3,149.97
2026-05-06,WA,Returning,Tissue Paper Box,2,4.98
2026-05-06,CA,Returning,Lenovo Yoga 920,3,3299.97
2026-05-06,CA,Returning,Rolex Datejust,1,10999.99
2026-05-06,MO,Returning,Nike Baseball Cleats,1,79.99
2026-05-06,MO,Returning,Electric Stove,3,149.97
2026-05-06,MO,Returning,Soft Drinks,2,3.98
2026-05-06,MO,Returning,Men Check Shirt,1,27.99
2026-05-06,NY,Returning,New DELL XPS 13 9300 Laptop,1,1499.99
2026-05-06,NY,New,Decoration Swing,1,59.99
2026-05-06,NY,New,Fork,3,11.97
2026-05-06,NY,New,Black Whisk,1,9.99
2026-05-06,WA,VIP,Carbon Steel Wok,1,29.99
2026-05-06,WA,VIP,Table Lamp,3,149.97
2026-05-06,WA,VIP,Red Onions,3,5.97
2026-05-06,WA,VIP,Water,3,2.97
2026-05-06,NY,VIP,Men Check Shirt,1,27.99
2026-05-06,NY,VIP,Egg Slicer,1,6.99
2026-05-06,TX,Returning,Fish Steak,3,44.97
2026-05-06,TX,Returning,Table Lamp,1,49.99
2026-05-06,TX,Returning,Decoration Swing,2,119.98
2026-05-06,FL,VIP,Fish Steak,2,29.98
2026-05-06,FL,VIP,Rolex Cellini Date Black Dial,2,17999.98
2026-05-06,FL,VIP,Red Nail Polish,1,8.99
2026-05-06,FL,VIP,Red Lipstick,2,25.98
2026-05-06,NY,Returning,Ice Cube Tray,2,11.98
2026-05-06,NY,Returning,Nike Air Jordan 1 Red And Black,3,449.97
2026-05-06,IL,Returning,Egg Slicer,3,20.97
2026-05-06,NY,VIP,Citrus Squeezer Yellow,2,17.98
2026-05-06,NY,VIP,Carbon Steel Wok,1,29.99
2026-05-06,NY,VIP,Wooden Rolling Pin,3,35.97
2026-05-06,MO,New,Grater Black,1,10.99
2026-05-06,MO,New,Powder Canister,1,14.99
2026-05-06,WA,VIP,Rice,1,5.99
2026-05-06,WA,VIP,Citrus Squeezer Yellow,3,26.97
2026-05-06,WA,VIP,Black Aluminium Cup,2,11.98
2026-05-06,WA,New,Egg Slicer,3,20.97
2026-05-06,WA,New,Potatoes,1,2.29
2026-05-06,WA,New,Family Tree Photo Frame,1,29.99
2026-05-06,WA,New,Spice Rack,1,19.99
2026-05-06,MO,VIP,Glass,1,4.99
2026-05-06,MO,VIP,Red Tongs,2,13.98
2026-05-06,MO,VIP,Knife,3,44.97
2026-05-06,GA,VIP,Juice,1,3.99
2026-05-06,GA,VIP,Rice,3,17.97
2026-05-06,NY,Returning,Knife,3,44.97
2026-05-06,CA,Returning,Dior J'adore,2,179.98
2026-05-06,CA,Returning,Knoll Saarinen Executive Conference Chair,2,999.98
2026-05-06,CA,Returning,Plate,2,7.98
2026-05-06,FL,New,Ice Cube Tray,2,11.98
2026-05-06,FL,New,Chopping Board,1,12.99
2026-05-06,FL,New,Gigabyte Aorus Men Tshirt,1,24.99
2026-05-06,NY,New,Table Lamp,3,149.97
2026-05-06,NY,New,Red Nail Polish,3,26.97
2026-05-06,NY,New,Tray,1,16.99
2026-05-06,NY,New,Knoll Saarinen Executive Conference Chair,3,1499.97
2026-05-06,MO,Returning,Protein Powder,2,39.98
2026-05-06,MO,VIP,Pan,3,74.97
2026-05-06,MO,VIP,Soft Drinks,2,3.98
2026-05-06,MO,VIP,Red Tongs,2,13.98
2026-05-06,GA,VIP,Glass,3,14.97
2026-05-06,FL,New,Asus Zenbook Pro Dual Screen Laptop,2,3599.98
2026-05-06,FL,New,Fine Mesh Strainer,3,29.97
2026-05-06,FL,New,Hand Blender,1,34.99
2026-05-06,FL,New,Cucumber,2,2.98
2026-05-06,CA,New,Ice Cube Tray,1,5.99
2026-05-06,IL,Returning,Nike Baseball Cleats,3,239.97
2026-05-06,IL,Returning,Sports Sneakers Off White Red,2,219.98
2026-05-06,NY,New,Bedside Table African Cherry,1,299.99
2026-05-06,NY,New,New DELL XPS 13 9300 Laptop,3,4499.97
2026-05-06,NY,New,Cat Food,1,8.99
2026-05-06,FL,New,Table Lamp,3,149.97
2026-05-06,FL,New,Knoll Saarinen Executive Conference Chair,1,499.99
2026-05-06,WA,VIP,Amazon Echo Plus,3,299.97
2026-05-06,WA,VIP,Lenovo Yoga 920,2,2199.98
2026-05-06,WA,VIP,Ice Cream,3,16.47
2026-05-06,WA,VIP,Potatoes,3,6.87
2026-05-06,WA,Returning,Spice Rack,2,39.98
2026-05-06,WA,Returning,Water,2,1.98
2026-05-06,NY,VIP,Cat Food,2,17.98
2026-05-06,NY,VIP,Egg Slicer,3,20.97
2026-05-06,NY,VIP,Green Chili Pepper,3,2.97
2026-05-06,NY,VIP,Potatoes,3,6.87
2026-05-06,GA,VIP,Annibale Colombo Sofa,3,7499.97
2026-05-06,NY,VIP,Milk,2,6.98
2026-05-06,FL,New,Knife,3,44.97
2026-05-06,FL,New,Blue & Black Check Shirt,2,59.98
2026-05-06,FL,New,Plant Pot,1,14.99
2026-05-06,IL,Returning,Ice Cream,2,10.98
2026-05-06,IL,Returning,Nike Baseball Cleats,3,239.97
2026-05-06,IL,Returning,Gucci Bloom Eau de,2,159.98
2026-05-06,GA,New,Gigabyte Aorus Men Tshirt,2,49.98
2026-05-06,FL,Returning,Black Aluminium Cup,1,5.99
2026-05-06,FL,Returning,Green Bell Pepper,3,3.87
2026-05-06,FL,Returning,Red Lipstick,1,12.99
2026-05-06,TX,Returning,Gucci Bloom Eau de,1,79.99
2026-05-06,IL,VIP,Fine Mesh Strainer,3,29.97
2026-05-06,IL,VIP,Hand Blender,2,69.98
2026-05-06,IL,VIP,Blue & Black Check Shirt,3,89.97
2026-05-06,IL,Returning,Carbon Steel Wok,3,89.97
2026-05-06,IL,Returning,Essence Mascara Lash Princess,2,19.98
2026-05-06,IL,Returning,Apple,3,5.97
2026-05-06,IL,Returning,Mug Tree Stand,2,31.98
2026-05-06,GA,New,Cucumber,3,4.47
2026-05-06,GA,New,Gucci Bloom Eau de,1,79.99
2026-05-07,FL,Returning,Decoration Swing,1,59.99
2026-05-07,MO,New,Spice Rack,1,19.99
2026-05-07,MO,New,Dior J'adore,1,89.99
2026-05-07,MO,VIP,Cucumber,3,4.47
2026-05-07,MO,VIP,Rolex Submariner Watch,3,41999.97
2026-05-07,MO,VIP,Rice,3,17.97
2026-05-07,NY,VIP,Powder Canister,3,44.97
2026-05-07,MO,Returning,Microwave Oven,1,89.99
2026-05-07,MO,Returning,Plant Pot,3,44.97
2026-05-07,MO,Returning,Fish Steak,2,29.98
2026-05-07,MO,Returning,Strawberry,1,3.99
2026-05-07,NY,New,Tissue Paper Box,3,7.47
2026-05-07,NY,New,Men Check Shirt,2,55.98
2026-05-07,NY,New,Boxed Blender,1,39.99
2026-05-07,NY,New,Carbon Steel Wok,3,89.97
2026-05-07,FL,New,Citrus Squeezer Yellow,3,26.97
2026-05-07,FL,New,Nike Air Jordan 1 Red And Black,3,449.97
2026-05-07,TX,Returning,Knife,1,14.99
2026-05-07,TX,Returning,Microwave Oven,2,179.98
2026-05-07,TX,Returning,Apple MacBook Pro 14 Inch Space Grey,1,1999.99
2026-05-07,TX,Returning,Glass,3,14.97
2026-05-07,CA,VIP,Rice,3,17.97
2026-05-07,CA,VIP,Milk,3,10.47
2026-05-07,WA,Returning,Bedside Table African Cherry,3,899.97
2026-05-07,WA,Returning,Milk,2,6.98
2026-05-07,NY,VIP,Chanel Coco Noir Eau De,1,129.99
2026-05-07,NY,VIP,Lemon,1,0.79
2026-05-07,NY,VIP,Glass,1,4.99
2026-05-07,NY,VIP,Chicken Meat,2,19.98
2026-05-07,NY,Returning,Slotted Turner,1,8.99
2026-05-07,NY,Returning,Nike Air Jordan 1 Red And Black,1,149.99
2026-05-07,NY,Returning,Asus Zenbook Pro Dual Screen Laptop,2,3599.98
2026-05-07,NY,Returning,Family Tree Photo Frame,1,29.99
2026-05-07,IL,VIP,Protein Powder,3,59.97
2026-05-07,MO,New,Red Lipstick,2,25.98
2026-05-07,TX,VIP,Kitchen Sieve,1,7.99
2026-05-07,TX,VIP,Ice Cream,2,10.98
2026-05-07,TX,VIP,New DELL XPS 13 9300 Laptop,2,2999.98
2026-05-07,TX,VIP,Juice,3,11.97
2026-05-07,IL,VIP,Microwave Oven,2,179.98
2026-05-07,IL,VIP,Dior J'adore,1,89.99
2026-05-07,IL,VIP,Gigabyte Aorus Men Tshirt,1,24.99
2026-05-07,NY,Returning,Essence Mascara Lash Princess,3,29.97
2026-05-07,NY,Returning,Soft Drinks,3,5.97
2026-05-07,NY,Returning,Hand Blender,1,34.99
2026-05-07,MO,Returning,Nike Baseball Cleats,2,159.98
2026-05-07,MO,Returning,Fine Mesh Strainer,2,19.98
2026-05-07,MO,Returning,Red Lipstick,2,25.98
2026-05-07,MO,Returning,Juice,1,3.99
2026-05-07,NY,New,Nike Air Jordan 1 Red And Black,1,149.99
2026-05-07,NY,New,Beef Steak,1,12.99
2026-05-07,WA,Returning,Dog Food,1,10.99
2026-05-07,WA,Returning,Kitchen Sieve,2,15.98
2026-05-07,CA,VIP,Yellow Peeler,3,17.97
2026-05-07,TX,Returning,Black Aluminium Cup,1,5.99
2026-05-07,TX,Returning,Wooden Bathroom Sink With Mirror,3,2399.97
2026-05-07,WA,Returning,Electric Stove,2,99.98
2026-05-07,WA,Returning,New DELL XPS 13 9300 Laptop,2,2999.98
2026-05-07,GA,VIP,Tissue Paper Box,1,2.49
2026-05-07,GA,VIP,Knife,1,14.99
2026-05-07,GA,VIP,Chopping Board,1,12.99
2026-05-07,GA,VIP,Chicken Meat,2,19.98
2026-05-07,IL,Returning,Slotted Turner,3,26.97
2026-05-07,IL,Returning,Beef Steak,3,38.97
2026-05-07,IL,Returning,Powder Canister,2,29.98
2026-05-07,IL,Returning,Juice,1,3.99
2026-05-07,WA,New,Grater Black,2,21.98
2026-05-07,WA,New,Rolex Submariner Watch,1,13999.99
2026-05-07,IL,New,Fork,1,3.99
2026-05-07,IL,New,Cooking Oil,2,9.98
2026-05-07,IL,New,Apple Airpods,3,389.97
2026-05-07,IL,New,Chopping Board,2,25.98
2026-05-07,GA,New,Red Nail Polish,3,26.97
2026-05-07,GA,New,Nescafe Coffee,2,15.98
2026-05-07,FL,Returning,Rice,1,5.99
2026-05-07,FL,Returning,Nike Baseball Cleats,3,239.97
2026-05-07,CA,VIP,Lemon,3,2.37
2026-05-07,CA,VIP,Mulberry,1,4.99
2026-05-07,TX,New,Hand Blender,2,69.98
2026-05-07,TX,New,Rolex Submariner Watch,2,27999.98
2026-05-07,TX,New,Yellow Peeler,3,17.97
2026-05-07,TX,New,Tray,1,16.99
2026-05-07,GA,New,Soft Drinks,2,3.98
2026-05-07,GA,New,New DELL XPS 13 9300 Laptop,2,2999.98
2026-05-07,IL,New,Eggs,2,5.98
2026-05-07,IL,New,Black Whisk,3,29.97
2026-05-07,FL,New,Amazon Echo Plus,1,99.99
2026-05-07,FL,New,Mulberry,2,9.98
2026-05-07,FL,New,Microwave Oven,3,269.97
2026-05-07,WA,Returning,Rolex Cellini Date Black Dial,3,26999.97
2026-05-07,WA,Returning,Yellow Peeler,1,5.99
2026-05-07,CA,VIP,Fine Mesh Strainer,1,9.99
2026-05-07,CA,VIP,Ice Cream,1,5.49
2026-05-07,FL,VIP,Apple Airpods,3,389.97
2026-05-07,FL,VIP,Mug Tree Stand,2,31.98
2026-05-07,FL,VIP,Nescafe Coffee,1,7.99
2026-05-07,GA,New,Mug Tree Stand,3,47.97
2026-05-07,GA,New,Eggs,1,2.99
2026-05-07,GA,New,Dior J'adore,1,89.99
2026-05-07,CA,New,Calvin Klein CK One,3,149.97
2026-05-07,CA,New,Sports Sneakers Off White & Red,1,119.99
2026-05-07,CA,New,Men Check Shirt,2,55.98
2026-05-07,NY,VIP,Red Nail Polish,3,26.97
2026-05-07,GA,VIP,Glass,1,4.99
2026-05-07,GA,VIP,Rice,3,17.97
2026-05-07,GA,VIP,Black Whisk,3,29.97
2026-05-07,GA,VIP,Dior J'adore,3,269.97
2026-05-07,MO,New,Chicken Meat,1,9.99
2026-05-07,CA,New,Plant Pot,1,14.99
2026-05-07,CA,New,Boxed Blender,1,39.99
2026-05-07,MO,New,Red Onions,3,5.97
2026-05-07,MO,New,Puma Future Rider Trainers,2,179.98
2026-05-07,MO,New,Rolex Submariner Watch,2,27999.98
2026-05-07,MO,New,Tray,2,33.98
2026-05-07,GA,VIP,Potatoes,1,2.29
2026-05-07,GA,VIP,Chanel Coco Noir Eau De,1,129.99
2026-05-07,GA,VIP,Rice,1,5.99
2026-05-07,FL,New,Boxed Blender,2,79.98
2026-05-07,FL,New,Pan,2,49.98
2026-05-07,GA,New,Plate,1,3.99
2026-05-07,GA,New,Pan,2,49.98
2026-05-07,FL,New,Lemon,3,2.37
2026-05-07,FL,New,Men Check Shirt,3,83.97
2026-05-07,FL,New,Rolex Cellini Date Black Dial,3,26999.97
2026-05-07,TX,Returning,Red Nail Polish,1,8.99
2026-05-07,TX,Returning,Beef Steak,2,25.98
2026-05-07,TX,Returning,Plate,1,3.99
2026-05-07,TX,Returning,Eyeshadow Palette with Mirror,3,59.97
2026-05-07,WA,VIP,Eyeshadow Palette with Mirror,3,59.97
2026-05-07,WA,VIP,Gigabyte Aorus Men Tshirt,3,74.97
2026-05-07,FL,New,Tissue Paper Box,2,4.98
2026-05-07,IL,VIP,Eyeshadow Palette with Mirror,2,39.98
2026-05-07,GA,New,Chopping Board,3,38.97
2026-05-07,GA,New,Cucumber,3,4.47
2026-05-07,GA,New,Microwave Oven,3,269.97
2026-05-07,GA,New,Chanel Coco Noir Eau De,1,129.99
2026-05-07,MO,Returning,Soft Drinks,1,1.99
2026-05-07,MO,Returning,Fork,3,11.97
2026-05-07,MO,Returning,Puma Future Rider Trainers,2,179.98
2026-05-07,MO,Returning,Spice Rack,1,19.99
2026-05-07,NY,Returning,Lenovo Yoga 920,3,3299.97
2026-05-07,IL,Returning,House Showpiece Plant,3,119.97
2026-05-07,IL,Returning,Spice Rack,3,59.97
2026-05-07,IL,Returning,Apple,1,1.99
2026-05-07,IL,Returning,Eggs,3,8.97
2026-05-07,WA,New,Apple,3,5.97
2026-05-07,WA,New,Bamboo Spatula,2,15.98
2026-05-07,WA,New,Spoon,3,14.97
2026-05-07,FL,Returning,Plate,1,3.99
2026-05-07,FL,Returning,Fish Steak,2,29.98
2026-05-07,FL,Returning,Juice,1,3.99
2026-05-07,FL,Returning,Plant Pot,2,29.98
2026-05-07,CA,VIP,Apple Airpods,3,389.97
2026-05-07,CA,VIP,Eggs,3,8.97
2026-05-07,CA,VIP,Dog Food,3,32.97
2026-05-07,CA,VIP,Lunch Box,1,12.99
2026-05-07,CA,VIP,Potatoes,3,6.87
2026-05-07,NY,Returning,Asus Zenbook Pro Dual Screen Laptop,3,5399.97
2026-05-07,NY,Returning,Wooden Rolling Pin,3,35.97
2026-05-07,NY,Returning,Eyeshadow Palette with Mirror,2,39.98
2026-05-07,IL,VIP,Essence Mascara Lash Princess,2,19.98
2026-05-07,IL,VIP,Asus Zenbook Pro Dual Screen Laptop,3,5399.97
2026-05-07,TX,VIP,Bedside Table African Cherry,2,599.98
2026-05-07,IL,Returning,Table Lamp,3,149.97
2026-05-07,FL,VIP,Tray,3,50.97
2026-05-07,FL,VIP,Lenovo Yoga 920,3,3299.97
2026-05-07,NY,Returning,Potatoes,3,6.87
2026-05-07,NY,Returning,Bedside Table African Cherry,1,299.99
2026-05-07,NY,Returning,Water,3,2.97
2026-05-07,WA,VIP,Beef Steak,3,38.97
2026-05-07,WA,VIP,Spice Rack,3,59.97
2026-05-07,WA,VIP,Gigabyte Aorus Men Tshirt,1,24.99
2026-05-07,WA,New,Huawei Matebook X Pro,2,2799.98
2026-05-07,WA,New,Red Nail Polish,3,26.97
2026-05-07,WA,New,Boxed Blender,1,39.99
2026-05-07,WA,New,Eyeshadow Palette with Mirror,2,39.98
2026-05-07,IL,VIP,Gigabyte Aorus Men Tshirt,1,24.99
2026-05-07,IL,VIP,Dior J'adore,3,269.97
2026-05-07,IL,VIP,Ice Cream,3,16.47
2026-05-07,FL,New,Red Tongs,1,6.99
2026-05-07,FL,New,Rolex Submariner Watch,1,13999.99
2026-05-07,CA,New,Microwave Oven,2,179.98
2026-05-07,CA,New,Glass,2,9.98
2026-05-07,FL,Returning,Rolex Cellini Moonphase,1,12999.99
2026-05-07,FL,Returning,Mulberry,1,4.99
2026-05-07,FL,Returning,Green Chili Pepper,1,0.99
2026-05-07,NY,New,Wooden Bathroom Sink With Mirror,2,1599.98
2026-05-07,NY,New,Microwave Oven,2,179.98
2026-05-07,CA,Returning,Citrus Squeezer Yellow,1,8.99
2026-05-07,CA,Returning,Lemon,2,1.58
2026-05-07,CA,Returning,Lunch Box,1,12.99
2026-05-08,IL,Returning,Decoration Swing,3,179.97
2026-05-08,IL,Returning,Wooden Rolling Pin,3,35.97
2026-05-08,IL,Returning,Gigabyte Aorus Men Tshirt,2,49.98
2026-05-08,IL,Returning,Yellow Peeler,3,17.97
2026-05-08,WA,VIP,Silver Pot With Glass Cap,3,119.97
2026-05-08,CA,Returning,Man Plaid Shirt,2,69.98
2026-05-08,CA,Returning,Beef Steak,3,38.97
2026-05-08,GA,New,Red Tongs,2,13.98
2026-05-08,GA,New,Silver Pot With Glass Cap,3,119.97
2026-05-08,GA,New,Powder Canister,3,44.97
2026-05-08,NY,New,Lemon,1,0.79
2026-05-08,GA,VIP,Electric Stove,1,49.99
2026-05-08,GA,VIP,Decoration Swing,2,119.98
2026-05-08,GA,VIP,Chanel Coco Noir Eau De,1,129.99
2026-05-08,GA,VIP,Amazon Echo Plus,1,99.99
2026-05-08,MO,Returning,Rolex Datejust,1,10999.99
2026-05-08,MO,Returning,Gigabyte Aorus Men Tshirt,2,49.98
2026-05-08,MO,Returning,Tray,3,50.97
2026-05-08,NY,Returning,Apple Airpods,2,259.98
2026-05-08,NY,Returning,Green Bell Pepper,2,2.58
2026-05-08,NY,Returning,Asus Zenbook Pro Dual Screen Laptop,1,1799.99
2026-05-08,NY,Returning,Dolce Shine Eau de,3,209.97
2026-05-08,GA,VIP,Dog Food,1,10.99
2026-05-08,GA,VIP,Electric Stove,1,49.99
2026-05-08,GA,VIP,Citrus Squeezer Yellow,2,17.98
2026-05-08,GA,VIP,Lunch Box,1,12.99
2026-05-08,NY,VIP,Red Onions,2,3.98
2026-05-08,NY,VIP,Tissue Paper Box,1,2.49
2026-05-08,GA,Returning,Dog Food,1,10.99
2026-05-08,GA,Returning,Soft Drinks,3,5.97
2026-05-08,GA,Returning,Wooden Bathroom Sink With Mirror,3,2399.97
2026-05-08,GA,New,Gigabyte Aorus Men Tshirt,1,24.99
2026-05-08,GA,New,Carbon Steel Wok,2,59.98
2026-05-08,NY,Returning,Chicken Meat,3,29.97
2026-05-08,NY,Returning,Kitchen Sieve,1,7.99
2026-05-08,MO,VIP,Kiwi,2,4.98
2026-05-08,MO,VIP,Microwave Oven,2,179.98
2026-05-08,FL,Returning,Mulberry,3,14.97
2026-05-08,FL,New,Water,1,0.99
2026-05-08,FL,New,Rolex Datejust,2,21999.98
2026-05-08,NY,Returning,Red Tongs,1,6.99
2026-05-08,NY,Returning,Brown Leather Belt Watch,2,179.98
2026-05-08,NY,Returning,Amazon Echo Plus,2,199.98
2026-05-08,NY,Returning,Annibale Colombo Bed,1,1899.99
2026-05-08,TX,VIP,Black Aluminium Cup,2,11.98
2026-05-08,TX,VIP,Egg Slicer,3,20.97
2026-05-08,WA,VIP,House Showpiece Plant,2,79.98
2026-05-08,WA,VIP,Amazon Echo Plus,1,99.99
2026-05-08,WA,VIP,Gigabyte Aorus Men Tshirt,2,49.98
2026-05-08,WA,VIP,Gucci Bloom Eau de,1,79.99
2026-05-08,IL,New,Lemon,1,0.79
2026-05-08,IL,New,Nike Baseball Cleats,3,239.97
2026-05-08,IL,New,Knife,3,44.97
2026-05-08,IL,New,New DELL XPS 13 9300 Laptop,3,4499.97
2026-05-08,FL,New,Essence Mascara Lash Princess,3,29.97
2026-05-08,FL,New,Sports Sneakers Off White & Red,1,119.99
2026-05-08,FL,New,Red Nail Polish,3,26.97
2026-05-08,FL,New,Spoon,3,14.97
2026-05-08,FL,Returning,Red Onions,2,3.98
2026-05-08,FL,Returning,New DELL XPS 13 9300 Laptop,1,1499.99
2026-05-08,MO,New,Longines Master Collection,2,2999.98
2026-05-08,WA,VIP,Blue & Black Check Shirt,2,59.98
2026-05-08,WA,VIP,Honey Jar,3,20.97
2026-05-08,MO,Returning,Kiwi,1,2.49
2026-05-08,MO,Returning,Lemon,2,1.58
2026-05-08,MO,Returning,Blue & Black Check Shirt,2,59.98
2026-05-08,MO,Returning,Slotted Turner,1,8.99
2026-05-08,FL,VIP,Hand Blender,1,34.99
2026-05-08,FL,VIP,Red Lipstick,3,38.97
2026-05-08,FL,VIP,Apple MacBook Pro 14 Inch Space Grey,2,3999.98
2026-05-08,GA,Returning,Wooden Rolling Pin,3,35.97
2026-05-08,GA,Returning,Lunch Box,2,25.98
2026-05-09,NY,New,Powder Canister,1,14.99
2026-05-09,NY,New,Carbon Steel Wok,3,89.97
2026-05-09,MO,VIP,Annibale Colombo Bed,1,1899.99
2026-05-09,NY,Returning,Green Chili Pepper,3,2.97
2026-05-09,NY,Returning,Apple,1,1.99
2026-05-09,NY,Returning,New DELL XPS 13 9300 Laptop,2,2999.98
2026-05-09,NY,Returning,Microwave Oven,2,179.98
2026-05-09,MO,VIP,Decoration Swing,1,59.99
2026-05-09,MO,VIP,Lunch Box,3,38.97
2026-05-09,MO,VIP,Silver Pot With Glass Cap,3,119.97
2026-05-09,NY,Returning,Honey Jar,3,20.97
2026-05-09,NY,Returning,Chanel Coco Noir Eau De,3,389.97
2026-05-09,NY,Returning,Wooden Rolling Pin,2,23.98
2026-05-09,GA,New,Tray,3,50.97
2026-05-09,FL,Returning,Puma Future Rider Trainers,2,179.98
2026-05-09,FL,Returning,Blue & Black Check Shirt,1,29.99
2026-05-09,FL,Returning,Slotted Turner,1,8.99
2026-05-09,IL,Returning,Sports Sneakers Off White Red,2,219.98
2026-05-09,IL,Returning,Asus Zenbook Pro Dual Screen Laptop,1,1799.99
2026-05-09,CA,New,Tissue Paper Box,3,7.47
2026-05-09,CA,New,Strawberry,1,3.99
2026-05-09,CA,New,Dolce Shine Eau de,2,139.98
2026-05-09,IL,New,Ice Cube Tray,1,5.99
2026-05-09,IL,New,Citrus Squeezer Yellow,1,8.99
2026-05-09,IL,New,Plate,1,3.99
2026-05-09,MO,New,Black Aluminium Cup,3,17.97
2026-05-09,MO,New,Puma Future Rider Trainers,3,269.97
2026-05-09,NY,New,Brown Leather Belt Watch,2,179.98
2026-05-09,NY,New,Black Aluminium Cup,2,11.98
2026-05-09,NY,New,Man Plaid Shirt,3,104.97
2026-05-09,CA,VIP,New DELL XPS 13 9300 Laptop,3,4499.97
2026-05-09,CA,VIP,Gigabyte Aorus Men Tshirt,3,74.97
2026-05-09,CA,VIP,Yellow Peeler,1,5.99
2026-05-09,CA,VIP,Asus Zenbook Pro Dual Screen Laptop,2,3599.98
2026-05-09,CA,Returning,Apple,3,5.97
2026-05-09,GA,Returning,Black Whisk,3,29.97
2026-05-09,GA,Returning,Dolce Shine Eau de,2,139.98
2026-05-09,GA,Returning,Wooden Bathroom Sink With Mirror,2,1599.98
2026-05-09,IL,Returning,Rolex Cellini Date Black Dial,2,17999.98
2026-05-09,IL,Returning,Juice,3,11.97
2026-05-09,MO,New,Yellow Peeler,1,5.99
2026-05-09,IL,New,Cat Food,3,26.97
2026-05-09,FL,Returning,Mug Tree Stand,1,15.99
2026-05-09,FL,Returning,Table Lamp,2,99.98
2026-05-09,FL,Returning,Family Tree Photo Frame,1,29.99
2026-05-09,FL,Returning,Bamboo Spatula,2,15.98
2026-05-09,NY,New,Soft Drinks,2,3.98
2026-05-09,NY,New,Red Tongs,2,13.98
2026-05-09,NY,New,Gigabyte Aorus Men Tshirt,2,49.98
2026-05-09,GA,New,Wooden Bathroom Sink With Mirror,3,2399.97
2026-05-09,WA,VIP,Lunch Box,2,25.98
2026-05-09,WA,VIP,Dolce Shine Eau de,3,209.97
2026-05-09,CA,VIP,Glass,1,4.99
2026-05-09,CA,VIP,Hand Blender,1,34.99
2026-05-09,CA,VIP,Plate,3,11.97
2026-05-09,CA,Returning,Cucumber,2,2.98
2026-05-09,CA,Returning,Essence Mascara Lash Princess,3,29.97
2026-05-09,FL,Returning,Rice,2,11.98
2026-05-09,FL,Returning,Mulberry,2,9.98
2026-05-09,FL,Returning,Puma Future Rider Trainers,3,269.97
2026-05-09,FL,New,Protein Powder,1,19.99
2026-05-09,FL,New,House Showpiece Plant,2,79.98
2026-05-09,TX,Returning,Sports Sneakers Off White Red,2,219.98
2026-05-09,TX,Returning,Slotted Turner,3,26.97
2026-05-09,TX,Returning,Family Tree Photo Frame,2,59.98
2026-05-09,TX,Returning,Chicken Meat,1,9.99
2026-05-09,CA,New,Slotted Turner,2,17.98
2026-05-09,CA,New,Lunch Box,3,38.97
2026-05-09,CA,New,Cucumber,2,2.98
2026-05-09,CA,New,Gigabyte Aorus Men Tshirt,3,74.97
2026-05-09,NY,Returning,Green Bell Pepper,2,2.58
2026-05-09,NY,Returning,Egg Slicer,1,6.99
2026-05-09,NY,Returning,Rolex Cellini Date Black Dial,3,26999.97
2026-05-09,FL,VIP,Water,2,1.98
2026-05-09,FL,VIP,Beef Steak,2,25.98
2026-05-09,FL,VIP,Table Lamp,1,49.99
2026-05-09,GA,VIP,Fine Mesh Strainer,3,29.97
2026-05-09,GA,VIP,Eggs,1,2.99
2026-05-09,FL,Returning,Plant Pot,1,14.99
2026-05-09,FL,Returning,Men Check Shirt,1,27.99
2026-05-09,NY,VIP,Wooden Bathroom Sink With Mirror,2,1599.98
2026-05-09,NY,VIP,Honey Jar,1,6.99
2026-05-09,NY,VIP,Dog Food,3,32.97
2026-05-09,NY,VIP,Rolex Cellini Date Black Dial,3,26999.97
2026-05-09,FL,Returning,Calvin Klein CK One,2,99.98
2026-05-09,FL,Returning,Eyeshadow Palette with Mirror,2,39.98
2026-05-09,WA,New,Knoll Saarinen Executive Conference Chair,2,999.98
2026-05-09,IL,Returning,Citrus Squeezer Yellow,2,17.98
2026-05-09,IL,Returning,Grater Black,2,21.98
2026-05-09,IL,Returning,Tissue Paper Box,1,2.49
2026-05-09,IL,Returning,Essence Mascara Lash Princess,2,19.98
2026-05-09,MO,Returning,Pan,1,24.99
2026-05-09,TX,VIP,Citrus Squeezer Yellow,1,8.99
2026-05-09,TX,VIP,Dog Food,1,10.99
2026-05-09,TX,VIP,Boxed Blender,2,79.98
2026-05-09,FL,VIP,Gigabyte Aorus Men Tshirt,2,49.98
2026-05-09,FL,VIP,Sports Sneakers Off White & Red,3,359.97
2026-05-09,FL,VIP,Knife,2,29.98
2026-05-09,CA,New,Lenovo Yoga 920,2,2199.98
2026-05-09,CA,New,Family Tree Photo Frame,3,89.97
2026-05-09,CA,New,Green Chili Pepper,3,2.97
2026-05-09,TX,VIP,Annibale Colombo Bed,1,1899.99
2026-05-09,TX,VIP,Wooden Bathroom Sink With Mirror,1,799.99
2026-05-09,TX,VIP,Eyeshadow Palette with Mirror,3,59.97
2026-05-09,TX,VIP,Apple MacBook Pro 14 Inch Space Grey,1,1999.99
2026-05-09,TX,VIP,Man Plaid Shirt,3,104.97
2026-05-09,TX,VIP,House Showpiece Plant,2,79.98
2026-05-09,MO,New,Rolex Cellini Moonphase,1,12999.99
2026-05-09,MO,New,House Showpiece Plant,2,79.98
2026-05-09,MO,New,Beef Steak,2,25.98
2026-05-09,MO,New,Mug Tree Stand,2,31.98
2026-05-09,IL,Returning,Slotted Turner,1,8.99
2026-05-09,IL,Returning,Cooking Oil,1,4.99
2026-05-09,IL,Returning,Spoon,2,9.98
2026-05-09,CA,VIP,Gigabyte Aorus Men Tshirt,1,24.99
2026-05-09,FL,New,Fine Mesh Strainer,1,9.99
2026-05-09,FL,New,Mug Tree Stand,1,15.99
2026-05-09,NY,New,Red Lipstick,1,12.99
2026-05-09,NY,New,Egg Slicer,2,13.98
2026-05-09,GA,VIP,Huawei Matebook X Pro,2,2799.98
2026-05-09,WA,Returning,Calvin Klein CK One,2,99.98
2026-05-09,FL,VIP,Egg Slicer,3,20.97
2026-05-09,FL,VIP,Annibale Colombo Sofa,2,4999.98
2026-05-09,FL,VIP,Lunch Box,3,38.97
2026-05-09,NY,New,Red Nail Polish,2,17.98
2026-05-09,NY,New,Dog Food,1,10.99
2026-05-09,NY,New,Brown Leather Belt Watch,1,89.99
2026-05-09,NY,New,Milk,1,3.49
2026-05-09,CA,VIP,Amazon Echo Plus,2,199.98
2026-05-09,NY,New,Red Onions,3,5.97
2026-05-09,CA,New,Citrus Squeezer Yellow,2,17.98
2026-05-09,CA,New,Apple Airpods,2,259.98
2026-05-09,CA,New,Calvin Klein CK One,2,99.98
2026-05-09,TX,Returning,Rice,2,11.98
2026-05-09,FL,VIP,Sports Sneakers Off White Red,1,109.99
2026-05-09,FL,VIP,Black Whisk,3,29.97
2026-05-09,FL,VIP,Red Onions,1,1.99
2026-05-09,CA,VIP,Electric Stove,3,149.97
2026-05-09,CA,VIP,Water,2,1.98
2026-05-09,CA,VIP,Huawei Matebook X Pro,1,1399.99
2026-05-09,NY,New,Apple Airpods,3,389.97
2026-05-09,NY,New,Family Tree Photo Frame,3,89.97
2026-05-09,FL,VIP,Spoon,1,4.99
2026-05-09,FL,VIP,Longines Master Collection,3,4499.97
2026-05-09,FL,VIP,Apple Airpods,1,129.99
2026-05-09,FL,VIP,Mug Tree Stand,1,15.99
2026-05-09,IL,VIP,Cucumber,2,2.98
2026-05-09,CA,Returning,Asus Zenbook Pro Dual Screen Laptop,3,5399.97
2026-05-09,CA,Returning,Lemon,2,1.58
2026-05-09,GA,New,Man Plaid Shirt,1,34.99
2026-05-09,GA,New,Knife,3,44.97
2026-05-09,GA,VIP,Potatoes,3,6.87
2026-05-09,GA,VIP,Brown Leather Belt Watch,1,89.99
2026-05-09,GA,VIP,Red Nail Polish,1,8.99
2026-05-09,GA,New,Boxed Blender,1,39.99
2026-05-09,GA,New,Blue & Black Check Shirt,1,29.99
2026-05-09,GA,New,Amazon Echo Plus,1,99.99
2026-05-09,GA,New,Carbon Steel Wok,2,59.98
2026-05-09,GA,New,Plant Pot,2,29.98
2026-05-09,MO,New,Slotted Turner,2,17.98
2026-05-09,MO,New,Huawei Matebook X Pro,1,1399.99
2026-05-09,CA,VIP,Cat Food,3,26.97
2026-05-09,CA,VIP,Sports Sneakers Off White & Red,2,239.98
2026-05-09,CA,VIP,Green Chili Pepper,1,0.99
2026-05-09,CA,VIP,Gigabyte Aorus Men Tshirt,1,24.99
2026-05-09,MO,New,Ice Cream,2,10.98
2026-05-09,MO,New,Powder Canister,1,14.99
2026-05-09,MO,New,Red Lipstick,3,38.97
2026-05-09,MO,New,Black Aluminium Cup,2,11.98
2026-05-09,IL,Returning,Family Tree Photo Frame,3,89.97
2026-05-09,IL,Returning,Decoration Swing,3,179.97
2026-05-09,IL,Returning,Rolex Cellini Moonphase,3,38999.97
2026-05-09,IL,Returning,Pan,1,24.99
2026-05-10,MO,Returning,Powder Canister,2,29.98
2026-05-10,MO,Returning,Rice,3,17.97
2026-05-10,NY,New,Black Aluminium Cup,3,17.97
2026-05-10,NY,New,Annibale Colombo Bed,3,5699.97
2026-05-10,FL,New,Longines Master Collection,3,4499.97
2026-05-10,FL,New,Red Nail Polish,2,17.98
2026-05-10,FL,New,Calvin Klein CK One,1,49.99
2026-05-10,CA,VIP,Cooking Oil,2,9.98
2026-05-10,CA,VIP,Wooden Bathroom Sink With Mirror,3,2399.97
2026-05-10,CA,VIP,New DELL XPS 13 9300 Laptop,2,2999.98
2026-05-10,CA,VIP,Rice,1,5.99
2026-05-10,TX,VIP,Annibale Colombo Sofa,2,4999.98
2026-05-10,TX,VIP,Green Bell Pepper,3,3.87
2026-05-10,CA,Returning,Lenovo Yoga 920,3,3299.97
2026-05-10,FL,New,Fish Steak,3,44.97
2026-05-10,FL,New,Chanel Coco Noir Eau De,1,129.99
2026-05-10,FL,New,Glass,2,9.98
2026-05-10,WA,New,Dolce Shine Eau de,2,139.98
2026-05-10,WA,New,Rolex Cellini Moonphase,2,25999.98
2026-05-10,WA,New,Fine Mesh Strainer,1,9.99
2026-05-10,WA,VIP,Silver Pot With Glass Cap,3,119.97
2026-05-10,WA,VIP,Hand Blender,2,69.98
2026-05-10,IL,Returning,Chanel Coco Noir Eau De,1,129.99
2026-05-10,IL,Returning,Nike Air Jordan 1 Red And Black,2,299.98
2026-05-10,IL,Returning,Plant Pot,3,44.97
2026-05-10,NY,Returning,Electric Stove,2,99.98
2026-05-10,FL,New,Rice,1,5.99
2026-05-10,FL,New,Green Chili Pepper,3,2.97
2026-05-10,GA,VIP,Red Onions,3,5.97
2026-05-10,GA,VIP,Dolce Shine Eau de,3,209.97
2026-05-10,GA,VIP,Cat Food,2,17.98
2026-05-10,WA,Returning,Apple Airpods,3,389.97
2026-05-10,WA,Returning,Milk,1,3.49
2026-05-10,FL,Returning,Citrus Squeezer Yellow,2,17.98
2026-05-10,FL,Returning,Carbon Steel Wok,1,29.99
2026-05-10,FL,New,Cooking Oil,2,9.98
2026-05-10,FL,New,Rolex Cellini Date Black Dial,2,17999.98
2026-05-10,MO,New,Spoon,2,9.98
2026-05-10,MO,New,Rolex Datejust,1,10999.99
2026-05-10,MO,New,Dior J'adore,3,269.97
2026-05-10,MO,New,Juice,3,11.97
2026-05-10,MO,New,Spoon,2,9.98
2026-05-10,MO,New,Red Nail Polish,2,17.98
2026-05-10,WA,Returning,House Showpiece Plant,2,79.98
2026-05-10,WA,Returning,Annibale Colombo Bed,3,5699.97
2026-05-10,FL,New,Decoration Swing,3,179.97
2026-05-10,FL,New,Brown Leather Belt Watch,2,179.98
2026-05-10,FL,New,Annibale Colombo Sofa,3,7499.97
2026-05-10,MO,New,Brown Leather Belt Watch,1,89.99
2026-05-10,MO,New,Nike Air Jordan 1 Red And Black,2,299.98
2026-05-10,WA,New,Ice Cube Tray,3,17.97
2026-05-10,GA,New,Electric Stove,3,149.97
2026-05-10,GA,New,Nike Baseball Cleats,1,79.99
2026-05-10,GA,New,Red Nail Polish,3,26.97
2026-05-10,GA,New,Men Check Shirt,2,55.98
2026-05-10,MO,VIP,Eyeshadow Palette with Mirror,3,59.97
2026-05-10,MO,VIP,Red Nail Polish,2,17.98
2026-05-10,TX,Returning,Puma Future Rider Trainers,3,269.97
2026-05-10,TX,Returning,Microwave Oven,3,269.97
2026-05-10,TX,Returning,Red Onions,3,5.97
2026-05-10,TX,Returning,Fish Steak,3,44.97
2026-05-10,TX,New,Decoration Swing,2,119.98
2026-05-10,TX,New,Mug Tree Stand,2,31.98
2026-05-10,TX,New,Egg Slicer,3,20.97
2026-05-10,IL,New,Family Tree Photo Frame,2,59.98
2026-05-10,NY,New,Lemon,1,0.79
2026-05-10,NY,New,Ice Cream,1,5.49
2026-05-10,NY,New,Dior J'adore,3,269.97
2026-05-10,TX,VIP,Tissue Paper Box,1,2.49
2026-05-10,FL,New,Chanel Coco Noir Eau De,1,129.99
2026-05-10,FL,New,Decoration Swing,3,179.97
2026-05-10,FL,New,Water,3,2.97
2026-05-10,FL,VIP,Citrus Squeezer Yellow,1,8.99
2026-05-10,FL,VIP,Hand Blender,3,104.97
2026-05-10,FL,VIP,Chanel Coco Noir Eau De,2,259.98
2026-05-10,FL,VIP,Sports Sneakers Off White & Red,2,239.98
2026-05-10,WA,VIP,Red Onions,1,1.99
2026-05-10,WA,VIP,Plant Pot,1,14.99
2026-05-10,NY,VIP,Sports Sneakers Off White Red,3,329.97
2026-05-10,TX,VIP,Juice,3,11.97
2026-05-10,TX,VIP,Potatoes,2,4.58
2026-05-10,GA,New,Citrus Squeezer Yellow,1,8.99
2026-05-10,GA,New,Yellow Peeler,2,11.98
2026-05-10,GA,New,Egg Slicer,3,20.97
2026-05-10,GA,New,Spice Rack,3,59.97
2026-05-10,GA,Returning,Table Lamp,1,49.99
2026-05-10,GA,Returning,Bedside Table African Cherry,3,899.97
2026-05-10,GA,Returning,Annibale Colombo Bed,3,5699.97
2026-05-10,NY,Returning,Brown Leather Belt Watch,3,269.97
2026-05-10,NY,Returning,Strawberry,2,7.98
2026-05-10,TX,Returning,Honey Jar,3,20.97
2026-05-10,TX,Returning,Eyeshadow Palette with Mirror,3,59.97
2026-05-10,TX,Returning,Fine Mesh Strainer,2,19.98
2026-05-10,TX,Returning,Water,1,0.99
2026-05-10,FL,New,Potatoes,1,2.29
2026-05-10,FL,New,Sports Sneakers Off White Red,3,329.97
2026-05-10,FL,New,Green Bell Pepper,2,2.58
2026-05-10,FL,New,Decoration Swing,1,59.99
2026-05-10,FL,VIP,Sports Sneakers Off White & Red,1,119.99
2026-05-10,FL,VIP,Black Whisk,1,9.99
2026-05-10,FL,Returning,Strawberry,1,3.99
2026-05-10,WA,Returning,Electric Stove,3,149.97
2026-05-10,WA,Returning,Ice Cream,2,10.98
2026-05-10,TX,Returning,Juice,2,7.98
2026-05-10,TX,Returning,Beef Steak,1,12.99
2026-05-10,TX,Returning,Rice,3,17.97
2026-05-10,FL,VIP,Dolce Shine Eau de,1,69.99
2026-05-10,FL,VIP,Huawei Matebook X Pro,2,2799.98
2026-05-10,MO,VIP,Rice,2,11.98
2026-05-10,MO,New,Chicken Meat,2,19.98
2026-05-10,MO,New,Longines Master Collection,2,2999.98
2026-05-10,MO,New,Dior J'adore,2,179.98
2026-05-10,MO,New,Beef Steak,3,38.97
2026-05-10,FL,VIP,Water,1,0.99
2026-05-11,IL,Returning,Knoll Saarinen Executive Conference Chair,3,1499.97
2026-05-11,IL,Returning,Slotted Turner,1,8.99
2026-05-11,IL,Returning,Yellow Peeler,1,5.99
2026-05-11,IL,Returning,Dior J'adore,3,269.97
2026-05-11,GA,New,Tissue Paper Box,1,2.49
2026-05-11,GA,New,Black Aluminium Cup,1,5.99
2026-05-11,GA,New,Dolce Shine Eau de,1,69.99
2026-05-11,GA,New,Eggs,2,5.98
2026-05-11,GA,Returning,Rolex Submariner Watch,3,41999.97
2026-05-11,GA,Returning,Men Check Shirt,3,83.97
2026-05-11,FL,New,Egg Slicer,2,13.98
2026-05-11,FL,New,Dog Food,3,32.97
2026-05-11,FL,New,Chicken Meat,1,9.99
2026-05-11,FL,New,Blue & Black Check Shirt,3,89.97
2026-05-11,NY,New,Apple,1,1.99
2026-05-11,FL,VIP,Egg Slicer,3,20.97
2026-05-11,FL,VIP,Red Nail Polish,3,26.97
2026-05-11,TX,New,Essence Mascara Lash Princess,3,29.97
2026-05-11,TX,New,Slotted Turner,1,8.99
2026-05-11,GA,New,Annibale Colombo Sofa,3,7499.97
2026-05-11,GA,New,Gucci Bloom Eau de,3,239.97
2026-05-11,NY,New,Men Check Shirt,2,55.98
2026-05-11,FL,New,Calvin Klein CK One,2,99.98
2026-05-11,FL,New,Rolex Datejust,2,21999.98
2026-05-11,FL,New,Rolex Submariner Watch,1,13999.99
2026-05-11,NY,Returning,Cat Food,2,17.98
2026-05-11,NY,VIP,Nike Air Jordan 1 Red And Black,2,299.98
2026-05-11,MO,VIP,Asus Zenbook Pro Dual Screen Laptop,3,5399.97
2026-05-11,MO,VIP,Hand Blender,2,69.98
2026-05-11,WA,New,Fork,3,11.97
2026-05-11,IL,New,Fine Mesh Strainer,3,29.97
2026-05-11,IL,New,Silver Pot With Glass Cap,3,119.97
2026-05-11,IL,New,Potatoes,2,4.58
2026-05-11,IL,New,Plate,3,11.97
2026-05-11,WA,New,Essence Mascara Lash Princess,1,9.99
2026-05-11,WA,New,Carbon Steel Wok,3,89.97
2026-05-11,NY,Returning,Longines Master Collection,3,4499.97
2026-05-11,NY,Returning,Ice Cream,3,16.47
2026-05-11,NY,New,Amazon Echo Plus,1,99.99
2026-05-11,NY,New,Honey Jar,2,13.98
2026-05-11,NY,New,Nike Baseball Cleats,3,239.97
2026-05-11,NY,New,Yellow Peeler,1,5.99
2026-05-11,GA,New,Protein Powder,1,19.99
2026-05-11,TX,Returning,Chopping Board,1,12.99
2026-05-11,TX,Returning,Essence Mascara Lash Princess,2,19.98
2026-05-11,TX,Returning,Wooden Bathroom Sink With Mirror,1,799.99
2026-05-11,TX,Returning,House Showpiece Plant,3,119.97
2026-05-11,NY,New,Ice Cream,3,16.47
2026-05-11,GA,New,Carbon Steel Wok,3,89.97
2026-05-11,GA,New,Potatoes,2,4.58
2026-05-11,GA,New,Kiwi,1,2.49
2026-05-11,GA,New,Yellow Peeler,2,11.98
2026-05-11,IL,Returning,Cooking Oil,3,14.97
2026-05-11,IL,Returning,Yellow Peeler,3,17.97
2026-05-11,IL,Returning,New DELL XPS 13 9300 Laptop,1,1499.99
2026-05-11,IL,Returning,Mulberry,2,9.98
2026-05-11,CA,VIP,Lenovo Yoga 920,1,1099.99
2026-05-11,CA,VIP,Slotted Turner,1,8.99
2026-05-11,CA,VIP,Nescafe Coffee,1,7.99
2026-05-11,GA,New,Dolce Shine Eau de,2,139.98
2026-05-11,GA,New,House Showpiece Plant,1,39.99
2026-05-11,GA,New,Boxed Blender,1,39.99
2026-05-11,GA,New,Nescafe Coffee,1,7.99
2026-05-11,IL,New,Annibale Colombo Bed,1,1899.99
2026-05-11,IL,New,Tray,3,50.97
2026-05-11,IL,New,Fish Steak,3,44.97
2026-05-11,IL,New,Egg Slicer,1,6.99
2026-05-11,NY,Returning,Eyeshadow Palette with Mirror,3,59.97
2026-05-11,NY,Returning,Chanel Coco Noir Eau De,2,259.98
2026-05-11,MO,New,Protein Powder,3,59.97
2026-05-11,MO,New,Brown Leather Belt Watch,2,179.98
2026-05-11,MO,New,Tissue Paper Box,3,7.47
2026-05-11,MO,New,Egg Slicer,2,13.98
2026-05-11,IL,Returning,Red Nail Polish,1,8.99
2026-05-11,IL,Returning,Cooking Oil,3,14.97
2026-05-11,IL,Returning,Wooden Rolling Pin,2,23.98
2026-05-11,MO,New,Silver Pot With Glass Cap,3,119.97
2026-05-11,MO,New,Chopping Board,1,12.99
2026-05-11,MO,New,Apple MacBook Pro 14 Inch Space Grey,3,5999.97
2026-05-11,MO,New,Green Chili Pepper,2,1.98
2026-05-11,MO,New,Carbon Steel Wok,2,59.98
2026-05-11,WA,Returning,Man Short Sleeve Shirt,2,39.98
2026-05-11,WA,Returning,Plate,3,11.97
2026-05-11,MO,VIP,Mug Tree Stand,1,15.99
2026-05-11,MO,VIP,Decoration Swing,3,179.97
2026-05-11,MO,VIP,Plant Pot,2,29.98
2026-05-11,MO,Returning,Men Check Shirt,3,83.97
2026-05-11,MO,Returning,Green Bell Pepper,2,2.58
2026-05-11,MO,Returning,Brown Leather Belt Watch,3,269.97
2026-05-11,WA,VIP,Cooking Oil,2,9.98
2026-05-11,WA,VIP,Grater Black,2,21.98
2026-05-11,FL,Returning,Lunch Box,2,25.98
2026-05-11,FL,Returning,Puma Future Rider Trainers,1,89.99
2026-05-11,FL,Returning,Protein Powder,2,39.98
2026-05-11,CA,VIP,Wooden Bathroom Sink With Mirror,2,1599.98
2026-05-11,CA,VIP,Lunch Box,2,25.98
2026-05-11,CA,VIP,Men Check Shirt,3,83.97
2026-05-11,CA,VIP,Honey Jar,2,13.98
2026-05-11,GA,New,Red Tongs,2,13.98
2026-05-11,GA,New,Red Lipstick,1,12.99
2026-05-11,CA,VIP,Red Lipstick,3,38.97
2026-05-11,CA,VIP,Annibale Colombo Sofa,2,4999.98
2026-05-11,CA,VIP,Black Aluminium Cup,2,11.98
2026-05-11,FL,Returning,Mug Tree Stand,2,31.98
2026-05-11,FL,Returning,Lenovo Yoga 920,3,3299.97
2026-05-11,NY,Returning,Yellow Peeler,1,5.99
2026-05-11,NY,Returning,Powder Canister,1,14.99
2026-05-11,TX,VIP,Boxed Blender,2,79.98
2026-05-11,CA,VIP,Green Bell Pepper,3,3.87
2026-05-11,NY,Returning,Kiwi,2,4.98
2026-05-11,NY,Returning,Decoration Swing,1,59.99
2026-05-11,NY,Returning,Cat Food,1,8.99
2026-05-11,MO,Returning,Red Tongs,3,20.97
2026-05-11,MO,Returning,Amazon Echo Plus,1,99.99
2026-05-11,MO,Returning,Eggs,1,2.99
2026-05-11,FL,VIP,Blue & Black Check Shirt,3,89.97
2026-05-11,MO,Returning,Yellow Peeler,3,17.97
2026-05-11,NY,VIP,Soft Drinks,3,5.97
2026-05-11,NY,VIP,Kitchen Sieve,3,23.97
2026-05-11,NY,VIP,Grater Black,3,32.97
2026-05-11,NY,VIP,Dog Food,1,10.99
2026-05-11,CA,New,Lunch Box,1,12.99
2026-05-11,CA,New,Rolex Submariner Watch,2,27999.98
2026-05-11,IL,VIP,Sports Sneakers Off White Red,3,329.97
2026-05-11,IL,VIP,Red Tongs,3,20.97
2026-05-11,IL,VIP,Cooking Oil,1,4.99
2026-05-11,IL,VIP,Black Whisk,2,19.98
2026-05-11,NY,Returning,Man Short Sleeve Shirt,1,19.99
2026-05-11,NY,Returning,Chanel Coco Noir Eau De,1,129.99
2026-05-11,NY,Returning,Yellow Peeler,1,5.99
2026-05-11,NY,Returning,Gigabyte Aorus Men Tshirt,2,49.98
2026-05-11,FL,VIP,Kitchen Sieve,1,7.99
2026-05-11,FL,VIP,Cooking Oil,1,4.99
2026-05-11,FL,VIP,Dog Food,2,21.98
2026-05-11,GA,VIP,Yellow Peeler,3,17.97
2026-05-11,GA,VIP,Red Lipstick,3,38.97
2026-05-11,GA,VIP,Hand Blender,2,69.98
2026-05-11,GA,New,Dog Food,1,10.99
2026-05-11,GA,New,Man Plaid Shirt,1,34.99
2026-05-11,GA,New,Honey Jar,1,6.99
2026-05-11,TX,VIP,Potatoes,1,2.29
2026-05-11,WA,Returning,Rolex Cellini Moonphase,3,38999.97
2026-05-11,WA,Returning,Bedside Table African Cherry,3,899.97
2026-05-11,WA,Returning,Tissue Paper Box,2,4.98
2026-05-11,WA,Returning,Man Short Sleeve Shirt,3,59.97
2026-05-11,TX,Returning,Glass,1,4.99
2026-05-11,TX,Returning,Strawberry,3,11.97
2026-05-11,CA,Returning,Spoon,2,9.98
2026-05-11,CA,Returning,Pan,1,24.99
2026-05-11,CA,Returning,Nike Baseball Cleats,3,239.97
2026-05-11,CA,Returning,Lenovo Yoga 920,3,3299.97
2026-05-11,CA,New,Mulberry,3,14.97
2026-05-11,MO,Returning,Mug Tree Stand,3,47.97
2026-05-11,MO,Returning,Plant Pot,2,29.98
2026-05-11,TX,VIP,Kitchen Sieve,1,7.99
2026-05-11,TX,VIP,Rolex Submariner Watch,2,27999.98
2026-05-11,TX,VIP,Grater Black,2,21.98
2026-05-11,TX,VIP,Boxed Blender,3,119.97
2026-05-11,MO,VIP,Red Lipstick,2,25.98
2026-05-11,WA,New,Egg Slicer,1,6.99
2026-05-11,WA,New,Grater Black,1,10.99
2026-05-11,WA,New,Slotted Turner,1,8.99
2026-05-11,WA,New,Strawberry,3,11.97
2026-05-11,NY,Returning,Gigabyte Aorus Men Tshirt,1,24.99
2026-05-11,NY,Returning,Water,2,1.98
2026-05-11,NY,Returning,Eggs,2,5.98
2026-05-11,NY,Returning,Kitchen Sieve,2,15.98
2026-05-11,GA,New,Red Nail Polish,2,17.98
2026-05-11,WA,Returning,Red Tongs,3,20.97
2026-05-12,FL,New,Apple,2,3.98
2026-05-12,FL,New,Red Tongs,2,13.98
2026-05-12,TX,VIP,Egg Slicer,2,13.98
2026-05-12,TX,VIP,Sports Sneakers Off White Red,2,219.98
2026-05-12,TX,VIP,Juice,2,7.98
2026-05-12,FL,Returning,Rolex Submariner Watch,1,13999.99
2026-05-12,TX,Returning,Grater Black,2,21.98
2026-05-12,TX,Returning,Family Tree Photo Frame,3,89.97
2026-05-12,CA,Returning,Egg Slicer,2,13.98
2026-05-12,CA,Returning,Honey Jar,1,6.99
2026-05-12,CA,Returning,Green Bell Pepper,1,1.29
2026-05-12,CA,Returning,Apple,3,5.97
2026-05-12,MO,New,Protein Powder,1,19.99
2026-05-12,MO,New,Rolex Submariner Watch,1,13999.99
2026-05-12,IL,New,New DELL XPS 13 9300 Laptop,1,1499.99
2026-05-12,GA,Returning,Potatoes,3,6.87
2026-05-12,GA,Returning,Bedside Table African Cherry,3,899.97
2026-05-12,CA,VIP,Hand Blender,2,69.98
2026-05-12,CA,VIP,Annibale Colombo Bed,3,5699.97
2026-05-12,FL,VIP,House Showpiece Plant,2,79.98
2026-05-12,FL,VIP,Amazon Echo Plus,3,299.97
2026-05-12,NY,Returning,Fish Steak,1,14.99
2026-05-12,MO,New,Black Whisk,1,9.99
2026-05-12,MO,New,Pan,3,74.97
2026-05-12,MO,New,Blue & Black Check Shirt,3,89.97
2026-05-12,MO,New,Dolce Shine Eau de,2,139.98
2026-05-12,FL,Returning,Pan,2,49.98
2026-05-12,FL,Returning,Red Lipstick,1,12.99
2026-05-12,FL,Returning,Knife,2,29.98
2026-05-12,FL,Returning,Chanel Coco Noir Eau De,2,259.98
2026-05-12,IL,VIP,Glass,3,14.97
2026-05-12,IL,VIP,Spoon,2,9.98
2026-05-12,FL,Returning,Kitchen Sieve,3,23.97
2026-05-12,FL,Returning,Apple,3,5.97
2026-05-12,FL,Returning,Wooden Rolling Pin,2,23.98
2026-05-12,FL,Returning,Spoon,2,9.98
2026-05-12,TX,New,Hand Blender,2,69.98
2026-05-12,TX,New,Apple Airpods,3,389.97
2026-05-12,TX,New,Honey Jar,3,20.97
2026-05-12,FL,New,Red Tongs,1,6.99
2026-05-12,FL,New,Apple MacBook Pro 14 Inch Space Grey,2,3999.98
2026-05-12,GA,New,Beef Steak,1,12.99
2026-05-12,GA,New,Electric Stove,2,99.98
2026-05-12,GA,New,Black Aluminium Cup,1,5.99
2026-05-12,GA,New,Cat Food,1,8.99
2026-05-12,FL,Returning,Kitchen Sieve,2,15.98
2026-05-12,CA,Returning,Cat Food,1,8.99
2026-05-12,CA,Returning,Asus Zenbook Pro Dual Screen Laptop,2,3599.98
2026-05-12,MO,VIP,Black Whisk,2,19.98
2026-05-12,IL,New,Ice Cube Tray,2,11.98
2026-05-12,IL,New,Red Tongs,2,13.98
2026-05-12,IL,New,Calvin Klein CK One,1,49.99
2026-05-12,IL,New,Lunch Box,3,38.97
2026-05-12,WA,VIP,Beef Steak,2,25.98
2026-05-12,GA,New,Fine Mesh Strainer,3,29.97
2026-05-12,GA,New,Ice Cream,3,16.47
2026-05-12,GA,New,Chicken Meat,1,9.99
2026-05-12,NY,VIP,Gucci Bloom Eau de,2,159.98
2026-05-12,NY,VIP,Lemon,3,2.37
2026-05-12,WA,VIP,Glass,1,4.99
2026-05-12,WA,VIP,Wooden Rolling Pin,2,23.98
2026-05-12,IL,VIP,Red Lipstick,3,38.97
2026-05-12,IL,VIP,Wooden Bathroom Sink With Mirror,1,799.99
2026-05-12,MO,New,Tray,3,50.97
2026-05-12,MO,New,Chicken Meat,1,9.99
2026-05-12,MO,New,Longines Master Collection,3,4499.97
2026-05-12,MO,New,Gucci Bloom Eau de,3,239.97
2026-05-12,GA,New,Yellow Peeler,2,11.98
2026-05-12,GA,New,Milk,1,3.49
2026-05-12,GA,New,Citrus Squeezer Yellow,3,26.97
2026-05-12,GA,New,Black Whisk,1,9.99
2026-05-12,WA,Returning,Huawei Matebook X Pro,1,1399.99
2026-05-12,WA,Returning,Microwave Oven,2,179.98
2026-05-12,WA,Returning,Fine Mesh Strainer,3,29.97
2026-05-12,WA,Returning,Brown Leather Belt Watch,2,179.98
2026-05-12,GA,New,Silver Pot With Glass Cap,1,39.99
2026-05-12,GA,New,Juice,3,11.97
2026-05-12,GA,New,Potatoes,2,4.58
2026-05-12,GA,New,Red Lipstick,1,12.99
2026-05-12,FL,Returning,Red Tongs,1,6.99
2026-05-12,TX,VIP,Citrus Squeezer Yellow,3,26.97
2026-05-12,TX,VIP,Silver Pot With Glass Cap,3,119.97
2026-05-12,TX,VIP,Huawei Matebook X Pro,2,2799.98
2026-05-12,TX,VIP,Lunch Box,3,38.97
2026-05-12,TX,VIP,Green Bell Pepper,2,2.58
2026-05-12,TX,VIP,Blue & Black Check Shirt,3,89.97
2026-05-12,TX,VIP,Knoll Saarinen Executive Conference Chair,1,499.99
2026-05-12,CA,Returning,Chopping Board,3,38.97
2026-05-12,CA,Returning,Nike Baseball Cleats,2,159.98
2026-05-12,CA,Returning,Kitchen Sieve,1,7.99
2026-05-12,MO,Returning,Fish Steak,2,29.98
2026-05-12,GA,New,Amazon Echo Plus,1,99.99
2026-05-12,GA,New,Tissue Paper Box,2,4.98
2026-05-12,GA,New,Grater Black,1,10.99
2026-05-12,GA,New,Citrus Squeezer Yellow,1,8.99
2026-05-12,TX,VIP,Grater Black,1,10.99
2026-05-12,IL,VIP,Rolex Submariner Watch,1,13999.99
2026-05-12,NY,New,Dolce Shine Eau de,1,69.99
2026-05-12,NY,New,Slotted Turner,1,8.99
2026-05-12,NY,New,Red Nail Polish,3,26.97
2026-05-12,NY,New,Gigabyte Aorus Men Tshirt,1,24.99
2026-05-12,MO,Returning,Chopping Board,3,38.97
2026-05-12,MO,Returning,Microwave Oven,1,89.99
2026-05-12,MO,Returning,Spice Rack,2,39.98
2026-05-12,FL,New,Spice Rack,2,39.98
2026-05-12,FL,New,Ice Cube Tray,1,5.99
2026-05-12,NY,New,Microwave Oven,2,179.98
2026-05-12,FL,Returning,Red Nail Polish,1,8.99
2026-05-12,FL,Returning,Rice,1,5.99
2026-05-12,FL,Returning,Eyeshadow Palette with Mirror,2,39.98
2026-05-12,FL,Returning,Juice,2,7.98
2026-05-12,GA,Returning,Bedside Table African Cherry,3,899.97
2026-05-12,GA,Returning,Red Lipstick,2,25.98
2026-05-12,GA,Returning,Green Chili Pepper,1,0.99
2026-05-12,GA,Returning,Red Tongs,1,6.99
2026-05-12,NY,Returning,Yellow Peeler,1,5.99
2026-05-12,NY,Returning,Soft Drinks,1,1.99
2026-05-12,NY,Returning,Annibale Colombo Sofa,3,7499.97
2026-05-12,NY,Returning,Huawei Matebook X Pro,1,1399.99
2026-05-12,NY,New,Green Chili Pepper,3,2.97
2026-05-12,NY,New,Huawei Matebook X Pro,3,4199.97
2026-05-12,NY,New,Bamboo Spatula,3,23.97
2026-05-12,NY,New,Fine Mesh Strainer,1,9.99
2026-05-12,GA,New,Milk,1,3.49
2026-05-12,GA,New,Honey Jar,1,6.99
2026-05-12,GA,New,Red Nail Polish,1,8.99
2026-05-12,GA,New,House Showpiece Plant,3,119.97
2026-05-12,GA,VIP,Lenovo Yoga 920,2,2199.98
2026-05-12,GA,VIP,Green Bell Pepper,3,3.87
2026-05-12,NY,New,Huawei Matebook X Pro,2,2799.98
2026-05-13,MO,New,Glass,1,4.99
2026-05-13,MO,New,Amazon Echo Plus,3,299.97
2026-05-13,MO,New,Tray,3,50.97
2026-05-13,MO,New,Decoration Swing,3,179.97
2026-05-13,NY,VIP,Rice,3,17.97
2026-05-13,IL,VIP,Mug Tree Stand,3,47.97
2026-05-13,IL,VIP,Microwave Oven,3,269.97
2026-05-13,CA,New,Gigabyte Aorus Men Tshirt,1,24.99
2026-05-13,CA,New,Red Lipstick,3,38.97
2026-05-13,CA,New,Asus Zenbook Pro Dual Screen Laptop,3,5399.97
2026-05-13,WA,VIP,Grater Black,3,32.97
2026-05-13,WA,VIP,Rolex Cellini Date Black Dial,3,26999.97
2026-05-13,GA,Returning,Men Check Shirt,3,83.97
2026-05-13,GA,Returning,Strawberry,3,11.97
2026-05-13,IL,New,Tissue Paper Box,1,2.49
2026-05-13,IL,New,Citrus Squeezer Yellow,1,8.99
2026-05-13,IL,New,Dolce Shine Eau de,1,69.99
2026-05-13,GA,VIP,Honey Jar,2,13.98
2026-05-13,IL,New,Man Short Sleeve Shirt,2,39.98
2026-05-13,NY,Returning,Apple,1,1.99
2026-05-13,NY,Returning,Cucumber,1,1.49
2026-05-13,NY,Returning,Cooking Oil,3,14.97
2026-05-13,NY,Returning,Apple Airpods,1,129.99
2026-05-13,NY,Returning,Calvin Klein CK One,1,49.99
2026-05-13,NY,Returning,Essence Mascara Lash Princess,2,19.98
2026-05-13,NY,Returning,Gigabyte Aorus Men Tshirt,2,49.98
2026-05-13,FL,Returning,Cat Food,1,8.99
2026-05-13,NY,New,Wooden Rolling Pin,3,35.97
2026-05-13,NY,New,New DELL XPS 13 9300 Laptop,1,1499.99
2026-05-13,NY,New,Cat Food,1,8.99
2026-05-13,CA,New,Fish Steak,3,44.97
2026-05-13,CA,New,Rolex Cellini Date Black Dial,2,17999.98
2026-05-13,CA,New,Soft Drinks,3,5.97
2026-05-13,CA,New,Milk,3,10.47
2026-05-13,CA,New,Dog Food,2,21.98
2026-05-13,CA,New,Fish Steak,2,29.98
2026-05-13,WA,New,Silver Pot With Glass Cap,1,39.99
2026-05-13,WA,New,Calvin Klein CK One,2,99.98
2026-05-13,WA,New,Eggs,3,8.97
2026-05-13,WA,New,Water,3,2.97
2026-05-13,TX,VIP,Black Whisk,2,19.98
2026-05-13,TX,VIP,Decoration Swing,2,119.98
2026-05-13,TX,VIP,Spoon,2,9.98
2026-05-13,TX,VIP,Microwave Oven,2,179.98
2026-05-13,WA,Returning,Tray,2,33.98
2026-05-13,CA,Returning,Rolex Datejust,2,21999.98
2026-05-13,CA,Returning,Powder Canister,1,14.99
2026-05-13,WA,VIP,New DELL XPS 13 9300 Laptop,1,1499.99
2026-05-13,WA,VIP,Nike Baseball Cleats,2,159.98
2026-05-13,WA,VIP,Knife,1,14.99
2026-05-13,NY,VIP,Man Short Sleeve Shirt,2,39.98
2026-05-13,TX,Returning,Pan,1,24.99
2026-05-13,MO,VIP,Protein Powder,2,39.98
2026-05-13,MO,VIP,Ice Cream,2,10.98
2026-05-13,MO,VIP,Lenovo Yoga 920,1,1099.99
2026-05-13,MO,VIP,Tissue Paper Box,3,7.47
2026-05-13,FL,VIP,Ice Cream,1,5.49
2026-05-13,GA,VIP,Grater Black,1,10.99
2026-05-13,GA,VIP,Chicken Meat,1,9.99
2026-05-13,GA,VIP,Milk,1,3.49
2026-05-13,GA,VIP,Chanel Coco Noir Eau De,2,259.98
2026-05-13,MO,New,Rolex Cellini Date Black Dial,3,26999.97
2026-05-13,MO,New,Gucci Bloom Eau de,3,239.97
2026-05-13,MO,New,Rolex Cellini Moonphase,2,25999.98
2026-05-13,MO,New,Mug Tree Stand,2,31.98
2026-05-13,MO,New,Red Nail Polish,3,26.97
2026-05-13,MO,New,Longines Master Collection,2,2999.98
2026-05-13,TX,Returning,Gucci Bloom Eau de,1,79.99
2026-05-13,NY,New,Grater Black,1,10.99
2026-05-13,NY,New,Black Aluminium Cup,2,11.98
2026-05-13,WA,VIP,Brown Leather Belt Watch,2,179.98
2026-05-13,WA,VIP,Blue & Black Check Shirt,2,59.98
2026-05-13,WA,VIP,Annibale Colombo Sofa,1,2499.99
2026-05-13,GA,New,Strawberry,3,11.97
2026-05-13,GA,New,Red Tongs,2,13.98
2026-05-13,MO,Returning,Grater Black,2,21.98
2026-05-13,MO,Returning,Amazon Echo Plus,1,99.99
2026-05-13,MO,Returning,Microwave Oven,1,89.99
2026-05-13,GA,VIP,Sports Sneakers Off White Red,1,109.99
2026-05-13,GA,VIP,Ice Cream,2,10.98
2026-05-13,GA,VIP,Family Tree Photo Frame,1,29.99
2026-05-13,GA,VIP,Rolex Submariner Watch,1,13999.99
2026-05-13,NY,Returning,Beef Steak,3,38.97
2026-05-13,NY,New,Honey Jar,2,13.98
2026-05-13,NY,New,Men Check Shirt,3,83.97
2026-05-13,NY,New,Lemon,2,1.58
2026-05-13,NY,New,Calvin Klein CK One,3,149.97
2026-05-13,TX,VIP,Knife,1,14.99
2026-05-13,TX,VIP,Longines Master Collection,3,4499.97
2026-05-13,TX,VIP,Rolex Datejust,1,10999.99
2026-05-13,TX,VIP,Milk,2,6.98
2026-05-13,MO,Returning,Huawei Matebook X Pro,3,4199.97
2026-05-13,IL,New,Fork,1,3.99
2026-05-13,IL,New,Wooden Bathroom Sink With Mirror,2,1599.98
2026-05-13,IL,New,Nike Baseball Cleats,3,239.97
2026-05-13,GA,New,Cat Food,3,26.97
2026-05-13,NY,VIP,Apple,3,5.97
2026-05-13,NY,VIP,Apple MacBook Pro 14 Inch Space Grey,1,1999.99
2026-05-13,NY,VIP,Wooden Bathroom Sink With Mirror,2,1599.98
2026-05-13,NY,VIP,Dolce Shine Eau de,2,139.98
2026-05-13,CA,Returning,Dog Food,2,21.98
2026-05-13,CA,Returning,Apple MacBook Pro 14 Inch Space Grey,1,1999.99
2026-05-13,CA,Returning,Family Tree Photo Frame,1,29.99
2026-05-13,NY,VIP,Family Tree Photo Frame,3,89.97
2026-05-13,NY,VIP,Annibale Colombo Sofa,2,4999.98
2026-05-13,NY,VIP,Nescafe Coffee,1,7.99
2026-05-13,NY,New,Strawberry,3,11.97
2026-05-13,NY,New,Protein Powder,3,59.97
2026-05-13,FL,VIP,Asus Zenbook Pro Dual Screen Laptop,1,1799.99
2026-05-13,FL,VIP,Gucci Bloom Eau de,2,159.98
2026-05-13,FL,VIP,Mulberry,1,4.99
2026-05-13,NY,Returning,Brown Leather Belt Watch,2,179.98
2026-05-13,NY,Returning,Cucumber,3,4.47
2026-05-13,NY,Returning,Rolex Datejust,1,10999.99
2026-05-13,NY,VIP,Nike Air Jordan 1 Red And Black,3,449.97
2026-05-13,GA,VIP,Asus Zenbook Pro Dual Screen Laptop,1,1799.99
2026-05-13,GA,VIP,Wooden Rolling Pin,1,11.99
2026-05-13,GA,VIP,Cucumber,3,4.47
2026-05-13,FL,New,Grater Black,2,21.98
2026-05-13,FL,New,Eyeshadow Palette with Mirror,1,19.99
2026-05-13,FL,VIP,Wooden Rolling Pin,2,23.98
2026-05-13,FL,VIP,Red Tongs,1,6.99
2026-05-13,FL,New,Milk,3,10.47
2026-05-13,FL,New,Rice,3,17.97
2026-05-13,GA,New,Rolex Cellini Moonphase,1,12999.99
2026-05-13,GA,New,Family Tree Photo Frame,2,59.98
2026-05-13,FL,Returning,Plate,1,3.99
2026-05-13,FL,Returning,Cooking Oil,3,14.97
2026-05-13,FL,Returning,Man Short Sleeve Shirt,2,39.98
2026-05-14,FL,Returning,Rolex Cellini Moonphase,2,25999.98
2026-05-14,FL,Returning,Citrus Squeezer Yellow,3,26.97
2026-05-14,FL,Returning,Mug Tree Stand,1,15.99
2026-05-14,FL,Returning,Glass,1,4.99
2026-05-14,NY,VIP,Green Bell Pepper,1,1.29
2026-05-14,IL,New,Calvin Klein CK One,1,49.99
2026-05-14,NY,Returning,Black Aluminium Cup,3,17.97
2026-05-14,NY,Returning,Asus Zenbook Pro Dual Screen Laptop,2,3599.98
2026-05-14,NY,Returning,Mug Tree Stand,1,15.99
2026-05-14,NY,Returning,Strawberry,2,7.98
2026-05-14,TX,New,Fork,2,7.98
2026-05-14,TX,New,Essence Mascara Lash Princess,2,19.98
2026-05-14,TX,New,Beef Steak,2,25.98
2026-05-14,TX,New,Boxed Blender,2,79.98
2026-05-14,TX,New,Hand Blender,3,104.97
2026-05-14,WA,VIP,Eggs,1,2.99
2026-05-14,WA,VIP,Annibale Colombo Sofa,1,2499.99
2026-05-14,WA,VIP,Citrus Squeezer Yellow,3,26.97
2026-05-14,WA,VIP,Green Chili Pepper,2,1.98
2026-05-14,MO,New,Brown Leather Belt Watch,1,89.99
2026-05-14,MO,New,Puma Future Rider Trainers,1,89.99
2026-05-14,NY,Returning,Longines Master Collection,2,2999.98
2026-05-14,NY,Returning,Sports Sneakers Off White & Red,3,359.97
2026-05-14,NY,Returning,Decoration Swing,3,179.97
2026-05-14,NY,Returning,Brown Leather Belt Watch,3,269.97
2026-05-14,CA,Returning,Red Nail Polish,2,17.98
2026-05-14,FL,VIP,Knoll Saarinen Executive Conference Chair,3,1499.97
2026-05-14,FL,VIP,Tissue Paper Box,2,4.98
2026-05-14,IL,VIP,Honey Jar,1,6.99
2026-05-14,IL,VIP,Amazon Echo Plus,3,299.97
2026-05-14,FL,New,Gucci Bloom Eau de,1,79.99
2026-05-14,FL,New,Cucumber,3,4.47
2026-05-14,FL,New,Black Aluminium Cup,1,5.99
2026-05-14,FL,New,Honey Jar,2,13.98
2026-05-14,WA,Returning,Rolex Datejust,1,10999.99
2026-05-14,WA,Returning,Fork,3,11.97
2026-05-14,WA,Returning,Apple MacBook Pro 14 Inch Space Grey,2,3999.98
2026-05-14,WA,Returning,Fork,3,11.97
2026-05-14,WA,Returning,Carbon Steel Wok,3,89.97
2026-05-14,CA,New,Apple MacBook Pro 14 Inch Space Grey,3,5999.97
2026-05-14,CA,New,Kitchen Sieve,3,23.97
2026-05-14,MO,VIP,Red Nail Polish,2,17.98
2026-05-14,MO,New,Man Plaid Shirt,1,34.99
2026-05-14,TX,New,Fork,1,3.99
2026-05-14,TX,New,Table Lamp,3,149.97
2026-05-14,TX,New,Chanel Coco Noir Eau De,2,259.98
2026-05-14,IL,VIP,Boxed Blender,3,119.97
2026-05-14,IL,VIP,Milk,2,6.98
2026-05-14,MO,Returning,Rice,1,5.99
2026-05-14,MO,Returning,Pan,3,74.97
2026-05-14,MO,Returning,Knoll Saarinen Executive Conference Chair,3,1499.97
2026-05-14,MO,Returning,Microwave Oven,2,179.98
2026-05-14,NY,Returning,Mulberry,3,14.97
2026-05-14,CA,VIP,Chicken Meat,3,29.97
2026-05-14,CA,VIP,Annibale Colombo Sofa,2,4999.98
2026-05-14,CA,VIP,Tissue Paper Box,1,2.49
2026-05-14,WA,VIP,Boxed Blender,2,79.98
2026-05-14,WA,VIP,House Showpiece Plant,3,119.97
2026-05-14,IL,VIP,Bamboo Spatula,2,15.98
2026-05-14,WA,Returning,Man Plaid Shirt,3,104.97
2026-05-14,WA,Returning,Grater Black,1,10.99
2026-05-14,WA,Returning,Mulberry,2,9.98
2026-05-14,WA,Returning,Green Chili Pepper,3,2.97
2026-05-14,CA,VIP,Amazon Echo Plus,3,299.97
2026-05-14,FL,New,Apple Airpods,2,259.98
2026-05-14,IL,New,Dolce Shine Eau de,1,69.99
2026-05-14,IL,New,Spoon,1,4.99
2026-05-14,IL,New,Plant Pot,1,14.99
2026-05-14,IL,New,Family Tree Photo Frame,2,59.98
2026-05-14,FL,VIP,Glass,1,4.99
2026-05-14,FL,VIP,Eggs,1,2.99
2026-05-14,FL,Returning,Dolce Shine Eau de,2,139.98
2026-05-14,FL,Returning,Silver Pot With Glass Cap,2,79.98
2026-05-14,FL,Returning,Soft Drinks,3,5.97
2026-05-14,FL,Returning,Gigabyte Aorus Men Tshirt,1,24.99
2026-05-14,MO,Returning,Blue & Black Check Shirt,2,59.98
2026-05-14,MO,Returning,Brown Leather Belt Watch,2,179.98
2026-05-14,MO,Returning,Potatoes,1,2.29
2026-05-14,GA,New,Rolex Cellini Moonphase,3,38999.97
2026-05-14,GA,New,Men Check Shirt,2,55.98
2026-05-14,FL,VIP,Annibale Colombo Sofa,3,7499.97
2026-05-14,FL,VIP,Apple MacBook Pro 14 Inch Space Grey,3,5999.97
2026-05-14,GA,New,Rolex Datejust,2,21999.98
2026-05-14,GA,New,Brown Leather Belt Watch,3,269.97
2026-05-14,GA,New,Green Chili Pepper,3,2.97
2026-05-14,IL,VIP,Eyeshadow Palette with Mirror,2,39.98
2026-05-14,IL,VIP,Dior J'adore,1,89.99
2026-05-14,IL,VIP,Potatoes,2,4.58
2026-05-14,GA,Returning,Mug Tree Stand,2,31.98
2026-05-14,GA,VIP,Grater Black,3,32.97
2026-05-14,GA,VIP,Bamboo Spatula,1,7.99
2026-05-14,NY,New,Cat Food,2,17.98
2026-05-14,NY,New,Powder Canister,1,14.99
2026-05-14,NY,New,Blue & Black Check Shirt,1,29.99
2026-05-14,NY,New,Table Lamp,3,149.97
2026-05-14,MO,New,Rolex Submariner Watch,2,27999.98
2026-05-14,MO,New,Spice Rack,1,19.99
2026-05-14,MO,New,Silver Pot With Glass Cap,2,79.98
2026-05-14,TX,VIP,Eggs,3,8.97
2026-05-14,TX,VIP,Lunch Box,3,38.97
2026-05-14,TX,VIP,Ice Cube Tray,2,11.98
2026-05-14,NY,VIP,Annibale Colombo Bed,3,5699.97
2026-05-14,MO,New,Plate,3,11.97
2026-05-14,MO,New,Nike Air Jordan 1 Red And Black,2,299.98
2026-05-14,MO,New,Brown Leather Belt Watch,3,269.97
2026-05-14,MO,New,Kitchen Sieve,2,15.98
2026-05-14,MO,Returning,Citrus Squeezer Yellow,3,26.97
2026-05-14,MO,Returning,Lemon,1,0.79
2026-05-14,WA,New,Rolex Cellini Date Black Dial,3,26999.97
2026-05-14,WA,New,Bamboo Spatula,3,23.97
2026-05-14,WA,New,Gucci Bloom Eau de,1,79.99
2026-05-14,IL,VIP,Juice,2,7.98
2026-05-14,TX,Returning,Ice Cube Tray,1,5.99
2026-05-14,TX,Returning,Black Aluminium Cup,2,11.98
2026-05-14,GA,New,Wooden Rolling Pin,1,11.99
2026-05-14,GA,VIP,Plant Pot,2,29.98
2026-05-14,NY,New,Cooking Oil,1,4.99
2026-05-14,NY,New,Cucumber,3,4.47
2026-05-14,NY,New,Man Short Sleeve Shirt,2,39.98
2026-05-14,FL,Returning,Chicken Meat,2,19.98
2026-05-14,FL,Returning,Beef Steak,3,38.97
2026-05-14,FL,Returning,Red Nail Polish,3,26.97
2026-05-14,NY,Returning,Black Whisk,2,19.98
2026-05-14,NY,Returning,Nike Air Jordan 1 Red And Black,2,299.98
2026-05-14,NY,Returning,Mulberry,2,9.98
2026-05-14,MO,Returning,Red Tongs,2,13.98
2026-05-14,MO,Returning,Man Short Sleeve Shirt,3,59.97
2026-05-14,NY,New,Eyeshadow Palette with Mirror,2,39.98
2026-05-14,NY,New,Spoon,3,14.97
2026-05-14,MO,New,House Showpiece Plant,1,39.99
2026-05-14,NY,New,Knife,1,14.99
2026-05-14,NY,New,Men Check Shirt,1,27.99
2026-05-14,NY,New,Strawberry,1,3.99
2026-05-14,NY,New,Amazon Echo Plus,2,199.98
2026-05-14,GA,VIP,Nescafe Coffee,1,7.99
2026-05-14,GA,VIP,Spoon,2,9.98
2026-05-14,FL,New,Red Lipstick,3,38.97
2026-05-14,FL,New,Wooden Bathroom Sink With Mirror,2,1599.98
2026-05-14,FL,New,Juice,2,7.98
2026-05-14,GA,Returning,Chicken Meat,3,29.97
2026-05-14,GA,Returning,Red Lipstick,2,25.98
2026-05-14,IL,VIP,Wooden Rolling Pin,2,23.98
2026-05-14,WA,Returning,Amazon Echo Plus,1,99.99
2026-05-14,WA,Returning,Cucumber,1,1.49
2026-05-14,WA,Returning,Red Onions,1,1.99
2026-05-14,NY,VIP,Red Onions,2,3.98
2026-05-14,NY,VIP,Fine Mesh Strainer,1,9.99
2026-05-14,NY,New,Chopping Board,2,25.98
2026-05-14,NY,New,Fork,2,7.98
2026-05-14,NY,New,Wooden Bathroom Sink With Mirror,3,2399.97
2026-05-14,NY,New,Dog Food,1,10.99
2026-05-15,WA,Returning,Wooden Rolling Pin,3,35.97
2026-05-15,WA,Returning,Hand Blender,1,34.99
2026-05-15,WA,Returning,Asus Zenbook Pro Dual Screen Laptop,3,5399.97
2026-05-15,WA,Returning,Red Nail Polish,2,17.98
2026-05-15,WA,Returning,Plant Pot,3,44.97
2026-05-15,TX,VIP,Plate,1,3.99
2026-05-15,TX,VIP,Dior J'adore,3,269.97
2026-05-15,TX,VIP,Bedside Table African Cherry,2,599.98
2026-05-15,TX,VIP,Essence Mascara Lash Princess,2,19.98
2026-05-15,CA,VIP,Wooden Bathroom Sink With Mirror,2,1599.98
2026-05-15,CA,VIP,Calvin Klein CK One,3,149.97
2026-05-15,CA,VIP,Fine Mesh Strainer,2,19.98
2026-05-15,CA,VIP,Man Short Sleeve Shirt,1,19.99
2026-05-15,NY,New,Egg Slicer,3,20.97
2026-05-15,CA,Returning,Men Check Shirt,1,27.99
2026-05-15,WA,VIP,Rolex Datejust,1,10999.99
2026-05-15,WA,VIP,Lemon,2,1.58
2026-05-15,WA,VIP,Longines Master Collection,1,1499.99
2026-05-15,WA,VIP,Powder Canister,3,44.97
2026-05-15,CA,VIP,Gigabyte Aorus Men Tshirt,3,74.97
2026-05-15,FL,New,Rolex Submariner Watch,2,27999.98
2026-05-15,FL,New,Amazon Echo Plus,2,199.98
2026-05-15,WA,New,Chicken Meat,3,29.97
2026-05-15,WA,New,Carbon Steel Wok,2,59.98
2026-05-15,IL,Returning,Dog Food,2,21.98
2026-05-15,GA,New,Red Tongs,1,6.99
2026-05-15,IL,VIP,Eyeshadow Palette with Mirror,2,39.98
2026-05-15,IL,VIP,Electric Stove,2,99.98
2026-05-15,IL,VIP,Calvin Klein CK One,3,149.97
2026-05-15,GA,New,Rice,1,5.99
2026-05-15,IL,VIP,Family Tree Photo Frame,1,29.99
2026-05-15,MO,Returning,Juice,3,11.97
2026-05-15,MO,Returning,Brown Leather Belt Watch,1,89.99
2026-05-15,MO,Returning,Spice Rack,3,59.97
2026-05-15,MO,Returning,Wooden Bathroom Sink With Mirror,3,2399.97
2026-05-15,WA,Returning,Wooden Bathroom Sink With Mirror,3,2399.97
2026-05-15,WA,Returning,Water,2,1.98
2026-05-15,WA,Returning,Family Tree Photo Frame,2,59.98
2026-05-15,WA,Returning,Sports Sneakers Off White & Red,1,119.99
2026-05-15,GA,New,Apple,3,5.97
2026-05-15,GA,New,Juice,1,3.99
2026-05-15,GA,New,Nescafe Coffee,2,15.98
2026-05-15,GA,New,Pan,1,24.99
2026-05-15,WA,VIP,Wooden Rolling Pin,3,35.97
2026-05-15,WA,VIP,Carbon Steel Wok,1,29.99
2026-05-15,WA,VIP,Dior J'adore,3,269.97
2026-05-15,GA,VIP,Apple Airpods,1,129.99
2026-05-15,GA,VIP,Soft Drinks,1,1.99
2026-05-15,CA,New,Men Check Shirt,3,83.97
2026-05-15,FL,Returning,Juice,1,3.99
2026-05-15,FL,Returning,Sports Sneakers Off White Red,3,329.97
2026-05-15,FL,Returning,Green Bell Pepper,1,1.29
2026-05-15,TX,Returning,Rolex Cellini Date Black Dial,3,26999.97
2026-05-15,NY,VIP,Table Lamp,2,99.98
2026-05-15,NY,VIP,Gigabyte Aorus Men Tshirt,2,49.98
2026-05-15,NY,VIP,Spice Rack,1,19.99
2026-05-15,NY,VIP,Water,1,0.99
2026-05-15,NY,Returning,Citrus Squeezer Yellow,3,26.97
2026-05-15,NY,Returning,Nescafe Coffee,1,7.99
2026-05-15,NY,Returning,Huawei Matebook X Pro,3,4199.97
2026-05-15,FL,VIP,Mulberry,2,9.98
2026-05-15,FL,VIP,Juice,3,11.97
2026-05-15,FL,VIP,Electric Stove,1,49.99
2026-05-15,GA,VIP,Citrus Squeezer Yellow,2,17.98
2026-05-15,GA,VIP,Chopping Board,2,25.98
2026-05-15,GA,VIP,Essence Mascara Lash Princess,1,9.99
2026-05-15,FL,New,Black Aluminium Cup,2,11.98
2026-05-15,FL,Returning,Lunch Box,3,38.97
2026-05-15,IL,New,Sports Sneakers Off White Red,1,109.99
2026-05-15,IL,New,Sports Sneakers Off White & Red,1,119.99
2026-05-15,IL,New,Gucci Bloom Eau de,2,159.98
2026-05-15,IL,Returning,Spoon,1,4.99
2026-05-15,IL,Returning,Apple Airpods,3,389.97
2026-05-15,IL,Returning,Carbon Steel Wok,2,59.98
2026-05-15,IL,VIP,Milk,2,6.98
2026-05-15,IL,VIP,Ice Cream,2,10.98
2026-05-15,IL,VIP,Wooden Rolling Pin,3,35.97
2026-05-15,CA,New,Black Aluminium Cup,3,17.97
2026-05-15,CA,New,Milk,2,6.98
2026-05-15,CA,New,House Showpiece Plant,3,119.97
2026-05-15,CA,New,Grater Black,2,21.98
2026-05-15,IL,New,Kitchen Sieve,2,15.98
2026-05-15,IL,New,Sports Sneakers Off White & Red,1,119.99
2026-05-15,IL,New,Chopping Board,3,38.97
2026-05-15,MO,Returning,Rice,2,11.98
2026-05-15,IL,VIP,Sports Sneakers Off White & Red,2,239.98
2026-05-15,GA,VIP,Apple,2,3.98
2026-05-15,NY,Returning,Silver Pot With Glass Cap,1,39.99
2026-05-15,NY,Returning,Table Lamp,1,49.99
2026-05-15,NY,Returning,New DELL XPS 13 9300 Laptop,1,1499.99
2026-05-15,TX,Returning,Huawei Matebook X Pro,3,4199.97
2026-05-15,TX,Returning,Mulberry,3,14.97
2026-05-15,NY,VIP,Wooden Rolling Pin,2,23.98
2026-05-15,NY,VIP,Eyeshadow Palette with Mirror,1,19.99
2026-05-15,NY,VIP,Protein Powder,1,19.99
2026-05-16,NY,New,Huawei Matebook X Pro,1,1399.99
2026-05-16,NY,New,Puma Future Rider Trainers,2,179.98
2026-05-16,NY,New,Brown Leather Belt Watch,2,179.98
2026-05-16,MO,New,Eggs,3,8.97
2026-05-16,MO,New,Cooking Oil,2,9.98
2026-05-16,MO,New,Potatoes,3,6.87
2026-05-16,MO,New,New DELL XPS 13 9300 Laptop,1,1499.99
2026-05-16,CA,Returning,Green Chili Pepper,2,1.98
2026-05-16,CA,Returning,Apple Airpods,2,259.98
2026-05-16,CA,Returning,Carbon Steel Wok,2,59.98
2026-05-16,CA,Returning,Eyeshadow Palette with Mirror,2,39.98
2026-05-16,WA,Returning,Gucci Bloom Eau de,3,239.97
2026-05-16,WA,Returning,Plant Pot,1,14.99
2026-05-16,GA,New,Longines Master Collection,3,4499.97
2026-05-16,WA,VIP,Sports Sneakers Off White & Red,3,359.97
2026-05-16,WA,VIP,Kitchen Sieve,3,23.97
2026-05-16,WA,VIP,Yellow Peeler,3,17.97
2026-05-16,IL,Returning,Longines Master Collection,1,1499.99
2026-05-16,IL,Returning,Hand Blender,2,69.98
2026-05-16,IL,Returning,Asus Zenbook Pro Dual Screen Laptop,2,3599.98
2026-05-16,IL,Returning,Gigabyte Aorus Men Tshirt,1,24.99
2026-05-16,FL,VIP,Huawei Matebook X Pro,3,4199.97
2026-05-16,FL,VIP,Nescafe Coffee,3,23.97
2026-05-16,FL,VIP,Chanel Coco Noir Eau De,3,389.97
2026-05-16,FL,VIP,Protein Powder,3,59.97
2026-05-16,MO,New,Mulberry,3,14.97
2026-05-16,GA,New,Tray,2,33.98
2026-05-16,GA,New,Mulberry,1,4.99
2026-05-16,GA,New,Grater Black,2,21.98
2026-05-16,GA,VIP,Dolce Shine Eau de,3,209.97
2026-05-16,GA,VIP,Grater Black,1,10.99
2026-05-16,GA,VIP,Bamboo Spatula,3,23.97
2026-05-16,GA,VIP,Egg Slicer,3,20.97
2026-05-16,IL,Returning,Decoration Swing,1,59.99
2026-05-16,IL,Returning,Cat Food,2,17.98
2026-05-16,IL,Returning,Red Onions,3,5.97
2026-05-16,NY,VIP,Egg Slicer,3,20.97
2026-05-16,NY,VIP,Annibale Colombo Sofa,1,2499.99
2026-05-16,NY,VIP,Gucci Bloom Eau de,2,159.98
2026-05-16,NY,VIP,Protein Powder,3,59.97
2026-05-16,MO,New,Strawberry,1,3.99
2026-05-16,MO,New,Knoll Saarinen Executive Conference Chair,3,1499.97
2026-05-16,MO,New,Lenovo Yoga 920,2,2199.98
2026-05-16,IL,New,Slotted Turner,2,17.98
2026-05-16,NY,New,Protein Powder,2,39.98
2026-05-16,NY,New,Asus Zenbook Pro Dual Screen Laptop,2,3599.98
2026-05-16,NY,New,Kitchen Sieve,2,15.98
2026-05-16,FL,New,Carbon Steel Wok,3,89.97
2026-05-16,IL,New,Brown Leather Belt Watch,1,89.99
2026-05-16,WA,New,Knife,2,29.98
2026-05-16,WA,New,Potatoes,2,4.58
2026-05-16,TX,VIP,Milk,2,6.98
2026-05-16,TX,VIP,Honey Jar,1,6.99
2026-05-16,TX,VIP,Plant Pot,3,44.97
2026-05-16,TX,New,Fork,2,7.98
2026-05-16,TX,New,Kitchen Sieve,2,15.98
2026-05-16,TX,New,Apple MacBook Pro 14 Inch Space Grey,3,5999.97
2026-05-16,TX,New,Microwave Oven,3,269.97
2026-05-16,IL,VIP,Red Onions,1,1.99
2026-05-16,IL,VIP,Rolex Cellini Moonphase,3,38999.97
2026-05-16,FL,Returning,Boxed Blender,2,79.98
2026-05-16,FL,Returning,Lunch Box,1,12.99
2026-05-16,NY,Returning,Brown Leather Belt Watch,1,89.99
2026-05-16,NY,Returning,Microwave Oven,3,269.97
2026-05-16,NY,VIP,Microwave Oven,3,269.97
2026-05-16,NY,VIP,Potatoes,2,4.58
2026-05-16,NY,VIP,Spoon,1,4.99
2026-05-16,FL,Returning,Tray,3,50.97
2026-05-16,FL,Returning,Protein Powder,3,59.97
2026-05-16,NY,New,Eyeshadow Palette with Mirror,1,19.99
2026-05-16,FL,VIP,Mulberry,2,9.98
2026-05-16,FL,VIP,Annibale Colombo Bed,3,5699.97
2026-05-16,FL,VIP,Kitchen Sieve,3,23.97
2026-05-16,FL,VIP,Amazon Echo Plus,1,99.99
2026-05-16,GA,New,Huawei Matebook X Pro,2,2799.98
2026-05-16,GA,New,Soft Drinks,2,3.98
2026-05-16,GA,New,Powder Canister,3,44.97
2026-05-16,GA,New,Chanel Coco Noir Eau De,1,129.99
2026-05-17,NY,Returning,Plate,2,7.98
2026-05-17,NY,Returning,Black Whisk,3,29.97
2026-05-17,NY,Returning,Rolex Submariner Watch,1,13999.99
2026-05-17,NY,Returning,Huawei Matebook X Pro,2,2799.98
2026-05-17,IL,Returning,Dog Food,3,32.97
2026-05-17,IL,Returning,Annibale Colombo Sofa,3,7499.97
2026-05-17,IL,Returning,Eggs,3,8.97
2026-05-17,IL,Returning,Milk,2,6.98
2026-05-17,TX,VIP,Hand Blender,2,69.98
2026-05-17,TX,VIP,Green Bell Pepper,2,2.58
2026-05-17,IL,Returning,Table Lamp,1,49.99
2026-05-17,IL,Returning,Bamboo Spatula,3,23.97
2026-05-17,IL,Returning,Tray,1,16.99
2026-05-17,IL,Returning,Spoon,1,4.99
2026-05-17,WA,VIP,Soft Drinks,2,3.98
2026-05-17,CA,Returning,Fish Steak,1,14.99
2026-05-17,NY,VIP,Man Short Sleeve Shirt,2,39.98
2026-05-17,CA,New,Nescafe Coffee,3,23.97
2026-05-17,CA,New,Chanel Coco Noir Eau De,2,259.98
2026-05-17,CA,New,Wooden Rolling Pin,1,11.99
2026-05-17,WA,Returning,Lunch Box,1,12.99
2026-05-17,WA,Returning,Red Onions,3,5.97
2026-05-17,MO,Returning,Rolex Cellini Date Black Dial,1,8999.99
2026-05-17,MO,Returning,Green Chili Pepper,1,0.99
2026-05-17,IL,New,Microwave Oven,2,179.98
2026-05-17,NY,New,Red Tongs,2,13.98
2026-05-17,NY,New,Sports Sneakers Off White & Red,1,119.99
2026-05-17,NY,New,Longines Master Collection,1,1499.99
2026-05-17,NY,New,Dog Food,1,10.99
2026-05-17,TX,VIP,Spice Rack,1,19.99
2026-05-17,TX,VIP,Sports Sneakers Off White & Red,3,359.97
2026-05-17,TX,VIP,Powder Canister,1,14.99
2026-05-17,CA,New,Cat Food,1,8.99
2026-05-17,CA,Returning,Fish Steak,3,44.97
2026-05-17,CA,Returning,Cat Food,1,8.99
2026-05-17,CA,Returning,Man Plaid Shirt,1,34.99
2026-05-17,NY,VIP,Electric Stove,2,99.98
2026-05-17,NY,VIP,Knoll Saarinen Executive Conference Chair,1,499.99
2026-05-17,NY,VIP,Gucci Bloom Eau de,3,239.97
2026-05-17,NY,VIP,Longines Master Collection,2,2999.98
2026-05-17,FL,New,Microwave Oven,1,89.99
2026-05-17,FL,New,Silver Pot With Glass Cap,1,39.99
2026-05-17,FL,New,Beef Steak,1,12.99
2026-05-17,NY,Returning,Microwave Oven,2,179.98
2026-05-17,NY,Returning,Ice Cube Tray,2,11.98
2026-05-17,NY,Returning,Tissue Paper Box,3,7.47
2026-05-17,NY,Returning,Eggs,3,8.97
2026-05-17,CA,Returning,Essence Mascara Lash Princess,1,9.99
2026-05-17,NY,Returning,Man Plaid Shirt,1,34.99
2026-05-17,WA,VIP,Puma Future Rider Trainers,3,269.97
2026-05-17,WA,VIP,Annibale Colombo Bed,2,3799.98
2026-05-17,WA,VIP,Black Aluminium Cup,2,11.98
2026-05-17,WA,VIP,Dog Food,1,10.99
2026-05-17,TX,Returning,Kitchen Sieve,3,23.97
2026-05-17,WA,Returning,Red Tongs,2,13.98
2026-05-17,GA,New,Tissue Paper Box,3,7.47
2026-05-17,GA,New,Black Aluminium Cup,3,17.97
2026-05-17,WA,New,Slotted Turner,2,17.98
2026-05-17,WA,New,Electric Stove,2,99.98
2026-05-17,WA,New,Nescafe Coffee,1,7.99
2026-05-17,WA,New,Calvin Klein CK One,2,99.98
2026-05-17,IL,VIP,Electric Stove,3,149.97
2026-05-17,IL,VIP,Cat Food,2,17.98
2026-05-17,IL,VIP,Family Tree Photo Frame,3,89.97
2026-05-17,IL,VIP,Huawei Matebook X Pro,3,4199.97
2026-05-17,GA,New,Eggs,1,2.99
2026-05-17,FL,VIP,Soft Drinks,1,1.99
2026-05-17,FL,VIP,Cooking Oil,3,14.97
2026-05-17,GA,New,Black Aluminium Cup,2,11.98
2026-05-17,GA,New,Cooking Oil,1,4.99
2026-05-17,IL,New,Nike Air Jordan 1 Red And Black,1,149.99
2026-05-17,WA,VIP,Cat Food,3,26.97
2026-05-17,WA,VIP,New DELL XPS 13 9300 Laptop,1,1499.99
2026-05-17,WA,VIP,Red Tongs,2,13.98
2026-05-17,WA,VIP,Dog Food,3,32.97
2026-05-17,FL,VIP,Wooden Bathroom Sink With Mirror,2,1599.98
2026-05-17,FL,VIP,Knife,3,44.97
2026-05-17,FL,VIP,Rolex Cellini Moonphase,3,38999.97
2026-05-17,IL,VIP,Fine Mesh Strainer,2,19.98
2026-05-17,IL,VIP,Mug Tree Stand,2,31.98
2026-05-17,NY,New,Citrus Squeezer Yellow,1,8.99
2026-05-17,TX,Returning,Apple,2,3.98
2026-05-17,TX,Returning,Nescafe Coffee,1,7.99
2026-05-17,TX,Returning,Knoll Saarinen Executive Conference Chair,1,499.99
2026-05-17,TX,Returning,Decoration Swing,3,179.97
2026-05-17,IL,VIP,Huawei Matebook X Pro,1,1399.99
2026-05-17,IL,VIP,Cooking Oil,3,14.97
2026-05-17,IL,VIP,Lenovo Yoga 920,2,2199.98
2026-05-17,IL,VIP,Mulberry,2,9.98
2026-05-17,IL,Returning,Lemon,1,0.79
2026-05-17,IL,Returning,Ice Cream,1,5.49
2026-05-17,IL,Returning,Ice Cube Tray,3,17.97
2026-05-17,IL,Returning,Cat Food,2,17.98
2026-05-17,FL,VIP,Lenovo Yoga 920,2,2199.98
2026-05-17,GA,VIP,Red Nail Polish,1,8.99
2026-05-17,GA,VIP,Glass,3,14.97
2026-05-17,TX,New,Red Onions,1,1.99
2026-05-17,TX,New,Wooden Bathroom Sink With Mirror,3,2399.97
2026-05-17,FL,New,Dior J'adore,3,269.97
2026-05-17,NY,Returning,Spice Rack,3,59.97
2026-05-17,NY,Returning,Citrus Squeezer Yellow,3,26.97
2026-05-17,NY,Returning,Milk,1,3.49
2026-05-17,TX,New,Man Short Sleeve Shirt,3,59.97
2026-05-17,NY,VIP,Slotted Turner,2,17.98
2026-05-17,NY,VIP,Rolex Submariner Watch,1,13999.99
2026-05-17,NY,VIP,Annibale Colombo Bed,2,3799.98
2026-05-17,NY,VIP,Apple MacBook Pro 14 Inch Space Grey,2,3999.98
2026-05-17,MO,VIP,Cucumber,1,1.49
2026-05-17,GA,New,Cat Food,3,26.97
2026-05-17,CA,VIP,Dior J'adore,2,179.98
2026-05-17,CA,VIP,Amazon Echo Plus,3,299.97
2026-05-17,GA,VIP,Chicken Meat,1,9.99
2026-05-17,GA,VIP,Brown Leather Belt Watch,2,179.98
2026-05-17,FL,Returning,Green Chili Pepper,2,1.98
2026-05-17,FL,Returning,Red Tongs,1,6.99
2026-05-17,NY,New,Black Whisk,2,19.98
2026-05-17,NY,New,Table Lamp,1,49.99
2026-05-17,NY,New,Honey Jar,1,6.99
2026-05-17,GA,New,Kiwi,2,4.98
2026-05-17,GA,New,Lenovo Yoga 920,3,3299.97
2026-05-17,GA,New,Glass,3,14.97
2026-05-17,GA,New,Nike Air Jordan 1 Red And Black,1,149.99
2026-05-17,GA,New,Longines Master Collection,3,4499.97
2026-05-17,GA,New,Red Onions,1,1.99
2026-05-17,GA,New,Rolex Cellini Moonphase,2,25999.98
2026-05-17,GA,New,Dior J'adore,2,179.98
2026-05-17,FL,Returning,Juice,2,7.98
2026-05-17,FL,Returning,Bamboo Spatula,2,15.98
2026-05-17,FL,Returning,Family Tree Photo Frame,2,59.98
2026-05-17,FL,Returning,Egg Slicer,1,6.99
2026-05-18,GA,VIP,Slotted Turner,1,8.99
2026-05-18,GA,VIP,Boxed Blender,3,119.97
2026-05-18,CA,VIP,Yellow Peeler,1,5.99
2026-05-18,NY,VIP,Apple MacBook Pro 14 Inch Space Grey,1,1999.99
2026-05-18,NY,VIP,Tray,3,50.97
2026-05-18,NY,VIP,Protein Powder,2,39.98
2026-05-18,NY,VIP,Soft Drinks,3,5.97
2026-05-18,NY,VIP,Soft Drinks,2,3.98
2026-05-18,NY,VIP,Gucci Bloom Eau de,2,159.98
2026-05-18,NY,VIP,Dolce Shine Eau de,2,139.98
2026-05-18,FL,Returning,Lemon,3,2.37
2026-05-18,TX,VIP,Kiwi,1,2.49
2026-05-18,TX,VIP,Blue & Black Check Shirt,3,89.97
2026-05-18,TX,VIP,Man Short Sleeve Shirt,2,39.98
2026-05-18,TX,VIP,Wooden Bathroom Sink With Mirror,1,799.99
2026-05-18,CA,VIP,Annibale Colombo Bed,2,3799.98
2026-05-18,CA,VIP,Essence Mascara Lash Princess,3,29.97
2026-05-18,IL,VIP,Wooden Bathroom Sink With Mirror,3,2399.97
2026-05-18,IL,VIP,Beef Steak,2,25.98
2026-05-18,IL,VIP,Gucci Bloom Eau de,2,159.98
2026-05-18,IL,VIP,Man Short Sleeve Shirt,1,19.99
2026-05-18,IL,VIP,Strawberry,2,7.98
2026-05-18,GA,Returning,Man Short Sleeve Shirt,2,39.98
2026-05-18,GA,Returning,Powder Canister,1,14.99
2026-05-18,GA,Returning,Dog Food,1,10.99
2026-05-18,GA,New,Dog Food,2,21.98
2026-05-18,GA,New,New DELL XPS 13 9300 Laptop,2,2999.98
2026-05-18,IL,New,Spice Rack,3,59.97
2026-05-18,IL,New,Blue & Black Check Shirt,1,29.99
2026-05-18,IL,New,Puma Future Rider Trainers,3,269.97
2026-05-18,IL,New,Gigabyte Aorus Men Tshirt,2,49.98
2026-05-18,IL,New,Eyeshadow Palette with Mirror,2,39.98
2026-05-18,MO,New,Protein Powder,2,39.98
2026-05-18,MO,VIP,Plate,2,7.98
2026-05-18,MO,VIP,Knoll Saarinen Executive Conference Chair,1,499.99
2026-05-18,MO,VIP,Powder Canister,3,44.97
2026-05-18,NY,New,Longines Master Collection,1,1499.99
2026-05-18,MO,New,Rolex Cellini Date Black Dial,3,26999.97
2026-05-18,FL,VIP,Hand Blender,3,104.97
2026-05-18,FL,VIP,Sports Sneakers Off White Red,3,329.97
2026-05-18,GA,VIP,Beef Steak,3,38.97
2026-05-18,GA,VIP,Dolce Shine Eau de,2,139.98
2026-05-18,GA,VIP,Carbon Steel Wok,3,89.97
2026-05-18,WA,VIP,Annibale Colombo Sofa,3,7499.97
2026-05-18,WA,VIP,Gucci Bloom Eau de,2,159.98
2026-05-18,WA,VIP,Wooden Bathroom Sink With Mirror,2,1599.98
2026-05-18,GA,New,Chopping Board,2,25.98
2026-05-18,WA,New,Citrus Squeezer Yellow,3,26.97
2026-05-18,WA,New,Potatoes,2,4.58
2026-05-18,WA,VIP,Gigabyte Aorus Men Tshirt,2,49.98
2026-05-18,GA,New,Juice,2,7.98
2026-05-18,GA,New,Rice,3,17.97
2026-05-18,NY,Returning,Essence Mascara Lash Princess,1,9.99
2026-05-18,NY,Returning,Rice,2,11.98
2026-05-18,NY,Returning,Annibale Colombo Bed,2,3799.98
2026-05-18,FL,Returning,Men Check Shirt,1,27.99
2026-05-18,FL,Returning,Sports Sneakers Off White & Red,1,119.99
2026-05-18,TX,New,Cat Food,2,17.98
2026-05-18,TX,New,Carbon Steel Wok,3,89.97
2026-05-18,WA,VIP,Chanel Coco Noir Eau De,2,259.98
2026-05-18,WA,VIP,Yellow Peeler,3,17.97
2026-05-18,WA,VIP,Fork,3,11.97
