order_item_id,order_id,product_id,quantity,unit_price,total_price
1,1,84,3,24.99,74.97
2,1,66,1,89.99,89.99
3,2,25,1,1.29,1.29
4,2,80,2,1399.99,2799.98
5,2,5,2,8.99,17.98
6,3,24,3,14.99,44.97
7,3,34,2,7.99,15.98
8,3,94,1,1499.99,1499.99
9,3,59,1,4.99,4.99
10,4,7,2,129.99,259.98
11,4,41,3,2.49,7.47
12,4,46,2,14.99,29.98
13,4,29,2,3.99,7.98
14,5,99,3,99.99,299.97
15,6,5,1,8.99,8.99
16,6,64,1,14.99,14.99
17,7,36,1,19.99,19.99
18,8,74,1,4.99,4.99
19,8,25,2,1.29,2.58
20,9,47,2,49.99,99.98
21,9,60,1,10.99,10.99
22,9,1,1,9.99,9.99
23,10,24,1,14.99,14.99
24,11,4,1,12.99,12.99
25,12,21,3,1.49,4.47
26,12,10,3,79.99,239.97
27,12,8,2,89.99,179.98
28,12,48,2,7.99,15.98
29,13,61,2,34.99,69.98
30,14,46,2,14.99,29.98
31,14,3,2,14.99,29.98
32,14,90,2,89.99,179.98
33,15,60,3,10.99,32.97
34,15,18,2,8.99,17.98
35,15,19,3,9.99,29.97
36,16,37,1,1.99,1.99
37,16,91,1,119.99,119.99
38,17,3,1,14.99,14.99
39,18,55,3,6.99,20.97
40,18,80,1,1399.99,1399.99
41,19,74,3,4.99,14.97
42,19,14,1,499.99,499.99
43,19,16,2,1.99,3.98
44,19,82,2,1499.99,2999.98
45,20,64,3,14.99,44.97
46,20,10,2,79.99,159.98
47,21,87,3,27.99,83.97
48,21,13,1,299.99,299.99
49,22,79,1,1799.99,1799.99
50,22,49,2,5.99,11.98
51,22,53,1,12.99,12.99
52,23,20,1,4.99,4.99
53,23,51,2,39.99,79.98
54,24,82,2,1499.99,2999.98
55,24,94,1,1499.99,1499.99
56,24,35,2,2.29,4.58
57,25,83,3,29.99,89.97
58,25,88,3,149.99,449.97
59,26,35,3,2.29,6.87
60,26,63,2,7.99,15.98
61,27,25,3,1.29,3.87
62,27,74,1,4.99,4.99
63,27,94,3,1499.99,4499.97
64,28,94,3,1499.99,4499.97
65,28,8,2,89.99,179.98
66,28,1,1,9.99,9.99
67,28,50,2,9.99,19.98
68,29,30,3,2.49,7.47
69,30,57,1,9.99,9.99
70,30,100,2,129.99,259.98
71,30,52,1,29.99,29.99
72,30,66,3,89.99,269.97
73,31,40,1,3.99,3.99
74,31,5,3,8.99,26.97
75,32,99,3,99.99,299.97
76,32,86,3,19.99,59.97
77,32,65,3,12.99,38.97
78,33,14,2,499.99,999.98
79,33,70,1,6.99,6.99
80,34,21,1,1.49,1.49
81,34,16,2,1.99,3.98
82,35,42,2,0.99,1.98
83,36,81,2,1099.99,2199.98
84,36,66,1,89.99,89.99
85,36,93,3,89.99,269.97
86,36,75,1,16.99,16.99
87,37,74,2,4.99,9.98
88,37,73,2,19.99,39.98
89,38,28,1,5.49,5.49
90,38,97,3,10999.99,32999.97
91,38,69,2,3.99,7.98
92,38,51,3,39.99,119.97
93,39,50,1,9.99,9.99
94,39,100,3,129.99,389.97
95,40,64,1,14.99,14.99
96,40,94,2,1499.99,2999.98
97,41,56,3,49.99,149.97
98,41,25,1,1.29,1.29
99,41,90,3,89.99,269.97
100,42,37,1,1.99,1.99
101,43,9,3,69.99,209.97
102,43,31,2,0.79,1.58
103,43,48,1,7.99,7.99
104,44,14,3,499.99,1499.97
105,45,39,1,1.99,1.99
106,45,49,3,5.99,17.97
107,46,24,2,14.99,29.98
108,46,42,1,0.99,0.99
109,46,36,1,19.99,19.99
110,47,70,3,6.99,20.97
111,47,85,3,34.99,104.97
112,47,1,2,9.99,19.98
113,48,46,2,14.99,29.98
114,48,78,1,1999.99,1999.99
115,48,84,3,24.99,74.97
116,49,52,2,29.99,59.98
117,49,14,2,499.99,999.98
118,49,84,1,24.99,24.99
119,50,54,3,8.99,26.97
120,50,28,3,5.49,16.47
121,50,99,3,99.99,299.97
122,50,50,3,9.99,29.97
123,51,60,2,10.99,21.98
124,51,36,1,19.99,19.99
125,52,47,2,49.99,99.98
126,52,91,3,119.99,359.97
127,52,15,3,799.99,2399.97
128,52,52,3,29.99,89.97
129,53,50,3,9.99,29.97
130,54,54,1,8.99,8.99
131,54,95,2,8999.99,17999.98
132,55,81,3,1099.99,3299.97
133,55,10,2,79.99,159.98
134,55,70,2,6.99,13.98
135,56,78,2,1999.99,3999.98
136,57,25,1,1.29,1.29
137,57,99,3,99.99,299.97
138,57,76,1,11.99,11.99
139,57,80,2,1399.99,2799.98
140,58,28,3,5.49,16.47
141,59,51,1,39.99,39.99
142,59,52,2,29.99,59.98
143,59,21,2,1.49,2.98
144,60,30,3,2.49,7.47
145,60,92,3,109.99,329.97
146,60,87,3,27.99,83.97
147,61,49,1,5.99,5.99
148,61,20,2,4.99,9.98
149,62,30,1,2.49,2.49
150,62,94,2,1499.99,2999.98
151,62,50,3,9.99,29.97
152,63,42,1,0.99,0.99
153,63,80,2,1399.99,2799.98
154,63,60,3,10.99,32.97
155,63,87,1,27.99,27.99
156,64,26,1,0.99,0.99
157,64,36,2,19.99,39.98
158,64,81,1,1099.99,1099.99
159,65,56,2,49.99,99.98
160,66,15,3,799.99,2399.97
161,66,19,1,9.99,9.99
162,66,42,3,0.99,2.97
163,66,81,1,1099.99,1099.99
164,67,64,2,14.99,29.98
165,67,54,3,8.99,26.97
166,67,15,1,799.99,799.99
167,68,100,3,129.99,389.97
168,68,44,3,29.99,89.97
169,68,85,3,34.99,104.97
170,69,77,3,5.99,17.97
171,69,21,1,1.49,1.49
172,70,87,2,27.99,55.98
173,70,71,3,39.99,119.97
174,70,63,3,7.99,23.97
175,70,28,3,5.49,16.47
176,71,11,1,1899.99,1899.99
177,71,95,3,8999.99,26999.97
178,71,64,3,14.99,44.97
179,71,70,3,6.99,20.97
180,72,83,3,29.99,89.97
181,73,46,3,14.99,44.97
182,73,11,3,1899.99,5699.97
183,73,37,3,1.99,5.97
184,74,46,3,14.99,44.97
185,74,25,3,1.29,3.87
186,74,48,2,7.99,15.98
187,74,65,2,12.99,25.98
188,75,51,2,39.99,79.98
189,76,72,3,8.99,26.97
190,76,51,2,39.99,79.98
191,77,66,3,89.99,269.97
192,77,78,2,1999.99,3999.98
193,77,84,3,24.99,74.97
194,78,82,1,1499.99,1499.99
195,78,100,1,129.99,129.99
196,79,70,3,6.99,20.97
197,79,94,2,1499.99,2999.98
198,79,17,2,12.99,25.98
199,79,41,2,2.49,4.98
200,80,65,3,12.99,38.97
201,81,6,3,49.99,149.97
202,82,2,2,19.99,39.98
203,82,69,1,3.99,3.99
204,82,92,1,109.99,109.99
205,82,37,1,1.99,1.99
206,83,96,1,12999.99,12999.99
207,83,71,1,39.99,39.99
208,83,13,3,299.99,899.97
209,84,60,2,10.99,21.98
210,84,37,2,1.99,3.98
211,85,77,3,5.99,17.97
212,86,80,3,1399.99,4199.97
213,86,52,2,29.99,59.98
214,87,32,2,3.49,6.98
215,87,43,3,59.99,179.97
216,87,86,3,19.99,59.97
217,88,8,3,89.99,269.97
218,88,5,1,8.99,8.99
219,89,10,2,79.99,159.98
220,89,45,2,39.99,79.98
221,90,92,2,109.99,219.98
222,90,77,1,5.99,5.99
223,90,37,1,1.99,1.99
224,90,93,1,89.99,89.99
225,91,7,2,129.99,259.98
226,92,96,1,12999.99,12999.99
227,92,30,2,2.49,4.98
228,92,38,3,5.99,17.97
229,93,76,1,11.99,11.99
230,93,88,1,149.99,149.99
231,93,57,1,9.99,9.99
232,94,23,3,2.99,8.97
233,94,80,2,1399.99,2799.98
234,94,35,2,2.29,4.58
235,94,94,2,1499.99,2999.98
236,95,5,3,8.99,26.97
237,95,58,2,3.99,7.98
238,95,22,3,10.99,32.97
239,96,62,3,5.99,17.97
240,96,38,3,5.99,17.97
241,97,26,3,0.99,2.97
242,97,40,1,3.99,3.99
243,98,8,3,89.99,269.97
244,98,54,2,8.99,17.98
245,98,11,2,1899.99,3799.98
246,98,50,1,9.99,9.99
247,99,25,2,1.29,2.58
248,100,6,2,49.99,99.98
249,100,1,2,9.99,19.98
250,100,32,2,3.49,6.98
251,100,93,3,89.99,269.97
252,101,76,2,11.99,23.98
253,101,82,1,1499.99,1499.99
254,102,56,3,49.99,149.97
255,102,86,3,19.99,59.97
256,103,53,2,12.99,25.98
257,103,98,2,13999.99,27999.98
258,103,33,2,4.99,9.98
259,103,100,3,129.99,389.97
260,104,100,2,129.99,259.98
261,104,89,2,79.99,159.98
262,105,28,2,5.49,10.98
263,105,9,3,69.99,209.97
264,105,64,1,14.99,14.99
265,105,71,2,39.99,79.98
266,106,42,3,0.99,2.97
267,106,38,2,5.99,11.98
268,106,92,3,109.99,329.97
269,106,59,1,4.99,4.99
270,107,90,3,89.99,269.97
271,107,47,1,49.99,49.99
272,108,61,1,34.99,34.99
273,108,5,2,8.99,17.98
274,108,36,3,19.99,59.97
275,108,33,3,4.99,14.97
276,109,89,1,79.99,79.99
277,109,12,1,2499.99,2499.99
278,109,1,3,9.99,29.97
279,109,39,3,1.99,5.97
280,110,7,3,129.99,389.97
281,110,13,1,299.99,299.99
282,111,77,3,5.99,17.97
283,111,17,3,12.99,38.97
284,112,34,1,7.99,7.99
285,112,72,2,8.99,17.98
286,112,32,1,3.49,3.49
287,112,15,2,799.99,1599.98
288,113,86,2,19.99,39.98
289,113,70,1,6.99,6.99
290,113,62,2,5.99,11.98
291,114,30,2,2.49,4.98
292,114,10,3,79.99,239.97
293,114,58,2,3.99,7.98
294,114,65,1,12.99,12.99
295,115,65,2,12.99,25.98
296,115,47,3,49.99,149.97
297,116,90,3,89.99,269.97
298,116,91,3,119.99,359.97
299,116,53,2,12.99,25.98
300,117,66,2,89.99,179.98
301,117,41,3,2.49,7.47
302,117,75,2,16.99,33.98
303,117,11,1,1899.99,1899.99
304,118,93,1,89.99,89.99
305,119,86,3,19.99,59.97
306,120,95,3,8999.99,26999.97
307,120,50,2,9.99,19.98
308,120,92,1,109.99,109.99
309,121,48,2,7.99,15.98
310,121,79,1,1799.99,1799.99
311,122,7,1,129.99,129.99
312,122,80,1,1399.99,1399.99
313,123,79,1,1799.99,1799.99
314,124,69,1,3.99,3.99
315,124,5,2,8.99,17.98
316,124,64,3,14.99,44.97
317,124,7,3,129.99,389.97
318,125,96,3,12999.99,38999.97
319,125,73,1,19.99,19.99
320,125,45,1,39.99,39.99
321,125,25,1,1.29,1.29
322,126,67,3,15.99,47.97
323,126,86,1,19.99,19.99
324,126,25,2,1.29,2.58
325,126,52,3,29.99,89.97
326,127,60,2,10.99,21.98
327,127,94,1,1499.99,1499.99
328,127,72,2,8.99,17.98
329,127,28,3,5.49,16.47
330,128,15,2,799.99,1599.98
331,128,4,2,12.99,25.98
332,128,13,3,299.99,899.97
333,128,64,2,14.99,29.98
334,129,24,1,14.99,14.99
335,129,55,2,6.99,13.98
336,130,77,3,5.99,17.97
337,131,43,2,59.99,119.98
338,131,98,2,13999.99,27999.98
339,132,29,1,3.99,3.99
340,132,88,2,149.99,299.98
341,133,89,3,79.99,239.97
342,133,11,1,1899.99,1899.99
343,134,36,1,19.99,19.99
344,134,42,2,0.99,1.98
345,134,63,3,7.99,23.97
346,135,35,3,2.29,6.87
347,136,20,2,4.99,9.98
348,136,27,3,6.99,20.97
349,136,83,3,29.99,89.97
350,137,41,3,2.49,7.47
351,138,30,1,2.49,2.49
352,138,10,1,79.99,79.99
353,138,70,2,6.99,13.98
354,138,24,3,14.99,44.97
355,139,13,1,299.99,299.99
356,140,30,1,2.49,2.49
357,140,82,1,1499.99,1499.99
358,140,45,2,39.99,79.98
359,140,13,1,299.99,299.99
360,141,49,3,5.99,17.97
361,141,74,3,4.99,14.97
362,142,50,1,9.99,9.99
363,143,94,3,1499.99,4499.97
364,143,32,2,3.49,6.98
365,143,81,1,1099.99,1099.99
366,143,42,2,0.99,1.98
367,144,25,3,1.29,3.87
368,145,64,2,14.99,29.98
369,145,21,1,1.49,1.49
370,145,67,3,15.99,47.97
371,145,36,3,19.99,59.97
372,146,39,2,1.99,3.98
373,147,48,3,7.99,23.97
374,147,94,2,1499.99,2999.98
375,147,51,1,39.99,39.99
376,148,83,2,29.99,59.98
377,148,81,2,1099.99,2199.98
378,148,13,3,299.99,899.97
379,149,64,2,14.99,29.98
380,149,96,3,12999.99,38999.97
381,149,4,1,12.99,12.99
382,150,18,2,8.99,17.98
383,150,52,1,29.99,29.99
384,150,100,3,129.99,389.97
385,151,11,2,1899.99,3799.98
386,152,77,1,5.99,5.99
387,152,14,2,499.99,999.98
388,152,5,1,8.99,8.99
389,152,86,2,19.99,39.98
390,153,66,1,89.99,89.99
391,153,58,1,3.99,3.99
392,154,57,2,9.99,19.98
393,154,86,2,19.99,39.98
394,155,92,1,109.99,109.99
395,155,50,1,9.99,9.99
396,155,64,3,14.99,44.97
397,156,9,1,69.99,69.99
398,156,25,2,1.29,2.58
399,156,100,3,129.99,389.97
400,156,8,3,89.99,269.97
401,157,10,3,79.99,239.97
402,157,29,3,3.99,11.97
403,158,39,3,1.99,5.97
404,158,22,1,10.99,10.99
405,159,82,2,1499.99,2999.98
406,159,16,2,1.99,3.98
407,160,16,3,1.99,5.97
408,160,41,3,2.49,7.47
409,161,42,3,0.99,2.97
410,161,8,3,89.99,269.97
411,161,94,1,1499.99,1499.99
412,162,27,3,6.99,20.97
413,163,42,1,0.99,0.99
414,164,90,2,89.99,179.98
415,165,17,1,12.99,12.99
416,165,54,2,8.99,17.98
417,165,44,1,29.99,29.99
418,165,28,2,5.49,10.98
419,166,34,2,7.99,15.98
420,166,48,1,7.99,7.99
421,166,70,3,6.99,20.97
422,166,38,2,5.99,11.98
423,167,43,3,59.99,179.97
424,168,18,1,8.99,8.99
425,168,76,3,11.99,35.97
426,169,28,3,5.49,16.47
427,169,99,1,99.99,99.99
428,169,91,2,119.99,239.98
429,169,84,3,24.99,74.97
430,170,42,3,0.99,2.97
431,171,12,2,2499.99,4999.98
432,171,91,2,119.99,239.98
433,171,10,1,79.99,79.99
434,172,98,2,13999.99,27999.98
435,172,14,1,499.99,499.99
436,172,38,3,5.99,17.97
437,173,99,3,99.99,299.97
438,173,18,3,8.99,26.97
439,174,52,1,29.99,29.99
440,175,15,3,799.99,2399.97
441,175,92,3,109.99,329.97
442,175,19,1,9.99,9.99
443,175,31,3,0.79,2.37
444,176,38,2,5.99,11.98
445,177,63,2,7.99,15.98
446,177,19,2,9.99,19.98
447,178,30,3,2.49,7.47
448,178,46,3,14.99,44.97
449,178,69,2,3.99,7.98
450,179,92,3,109.99,329.97
451,179,59,2,4.99,9.98
452,179,97,1,10999.99,10999.99
453,180,80,1,1399.99,1399.99
454,180,20,3,4.99,14.97
455,180,14,3,499.99,1499.97
456,180,17,3,12.99,38.97
457,181,3,2,14.99,29.98
458,181,31,1,0.79,0.79
459,181,29,1,3.99,3.99
460,181,6,3,49.99,149.97
461,182,49,1,5.99,5.99
462,182,88,3,149.99,449.97
463,182,43,1,59.99,59.99
464,183,86,1,19.99,19.99
465,184,78,2,1999.99,3999.98
466,184,43,2,59.99,119.98
467,185,66,2,89.99,179.98
468,186,55,1,6.99,6.99
469,186,93,3,89.99,269.97
470,186,63,2,7.99,15.98
471,186,45,2,39.99,79.98
472,187,94,2,1499.99,2999.98
473,188,54,2,8.99,17.98
474,189,57,1,9.99,9.99
475,190,2,1,19.99,19.99
476,190,36,1,19.99,19.99
477,190,75,3,16.99,50.97
478,190,26,3,0.99,2.97
479,191,52,3,29.99,89.97
480,191,95,2,8999.99,17999.98
481,191,15,3,799.99,2399.97
482,191,70,3,6.99,20.97
483,192,65,2,12.99,25.98
484,193,81,3,1099.99,3299.97
485,193,5,1,8.99,8.99
486,193,37,2,1.99,3.98
487,193,90,1,89.99,89.99
488,194,45,2,39.99,79.98
489,194,30,2,2.49,4.98
490,194,86,3,19.99,59.97
491,195,65,1,12.99,12.99
492,195,84,1,24.99,24.99
493,195,80,3,1399.99,4199.97
494,195,51,2,39.99,79.98
495,196,35,1,2.29,2.29
496,196,39,2,1.99,3.98
497,196,100,3,129.99,389.97
498,197,73,3,19.99,59.97
499,198,62,3,5.99,17.97
500,198,79,3,1799.99,5399.97
501,198,100,2,129.99,259.98
502,198,37,1,1.99,1.99
503,199,17,1,12.99,12.99
504,199,45,3,39.99,119.97
505,199,89,2,79.99,159.98
506,200,68,1,24.99,24.99
507,200,55,1,6.99,6.99
508,200,70,1,6.99,6.99
509,200,32,3,3.49,10.47
510,201,15,3,799.99,2399.97
511,202,100,1,129.99,129.99
512,202,98,2,13999.99,27999.98
513,202,37,2,1.99,3.98
514,202,42,1,0.99,0.99
515,203,40,2,3.99,7.98
516,203,67,2,15.99,31.98
517,204,30,3,2.49,7.47
518,204,93,3,89.99,269.97
519,205,57,2,9.99,19.98
520,206,55,3,6.99,20.97
521,206,47,2,49.99,99.98
522,206,3,2,14.99,29.98
523,207,26,3,0.99,2.97
524,208,72,1,8.99,8.99
525,208,75,2,16.99,33.98
526,208,32,1,3.49,3.49
527,208,19,3,9.99,29.97
528,209,24,2,14.99,29.98
529,209,99,2,99.99,199.98
530,209,89,2,79.99,159.98
531,210,34,2,7.99,15.98
532,210,52,2,29.99,59.98
533,210,21,3,1.49,4.47
534,210,79,1,1799.99,1799.99
535,211,96,1,12999.99,12999.99
536,211,27,2,6.99,13.98
537,211,44,2,29.99,59.98
538,212,4,3,12.99,38.97
539,212,19,1,9.99,9.99
540,212,69,3,3.99,11.97
541,213,35,3,2.29,6.87
542,213,61,1,34.99,34.99
543,213,40,3,3.99,11.97
544,214,9,1,69.99,69.99
545,215,30,3,2.49,7.47
546,215,87,3,27.99,83.97
547,215,16,2,1.99,3.98
548,215,8,2,89.99,179.98
549,216,37,3,1.99,5.97
550,216,99,3,99.99,299.97
551,217,17,3,12.99,38.97
552,217,8,1,89.99,89.99
553,217,18,3,8.99,26.97
554,217,2,3,19.99,59.97
555,218,69,2,3.99,7.98
556,218,90,3,89.99,269.97
557,218,22,1,10.99,10.99
558,219,18,1,8.99,8.99
559,219,93,1,89.99,89.99
560,220,89,2,79.99,159.98
561,221,13,3,299.99,899.97
562,221,21,2,1.49,2.98
563,222,48,3,7.99,23.97
564,222,92,2,109.99,219.98
565,223,37,1,1.99,1.99
566,223,35,1,2.29,2.29
567,224,63,2,7.99,15.98
568,224,27,1,6.99,6.99
569,225,73,2,19.99,39.98
570,226,57,3,9.99,29.97
571,227,13,2,299.99,599.98
572,227,53,3,12.99,38.97
573,228,71,3,39.99,119.97
574,228,70,3,6.99,20.97
575,228,37,2,1.99,3.98
576,228,28,3,5.49,16.47
577,229,79,3,1799.99,5399.97
578,229,91,2,119.99,239.98
579,229,80,1,1399.99,1399.99
580,229,49,2,5.99,11.98
581,230,71,1,39.99,39.99
582,230,90,2,89.99,179.98
583,230,57,1,9.99,9.99
584,231,78,2,1999.99,3999.98
585,231,51,3,39.99,119.97
586,231,29,1,3.99,3.99
587,231,82,3,1499.99,4499.97
588,232,87,1,27.99,27.99
589,232,34,1,7.99,7.99
590,232,47,1,49.99,49.99
591,233,95,1,8999.99,8999.99
592,234,91,2,119.99,239.98
593,235,39,3,1.99,5.97
594,235,19,3,9.99,29.97
595,235,65,1,12.99,12.99
596,236,66,1,89.99,89.99
597,236,43,3,59.99,179.97
598,236,33,3,4.99,14.97
599,236,27,1,6.99,6.99
600,237,38,3,5.99,17.97
601,237,58,2,3.99,7.98
602,237,16,2,1.99,3.98
603,238,36,2,19.99,39.98
604,238,1,1,9.99,9.99
605,239,33,1,4.99,4.99
606,239,21,1,1.49,1.49
607,240,36,1,19.99,19.99
608,240,34,1,7.99,7.99
609,240,4,3,12.99,38.97
610,240,78,3,1999.99,5999.97
611,241,25,1,1.29,1.29
612,241,85,3,34.99,104.97
613,241,96,2,12999.99,25999.98
614,241,22,1,10.99,10.99
615,242,34,2,7.99,15.98
616,242,20,2,4.99,9.98
617,242,83,3,29.99,89.97
618,243,79,1,1799.99,1799.99
619,244,67,2,15.99,31.98
620,245,89,3,79.99,239.97
621,245,88,1,149.99,149.99
622,245,66,3,89.99,269.97
623,245,52,3,29.99,89.97
624,246,56,1,49.99,49.99
625,247,28,3,5.49,16.47
626,248,94,2,1499.99,2999.98
627,248,9,3,69.99,209.97
628,249,48,1,7.99,7.99
629,250,41,1,2.49,2.49
630,250,7,1,129.99,129.99
631,251,70,3,6.99,20.97
632,251,66,2,89.99,179.98
633,252,20,2,4.99,9.98
634,253,78,1,1999.99,1999.99
635,253,96,2,12999.99,25999.98
636,253,71,3,39.99,119.97
637,253,55,3,6.99,20.97
638,254,16,1,1.99,1.99
639,254,50,2,9.99,19.98
640,255,59,3,4.99,14.97
641,255,72,1,8.99,8.99
642,255,57,2,9.99,19.98
643,255,18,3,8.99,26.97
644,256,25,2,1.29,2.58
645,256,17,2,12.99,25.98
646,256,70,1,6.99,6.99
647,257,71,1,39.99,39.99
648,257,46,2,14.99,29.98
649,258,92,1,109.99,109.99
650,259,3,2,14.99,29.98
651,259,23,1,2.99,2.99
652,260,63,1,7.99,7.99
653,260,24,2,14.99,29.98
654,260,15,1,799.99,799.99
655,260,38,1,5.99,5.99
656,261,88,2,149.99,299.98
657,261,72,2,8.99,17.98
658,261,83,1,29.99,29.99
659,261,71,1,39.99,39.99
660,262,69,3,3.99,11.97
661,263,65,3,12.99,38.97
662,264,49,3,5.99,17.97
663,264,2,1,19.99,19.99
664,264,61,1,34.99,34.99
665,264,33,1,4.99,4.99
666,265,23,3,2.99,8.97
667,265,88,1,149.99,149.99
668,266,32,2,3.49,6.98
669,266,54,2,8.99,17.98
670,267,76,2,11.99,23.98
671,267,16,1,1.99,1.99
672,268,57,2,9.99,19.98
673,269,24,3,14.99,44.97
674,269,31,1,0.79,0.79
675,269,51,3,39.99,119.97
676,269,33,3,4.99,14.97
677,270,80,1,1399.99,1399.99
678,270,70,3,6.99,20.97
679,271,2,2,19.99,39.98
680,272,9,2,69.99,139.98
681,272,93,3,89.99,269.97
682,272,35,1,2.29,2.29
683,272,47,3,49.99,149.97
684,273,66,2,89.99,179.98
685,273,83,1,29.99,29.99
686,274,50,1,9.99,9.99
687,274,46,3,14.99,44.97
688,274,89,2,79.99,159.98
689,275,12,1,2499.99,2499.99
690,275,23,2,2.99,5.98
691,276,66,3,89.99,269.97
692,276,58,1,3.99,3.99
693,277,51,3,39.99,119.97
694,277,56,1,49.99,49.99
695,278,95,3,8999.99,26999.97
696,278,58,1,3.99,3.99
697,279,31,1,0.79,0.79
698,279,71,1,39.99,39.99
699,279,40,2,3.99,7.98
700,279,82,3,1499.99,4499.97
701,280,15,2,799.99,1599.98
702,280,89,1,79.99,79.99
703,280,65,3,12.99,38.97
704,281,52,1,29.99,29.99
705,281,30,3,2.49,7.47
706,281,45,2,39.99,79.98
707,281,94,1,1499.99,1499.99
708,282,99,2,99.99,199.98
709,282,45,2,39.99,79.98
710,282,70,3,6.99,20.97
711,282,32,1,3.49,3.49
712,283,15,1,799.99,799.99
713,283,31,1,0.79,0.79
714,283,58,2,3.99,7.98
715,284,62,2,5.99,11.98
716,284,30,1,2.49,2.49
717,285,78,1,1999.99,1999.99
718,285,88,1,149.99,149.99
719,285,65,2,12.99,25.98
720,286,47,1,49.99,49.99
721,286,38,2,5.99,11.98
722,286,29,2,3.99,7.98
723,286,67,2,15.99,31.98
724,287,79,3,1799.99,5399.97
725,287,42,3,0.99,2.97
726,287,74,3,4.99,14.97
727,287,83,1,29.99,29.99
728,288,45,1,39.99,39.99
729,288,47,3,49.99,149.97
730,288,51,3,39.99,119.97
731,288,79,2,1799.99,3599.98
732,289,80,2,1399.99,2799.98
733,289,19,1,9.99,9.99
734,289,3,3,14.99,44.97
735,289,69,3,3.99,11.97
736,290,2,1,19.99,19.99
737,291,54,1,8.99,8.99
738,291,14,3,499.99,1499.97
739,291,74,1,4.99,4.99
740,292,99,2,99.99,199.98
741,292,41,3,2.49,7.47
742,292,84,2,24.99,49.98
743,293,11,2,1899.99,3799.98
744,293,14,3,499.99,1499.97
745,293,62,2,5.99,11.98
746,294,74,2,4.99,9.98
747,294,66,3,89.99,269.97
748,294,43,3,59.99,179.97
749,295,59,2,4.99,9.98
750,295,88,2,149.99,299.98
751,295,42,1,0.99,0.99
752,296,93,2,89.99,179.98
753,297,75,1,16.99,16.99
754,298,35,2,2.29,4.58
755,298,95,2,8999.99,17999.98
756,298,59,3,4.99,14.97
757,299,36,1,19.99,19.99
758,299,84,3,24.99,74.97
759,299,25,2,1.29,2.58
760,300,4,2,12.99,25.98
761,300,42,3,0.99,2.97
762,300,22,2,10.99,21.98
763,301,79,1,1799.99,1799.99
764,301,71,1,39.99,39.99
765,301,60,2,10.99,21.98
766,301,72,1,8.99,8.99
767,302,66,1,89.99,89.99
768,302,94,1,1499.99,1499.99
769,302,55,3,6.99,20.97
770,302,12,3,2499.99,7499.97
771,303,31,2,0.79,1.58
772,304,1,2,9.99,19.98
773,304,78,2,1999.99,3999.98
774,305,33,3,4.99,14.97
775,305,21,3,1.49,4.47
776,305,66,1,89.99,89.99
777,306,39,3,1.99,5.97
778,307,41,2,2.49,4.98
779,307,71,2,39.99,79.98
780,308,79,1,1799.99,1799.99
781,308,36,3,19.99,59.97
782,308,5,3,8.99,26.97
783,309,5,1,8.99,8.99
784,309,99,2,99.99,199.98
785,310,33,1,4.99,4.99
786,310,38,1,5.99,5.99
787,310,19,3,9.99,29.97
788,311,83,1,29.99,29.99
789,311,22,1,10.99,10.99
790,311,47,1,49.99,49.99
791,311,14,1,499.99,499.99
792,312,93,2,89.99,179.98
793,312,64,3,14.99,44.97
794,312,59,2,4.99,9.98
795,312,94,2,1499.99,2999.98
796,313,57,3,9.99,29.97
797,313,91,2,119.99,239.98
798,314,1,1,9.99,9.99
799,314,76,1,11.99,11.99
800,314,10,3,79.99,239.97
801,315,76,3,11.99,35.97
802,315,72,3,8.99,26.97
803,316,12,2,2499.99,4999.98
804,317,56,3,49.99,149.97
805,318,1,1,9.99,9.99
806,318,86,1,19.99,19.99
807,318,94,1,1499.99,1499.99
808,319,3,2,14.99,29.98
809,319,8,1,89.99,89.99
810,320,51,2,39.99,79.98
811,320,58,2,3.99,7.98
812,320,88,3,149.99,449.97
813,321,35,3,2.29,6.87
814,321,28,3,5.49,16.47
815,321,13,2,299.99,599.98
816,321,71,3,39.99,119.97
817,322,2,1,19.99,19.99
818,322,65,2,12.99,25.98
819,323,35,3,2.29,6.87
820,323,13,2,299.99,599.98
821,323,14,2,499.99,999.98
822,323,45,2,39.99,79.98
823,324,66,1,89.99,89.99
824,324,29,2,3.99,7.98
825,325,92,3,109.99,329.97
826,326,57,2,9.99,19.98
827,326,95,3,8999.99,26999.97
828,326,2,1,19.99,19.99
829,327,40,3,3.99,11.97
830,327,82,1,1499.99,1499.99
831,327,49,1,5.99,5.99
832,327,48,1,7.99,7.99
833,328,65,2,12.99,25.98
834,329,2,3,19.99,59.97
835,330,44,1,29.99,29.99
836,330,17,2,12.99,25.98
837,331,70,1,6.99,6.99
838,331,57,1,9.99,9.99
839,331,35,3,2.29,6.87
840,331,45,3,39.99,119.97
841,332,42,3,0.99,2.97
842,332,52,1,29.99,29.99
843,332,30,2,2.49,4.98
844,332,60,1,10.99,10.99
845,333,81,1,1099.99,1099.99
846,334,64,2,14.99,29.98
847,334,85,2,34.99,69.98
848,335,77,1,5.99,5.99
849,336,69,3,3.99,11.97
850,336,7,1,129.99,129.99
851,337,21,3,1.49,4.47
852,337,39,1,1.99,1.99
853,338,2,2,19.99,39.98
854,339,69,3,3.99,11.97
855,339,11,2,1899.99,3799.98
856,340,79,3,1799.99,5399.97
857,340,39,1,1.99,1.99
858,341,38,2,5.99,11.98
859,342,86,3,19.99,59.97
860,343,8,1,89.99,89.99
861,343,37,2,1.99,3.98
862,343,6,3,49.99,149.97
863,343,16,1,1.99,1.99
864,344,95,1,8999.99,8999.99
865,344,51,3,39.99,119.97
866,344,34,1,7.99,7.99
867,344,60,3,10.99,32.97
868,345,59,2,4.99,9.98
869,345,85,3,34.99,104.97
870,345,52,3,29.99,89.97
871,345,36,1,19.99,19.99
872,346,12,2,2499.99,4999.98
873,346,25,2,1.29,2.58
874,346,60,1,10.99,10.99
875,347,19,3,9.99,29.97
876,347,95,2,8999.99,17999.98
877,347,20,1,4.99,4.99
878,348,19,1,9.99,9.99
879,349,37,1,1.99,1.99
880,349,57,3,9.99,29.97
881,350,78,2,1999.99,3999.98
882,351,31,3,0.79,2.37
883,351,94,3,1499.99,4499.97
884,351,10,2,79.99,159.98
885,352,5,2,8.99,17.98
886,353,70,3,6.99,20.97
887,353,63,1,7.99,7.99
888,353,36,2,19.99,39.98
889,353,25,2,1.29,2.58
890,354,87,3,27.99,83.97
891,354,54,3,8.99,26.97
892,354,11,2,1899.99,3799.98
893,354,27,3,6.99,20.97
894,355,27,2,6.99,13.98
895,355,54,2,8.99,17.98
896,355,81,1,1099.99,1099.99
897,356,26,2,0.99,1.98
898,356,1,1,9.99,9.99
899,356,10,3,79.99,239.97
900,357,69,3,3.99,11.97
901,358,55,2,6.99,13.98
902,358,86,2,19.99,39.98
903,359,49,1,5.99,5.99
904,360,37,1,1.99,1.99
905,360,18,2,8.99,17.98
906,360,95,1,8999.99,8999.99
907,360,43,2,59.99,119.98
908,361,25,3,1.29,3.87
909,361,3,2,14.99,29.98
910,361,36,2,19.99,39.98
911,362,86,1,19.99,19.99
912,363,56,3,49.99,149.97
913,363,12,3,2499.99,7499.97
914,363,16,1,1.99,1.99
915,364,57,2,9.99,19.98
916,364,91,2,119.99,239.98
917,364,21,2,1.49,2.98
918,365,40,2,3.99,7.98
919,365,34,1,7.99,7.99
920,365,11,2,1899.99,3799.98
921,365,23,1,2.99,2.99
922,366,2,3,19.99,59.97
923,366,83,1,29.99,29.99
924,367,97,2,10999.99,21999.98
925,367,11,1,1899.99,1899.99
926,368,9,3,69.99,209.97
927,368,68,3,24.99,74.97
928,368,39,3,1.99,5.97
929,369,82,3,1499.99,4499.97
930,370,2,2,19.99,39.98
931,370,67,3,15.99,47.97
932,370,40,2,3.99,7.98
933,370,26,2,0.99,1.98
934,371,30,3,2.49,7.47
935,372,29,1,3.99,3.99
936,372,22,2,10.99,21.98
937,373,64,2,14.99,29.98
938,373,27,3,6.99,20.97
939,374,21,3,1.49,4.47
940,375,84,2,24.99,49.98
941,375,15,3,799.99,2399.97
942,375,29,1,3.99,3.99
943,376,68,1,24.99,24.99
944,376,50,3,9.99,29.97
945,377,20,2,4.99,9.98
946,377,97,1,10999.99,10999.99
947,377,1,2,9.99,19.98
948,378,8,2,89.99,179.98
949,379,10,1,79.99,79.99
950,379,81,1,1099.99,1099.99
951,379,54,3,8.99,26.97
952,379,49,2,5.99,11.98
953,380,34,3,7.99,23.97
954,381,100,1,129.99,129.99
955,381,17,2,12.99,25.98
956,381,47,3,49.99,149.97
957,381,59,3,4.99,14.97
958,382,57,1,9.99,9.99
959,382,82,1,1499.99,1499.99
960,382,76,2,11.99,23.98
961,383,65,3,12.99,38.97
962,384,23,1,2.99,2.99
963,384,69,3,3.99,11.97
964,385,40,1,3.99,3.99
965,386,13,1,299.99,299.99
966,387,89,2,79.99,159.98
967,387,93,2,89.99,179.98
968,387,28,2,5.49,10.98
969,388,12,2,2499.99,4999.98
970,389,89,1,79.99,79.99
971,389,28,3,5.49,16.47
972,390,12,2,2499.99,4999.98
973,390,18,3,8.99,26.97
974,390,19,3,9.99,29.97
975,390,43,1,59.99,59.99
976,391,53,3,12.99,38.97
977,391,18,3,8.99,26.97
978,392,85,3,34.99,104.97
979,392,10,1,79.99,79.99
980,393,96,3,12999.99,38999.97
981,393,45,3,39.99,119.97
982,393,51,2,39.99,79.98
983,394,85,3,34.99,104.97
984,394,98,2,13999.99,27999.98
985,394,28,1,5.49,5.49
986,395,25,2,1.29,2.58
987,395,53,3,12.99,38.97
988,395,63,3,7.99,23.97
989,396,60,1,10.99,10.99
990,397,62,3,5.99,17.97
991,397,39,3,1.99,5.97
992,397,91,2,119.99,239.98
993,398,21,3,1.49,4.47
994,399,42,1,0.99,0.99
995,399,94,1,1499.99,1499.99
996,399,3,2,14.99,29.98
997,400,66,1,89.99,89.99
998,400,29,2,3.99,7.98
999,401,16,1,1.99,1.99
1000,401,1,3,9.99,29.97
1001,402,17,3,12.99,38.97
1002,403,43,3,59.99,179.97
1003,404,40,2,3.99,7.98
1004,404,6,2,49.99,99.98
1005,404,99,1,99.99,99.99
1006,404,42,2,0.99,1.98
1007,405,51,3,39.99,119.97
1008,405,71,3,39.99,119.97
1009,405,81,1,1099.99,1099.99
1010,406,25,1,1.29,1.29
1011,406,1,3,9.99,29.97
1012,406,32,1,3.49,3.49
1013,406,62,1,5.99,5.99
1014,407,22,3,10.99,32.97
1015,407,90,3,89.99,269.97
1016,407,20,1,4.99,4.99
1017,407,35,2,2.29,4.58
1018,408,87,1,27.99,27.99
1019,408,70,1,6.99,6.99
1020,409,3,1,14.99,14.99
1021,409,26,2,0.99,1.98
1022,409,45,1,39.99,39.99
1023,410,45,3,39.99,119.97
1024,410,43,3,59.99,179.97
1025,411,66,1,89.99,89.99
1026,412,20,3,4.99,14.97
1027,412,99,1,99.99,99.99
1028,413,26,1,0.99,0.99
1029,413,81,3,1099.99,3299.97
1030,413,86,2,19.99,39.98
1031,414,93,3,89.99,269.97
1032,414,15,2,799.99,1599.98
1033,415,9,3,69.99,209.97
1034,416,90,2,89.99,179.98
1035,416,99,3,99.99,299.97
1036,416,29,3,3.99,11.97
1037,417,74,1,4.99,4.99
1038,417,30,1,2.49,2.49
1039,418,79,1,1799.99,1799.99
1040,419,31,1,0.79,0.79
1041,419,11,1,1899.99,1899.99
1042,419,83,1,29.99,29.99
1043,419,91,2,119.99,239.98
1044,420,3,3,14.99,44.97
1045,421,3,2,14.99,29.98
1046,421,90,2,89.99,179.98
1047,422,25,3,1.29,3.87
1048,422,34,3,7.99,23.97
1049,423,45,2,39.99,79.98
1050,423,85,1,34.99,34.99
1051,423,37,2,1.99,3.98
1052,423,50,1,9.99,9.99
1053,424,64,2,14.99,29.98
1054,425,58,2,3.99,7.98
1055,426,41,3,2.49,7.47
1056,426,96,1,12999.99,12999.99
1057,426,81,1,1099.99,1099.99
1058,426,57,3,9.99,29.97
1059,427,91,1,119.99,119.99
1060,428,72,1,8.99,8.99
1061,428,54,2,8.99,17.98
1062,428,32,1,3.49,3.49
1063,428,23,1,2.99,2.99
1064,429,34,2,7.99,15.98
1065,430,61,2,34.99,69.98
1066,430,48,1,7.99,7.99
1067,430,47,2,49.99,99.98
1068,431,50,1,9.99,9.99
1069,432,58,2,3.99,7.98
1070,432,72,2,8.99,17.98
1071,432,45,1,39.99,39.99
1072,433,39,3,1.99,5.97
1073,433,44,1,29.99,29.99
1074,433,54,1,8.99,8.99
1075,434,89,1,79.99,79.99
1076,435,67,2,15.99,31.98
1077,435,15,3,799.99,2399.97
1078,436,74,1,4.99,4.99
1079,437,69,1,3.99,3.99
1080,437,43,2,59.99,119.98
1081,437,95,1,8999.99,8999.99
1082,438,69,3,3.99,11.97
1083,438,74,3,4.99,14.97
1084,439,8,1,89.99,89.99
1085,440,40,1,3.99,3.99
1086,440,44,1,29.99,29.99
1087,441,13,2,299.99,599.98
1088,441,57,3,9.99,29.97
1089,441,17,2,12.99,25.98
1090,442,22,1,10.99,10.99
1091,443,82,2,1499.99,2999.98
1092,444,95,1,8999.99,8999.99
1093,445,74,3,4.99,14.97
1094,445,49,1,5.99,5.99
1095,445,22,3,10.99,32.97
1096,446,53,1,12.99,12.99
1097,446,75,3,16.99,50.97
1098,446,61,2,34.99,69.98
1099,446,31,2,0.79,1.58
1100,447,57,2,9.99,19.98
1101,448,43,3,59.99,179.97
1102,448,31,3,0.79,2.37
1103,449,41,2,2.49,4.98
1104,449,94,2,1499.99,2999.98
1105,449,97,2,10999.99,21999.98
1106,449,53,3,12.99,38.97
1107,450,27,1,6.99,6.99
1108,451,65,2,12.99,25.98
1109,451,32,1,3.49,3.49
1110,451,17,1,12.99,12.99
1111,451,93,1,89.99,89.99
1112,452,62,2,5.99,11.98
1113,452,22,2,10.99,21.98
1114,452,86,2,19.99,39.98
1115,453,72,2,8.99,17.98
1116,453,32,1,3.49,3.49
1117,454,72,1,8.99,8.99
1118,454,30,1,2.49,2.49
1119,454,100,3,129.99,389.97
1120,454,49,3,5.99,17.97
1121,455,51,2,39.99,79.98
1122,456,74,2,4.99,9.98
1123,456,84,3,24.99,74.97
1124,457,76,3,11.99,35.97
1125,457,39,3,1.99,5.97
1126,458,55,2,6.99,13.98
1127,459,39,2,1.99,3.98
1128,460,9,3,69.99,209.97
1129,460,50,3,9.99,29.97
1130,460,60,1,10.99,10.99
1131,461,38,1,5.99,5.99
1132,462,69,3,3.99,11.97
1133,463,97,2,10999.99,21999.98
1134,463,15,2,799.99,1599.98
1135,463,78,1,1999.99,1999.99
1136,463,10,2,79.99,159.98
1137,464,97,3,10999.99,32999.97
1138,464,74,3,4.99,14.97
1139,464,52,3,29.99,89.97
1140,465,10,1,79.99,79.99
1141,465,46,3,14.99,44.97
1142,466,46,3,14.99,44.97
1143,466,61,1,34.99,34.99
1144,466,38,2,5.99,11.98
1145,466,49,1,5.99,5.99
1146,467,18,3,8.99,26.97
1147,467,44,3,29.99,89.97
1148,467,99,2,99.99,199.98
1149,467,57,2,9.99,19.98
1150,468,2,3,19.99,59.97
1151,468,75,2,16.99,33.98
1152,468,23,2,2.99,5.98
1153,468,26,1,0.99,0.99
1154,469,78,3,1999.99,5999.97
1155,469,39,2,1.99,3.98
1156,469,4,2,12.99,25.98
1157,470,66,1,89.99,89.99
1158,470,84,3,24.99,74.97
1159,471,74,2,4.99,9.98
1160,471,60,1,10.99,10.99
1161,471,31,1,0.79,0.79
1162,472,69,2,3.99,7.98
1163,472,14,2,499.99,999.98
1164,473,33,1,4.99,4.99
1165,474,4,2,12.99,25.98
1166,475,51,1,39.99,39.99
1167,475,95,2,8999.99,17999.98
1168,476,27,3,6.99,20.97
1169,476,5,3,8.99,26.97
1170,476,48,2,7.99,15.98
1171,476,21,2,1.49,2.98
1172,477,50,3,9.99,29.97
1173,478,44,1,29.99,29.99
1174,478,82,1,1499.99,1499.99
1175,478,10,1,79.99,79.99
1176,478,61,2,34.99,69.98
1177,479,5,1,8.99,8.99
1178,479,30,3,2.49,7.47
1179,479,31,2,0.79,1.58
1180,480,16,2,1.99,3.98
1181,480,83,1,29.99,29.99
1182,480,29,3,3.99,11.97
1183,481,75,1,16.99,16.99
1184,481,60,3,10.99,32.97
1185,481,10,3,79.99,239.97
1186,481,45,3,39.99,119.97
1187,482,70,2,6.99,13.98
1188,482,32,3,3.49,10.47
1189,483,31,1,0.79,0.79
1190,484,5,3,8.99,26.97
1191,484,43,3,59.99,179.97
1192,484,78,3,1999.99,5999.97
1193,485,26,1,0.99,0.99
1194,485,20,1,4.99,4.99
1195,486,70,3,6.99,20.97
1196,486,7,2,129.99,259.98
1197,487,14,1,499.99,499.99
1198,487,94,2,1499.99,2999.98
1199,488,85,1,34.99,34.99
1200,489,11,1,1899.99,1899.99
1201,490,66,3,89.99,269.97
1202,490,7,1,129.99,129.99
1203,490,24,1,14.99,14.99
1204,490,93,3,89.99,269.97
1205,491,26,3,0.99,2.97
1206,491,72,3,8.99,26.97
1207,491,82,2,1499.99,2999.98
1208,492,72,3,8.99,26.97
1209,492,17,1,12.99,12.99
1210,492,79,1,1799.99,1799.99
1211,493,95,1,8999.99,8999.99
1212,493,15,1,799.99,799.99
1213,494,83,2,29.99,59.98
1214,494,71,2,39.99,79.98
1215,494,30,1,2.49,2.49
1216,495,76,3,11.99,35.97
1217,495,63,1,7.99,7.99
1218,496,23,1,2.99,2.99
1219,496,63,3,7.99,23.97
1220,496,12,1,2499.99,2499.99
1221,496,29,3,3.99,11.97
1222,497,2,3,19.99,59.97
1223,498,37,1,1.99,1.99
1224,498,59,3,4.99,14.97
1225,498,94,1,1499.99,1499.99
1226,499,34,3,7.99,23.97
1227,500,74,2,4.99,9.98
1228,500,39,2,1.99,3.98
1229,500,1,2,9.99,19.98
1230,500,16,1,1.99,1.99
1231,501,63,2,7.99,15.98
1232,501,56,2,49.99,99.98
1233,502,64,2,14.99,29.98
1234,503,10,1,79.99,79.99
1235,504,20,1,4.99,4.99
1236,504,88,3,149.99,449.97
1237,505,5,3,8.99,26.97
1238,505,41,3,2.49,7.47
1239,505,56,3,49.99,149.97
1240,505,46,3,14.99,44.97
1241,506,97,2,10999.99,21999.98
1242,506,33,2,4.99,9.98
1243,506,78,1,1999.99,1999.99
1244,506,61,2,34.99,69.98
1245,507,51,3,39.99,119.97
1246,507,71,1,39.99,39.99
1247,507,21,3,1.49,4.47
1248,508,86,1,19.99,19.99
1249,508,97,3,10999.99,32999.97
1250,508,60,3,10.99,32.97
1251,509,34,3,7.99,23.97
1252,509,90,2,89.99,179.98
1253,509,89,3,79.99,239.97
1254,509,50,3,9.99,29.97
1255,510,44,2,29.99,59.98
1256,510,14,2,499.99,999.98
1257,510,5,1,8.99,8.99
1258,510,29,1,3.99,3.99
1259,511,45,1,39.99,39.99
1260,511,8,3,89.99,269.97
1261,512,14,1,499.99,499.99
1262,512,56,1,49.99,49.99
1263,512,98,2,13999.99,27999.98
1264,513,40,2,3.99,7.98
1265,513,10,1,79.99,79.99
1266,513,98,2,13999.99,27999.98
1267,514,51,1,39.99,39.99
1268,514,62,3,5.99,17.97
1269,514,84,2,24.99,49.98
1270,515,19,2,9.99,19.98
1271,515,30,2,2.49,4.98
1272,515,44,2,29.99,59.98
1273,515,47,3,49.99,149.97
1274,516,79,3,1799.99,5399.97
1275,516,5,2,8.99,17.98
1276,516,62,3,5.99,17.97
1277,516,1,3,9.99,29.97
1278,517,8,1,89.99,89.99
1279,517,4,2,12.99,25.98
1280,517,40,1,3.99,3.99
1281,517,49,1,5.99,5.99
1282,518,42,1,0.99,0.99
1283,518,37,3,1.99,5.97
1284,518,8,1,89.99,89.99
1285,519,54,2,8.99,17.98
1286,520,46,3,14.99,44.97
1287,520,69,1,3.99,3.99
1288,520,37,3,1.99,5.97
1289,520,92,3,109.99,329.97
1290,521,29,1,3.99,3.99
1291,521,71,2,39.99,79.98
1292,521,16,1,1.99,1.99
1293,521,93,3,89.99,269.97
1294,522,60,3,10.99,32.97
1295,522,36,2,19.99,39.98
1296,522,57,1,9.99,9.99
1297,523,99,2,99.99,199.98
1298,523,48,2,7.99,15.98
1299,523,9,2,69.99,139.98
1300,523,94,2,1499.99,2999.98
1301,524,93,3,89.99,269.97
1302,524,50,3,9.99,29.97
1303,524,14,2,499.99,999.98
1304,524,12,3,2499.99,7499.97
1305,525,94,1,1499.99,1499.99
1306,526,93,2,89.99,179.98
1307,526,72,2,8.99,17.98
1308,526,68,1,24.99,24.99
1309,526,12,2,2499.99,4999.98
1310,527,99,1,99.99,99.99
1311,528,60,1,10.99,10.99
1312,528,35,1,2.29,2.29
1313,528,88,1,149.99,149.99
1314,529,86,1,19.99,19.99
1315,529,66,1,89.99,89.99
1316,530,31,1,0.79,0.79
1317,530,39,3,1.99,5.97
1318,530,34,3,7.99,23.97
1319,531,54,3,8.99,26.97
1320,532,37,1,1.99,1.99
1321,532,69,2,3.99,7.98
1322,532,79,1,1799.99,1799.99
1323,532,13,3,299.99,899.97
1324,533,33,2,4.99,9.98
1325,533,4,2,12.99,25.98
1326,533,2,2,19.99,39.98
1327,533,44,1,29.99,29.99
1328,534,55,3,6.99,20.97
1329,535,19,2,9.99,19.98
1330,535,36,3,19.99,59.97
1331,535,23,3,2.99,8.97
1332,535,100,1,129.99,129.99
1333,536,41,3,2.49,7.47
1334,537,85,1,34.99,34.99
1335,537,81,2,1099.99,2199.98
1336,538,94,1,1499.99,1499.99
1337,538,29,2,3.99,7.98
1338,538,92,1,109.99,109.99
1339,539,36,1,19.99,19.99
1340,540,70,1,6.99,6.99
1341,540,94,1,1499.99,1499.99
1342,541,76,2,11.99,23.98
1343,541,84,1,24.99,24.99
1344,541,45,2,39.99,79.98
1345,541,9,2,69.99,139.98
1346,542,99,3,99.99,299.97
1347,542,18,3,8.99,26.97
1348,542,72,3,8.99,26.97
1349,542,98,3,13999.99,41999.97
1350,543,79,3,1799.99,5399.97
1351,543,16,3,1.99,5.97
1352,544,100,2,129.99,259.98
1353,544,27,1,6.99,6.99
1354,545,31,2,0.79,1.58
1355,545,64,1,14.99,14.99
1356,545,20,2,4.99,9.98
1357,545,84,1,24.99,24.99
1358,546,71,3,39.99,119.97
1359,546,22,3,10.99,32.97
1360,547,96,2,12999.99,25999.98
1361,547,47,1,49.99,49.99
1362,547,59,3,4.99,14.97
1363,548,10,1,79.99,79.99
1364,548,61,2,34.99,69.98
1365,549,41,3,2.49,7.47
1366,549,20,2,4.99,9.98
1367,550,73,2,19.99,39.98
1368,550,76,2,11.99,23.98
1369,550,25,1,1.29,1.29
1370,551,67,1,15.99,15.99
1371,551,25,1,1.29,1.29
1372,552,65,1,12.99,12.99
1373,552,84,2,24.99,49.98
1374,552,99,2,99.99,199.98
1375,552,19,2,9.99,19.98
1376,553,34,3,7.99,23.97
1377,554,30,1,2.49,2.49
1378,554,48,3,7.99,23.97
1379,554,88,1,149.99,149.99
1380,555,54,2,8.99,17.98
1381,555,6,2,49.99,99.98
1382,555,48,3,7.99,23.97
1383,555,76,2,11.99,23.98
1384,556,33,2,4.99,9.98
1385,556,9,2,69.99,139.98
1386,556,4,2,12.99,25.98
1387,557,73,1,19.99,19.99
1388,558,38,1,5.99,5.99
1389,558,75,3,16.99,50.97
1390,558,35,1,2.29,2.29
1391,559,80,3,1399.99,4199.97
1392,560,75,1,16.99,16.99
1393,560,54,1,8.99,8.99
1394,561,82,2,1499.99,2999.98
1395,561,20,1,4.99,4.99
1396,562,65,1,12.99,12.99
1397,562,14,3,499.99,1499.97
1398,562,93,2,89.99,179.98
1399,562,40,3,3.99,11.97
1400,563,40,1,3.99,3.99
1401,564,49,2,5.99,11.98
1402,565,41,3,2.49,7.47
1403,565,62,1,5.99,5.99
1404,566,44,2,29.99,59.98
1405,566,100,1,129.99,129.99
1406,566,75,1,16.99,16.99
1407,566,11,2,1899.99,3799.98
1408,567,48,2,7.99,15.98
1409,567,17,2,12.99,25.98
1410,567,95,1,8999.99,8999.99
1411,567,73,1,19.99,19.99
1412,568,17,1,12.99,12.99
1413,569,98,1,13999.99,13999.99
1414,570,62,2,5.99,11.98
1415,571,92,1,109.99,109.99
1416,571,24,3,14.99,44.97
1417,571,68,3,24.99,74.97
1418,572,90,2,89.99,179.98
1419,572,94,2,1499.99,2999.98
1420,572,18,1,8.99,8.99
1421,572,74,1,4.99,4.99
1422,573,66,3,89.99,269.97
1423,573,44,3,29.99,89.97
1424,573,31,3,0.79,2.37
1425,573,1,2,9.99,19.98
1426,574,74,2,4.99,9.98
1427,574,47,2,49.99,99.98
1428,575,10,3,79.99,239.97
1429,575,15,2,799.99,1599.98
1430,575,48,1,7.99,7.99
1431,576,67,1,15.99,15.99
1432,577,42,3,0.99,2.97
1433,577,37,3,1.99,5.97
1434,578,17,3,12.99,38.97
1435,579,26,1,0.99,0.99
1436,579,85,1,34.99,34.99
1437,580,100,1,129.99,129.99
1438,580,5,3,8.99,26.97
1439,580,21,2,1.49,2.98
1440,581,79,2,1799.99,3599.98
1441,581,40,3,3.99,11.97
1442,582,25,1,1.29,1.29
1443,582,52,2,29.99,59.98
1444,582,26,1,0.99,0.99
1445,583,72,1,8.99,8.99
1446,583,23,2,2.99,5.98
1447,583,83,1,29.99,29.99
1448,583,67,2,15.99,31.98
1449,584,64,1,14.99,14.99
1450,585,36,2,19.99,39.98
1451,585,22,2,10.99,21.98
1452,585,1,3,9.99,29.97
1453,586,45,3,39.99,119.97
1454,586,73,3,19.99,59.97
1455,586,40,3,3.99,11.97
1456,587,71,3,39.99,119.97
1457,587,90,1,89.99,89.99
1458,587,91,1,119.99,119.99
1459,587,16,3,1.99,5.97
1460,588,53,2,12.99,25.98
1461,588,64,3,14.99,44.97
1462,588,81,2,1099.99,2199.98
1463,589,82,1,1499.99,1499.99
1464,590,9,2,69.99,139.98
1465,590,24,2,14.99,29.98
1466,591,90,3,89.99,269.97
1467,591,37,3,1.99,5.97
1468,592,42,2,0.99,1.98
1469,592,9,3,69.99,209.97
1470,592,66,1,89.99,89.99
1471,593,2,1,19.99,19.99
1472,593,46,2,14.99,29.98
1473,593,89,3,79.99,239.97
1474,594,91,3,119.99,359.97
1475,594,80,2,1399.99,2799.98
1476,595,41,3,2.49,7.47
1477,595,8,3,89.99,269.97
1478,595,64,3,14.99,44.97
1479,596,24,3,14.99,44.97
1480,596,37,3,1.99,5.97
1481,597,66,3,89.99,269.97
1482,597,29,1,3.99,3.99
1483,597,48,3,7.99,23.97
1484,598,18,2,8.99,17.98
1485,598,78,3,1999.99,5999.97
1486,599,49,3,5.99,17.97
1487,599,72,2,8.99,17.98
1488,599,56,3,49.99,149.97
1489,599,5,1,8.99,8.99
1490,600,96,1,12999.99,12999.99
1491,600,89,1,79.99,79.99
1492,601,71,3,39.99,119.97
1493,601,94,1,1499.99,1499.99
1494,602,65,2,12.99,25.98
1495,602,13,2,299.99,599.98
1496,603,73,3,19.99,59.97
1497,603,53,2,12.99,25.98
1498,603,5,3,8.99,26.97
1499,604,94,1,1499.99,1499.99
1500,604,69,1,3.99,3.99
1501,604,88,3,149.99,449.97
1502,605,92,1,109.99,109.99
1503,605,9,3,69.99,209.97
1504,606,86,3,19.99,59.97
1505,606,1,2,9.99,19.98
1506,607,75,3,16.99,50.97
1507,608,3,1,14.99,14.99
1508,608,17,3,12.99,38.97
1509,608,47,2,49.99,99.98
1510,608,67,3,15.99,47.97
1511,609,18,1,8.99,8.99
1512,609,81,3,1099.99,3299.97
1513,610,1,2,9.99,19.98
1514,610,32,1,3.49,3.49
1515,610,94,3,1499.99,4499.97
1516,610,98,2,13999.99,27999.98
1517,611,65,1,12.99,12.99
1518,611,38,3,5.99,17.97
1519,611,37,1,1.99,1.99
1520,612,83,1,29.99,29.99
1521,612,30,2,2.49,4.98
1522,612,14,3,499.99,1499.97
1523,612,51,2,39.99,79.98
1524,613,58,1,3.99,3.99
1525,614,74,2,4.99,9.98
1526,614,50,2,9.99,19.98
1527,615,23,3,2.99,8.97
1528,615,92,3,109.99,329.97
1529,615,40,2,3.99,7.98
1530,615,21,3,1.49,4.47
1531,616,66,2,89.99,179.98
1532,616,11,1,1899.99,1899.99
1533,616,50,2,9.99,19.98
1534,617,98,2,13999.99,27999.98
1535,617,11,1,1899.99,1899.99
1536,618,78,3,1999.99,5999.97
1537,618,68,2,24.99,49.98
1538,619,49,2,5.99,11.98
1539,619,98,2,13999.99,27999.98
1540,619,87,3,27.99,83.97
1541,619,43,3,59.99,179.97
1542,620,77,2,5.99,11.98
1543,620,32,2,3.49,6.98
1544,621,8,3,89.99,269.97
1545,621,15,2,799.99,1599.98
1546,621,78,2,1999.99,3999.98
1547,622,58,3,3.99,11.97
1548,622,80,3,1399.99,4199.97
1549,622,67,1,15.99,15.99
1550,623,9,3,69.99,209.97
1551,623,14,1,499.99,499.99
1552,623,34,1,7.99,7.99
1553,624,2,1,19.99,19.99
1554,624,28,2,5.49,10.98
1555,624,48,2,7.99,15.98
1556,625,65,2,12.99,25.98
1557,625,23,2,2.99,5.98
1558,625,60,1,10.99,10.99
1559,625,67,3,15.99,47.97
1560,626,77,2,5.99,11.98
1561,626,57,2,9.99,19.98
1562,626,42,3,0.99,2.97
1563,627,93,1,89.99,89.99
1564,628,68,2,24.99,49.98
1565,628,78,2,1999.99,3999.98
1566,628,61,2,34.99,69.98
1567,629,63,3,7.99,23.97
1568,629,53,3,12.99,38.97
1569,630,4,1,12.99,12.99
1570,630,46,3,14.99,44.97
1571,630,77,2,5.99,11.98
1572,631,68,3,24.99,74.97
1573,632,39,1,1.99,1.99
1574,632,48,3,7.99,23.97
1575,632,95,2,8999.99,17999.98
1576,633,50,1,9.99,9.99
1577,633,39,1,1.99,1.99
1578,633,53,2,12.99,25.98
1579,633,18,3,8.99,26.97
1580,634,74,2,4.99,9.98
1581,634,39,2,1.99,3.98
1582,635,75,3,16.99,50.97
1583,635,35,3,2.29,6.87
1584,635,19,2,9.99,19.98
1585,636,40,1,3.99,3.99
1586,636,49,2,5.99,11.98
1587,636,21,1,1.49,1.49
1588,636,93,3,89.99,269.97
1589,637,67,2,15.99,31.98
1590,637,40,3,3.99,11.97
1591,637,55,3,6.99,20.97
1592,637,21,1,1.49,1.49
1593,638,84,1,24.99,24.99
1594,638,15,3,799.99,2399.97
1595,639,58,2,3.99,7.98
1596,640,79,3,1799.99,5399.97
1597,641,95,3,8999.99,26999.97
1598,641,20,2,4.99,9.98
1599,641,58,2,3.99,7.98
1600,642,25,3,1.29,3.87
1601,643,81,1,1099.99,1099.99
1602,643,36,1,19.99,19.99
1603,643,90,2,89.99,179.98
1604,644,87,3,27.99,83.97
1605,644,27,3,6.99,20.97
1606,644,52,1,29.99,29.99
1607,644,40,2,3.99,7.98
1608,645,98,1,13999.99,13999.99
1609,645,54,3,8.99,26.97
1610,646,12,1,2499.99,2499.99
1611,647,12,3,2499.99,7499.97
1612,647,2,3,19.99,59.97
1613,647,58,1,3.99,3.99
1614,648,62,3,5.99,17.97
1615,648,55,1,6.99,6.99
1616,648,73,3,19.99,59.97
1617,649,12,2,2499.99,4999.98
1618,650,97,2,10999.99,21999.98
1619,650,41,2,2.49,4.98
1620,650,55,2,6.99,13.98
1621,651,13,3,299.99,899.97
1622,651,66,2,89.99,179.98
1623,652,90,2,89.99,179.98
1624,653,84,2,24.99,49.98
1625,653,80,2,1399.99,2799.98
1626,654,51,1,39.99,39.99
1627,654,87,2,27.99,55.98
1628,655,22,3,10.99,32.97
1629,655,39,1,1.99,1.99
1630,655,62,3,5.99,17.97
1631,656,30,1,2.49,2.49
1632,657,62,2,5.99,11.98
1633,657,37,3,1.99,5.97
1634,658,11,1,1899.99,1899.99
1635,659,3,1,14.99,14.99
1636,660,52,2,29.99,59.98
1637,660,12,2,2499.99,4999.98
1638,660,55,1,6.99,6.99
1639,660,74,3,4.99,14.97
1640,661,2,2,19.99,39.98
1641,661,87,2,27.99,55.98
1642,661,71,3,39.99,119.97
1643,662,39,3,1.99,5.97
1644,663,34,2,7.99,15.98
1645,663,4,2,12.99,25.98
1646,663,85,1,34.99,34.99
1647,663,66,3,89.99,269.97
1648,664,31,1,0.79,0.79
1649,664,3,2,14.99,29.98
1650,664,16,1,1.99,1.99
1651,664,63,1,7.99,7.99
1652,665,88,3,149.99,449.97
1653,665,30,3,2.49,7.47
1654,665,87,1,27.99,27.99
1655,665,13,1,299.99,299.99
1656,666,79,1,1799.99,1799.99
1657,666,30,3,2.49,7.47
1658,667,55,2,6.99,13.98
1659,668,6,3,49.99,149.97
1660,669,29,3,3.99,11.97
1661,670,99,3,99.99,299.97
1662,670,77,2,5.99,11.98
1663,670,29,1,3.99,3.99
1664,670,70,3,6.99,20.97
1665,671,96,3,12999.99,38999.97
1666,671,38,2,5.99,11.98
1667,671,67,3,15.99,47.97
1668,671,2,1,19.99,19.99
1669,672,50,2,9.99,19.98
1670,673,85,1,34.99,34.99
1671,674,72,1,8.99,8.99
1672,674,67,3,15.99,47.97
1673,675,32,1,3.49,3.49
1674,675,35,2,2.29,4.58
1675,676,17,2,12.99,25.98
1676,676,91,3,119.99,359.97
1677,677,55,2,6.99,13.98
1678,677,40,2,3.99,7.98
1679,678,66,1,89.99,89.99
1680,678,13,2,299.99,599.98
1681,678,84,3,24.99,74.97
1682,679,20,3,4.99,14.97
1683,680,66,3,89.99,269.97
1684,680,74,1,4.99,4.99
1685,680,63,2,7.99,15.98
1686,681,59,2,4.99,9.98
1687,681,74,1,4.99,4.99
1688,681,4,3,12.99,38.97
1689,682,20,2,4.99,9.98
1690,683,21,2,1.49,2.98
1691,683,87,2,27.99,55.98
1692,683,39,1,1.99,1.99
1693,683,11,2,1899.99,3799.98
1694,684,29,1,3.99,3.99
1695,684,28,2,5.49,10.98
1696,684,88,1,149.99,149.99
1697,685,100,1,129.99,129.99
1698,685,1,2,9.99,19.98
1699,685,68,3,24.99,74.97
1700,686,41,2,2.49,4.98
1701,686,27,3,6.99,20.97
1702,687,53,1,12.99,12.99
1703,687,73,3,19.99,59.97
1704,687,32,2,3.49,6.98
1705,687,57,3,9.99,29.97
1706,688,5,3,8.99,26.97
1707,689,50,2,9.99,19.98
1708,689,12,2,2499.99,4999.98
1709,689,16,3,1.99,5.97
1710,689,57,2,9.99,19.98
1711,690,5,1,8.99,8.99
1712,691,48,3,7.99,23.97
1713,691,10,3,79.99,239.97
1714,691,50,1,9.99,9.99
1715,691,20,2,4.99,9.98
1716,692,68,3,24.99,74.97
1717,692,49,3,5.99,17.97
1718,693,40,3,3.99,11.97
1719,693,69,1,3.99,3.99
1720,693,37,3,1.99,5.97
1721,694,29,3,3.99,11.97
1722,694,68,1,24.99,24.99
1723,694,100,2,129.99,259.98
1724,695,85,3,34.99,104.97
1725,696,17,1,12.99,12.99
1726,696,6,2,49.99,99.98
1727,697,73,3,19.99,59.97
1728,697,100,1,129.99,129.99
1729,697,66,2,89.99,179.98
1730,697,29,1,3.99,3.99
1731,698,51,2,39.99,79.98
1732,698,65,1,12.99,12.99
1733,699,13,1,299.99,299.99
1734,699,90,2,89.99,179.98
1735,699,82,2,1499.99,2999.98
1736,699,43,2,59.99,119.98
1737,700,49,2,5.99,11.98
1738,700,16,3,1.99,5.97
1739,700,23,3,2.99,8.97
1740,700,73,3,19.99,59.97
1741,701,97,3,10999.99,32999.97
1742,702,53,3,12.99,38.97
1743,702,11,2,1899.99,3799.98
1744,703,70,3,6.99,20.97
1745,703,61,2,34.99,69.98
1746,704,84,2,24.99,49.98
1747,704,40,1,3.99,3.99
1748,705,59,2,4.99,9.98
1749,706,14,1,499.99,499.99
1750,707,9,2,69.99,139.98
1751,707,95,1,8999.99,8999.99
1752,708,89,2,79.99,159.98
1753,709,42,3,0.99,2.97
1754,709,61,3,34.99,104.97
1755,709,67,2,15.99,31.98
1756,709,36,2,19.99,39.98
1757,710,60,3,10.99,32.97
1758,711,1,2,9.99,19.98
1759,712,88,1,149.99,149.99
1760,712,60,3,10.99,32.97
1761,713,6,3,49.99,149.97
1762,713,8,1,89.99,89.99
1763,714,12,1,2499.99,2499.99
1764,714,3,2,14.99,29.98
1765,714,35,2,2.29,4.58
1766,715,30,2,2.49,4.98
1767,716,58,1,3.99,3.99
1768,716,89,2,79.99,159.98
1769,716,56,3,49.99,149.97
1770,717,80,2,1399.99,2799.98
1771,717,14,1,499.99,499.99
1772,718,75,1,16.99,16.99
1773,718,56,2,49.99,99.98
1774,718,59,1,4.99,4.99
1775,719,4,2,12.99,25.98
1776,719,93,2,89.99,179.98
1777,719,42,2,0.99,1.98
1778,719,1,1,9.99,9.99
1779,720,84,3,24.99,74.97
1780,720,25,3,1.29,3.87
1781,720,38,1,5.99,5.99
1782,720,21,1,1.49,1.49
1783,721,82,3,1499.99,4499.97
1784,722,85,1,34.99,34.99
1785,722,27,1,6.99,6.99
1786,722,12,2,2499.99,4999.98
1787,722,64,2,14.99,29.98
1788,723,19,1,9.99,9.99
1789,723,87,3,27.99,83.97
1790,724,73,1,19.99,19.99
1791,725,24,1,14.99,14.99
1792,726,95,1,8999.99,8999.99
1793,726,99,3,99.99,299.97
1794,726,93,3,89.99,269.97
1795,726,9,3,69.99,209.97
1796,727,3,2,14.99,29.98
1797,727,80,1,1399.99,1399.99
1798,727,22,2,10.99,21.98
1799,728,12,3,2499.99,7499.97
1800,729,1,2,9.99,19.98
1801,729,75,1,16.99,16.99
1802,729,80,1,1399.99,1399.99
1803,730,39,3,1.99,5.97
1804,730,59,3,4.99,14.97
1805,730,62,1,5.99,5.99
1806,730,66,1,89.99,89.99
1807,731,72,1,8.99,8.99
1808,731,6,3,49.99,149.97
1809,731,94,1,1499.99,1499.99
1810,731,4,3,12.99,38.97
1811,732,88,2,149.99,299.98
1812,733,27,2,6.99,13.98
1813,734,75,1,16.99,16.99
1814,734,79,1,1799.99,1799.99
1815,735,71,3,39.99,119.97
1816,735,57,2,9.99,19.98
1817,735,77,3,5.99,17.97
1818,735,78,3,1999.99,5999.97
1819,736,3,2,14.99,29.98
1820,736,93,3,89.99,269.97
1821,737,1,3,9.99,29.97
1822,737,42,2,0.99,1.98
1823,738,39,2,1.99,3.98
1824,738,58,2,3.99,7.98
1825,738,100,3,129.99,389.97
1826,739,48,3,7.99,23.97
1827,739,50,2,9.99,19.98
1828,739,51,1,39.99,39.99
1829,739,70,1,6.99,6.99
1830,740,85,2,34.99,69.98
1831,741,14,1,499.99,499.99
1832,741,68,2,24.99,49.98
1833,742,91,1,119.99,119.99
1834,742,43,2,59.99,119.98
1835,743,82,2,1499.99,2999.98
1836,743,15,3,799.99,2399.97
1837,744,63,2,7.99,15.98
1838,745,41,2,2.49,4.98
1839,746,48,1,7.99,7.99
1840,746,98,3,13999.99,41999.97
1841,746,88,3,149.99,449.97
1842,746,93,2,89.99,179.98
1843,747,69,1,3.99,3.99
1844,747,48,1,7.99,7.99
1845,747,47,1,49.99,49.99
1846,748,36,2,19.99,39.98
1847,748,81,1,1099.99,1099.99
1848,748,89,2,79.99,159.98
1849,749,72,3,8.99,26.97
1850,749,40,2,3.99,7.98
1851,750,16,2,1.99,3.98
1852,750,35,1,2.29,2.29
1853,750,14,1,499.99,499.99
1854,750,92,2,109.99,219.98
1855,751,23,1,2.99,2.99
1856,751,41,1,2.49,2.49
1857,751,52,2,29.99,59.98
1858,751,21,1,1.49,1.49
1859,752,56,2,49.99,99.98
1860,752,58,1,3.99,3.99
1861,752,60,3,10.99,32.97
1862,752,5,1,8.99,8.99
1863,753,68,2,24.99,49.98
1864,753,25,1,1.29,1.29
1865,753,33,2,4.99,9.98
1866,753,74,3,4.99,14.97
1867,754,36,2,19.99,39.98
1868,754,98,1,13999.99,13999.99
1869,755,9,3,69.99,209.97
1870,755,60,1,10.99,10.99
1871,756,32,2,3.49,6.98
1872,756,1,3,9.99,29.97
1873,757,48,3,7.99,23.97
1874,757,90,2,89.99,179.98
1875,758,33,3,4.99,14.97
1876,759,89,1,79.99,79.99
1877,760,28,1,5.49,5.49
1878,761,30,2,2.49,4.98
1879,762,4,3,12.99,38.97
1880,762,50,2,9.99,19.98
1881,763,88,3,149.99,449.97
1882,763,31,3,0.79,2.37
1883,763,12,2,2499.99,4999.98
1884,764,36,3,19.99,59.97
1885,764,6,2,49.99,99.98
1886,764,81,2,1099.99,2199.98
1887,765,53,1,12.99,12.99
1888,766,42,1,0.99,0.99
1889,767,50,2,9.99,19.98
1890,768,58,2,3.99,7.98
1891,768,91,1,119.99,119.99
1892,769,97,2,10999.99,21999.98
1893,769,21,3,1.49,4.47
1894,769,100,2,129.99,259.98
1895,769,60,3,10.99,32.97
1896,770,9,1,69.99,69.99
1897,771,41,2,2.49,4.98
1898,771,73,1,19.99,19.99
1899,772,56,1,49.99,49.99
1900,772,53,3,12.99,38.97
1901,773,68,3,24.99,74.97
1902,773,85,1,34.99,34.99
1903,774,30,2,2.49,4.98
1904,774,1,3,9.99,29.97
1905,774,10,3,79.99,239.97
1906,774,53,1,12.99,12.99
1907,775,79,2,1799.99,3599.98
1908,775,89,2,79.99,159.98
1909,776,89,3,79.99,239.97
1910,776,55,1,6.99,6.99
1911,776,68,3,24.99,74.97
1912,776,30,2,2.49,4.98
1913,777,61,2,34.99,69.98
1914,778,40,2,3.99,7.98
1915,778,37,1,1.99,1.99
1916,778,91,1,119.99,119.99
1917,778,93,2,89.99,179.98
1918,779,31,3,0.79,2.37
1919,779,12,1,2499.99,2499.99
1920,779,41,3,2.49,7.47
1921,780,59,1,4.99,4.99
1922,781,30,1,2.49,2.49
1923,782,5,1,8.99,8.99
1924,782,33,1,4.99,4.99
1925,782,99,2,99.99,199.98
1926,782,79,1,1799.99,1799.99
1927,783,46,2,14.99,29.98
1928,783,34,2,7.99,15.98
1929,783,85,1,34.99,34.99
1930,783,60,3,10.99,32.97
1931,784,58,3,3.99,11.97
1932,784,29,1,3.99,3.99
1933,784,26,1,0.99,0.99
1934,784,48,2,7.99,15.98
1935,785,49,2,5.99,11.98
1936,785,52,2,29.99,59.98
1937,785,58,3,3.99,11.97
1938,785,23,3,2.99,8.97
1939,786,32,2,3.49,6.98
1940,786,94,2,1499.99,2999.98
1941,787,96,2,12999.99,25999.98
1942,788,39,1,1.99,1.99
1943,789,33,1,4.99,4.99
1944,789,57,1,9.99,9.99
1945,790,72,1,8.99,8.99
1946,790,52,3,29.99,89.97
1947,790,66,2,89.99,179.98
1948,790,60,3,10.99,32.97
1949,791,93,2,89.99,179.98
1950,791,3,1,14.99,14.99
1951,791,39,1,1.99,1.99
1952,791,20,1,4.99,4.99
1953,792,54,1,8.99,8.99
1954,792,76,1,11.99,11.99
1955,792,98,2,13999.99,27999.98
1956,792,15,2,799.99,1599.98
1957,793,65,3,12.99,38.97
1958,794,31,2,0.79,1.58
1959,794,71,3,39.99,119.97
1960,794,91,1,119.99,119.99
1961,794,93,2,89.99,179.98
1962,795,77,3,5.99,17.97
1963,796,39,3,1.99,5.97
1964,796,25,3,1.29,3.87
1965,796,86,3,19.99,59.97
1966,796,16,1,1.99,1.99
1967,797,38,3,5.99,17.97
1968,797,46,3,14.99,44.97
1969,797,54,3,8.99,26.97
1970,797,36,1,19.99,19.99
1971,798,87,1,27.99,27.99
1972,798,73,2,19.99,39.98
1973,799,30,3,2.49,7.47
1974,799,79,1,1799.99,1799.99
1975,799,72,3,8.99,26.97
1976,799,83,1,29.99,29.99
1977,800,100,1,129.99,129.99
1978,800,74,3,4.99,14.97
1979,800,83,2,29.99,59.98
1980,800,57,2,9.99,19.98
1981,801,13,1,299.99,299.99
1982,801,65,2,12.99,25.98
1983,801,24,1,14.99,14.99
1984,802,59,1,4.99,4.99
1985,802,14,1,499.99,499.99
1986,803,100,1,129.99,129.99
1987,804,7,3,129.99,389.97
1988,804,12,3,2499.99,7499.97
1989,805,30,1,2.49,2.49
1990,805,62,1,5.99,5.99
1991,805,11,1,1899.99,1899.99
1992,805,36,1,19.99,19.99
1993,806,71,1,39.99,39.99
1994,806,74,3,4.99,14.97
1995,806,96,2,12999.99,25999.98
1996,806,19,2,9.99,19.98
1997,807,98,3,13999.99,41999.97
1998,808,42,2,0.99,1.98
1999,809,82,3,1499.99,4499.97
2000,809,61,1,34.99,34.99
2001,809,16,1,1.99,1.99
2002,809,72,1,8.99,8.99
2003,810,28,1,5.49,5.49
2004,810,8,3,89.99,269.97
2005,811,2,1,19.99,19.99
2006,811,19,1,9.99,9.99
2007,811,30,1,2.49,2.49
2008,812,26,2,0.99,1.98
2009,812,42,1,0.99,0.99
2010,813,35,1,2.29,2.29
2011,813,14,3,499.99,1499.97
2012,813,71,2,39.99,79.98
2013,814,65,2,12.99,25.98
2014,814,52,3,29.99,89.97
2015,815,77,1,5.99,5.99
2016,815,83,2,29.99,59.98
2017,815,1,1,9.99,9.99
2018,815,3,1,14.99,14.99
2019,816,50,2,9.99,19.98
2020,817,94,2,1499.99,2999.98
2021,817,46,1,14.99,14.99
2022,817,48,2,7.99,15.98
2023,817,64,3,14.99,44.97
2024,818,97,3,10999.99,32999.97
2025,818,1,2,9.99,19.98
2026,819,83,1,29.99,29.99
2027,819,41,1,2.49,2.49
2028,819,64,2,14.99,29.98
2029,819,86,3,19.99,59.97
2030,820,97,1,10999.99,10999.99
2031,820,92,3,109.99,329.97
2032,820,61,1,34.99,34.99
2033,820,82,2,1499.99,2999.98
2034,821,80,1,1399.99,1399.99
2035,822,61,3,34.99,104.97
2036,822,90,2,89.99,179.98
2037,822,100,2,129.99,259.98
2038,822,62,2,5.99,11.98
2039,823,27,1,6.99,6.99
2040,823,13,2,299.99,599.98
2041,824,79,3,1799.99,5399.97
2042,824,69,3,3.99,11.97
2043,824,4,2,12.99,25.98
2044,825,40,2,3.99,7.98
2045,826,1,3,9.99,29.97
2046,827,71,3,39.99,119.97
2047,828,34,1,7.99,7.99
2048,828,14,2,499.99,999.98
2049,828,49,1,5.99,5.99
2050,829,64,1,14.99,14.99
2051,829,90,2,89.99,179.98
2052,829,81,1,1099.99,1099.99
2053,829,36,2,19.99,39.98
2054,830,90,3,89.99,269.97
2055,830,76,3,11.99,35.97
2056,830,27,1,6.99,6.99
2057,831,27,1,6.99,6.99
2058,832,92,1,109.99,109.99
2059,832,6,2,49.99,99.98
2060,833,61,2,34.99,69.98
2061,833,50,3,9.99,29.97
2062,833,9,3,69.99,209.97
2063,834,49,1,5.99,5.99
2064,834,51,2,39.99,79.98
2065,834,15,2,799.99,1599.98
2066,834,66,3,89.99,269.97
2067,835,17,2,12.99,25.98
2068,835,6,3,49.99,149.97
2069,835,96,1,12999.99,12999.99
2070,836,56,2,49.99,99.98
2071,836,1,1,9.99,9.99
2072,836,62,1,5.99,5.99
2073,836,19,3,9.99,29.97
2074,837,74,1,4.99,4.99
2075,837,66,3,89.99,269.97
2076,838,4,3,12.99,38.97
2077,838,62,1,5.99,5.99
2078,838,56,3,49.99,149.97
2079,838,24,1,14.99,14.99
2080,839,93,3,89.99,269.97
2081,839,28,2,5.49,10.98
2082,840,12,1,2499.99,2499.99
2083,840,64,2,14.99,29.98
2084,840,82,2,1499.99,2999.98
2085,840,19,1,9.99,9.99
2086,841,77,2,5.99,11.98
2087,841,84,3,24.99,74.97
2088,841,92,1,109.99,109.99
2089,841,31,2,0.79,1.58
2090,842,44,3,29.99,89.97
2091,842,100,3,129.99,389.97
2092,843,83,2,29.99,59.98
2093,844,83,1,29.99,29.99
2094,844,73,3,19.99,59.97
2095,845,28,3,5.49,16.47
2096,845,8,3,89.99,269.97
2097,846,78,1,1999.99,1999.99
2098,846,50,3,9.99,29.97
2099,846,13,1,299.99,299.99
2100,846,86,1,19.99,19.99
2101,847,71,1,39.99,39.99
2102,847,83,3,29.99,89.97
2103,847,44,2,29.99,59.98
2104,848,56,3,49.99,149.97
2105,848,4,3,12.99,38.97
2106,848,37,1,1.99,1.99
2107,849,38,3,5.99,17.97
2108,850,34,2,7.99,15.98
2109,850,77,2,5.99,11.98
2110,850,56,2,49.99,99.98
2111,851,2,2,19.99,39.98
2112,852,6,2,49.99,99.98
2113,852,42,3,0.99,2.97
2114,852,88,1,149.99,149.99
2115,853,83,3,29.99,89.97
2116,854,3,2,14.99,29.98
2117,855,93,1,89.99,89.99
2118,856,67,2,15.99,31.98
2119,856,13,2,299.99,599.98
2120,857,16,2,1.99,3.98
2121,857,59,3,4.99,14.97
2122,858,10,3,79.99,239.97
2123,858,32,3,3.49,10.47
2124,859,98,1,13999.99,13999.99
2125,859,34,1,7.99,7.99
2126,859,2,1,19.99,19.99
2127,859,60,2,10.99,21.98
2128,860,93,1,89.99,89.99
2129,860,23,1,2.99,2.99
2130,860,82,2,1499.99,2999.98
2131,860,81,3,1099.99,3299.97
2132,861,97,3,10999.99,32999.97
2133,861,71,3,39.99,119.97
2134,861,95,2,8999.99,17999.98
2135,861,80,2,1399.99,2799.98
2136,862,14,3,499.99,1499.97
2137,862,4,1,12.99,12.99
2138,862,100,2,129.99,259.98
2139,863,47,2,49.99,99.98
2140,863,38,3,5.99,17.97
2141,863,25,1,1.29,1.29
2142,864,12,2,2499.99,4999.98
2143,864,24,3,14.99,44.97
2144,864,87,2,27.99,55.98
2145,865,53,2,12.99,25.98
2146,866,1,1,9.99,9.99
2147,866,22,2,10.99,21.98
2148,866,96,3,12999.99,38999.97
2149,866,36,3,19.99,59.97
2150,867,77,2,5.99,11.98
2151,867,71,2,39.99,79.98
2152,867,72,3,8.99,26.97
2153,868,18,1,8.99,8.99
2154,868,13,2,299.99,599.98
2155,868,49,1,5.99,5.99
2156,869,18,1,8.99,8.99
2157,869,37,3,1.99,5.97
2158,869,67,2,15.99,31.98
2159,869,87,3,27.99,83.97
2160,870,64,3,14.99,44.97
2161,870,62,3,5.99,17.97
2162,870,93,2,89.99,179.98
2163,870,65,1,12.99,12.99
2164,871,22,3,10.99,32.97
2165,872,19,1,9.99,9.99
2166,872,64,2,14.99,29.98
2167,872,12,3,2499.99,7499.97
2168,873,90,3,89.99,269.97
2169,873,34,3,7.99,23.97
2170,873,18,3,8.99,26.97
2171,874,82,1,1499.99,1499.99
2172,875,88,3,149.99,449.97
2173,875,35,3,2.29,6.87
2174,875,46,3,14.99,44.97
2175,876,13,1,299.99,299.99
2176,876,28,3,5.49,16.47
2177,877,64,2,14.99,29.98
2178,877,45,1,39.99,39.99
2179,878,15,1,799.99,799.99
2180,878,41,3,2.49,7.47
2181,879,44,3,29.99,89.97
2182,880,17,2,12.99,25.98
2183,881,39,3,1.99,5.97
2184,881,53,1,12.99,12.99
2185,881,6,1,49.99,49.99
2186,881,54,1,8.99,8.99
2187,882,64,3,14.99,44.97
2188,882,15,2,799.99,1599.98
2189,882,45,1,39.99,39.99
2190,883,11,2,1899.99,3799.98
2191,883,86,1,19.99,19.99
2192,883,3,1,14.99,14.99
2193,883,92,2,109.99,219.98
2194,884,74,1,4.99,4.99
2195,884,8,3,89.99,269.97
2196,884,29,2,3.99,7.98
2197,885,74,1,4.99,4.99
2198,886,8,2,89.99,179.98
2199,886,92,1,109.99,109.99
2200,886,73,1,19.99,19.99
2201,886,62,3,5.99,17.97
2202,887,29,1,3.99,3.99
2203,887,57,3,9.99,29.97
2204,887,73,1,19.99,19.99
2205,887,6,1,49.99,49.99
2206,888,56,3,49.99,149.97
2207,888,38,3,5.99,17.97
2208,888,2,2,19.99,39.98
2209,889,7,1,129.99,129.99
2210,889,56,1,49.99,49.99
2211,889,30,3,2.49,7.47
2212,890,55,1,6.99,6.99
2213,891,89,3,79.99,239.97
2214,892,56,3,49.99,149.97
2215,892,52,2,29.99,59.98
2216,892,60,1,10.99,10.99
2217,893,47,3,49.99,149.97
2218,893,85,1,34.99,34.99
2219,893,49,3,5.99,17.97
2220,894,39,3,1.99,5.97
2221,894,34,3,7.99,23.97
2222,895,4,3,12.99,38.97
2223,895,94,1,1499.99,1499.99
2224,895,32,2,3.49,6.98
2225,896,47,2,49.99,99.98
2226,896,71,2,39.99,79.98
2227,897,97,3,10999.99,32999.97
2228,897,39,2,1.99,3.98
2229,898,60,1,10.99,10.99
2230,898,81,2,1099.99,2199.98
2231,899,54,1,8.99,8.99
2232,900,6,2,49.99,99.98
2233,900,25,2,1.29,2.58
2234,900,7,3,129.99,389.97
2235,901,95,2,8999.99,17999.98
2236,901,25,3,1.29,3.87
2237,902,37,1,1.99,1.99
2238,902,52,3,29.99,89.97
2239,902,12,1,2499.99,2499.99
2240,903,90,2,89.99,179.98
2241,903,14,1,499.99,499.99
2242,903,11,1,1899.99,1899.99
2243,904,57,1,9.99,9.99
2244,905,62,3,5.99,17.97
2245,905,74,3,4.99,14.97
2246,905,28,2,5.49,10.98
2247,905,1,3,9.99,29.97
2248,906,6,2,49.99,99.98
2249,907,81,3,1099.99,3299.97
2250,907,54,1,8.99,8.99
2251,908,99,2,99.99,199.98
2252,909,21,1,1.49,1.49
2253,909,47,1,49.99,49.99
2254,909,100,3,129.99,389.97
2255,910,42,1,0.99,0.99
2256,910,9,1,69.99,69.99
2257,910,7,2,129.99,259.98
2258,910,55,3,6.99,20.97
2259,911,59,3,4.99,14.97
2260,912,93,3,89.99,269.97
2261,913,94,1,1499.99,1499.99
2262,913,32,2,3.49,6.98
2263,913,19,3,9.99,29.97
2264,913,27,3,6.99,20.97
2265,914,90,2,89.99,179.98
2266,915,61,3,34.99,104.97
2267,915,59,1,4.99,4.99
2268,916,26,3,0.99,2.97
2269,916,94,1,1499.99,1499.99
2270,916,7,2,129.99,259.98
2271,916,20,2,4.99,9.98
2272,917,45,1,39.99,39.99
2273,917,48,1,7.99,7.99
2274,918,82,2,1499.99,2999.98
2275,918,20,1,4.99,4.99
2276,918,39,1,1.99,1.99
2277,918,57,2,9.99,19.98
2278,919,57,3,9.99,29.97
2279,919,14,1,499.99,499.99
2280,919,30,3,2.49,7.47
2281,920,31,2,0.79,1.58
2282,920,11,3,1899.99,5699.97
2283,920,84,2,24.99,49.98
2284,921,47,3,49.99,149.97
2285,921,95,1,8999.99,8999.99
2286,921,60,2,10.99,21.98
2287,922,72,1,8.99,8.99
2288,922,19,1,9.99,9.99
2289,923,64,3,14.99,44.97
2290,923,32,2,3.49,6.98
2291,924,5,2,8.99,17.98
2292,925,89,2,79.99,159.98
2293,925,70,3,6.99,20.97
2294,926,61,1,34.99,34.99
2295,926,24,1,14.99,14.99
2296,926,50,1,9.99,9.99
2297,926,44,2,29.99,59.98
2298,927,92,3,109.99,329.97
2299,928,68,3,24.99,74.97
2300,928,82,2,1499.99,2999.98
2301,929,99,1,99.99,99.99
2302,929,69,2,3.99,7.98
2303,930,47,1,49.99,49.99
2304,930,78,1,1999.99,1999.99
2305,930,96,3,12999.99,38999.97
2306,930,93,3,89.99,269.97
2307,931,61,1,34.99,34.99
2308,932,24,1,14.99,14.99
2309,932,87,2,27.99,55.98
2310,932,55,2,6.99,13.98
2311,932,27,3,6.99,20.97
2312,933,53,2,12.99,25.98
2313,933,24,3,14.99,44.97
2314,933,10,3,79.99,239.97
2315,933,72,2,8.99,17.98
2316,934,41,3,2.49,7.47
2317,935,11,1,1899.99,1899.99
2318,935,16,3,1.99,5.97
2319,936,65,2,12.99,25.98
2320,937,37,3,1.99,5.97
2321,937,23,1,2.99,2.99
2322,938,92,3,109.99,329.97
2323,938,58,2,3.99,7.98
2324,939,56,3,49.99,149.97
2325,939,24,1,14.99,14.99
2326,939,95,3,8999.99,26999.97
2327,940,23,3,2.99,8.97
2328,940,100,2,129.99,259.98
2329,940,98,3,13999.99,41999.97
2330,940,76,2,11.99,23.98
2331,941,95,2,8999.99,17999.98
2332,942,49,2,5.99,11.98
2333,943,72,2,8.99,17.98
2334,943,14,2,499.99,999.98
2335,943,64,3,14.99,44.97
2336,944,59,1,4.99,4.99
2337,944,12,2,2499.99,4999.98
2338,945,83,1,29.99,29.99
2339,945,75,3,16.99,50.97
2340,945,93,2,89.99,179.98
2341,946,96,1,12999.99,12999.99
2342,947,16,1,1.99,1.99
2343,948,53,1,12.99,12.99
2344,949,86,1,19.99,19.99
2345,949,15,1,799.99,799.99
2346,950,58,2,3.99,7.98
2347,950,33,2,4.99,9.98
2348,951,38,1,5.99,5.99
2349,952,72,1,8.99,8.99
2350,952,47,1,49.99,49.99
2351,952,9,2,69.99,139.98
2352,953,27,3,6.99,20.97
2353,953,34,2,7.99,15.98
2354,953,28,2,5.49,10.98
2355,953,3,1,14.99,14.99
2356,954,78,3,1999.99,5999.97
2357,954,17,1,12.99,12.99
2358,954,51,1,39.99,39.99
2359,954,37,3,1.99,5.97
2360,955,27,1,6.99,6.99
2361,955,14,1,499.99,499.99
2362,955,25,1,1.29,1.29
2363,956,29,2,3.99,7.98
2364,956,20,1,4.99,4.99
2365,956,48,3,7.99,23.97
2366,957,51,2,39.99,79.98
2367,957,94,2,1499.99,2999.98
2368,958,58,3,3.99,11.97
2369,958,43,1,59.99,59.99
2370,958,85,2,34.99,69.98
2371,959,68,3,24.99,74.97
2372,959,69,1,3.99,3.99
2373,960,86,1,19.99,19.99
2374,960,5,3,8.99,26.97
2375,960,59,2,4.99,9.98
2376,961,18,3,8.99,26.97
2377,962,1,3,9.99,29.97
2378,962,22,1,10.99,10.99
2379,962,70,3,6.99,20.97
2380,963,79,3,1799.99,5399.97
2381,963,91,1,119.99,119.99
2382,964,68,2,24.99,49.98
2383,964,55,1,6.99,6.99
2384,964,46,1,14.99,14.99
2385,964,34,1,7.99,7.99
2386,965,94,3,1499.99,4499.97
2387,965,10,3,79.99,239.97
2388,965,18,1,8.99,8.99
2389,966,47,2,49.99,99.98
2390,966,85,3,34.99,104.97
2391,966,16,1,1.99,1.99
2392,966,21,2,1.49,2.98
2393,967,56,3,49.99,149.97
2394,967,76,3,11.99,35.97
2395,967,39,2,1.99,3.98
2396,968,32,1,3.49,3.49
2397,968,42,3,0.99,2.97
2398,968,45,3,39.99,119.97
2399,969,98,3,13999.99,41999.97
2400,969,62,3,5.99,17.97
2401,970,48,1,7.99,7.99
2402,970,54,1,8.99,8.99
2403,970,82,2,1499.99,2999.98
2404,971,94,3,1499.99,4499.97
2405,971,47,2,49.99,99.98
2406,971,53,2,12.99,25.98
2407,971,49,2,5.99,11.98
2408,972,32,1,3.49,3.49
2409,973,43,3,59.99,179.97
2410,974,97,3,10999.99,32999.97
2411,974,14,3,499.99,1499.97
2412,974,60,3,10.99,32.97
2413,975,93,2,89.99,179.98
2414,975,14,1,499.99,499.99
2415,975,36,3,19.99,59.97
2416,976,76,2,11.99,23.98
2417,976,95,3,8999.99,26999.97
2418,977,44,1,29.99,29.99
2419,977,1,2,9.99,19.98
2420,977,78,2,1999.99,3999.98
2421,977,48,1,7.99,7.99
2422,978,12,2,2499.99,4999.98
2423,979,60,3,10.99,32.97
2424,980,87,1,27.99,27.99
2425,981,96,3,12999.99,38999.97
2426,981,26,3,0.99,2.97
2427,981,8,3,89.99,269.97
2428,982,68,2,24.99,49.98
2429,982,43,3,59.99,179.97
2430,982,2,2,19.99,39.98
2431,982,100,3,129.99,389.97
2432,983,56,1,49.99,49.99
2433,983,49,2,5.99,11.98
2434,983,92,3,109.99,329.97
2435,983,17,1,12.99,12.99
2436,984,20,1,4.99,4.99
2437,985,10,1,79.99,79.99
2438,985,19,1,9.99,9.99
2439,985,40,1,3.99,3.99
2440,985,83,3,29.99,89.97
2441,986,62,3,5.99,17.97
2442,986,50,2,9.99,19.98
2443,986,33,2,4.99,9.98
2444,987,97,1,10999.99,10999.99
2445,987,53,1,12.99,12.99
2446,987,98,2,13999.99,27999.98
2447,988,62,3,5.99,17.97
2448,989,71,3,39.99,119.97
2449,990,17,1,12.99,12.99
2450,991,26,2,0.99,1.98
2451,991,61,3,34.99,104.97
2452,991,100,1,129.99,129.99
2453,992,67,1,15.99,15.99
2454,993,90,2,89.99,179.98
2455,993,10,3,79.99,239.97
2456,993,75,3,16.99,50.97
2457,994,40,3,3.99,11.97
2458,994,98,1,13999.99,13999.99
2459,994,14,2,499.99,999.98
2460,995,66,2,89.99,179.98
2461,996,7,3,129.99,389.97
2462,997,16,3,1.99,5.97
2463,997,99,1,99.99,99.99
2464,997,87,1,27.99,27.99
2465,997,72,3,8.99,26.97
2466,998,36,2,19.99,39.98
2467,998,77,3,5.99,17.97
2468,999,23,2,2.99,5.98
2469,999,81,1,1099.99,1099.99
2470,1000,27,2,6.99,13.98
2471,1000,95,3,8999.99,26999.97
2472,1000,37,1,1.99,1.99
2473,1000,39,3,1.99,5.97
2474,1001,54,3,8.99,26.97
2475,1001,44,3,29.99,89.97
2476,1001,31,2,0.79,1.58
2477,1002,4,1,12.99,12.99
2478,1002,20,3,4.99,14.97
2479,1002,44,2,29.99,59.98
2480,1003,75,1,16.99,16.99
2481,1003,90,3,89.99,269.97
2482,1003,34,3,7.99,23.97
2483,1004,45,1,39.99,39.99
2484,1004,53,3,12.99,38.97
2485,1005,18,3,8.99,26.97
2486,1006,40,2,3.99,7.98
2487,1007,95,2,8999.99,17999.98
2488,1008,31,2,0.79,1.58
2489,1009,87,3,27.99,83.97
2490,1009,2,1,19.99,19.99
2491,1009,70,2,6.99,13.98
2492,1009,49,1,5.99,5.99
2493,1010,87,3,27.99,83.97
2494,1010,42,2,0.99,1.98
2495,1010,92,1,109.99,109.99
2496,1010,99,3,99.99,299.97
2497,1011,34,1,7.99,7.99
2498,1012,3,1,14.99,14.99
2499,1012,47,2,49.99,99.98
2500,1012,4,3,12.99,38.97
2501,1012,69,3,3.99,11.97
2502,1013,84,1,24.99,24.99
2503,1013,88,2,149.99,299.98
2504,1014,40,1,3.99,3.99
2505,1015,65,3,12.99,38.97
2506,1015,56,1,49.99,49.99
2507,1015,28,2,5.49,10.98
2508,1016,65,2,12.99,25.98
2509,1016,52,2,29.99,59.98
2510,1016,28,1,5.49,5.49
2511,1016,48,1,7.99,7.99
2512,1017,72,3,8.99,26.97
2513,1017,50,3,9.99,29.97
2514,1018,83,3,29.99,89.97
2515,1018,49,2,5.99,11.98
2516,1019,6,2,49.99,99.98
2517,1019,11,3,1899.99,5699.97
2518,1019,28,1,5.49,5.49
2519,1019,14,1,499.99,499.99
2520,1020,47,1,49.99,49.99
2521,1020,13,3,299.99,899.97
2522,1021,48,3,7.99,23.97
2523,1021,12,1,2499.99,2499.99
2524,1022,21,2,1.49,2.98
2525,1023,4,1,12.99,12.99
2526,1023,93,3,89.99,269.97
2527,1024,80,1,1399.99,1399.99
2528,1024,29,3,3.99,11.97
2529,1025,2,1,19.99,19.99
2530,1025,93,1,89.99,89.99
2531,1025,89,3,79.99,239.97
2532,1025,34,1,7.99,7.99
2533,1026,10,1,79.99,79.99
2534,1027,72,2,8.99,17.98
2535,1028,22,3,10.99,32.97
2536,1029,47,1,49.99,49.99
2537,1029,16,3,1.99,5.97
2538,1029,17,3,12.99,38.97
2539,1030,99,3,99.99,299.97
2540,1030,34,1,7.99,7.99
2541,1031,28,3,5.49,16.47
2542,1032,69,2,3.99,7.98
2543,1032,36,3,19.99,59.97
2544,1032,72,3,8.99,26.97
2545,1032,53,1,12.99,12.99
2546,1033,50,2,9.99,19.98
2547,1033,5,3,8.99,26.97
2548,1033,91,2,119.99,239.98
2549,1034,57,2,9.99,19.98
2550,1034,34,2,7.99,15.98
2551,1034,67,2,15.99,31.98
2552,1035,66,3,89.99,269.97
2553,1035,72,3,8.99,26.97
2554,1035,61,2,34.99,69.98
2555,1035,27,1,6.99,6.99
2556,1036,4,3,12.99,38.97
2557,1036,52,2,29.99,59.98
2558,1036,35,2,2.29,4.58
2559,1036,42,3,0.99,2.97
2560,1037,3,3,14.99,44.97
2561,1037,11,2,1899.99,3799.98
2562,1038,58,1,3.99,3.99
2563,1039,65,2,12.99,25.98
2564,1039,9,2,69.99,139.98
2565,1040,64,3,14.99,44.97
2566,1040,62,2,5.99,11.98
2567,1041,22,3,10.99,32.97
2568,1041,81,3,1099.99,3299.97
2569,1041,11,2,1899.99,3799.98
2570,1041,83,2,29.99,59.98
2571,1042,81,1,1099.99,1099.99
2572,1043,72,1,8.99,8.99
2573,1043,85,3,34.99,104.97
2574,1044,21,3,1.49,4.47
2575,1045,74,2,4.99,9.98
2576,1045,50,1,9.99,9.99
2577,1046,81,1,1099.99,1099.99
2578,1046,40,3,3.99,11.97
2579,1046,9,3,69.99,209.97
2580,1047,87,2,27.99,55.98
2581,1047,78,1,1999.99,1999.99
2582,1047,17,3,12.99,38.97
2583,1047,3,1,14.99,14.99
2584,1048,64,3,14.99,44.97
2585,1049,12,2,2499.99,4999.98
2586,1049,72,2,8.99,17.98
2587,1049,32,1,3.49,3.49
2588,1049,37,1,1.99,1.99
2589,1050,12,1,2499.99,2499.99
2590,1050,48,3,7.99,23.97
2591,1051,84,1,24.99,24.99
2592,1051,79,2,1799.99,3599.98
2593,1052,51,1,39.99,39.99
2594,1053,49,1,5.99,5.99
2595,1053,55,1,6.99,6.99
2596,1053,17,3,12.99,38.97
2597,1054,32,1,3.49,3.49
2598,1055,40,3,3.99,11.97
2599,1055,23,3,2.99,8.97
2600,1055,58,3,3.99,11.97
2601,1056,48,3,7.99,23.97
2602,1056,59,3,4.99,14.97
2603,1056,28,2,5.49,10.98
2604,1057,24,2,14.99,29.98
2605,1057,35,2,2.29,4.58
2606,1058,42,1,0.99,0.99
2607,1058,38,3,5.99,17.97
2608,1059,9,1,69.99,69.99
2609,1060,67,3,15.99,47.97
2610,1060,39,1,1.99,1.99
2611,1061,4,1,12.99,12.99
2612,1062,73,2,19.99,39.98
2613,1063,98,1,13999.99,13999.99
2614,1063,10,2,79.99,159.98
2615,1063,3,3,14.99,44.97
2616,1064,61,1,34.99,34.99
2617,1064,29,1,3.99,3.99
2618,1064,90,3,89.99,269.97
2619,1065,79,2,1799.99,3599.98
2620,1065,47,1,49.99,49.99
2621,1065,30,2,2.49,4.98
2622,1066,5,2,8.99,17.98
2623,1066,10,2,79.99,159.98
2624,1066,79,2,1799.99,3599.98
2625,1067,49,3,5.99,17.97
2626,1067,33,3,4.99,14.97
2627,1067,27,3,6.99,20.97
2628,1067,55,3,6.99,20.97
2629,1068,44,3,29.99,89.97
2630,1069,72,1,8.99,8.99
2631,1069,47,3,49.99,149.97
2632,1069,28,2,5.49,10.98
2633,1070,4,2,12.99,25.98
2634,1071,26,1,0.99,0.99
2635,1071,66,2,89.99,179.98
2636,1072,59,1,4.99,4.99
2637,1072,44,1,29.99,29.99
2638,1072,84,1,24.99,24.99
2639,1073,58,1,3.99,3.99
2640,1073,66,3,89.99,269.97
2641,1073,72,3,8.99,26.97
2642,1074,81,3,1099.99,3299.97
2643,1074,2,1,19.99,19.99
2644,1075,89,1,79.99,79.99
2645,1075,34,1,7.99,7.99
2646,1076,75,2,16.99,33.98
2647,1076,66,3,89.99,269.97
2648,1076,99,1,99.99,99.99
2649,1076,39,3,1.99,5.97
2650,1077,25,1,1.29,1.29
2651,1077,45,1,39.99,39.99
2652,1078,19,1,9.99,9.99
2653,1078,67,1,15.99,15.99
2654,1078,73,3,19.99,59.97
2655,1079,7,3,129.99,389.97
2656,1079,50,1,9.99,9.99
2657,1079,46,2,14.99,29.98
2658,1080,62,1,5.99,5.99
2659,1080,72,1,8.99,8.99
2660,1080,76,2,11.99,23.98
2661,1081,64,3,14.99,44.97
2662,1081,67,1,15.99,15.99
2663,1081,88,3,149.99,449.97
2664,1081,35,2,2.29,4.58
2665,1082,68,1,24.99,24.99
2666,1082,78,1,1999.99,1999.99
2667,1082,85,2,34.99,69.98
2668,1083,33,1,4.99,4.99
2669,1083,36,1,19.99,19.99
2670,1083,3,1,14.99,14.99
2671,1083,13,1,299.99,299.99
2672,1084,17,1,12.99,12.99
2673,1084,2,3,19.99,59.97
2674,1084,6,3,49.99,149.97
2675,1085,71,1,39.99,39.99
2676,1085,43,2,59.99,119.98
2677,1086,96,3,12999.99,38999.97
2678,1086,31,2,0.79,1.58
2679,1087,89,2,79.99,159.98
2680,1088,77,2,5.99,11.98
2681,1088,59,3,4.99,14.97
2682,1088,7,2,129.99,259.98
2683,1088,93,1,89.99,89.99
2684,1089,45,2,39.99,79.98
2685,1089,39,1,1.99,1.99
2686,1089,58,2,3.99,7.98
2687,1089,36,1,19.99,19.99
2688,1090,72,3,8.99,26.97
2689,1090,12,3,2499.99,7499.97
2690,1091,26,3,0.99,2.97
2691,1091,69,1,3.99,3.99
2692,1091,4,2,12.99,25.98
2693,1091,25,3,1.29,3.87
2694,1092,68,1,24.99,24.99
2695,1092,53,1,12.99,12.99
2696,1092,28,2,5.49,10.98
2697,1092,81,2,1099.99,2199.98
2698,1093,79,3,1799.99,5399.97
2699,1093,51,2,39.99,79.98
2700,1094,71,3,39.99,119.97
2701,1094,18,2,8.99,17.98
2702,1095,56,3,49.99,149.97
2703,1095,89,3,79.99,239.97
2704,1095,11,1,1899.99,1899.99
2705,1096,44,3,29.99,89.97
2706,1096,11,2,1899.99,3799.98
2707,1096,77,3,5.99,17.97
2708,1097,6,2,49.99,99.98
2709,1097,91,2,119.99,239.98
2710,1097,21,1,1.49,1.49
2711,1098,13,3,299.99,899.97
2712,1098,25,3,1.29,3.87
2713,1098,86,3,19.99,59.97
2714,1098,85,3,34.99,104.97
2715,1099,98,2,13999.99,27999.98
2716,1099,26,3,0.99,2.97
2717,1099,63,2,7.99,15.98
2718,1100,95,3,8999.99,26999.97
2719,1101,16,1,1.99,1.99
2720,1101,36,2,19.99,39.98
2721,1102,28,1,5.49,5.49
2722,1102,78,2,1999.99,3999.98
2723,1102,74,3,4.99,14.97
2724,1103,29,2,3.99,7.98
2725,1103,52,3,29.99,89.97
2726,1104,91,1,119.99,119.99
2727,1104,35,2,2.29,4.58
2728,1104,67,2,15.99,31.98
2729,1105,70,3,6.99,20.97
2730,1105,57,2,9.99,19.98
2731,1105,38,3,5.99,17.97
2732,1106,56,3,49.99,149.97
2733,1106,53,2,12.99,25.98
2734,1107,97,1,10999.99,10999.99
2735,1107,49,2,5.99,11.98
2736,1107,57,2,9.99,19.98
2737,1107,50,2,9.99,19.98
2738,1108,87,2,27.99,55.98
2739,1108,35,2,2.29,4.58
2740,1108,29,1,3.99,3.99
2741,1108,78,3,1999.99,5999.97
2742,1109,39,2,1.99,3.98
2743,1109,53,2,12.99,25.98
2744,1110,48,3,7.99,23.97
2745,1110,21,2,1.49,2.98
2746,1111,81,1,1099.99,1099.99
2747,1111,30,2,2.49,4.98
2748,1111,49,3,5.99,17.97
2749,1112,10,3,79.99,239.97
2750,1112,80,3,1399.99,4199.97
2751,1113,9,2,69.99,139.98
2752,1114,1,3,9.99,29.97
2753,1114,8,3,89.99,269.97
2754,1114,36,1,19.99,19.99
2755,1114,88,3,149.99,449.97
2756,1115,58,1,3.99,3.99
2757,1116,81,1,1099.99,1099.99
2758,1116,22,1,10.99,10.99
2759,1117,57,1,9.99,9.99
2760,1117,70,3,6.99,20.97
2761,1117,31,3,0.79,2.37
2762,1118,92,2,109.99,219.98
2763,1119,44,2,29.99,59.98
2764,1119,63,3,7.99,23.97
2765,1119,29,1,3.99,3.99
2766,1119,65,2,12.99,25.98
2767,1120,47,3,49.99,149.97
2768,1121,96,1,12999.99,12999.99
2769,1121,18,1,8.99,8.99
2770,1121,48,2,7.99,15.98
2771,1122,79,1,1799.99,1799.99
2772,1122,77,3,5.99,17.97
2773,1122,96,2,12999.99,25999.98
2774,1122,54,3,8.99,26.97
2775,1123,67,3,15.99,47.97
2776,1123,21,2,1.49,2.98
2777,1123,88,2,149.99,299.98
2778,1124,53,1,12.99,12.99
2779,1124,44,2,29.99,59.98
2780,1124,67,2,15.99,31.98
2781,1124,91,2,119.99,239.98
2782,1125,41,2,2.49,4.98
2783,1126,39,1,1.99,1.99
2784,1127,5,1,8.99,8.99
2785,1127,99,3,99.99,299.97
2786,1127,39,1,1.99,1.99
2787,1127,82,1,1499.99,1499.99
2788,1128,71,2,39.99,79.98
2789,1128,55,3,6.99,20.97
2790,1128,2,3,19.99,59.97
2791,1128,31,1,0.79,0.79
2792,1129,58,2,3.99,7.98
2793,1130,51,1,39.99,39.99
2794,1130,13,2,299.99,599.98
2795,1130,68,1,24.99,24.99
2796,1131,36,2,19.99,39.98
2797,1131,8,2,89.99,179.98
2798,1131,58,2,3.99,7.98
2799,1131,72,2,8.99,17.98
2800,1132,63,1,7.99,7.99
2801,1132,75,3,16.99,50.97
2802,1132,14,2,499.99,999.98
2803,1133,3,2,14.99,29.98
2804,1133,16,3,1.99,5.97
2805,1134,13,1,299.99,299.99
2806,1134,90,3,89.99,269.97
2807,1134,30,3,2.49,7.47
2808,1134,35,2,2.29,4.58
2809,1135,51,2,39.99,79.98
2810,1135,68,1,24.99,24.99
2811,1135,30,2,2.49,4.98
2812,1136,38,2,5.99,11.98
2813,1137,29,3,3.99,11.97
2814,1138,9,2,69.99,139.98
2815,1138,23,3,2.99,8.97
2816,1139,69,1,3.99,3.99
2817,1140,76,1,11.99,11.99
2818,1140,55,1,6.99,6.99
2819,1141,61,1,34.99,34.99
2820,1141,34,1,7.99,7.99
2821,1142,30,1,2.49,2.49
2822,1142,51,1,39.99,39.99
2823,1142,84,1,24.99,24.99
2824,1142,33,2,4.99,9.98
2825,1143,18,2,8.99,17.98
2826,1143,82,1,1499.99,1499.99
2827,1143,85,2,34.99,69.98
2828,1144,75,2,16.99,33.98
2829,1144,20,3,4.99,14.97
2830,1145,25,1,1.29,1.29
2831,1146,31,3,0.79,2.37
2832,1146,1,3,9.99,29.97
2833,1146,92,2,109.99,219.98
2834,1146,49,2,5.99,11.98
2835,1147,34,1,7.99,7.99
2836,1147,25,3,1.29,3.87
2837,1147,80,1,1399.99,1399.99
2838,1147,22,2,10.99,21.98
2839,1148,3,3,14.99,44.97
2840,1148,7,3,129.99,389.97
2841,1148,29,2,3.99,7.98
2842,1149,10,2,79.99,159.98
2843,1149,72,2,8.99,17.98
2844,1150,68,2,24.99,49.98
2845,1151,29,3,3.99,11.97
2846,1151,23,3,2.99,8.97
2847,1151,66,1,89.99,89.99
2848,1152,70,1,6.99,6.99
2849,1153,74,2,4.99,9.98
2850,1153,24,1,14.99,14.99
2851,1154,83,2,29.99,59.98
2852,1155,71,1,39.99,39.99
2853,1155,36,1,19.99,19.99
2854,1155,74,3,4.99,14.97
2855,1156,89,3,79.99,239.97
2856,1156,74,2,4.99,9.98
2857,1157,22,1,10.99,10.99
2858,1157,63,2,7.99,15.98
2859,1157,61,2,34.99,69.98
2860,1158,71,3,39.99,119.97
2861,1158,44,3,29.99,89.97
2862,1159,76,3,11.99,35.97
2863,1160,16,1,1.99,1.99
2864,1160,53,3,12.99,38.97
2865,1160,8,2,89.99,179.98
2866,1161,28,1,5.49,5.49
2867,1161,45,3,39.99,119.97
2868,1161,5,1,8.99,8.99
2869,1161,49,1,5.99,5.99
2870,1162,61,3,34.99,104.97
2871,1162,75,2,16.99,33.98
2872,1162,72,2,8.99,17.98
2873,1163,25,2,1.29,2.58
2874,1163,61,3,34.99,104.97
2875,1163,91,1,119.99,119.99
2876,1163,40,2,3.99,7.98
2877,1164,47,2,49.99,99.98
2878,1164,19,1,9.99,9.99
2879,1165,10,2,79.99,159.98
2880,1165,58,1,3.99,3.99
2881,1165,50,2,9.99,19.98
2882,1166,10,1,79.99,79.99
2883,1166,64,2,14.99,29.98
2884,1166,78,3,1999.99,5999.97
2885,1166,14,1,499.99,499.99
2886,1167,54,1,8.99,8.99
2887,1168,87,3,27.99,83.97
2888,1169,62,2,5.99,11.98
2889,1169,39,1,1.99,1.99
2890,1170,49,3,5.99,17.97
2891,1170,81,2,1099.99,2199.98
2892,1170,5,2,8.99,17.98
2893,1170,17,3,12.99,38.97
2894,1171,49,2,5.99,11.98
2895,1172,40,3,3.99,11.97
2896,1172,93,2,89.99,179.98
2897,1172,81,2,1099.99,2199.98
2898,1173,34,2,7.99,15.98
2899,1173,10,1,79.99,79.99
2900,1173,59,1,4.99,4.99
2901,1174,67,2,15.99,31.98
2902,1174,47,3,49.99,149.97
2903,1174,20,3,4.99,14.97
2904,1175,44,2,29.99,59.98
2905,1176,12,3,2499.99,7499.97
2906,1176,22,3,10.99,32.97
2907,1177,5,3,8.99,26.97
2908,1177,92,3,109.99,329.97
2909,1177,68,3,24.99,74.97
2910,1177,44,3,29.99,89.97
2911,1178,56,2,49.99,99.98
2912,1178,40,2,3.99,7.98
2913,1178,54,2,8.99,17.98
2914,1178,27,3,6.99,20.97
2915,1179,51,3,39.99,119.97
2916,1180,2,1,19.99,19.99
2917,1180,13,3,299.99,899.97
2918,1180,34,3,7.99,23.97
2919,1181,81,1,1099.99,1099.99
2920,1182,54,2,8.99,17.98
2921,1182,49,3,5.99,17.97
2922,1182,5,3,8.99,26.97
2923,1183,67,3,15.99,47.97
2924,1183,10,2,79.99,159.98
2925,1183,55,2,6.99,13.98
2926,1183,5,1,8.99,8.99
2927,1184,96,2,12999.99,25999.98
2928,1184,91,1,119.99,119.99
2929,1185,71,3,39.99,119.97
2930,1185,89,1,79.99,79.99
2931,1186,31,3,0.79,2.37
2932,1186,93,1,89.99,89.99
2933,1187,36,1,19.99,19.99
2934,1188,46,1,14.99,14.99
2935,1189,23,1,2.99,2.99
2936,1189,94,1,1499.99,1499.99
2937,1190,12,1,2499.99,2499.99
2938,1191,94,3,1499.99,4499.97
2939,1192,71,3,39.99,119.97
2940,1193,43,3,59.99,179.97
2941,1193,82,2,1499.99,2999.98
2942,1193,64,2,14.99,29.98
2943,1194,1,1,9.99,9.99
2944,1195,4,1,12.99,12.99
2945,1195,57,3,9.99,29.97
2946,1195,39,1,1.99,1.99
2947,1195,16,3,1.99,5.97
2948,1196,88,1,149.99,149.99
2949,1196,18,2,8.99,17.98
2950,1197,1,3,9.99,29.97
2951,1197,87,2,27.99,55.98
2952,1197,76,3,11.99,35.97
2953,1197,30,3,2.49,7.47
2954,1198,1,3,9.99,29.97
2955,1199,21,1,1.49,1.49
2956,1199,26,3,0.99,2.97
2957,1200,10,1,79.99,79.99
2958,1200,35,2,2.29,4.58
2959,1200,38,1,5.99,5.99
2960,1200,98,1,13999.99,13999.99
2961,1201,82,3,1499.99,4499.97
2962,1201,17,2,12.99,25.98
2963,1201,53,1,12.99,12.99
2964,1202,59,1,4.99,4.99
2965,1202,34,3,7.99,23.97
2966,1202,35,2,2.29,4.58
2967,1202,42,2,0.99,1.98
2968,1203,19,3,9.99,29.97
2969,1204,6,2,49.99,99.98
2970,1204,55,1,6.99,6.99
2971,1204,21,2,1.49,2.98
2972,1205,51,2,39.99,79.98
2973,1206,28,3,5.49,16.47
2974,1206,43,1,59.99,59.99
2975,1206,60,2,10.99,21.98
2976,1207,98,3,13999.99,41999.97
2977,1207,57,1,9.99,9.99
2978,1207,51,3,39.99,119.97
2979,1208,1,1,9.99,9.99
2980,1209,98,2,13999.99,27999.98
2981,1209,29,1,3.99,3.99
2982,1209,82,2,1499.99,2999.98
2983,1210,83,1,29.99,29.99
2984,1210,56,1,49.99,49.99
2985,1210,19,2,9.99,19.98
2986,1210,47,2,49.99,99.98
2987,1211,61,2,34.99,69.98
2988,1211,30,2,2.49,4.98
2989,1211,45,2,39.99,79.98
2990,1212,37,3,1.99,5.97
2991,1213,38,3,5.99,17.97
2992,1213,54,2,8.99,17.98
2993,1213,20,1,4.99,4.99
2994,1214,92,3,109.99,329.97
2995,1214,71,1,39.99,39.99
2996,1214,70,3,6.99,20.97
2997,1214,51,3,39.99,119.97
2998,1215,72,3,8.99,26.97
2999,1215,56,1,49.99,49.99
3000,1216,43,1,59.99,59.99
3001,1216,9,1,69.99,69.99
3002,1217,41,2,2.49,4.98
3003,1217,16,3,1.99,5.97
3004,1218,57,3,9.99,29.97
3005,1218,48,2,7.99,15.98
3006,1218,79,1,1799.99,1799.99
3007,1219,96,2,12999.99,25999.98
3008,1220,10,2,79.99,159.98
3009,1220,36,2,19.99,39.98
3010,1220,47,3,49.99,149.97
3011,1220,58,2,3.99,7.98
3012,1221,52,2,29.99,59.98
3013,1221,7,2,129.99,259.98
3014,1221,16,1,1.99,1.99
3015,1221,4,1,12.99,12.99
3016,1222,16,2,1.99,3.98
3017,1222,15,3,799.99,2399.97
3018,1222,92,3,109.99,329.97
3019,1223,2,1,19.99,19.99
3020,1224,95,1,8999.99,8999.99
3021,1224,17,1,12.99,12.99
3022,1224,68,3,24.99,74.97
3023,1225,58,2,3.99,7.98
3024,1225,5,1,8.99,8.99
3025,1225,89,3,79.99,239.97
3026,1226,7,1,129.99,129.99
3027,1226,85,3,34.99,104.97
3028,1226,93,1,89.99,89.99
3029,1226,18,2,8.99,17.98
3030,1227,77,3,5.99,17.97
3031,1227,82,1,1499.99,1499.99
3032,1227,94,1,1499.99,1499.99
3033,1227,28,1,5.49,5.49
3034,1228,16,3,1.99,5.97
3035,1228,81,2,1099.99,2199.98
3036,1228,93,3,89.99,269.97
3037,1229,72,1,8.99,8.99
3038,1229,11,1,1899.99,1899.99
3039,1230,46,3,14.99,44.97
3040,1230,15,3,799.99,2399.97
3041,1231,41,3,2.49,7.47
3042,1231,9,2,69.99,139.98
3043,1232,31,3,0.79,2.37
3044,1233,4,2,12.99,25.98
3045,1233,63,2,7.99,15.98
3046,1233,86,1,19.99,19.99
3047,1233,57,1,9.99,9.99
3048,1234,49,1,5.99,5.99
3049,1235,97,2,10999.99,21999.98
3050,1236,9,1,69.99,69.99
3051,1236,47,2,49.99,99.98
3052,1236,56,2,49.99,99.98
3053,1237,66,2,89.99,179.98
3054,1237,83,1,29.99,29.99
3055,1238,24,3,14.99,44.97
3056,1239,61,3,34.99,104.97
3057,1239,49,3,5.99,17.97
3058,1239,35,3,2.29,6.87
3059,1240,32,2,3.49,6.98
3060,1240,55,1,6.99,6.99
3061,1240,60,2,10.99,21.98
3062,1241,29,1,3.99,3.99
3063,1242,88,1,149.99,149.99
3064,1242,71,1,39.99,39.99
3065,1243,23,2,2.99,5.98
3066,1243,49,1,5.99,5.99
3067,1244,43,3,59.99,179.97
3068,1244,74,3,4.99,14.97
3069,1245,92,1,109.99,109.99
3070,1246,76,3,11.99,35.97
3071,1246,53,3,12.99,38.97
3072,1246,2,2,19.99,39.98
3073,1246,16,1,1.99,1.99
3074,1247,95,2,8999.99,17999.98
3075,1247,36,1,19.99,19.99
3076,1247,28,1,5.49,5.49
3077,1248,6,1,49.99,49.99
3078,1248,7,3,129.99,389.97
3079,1248,60,3,10.99,32.97
3080,1248,33,1,4.99,4.99
3081,1249,23,3,2.99,8.97
3082,1249,96,2,12999.99,25999.98
3083,1250,94,2,1499.99,2999.98
3084,1250,52,3,29.99,89.97
3085,1250,46,2,14.99,29.98
3086,1251,22,3,10.99,32.97
3087,1251,60,2,10.99,21.98
3088,1251,61,1,34.99,34.99
3089,1252,73,1,19.99,19.99
3090,1252,88,2,149.99,299.98
3091,1252,32,1,3.49,3.49
3092,1253,58,3,3.99,11.97
3093,1253,23,3,2.99,8.97
3094,1254,74,1,4.99,4.99
3095,1254,58,1,3.99,3.99
3096,1254,38,3,5.99,17.97
3097,1255,88,3,149.99,449.97
3098,1256,33,2,4.99,9.98
3099,1257,60,1,10.99,10.99
3100,1258,82,2,1499.99,2999.98
3101,1258,23,3,2.99,8.97
3102,1259,74,1,4.99,4.99
3103,1260,26,2,0.99,1.98
3104,1261,88,2,149.99,299.98
3105,1261,34,1,7.99,7.99
3106,1261,57,2,9.99,19.98
3107,1262,60,3,10.99,32.97
3108,1263,64,3,14.99,44.97
3109,1263,24,3,14.99,44.97
3110,1264,98,1,13999.99,13999.99
3111,1264,87,3,27.99,83.97
3112,1265,34,3,7.99,23.97
3113,1266,83,1,29.99,29.99
3114,1267,33,3,4.99,14.97
3115,1267,38,2,5.99,11.98
3116,1268,49,2,5.99,11.98
3117,1269,11,1,1899.99,1899.99
3118,1270,70,2,6.99,13.98
3119,1270,55,2,6.99,13.98
3120,1271,56,3,49.99,149.97
3121,1271,94,2,1499.99,2999.98
3122,1272,33,3,4.99,14.97
3123,1273,62,1,5.99,5.99
3124,1274,93,1,89.99,89.99
3125,1274,76,2,11.99,23.98
3126,1274,32,3,3.49,10.47
3127,1274,37,1,1.99,1.99
3128,1275,30,3,2.49,7.47
3129,1275,71,3,39.99,119.97
3130,1276,54,3,8.99,26.97
3131,1276,20,3,4.99,14.97
3132,1276,95,1,8999.99,8999.99
3133,1277,15,2,799.99,1599.98
3134,1277,24,3,14.99,44.97
3135,1277,64,3,14.99,44.97
3136,1277,82,1,1499.99,1499.99
3137,1278,35,2,2.29,4.58
3138,1278,23,3,2.99,8.97
3139,1278,63,3,7.99,23.97
3140,1278,33,2,4.99,9.98
3141,1279,60,1,10.99,10.99
3142,1279,9,2,69.99,139.98
3143,1279,3,2,14.99,29.98
3144,1280,96,2,12999.99,25999.98
3145,1280,13,3,299.99,899.97
3146,1281,76,3,11.99,35.97
3147,1282,42,2,0.99,1.98
3148,1282,20,1,4.99,4.99
3149,1282,27,3,6.99,20.97
3150,1282,11,3,1899.99,5699.97
3151,1283,58,1,3.99,3.99
3152,1283,60,2,10.99,21.98
3153,1283,9,1,69.99,69.99
3154,1283,62,3,5.99,17.97
3155,1284,52,2,29.99,59.98
3156,1285,32,1,3.49,3.49
3157,1285,53,2,12.99,25.98
3158,1286,37,2,1.99,3.98
3159,1286,92,3,109.99,329.97
3160,1286,8,3,89.99,269.97
3161,1287,73,2,19.99,39.98
3162,1287,22,2,10.99,21.98
3163,1287,43,2,59.99,119.98
3164,1288,61,2,34.99,69.98
3165,1288,85,1,34.99,34.99
3166,1288,1,2,9.99,19.98
3167,1288,24,2,14.99,29.98
3168,1289,26,3,0.99,2.97
3169,1289,40,2,3.99,7.98
3170,1290,66,3,89.99,269.97
3171,1290,100,1,129.99,129.99
3172,1290,88,3,149.99,449.97
3173,1290,56,3,49.99,149.97
3174,1291,4,2,12.99,25.98
3175,1292,96,1,12999.99,12999.99
3176,1292,87,1,27.99,27.99
3177,1292,68,1,24.99,24.99
3178,1292,6,3,49.99,149.97
3179,1293,62,2,5.99,11.98
3180,1293,40,1,3.99,3.99
3181,1293,20,3,4.99,14.97
3182,1294,15,2,799.99,1599.98
3183,1294,60,1,10.99,10.99
3184,1294,6,3,49.99,149.97
3185,1295,91,3,119.99,359.97
3186,1295,94,2,1499.99,2999.98
3187,1295,92,2,109.99,219.98
3188,1296,81,2,1099.99,2199.98
3189,1296,32,3,3.49,10.47
3190,1296,31,3,0.79,2.37
3191,1297,42,3,0.99,2.97
3192,1298,73,3,19.99,59.97
3193,1298,39,3,1.99,5.97
3194,1299,1,1,9.99,9.99
3195,1300,4,1,12.99,12.99
3196,1300,7,1,129.99,129.99
3197,1300,55,1,6.99,6.99
3198,1301,27,2,6.99,13.98
3199,1301,68,1,24.99,24.99
3200,1302,60,1,10.99,10.99
3201,1302,88,3,149.99,449.97
3202,1302,75,2,16.99,33.98
3203,1303,96,2,12999.99,25999.98
3204,1303,75,1,16.99,16.99
3205,1303,60,2,10.99,21.98
3206,1304,33,2,4.99,9.98
3207,1305,93,3,89.99,269.97
3208,1305,84,2,24.99,49.98
3209,1305,61,1,34.99,34.99
3210,1306,89,2,79.99,159.98
3211,1307,51,2,39.99,79.98
3212,1307,67,2,15.99,31.98
3213,1307,74,3,4.99,14.97
3214,1308,56,3,49.99,149.97
3215,1309,91,2,119.99,239.98
3216,1309,35,3,2.29,6.87
3217,1310,26,2,0.99,1.98
3218,1310,2,3,19.99,59.97
3219,1311,88,3,149.99,449.97
3220,1311,96,3,12999.99,38999.97
3221,1311,67,3,15.99,47.97
3222,1311,19,3,9.99,29.97
3223,1312,97,3,10999.99,32999.97
3224,1313,89,2,79.99,159.98
3225,1313,20,1,4.99,4.99
3226,1313,94,3,1499.99,4499.97
3227,1313,41,2,2.49,4.98
3228,1314,71,3,39.99,119.97
3229,1314,87,1,27.99,27.99
3230,1314,21,3,1.49,4.47
3231,1314,57,1,9.99,9.99
3232,1315,88,1,149.99,149.99
3233,1315,7,2,129.99,259.98
3234,1316,65,3,12.99,38.97
3235,1317,41,1,2.49,2.49
3236,1317,17,1,12.99,12.99
3237,1318,50,1,9.99,9.99
3238,1318,77,3,5.99,17.97
3239,1319,71,1,39.99,39.99
3240,1320,4,3,12.99,38.97
3241,1321,98,1,13999.99,13999.99
3242,1321,24,3,14.99,44.97
3243,1321,51,1,39.99,39.99
3244,1322,91,3,119.99,359.97
3245,1322,95,1,8999.99,8999.99
3246,1323,32,2,3.49,6.98
3247,1323,74,2,4.99,9.98
3248,1323,98,3,13999.99,41999.97
3249,1324,82,2,1499.99,2999.98
3250,1324,39,1,1.99,1.99
3251,1324,27,1,6.99,6.99
3252,1325,72,2,8.99,17.98
3253,1325,60,3,10.99,32.97
3254,1325,31,3,0.79,2.37
3255,1326,60,2,10.99,21.98
3256,1326,43,2,59.99,119.98
3257,1327,66,1,89.99,89.99
3258,1328,79,1,1799.99,1799.99
3259,1329,5,2,8.99,17.98
3260,1329,24,3,14.99,44.97
3261,1329,12,2,2499.99,4999.98
3262,1329,64,2,14.99,29.98
3263,1330,17,3,12.99,38.97
3264,1330,91,1,119.99,119.99
3265,1330,23,2,2.99,5.98
3266,1330,9,1,69.99,69.99
3267,1331,15,3,799.99,2399.97
3268,1331,86,2,19.99,39.98
3269,1331,17,2,12.99,25.98
3270,1331,34,3,7.99,23.97
3271,1332,57,3,9.99,29.97
3272,1332,37,2,1.99,3.98
3273,1332,42,3,0.99,2.97
3274,1333,29,2,3.99,7.98
3275,1333,38,3,5.99,17.97
3276,1333,91,2,119.99,239.98
3277,1333,57,1,9.99,9.99
3278,1334,99,2,99.99,199.98
3279,1335,36,3,19.99,59.97
3280,1336,11,3,1899.99,5699.97
3281,1336,68,3,24.99,74.97
3282,1336,61,1,34.99,34.99
3283,1337,63,2,7.99,15.98
3284,1338,78,3,1999.99,5999.97
3285,1338,23,2,2.99,5.98
3286,1338,67,3,15.99,47.97
3287,1338,1,1,9.99,9.99
3288,1339,45,1,39.99,39.99
3289,1339,7,1,129.99,129.99
3290,1339,8,2,89.99,179.98
3291,1340,99,1,99.99,99.99
3292,1340,72,2,8.99,17.98
3293,1340,34,2,7.99,15.98
3294,1341,37,2,1.99,3.98
3295,1341,9,3,69.99,209.97
3296,1341,58,3,3.99,11.97
3297,1341,61,1,34.99,34.99
3298,1342,43,3,59.99,179.97
3299,1343,42,3,0.99,2.97
3300,1344,70,2,6.99,13.98
3301,1345,21,3,1.49,4.47
3302,1345,1,3,9.99,29.97
3303,1345,9,3,69.99,209.97
3304,1346,80,2,1399.99,2799.98
3305,1346,79,3,1799.99,5399.97
3306,1346,48,2,7.99,15.98
3307,1346,100,2,129.99,259.98
3308,1347,26,1,0.99,0.99
3309,1347,1,3,9.99,29.97
3310,1348,53,3,12.99,38.97
3311,1348,87,3,27.99,83.97
3312,1349,99,3,99.99,299.97
3313,1349,33,3,4.99,14.97
3314,1350,65,3,12.99,38.97
3315,1350,17,3,12.99,38.97
3316,1350,92,1,109.99,109.99
3317,1351,79,1,1799.99,1799.99
3318,1351,43,2,59.99,119.98
3319,1352,40,3,3.99,11.97
3320,1352,12,1,2499.99,2499.99
3321,1353,84,2,24.99,49.98
3322,1353,91,3,119.99,359.97
3323,1354,61,1,34.99,34.99
3324,1355,77,3,5.99,17.97
3325,1355,43,3,59.99,179.97
3326,1355,94,3,1499.99,4499.97
3327,1356,83,1,29.99,29.99
3328,1357,51,3,39.99,119.97
3329,1357,78,3,1999.99,5999.97
3330,1357,14,1,499.99,499.99
3331,1358,96,2,12999.99,25999.98
3332,1358,1,2,9.99,19.98
3333,1358,85,2,34.99,69.98
3334,1358,93,2,89.99,179.98
3335,1359,56,2,49.99,99.98
3336,1359,7,1,129.99,129.99
3337,1359,23,2,2.99,5.98
3338,1359,81,2,1099.99,2199.98
3339,1360,52,2,29.99,59.98
3340,1360,29,3,3.99,11.97
3341,1361,17,1,12.99,12.99
3342,1362,55,2,6.99,13.98
3343,1362,52,2,29.99,59.98
3344,1362,12,3,2499.99,7499.97
3345,1363,77,1,5.99,5.99
3346,1363,72,1,8.99,8.99
3347,1363,79,3,1799.99,5399.97
3348,1363,7,1,129.99,129.99
3349,1364,59,3,4.99,14.97
3350,1364,6,1,49.99,49.99
3351,1364,76,2,11.99,23.98
3352,1364,7,2,129.99,259.98
3353,1365,67,1,15.99,15.99
3354,1365,7,3,129.99,389.97
3355,1365,23,1,2.99,2.99
3356,1366,84,1,24.99,24.99
3357,1366,92,3,109.99,329.97
3358,1366,85,1,34.99,34.99
3359,1366,57,2,9.99,19.98
3360,1367,6,1,49.99,49.99
3361,1368,69,3,3.99,11.97
3362,1369,41,3,2.49,7.47
3363,1369,2,3,19.99,59.97
3364,1369,53,3,12.99,38.97
3365,1370,92,3,109.99,329.97
3366,1370,66,2,89.99,179.98
3367,1370,9,1,69.99,69.99
3368,1370,67,3,15.99,47.97
3369,1371,62,3,5.99,17.97
3370,1372,90,3,89.99,269.97
3371,1372,21,3,1.49,4.47
3372,1372,10,3,79.99,239.97
3373,1372,6,2,49.99,99.98
3374,1373,28,3,5.49,16.47
3375,1374,90,2,89.99,179.98
3376,1374,15,3,799.99,2399.97
3377,1374,43,3,59.99,179.97
3378,1374,8,3,89.99,269.97
3379,1375,44,1,29.99,29.99
3380,1375,76,1,11.99,11.99
3381,1376,13,2,299.99,599.98
3382,1376,93,3,89.99,269.97
3383,1376,46,2,14.99,29.98
3384,1377,5,3,8.99,26.97
3385,1377,42,2,0.99,1.98
3386,1377,6,2,49.99,99.98
3387,1378,36,3,19.99,59.97
3388,1378,65,3,12.99,38.97
3389,1378,12,3,2499.99,7499.97
3390,1379,90,1,89.99,89.99
3391,1379,71,3,39.99,119.97
3392,1379,42,2,0.99,1.98
3393,1379,80,2,1399.99,2799.98
3394,1380,97,3,10999.99,32999.97
3395,1380,56,1,49.99,49.99
3396,1381,66,1,89.99,89.99
3397,1382,93,1,89.99,89.99
3398,1383,28,1,5.49,5.49
3399,1383,81,3,1099.99,3299.97
3400,1383,8,3,89.99,269.97
3401,1384,12,2,2499.99,4999.98
3402,1384,25,2,1.29,2.58
3403,1384,65,1,12.99,12.99
3404,1385,77,2,5.99,11.98
3405,1385,84,3,24.99,74.97
3406,1386,29,2,3.99,7.98
3407,1386,93,3,89.99,269.97
3408,1386,12,3,2499.99,7499.97
3409,1386,63,1,7.99,7.99
3410,1387,12,3,2499.99,7499.97
3411,1387,33,2,4.99,9.98
3412,1387,25,2,1.29,2.58
3413,1388,22,1,10.99,10.99
3414,1388,29,3,3.99,11.97
3415,1389,98,2,13999.99,27999.98
3416,1390,22,3,10.99,32.97
3417,1390,69,3,3.99,11.97
3418,1391,36,3,19.99,59.97
3419,1392,87,2,27.99,55.98
3420,1392,51,1,39.99,39.99
3421,1392,34,2,7.99,15.98
3422,1392,78,2,1999.99,3999.98
3423,1393,13,3,299.99,899.97
3424,1393,51,3,39.99,119.97
3425,1393,12,3,2499.99,7499.97
3426,1394,16,1,1.99,1.99
3427,1394,97,3,10999.99,32999.97
3428,1394,79,2,1799.99,3599.98
3429,1394,46,2,14.99,29.98
3430,1395,29,3,3.99,11.97
3431,1396,5,2,8.99,17.98
3432,1396,84,1,24.99,24.99
3433,1396,38,2,5.99,11.98
3434,1396,68,1,24.99,24.99
3435,1397,52,2,29.99,59.98
3436,1397,66,3,89.99,269.97
3437,1398,38,3,5.99,17.97
3438,1398,24,3,14.99,44.97
3439,1399,40,1,3.99,3.99
3440,1399,3,3,14.99,44.97
3441,1399,42,1,0.99,0.99
3442,1400,87,2,27.99,55.98
3443,1400,42,2,0.99,1.98
3444,1401,49,1,5.99,5.99
3445,1401,7,3,129.99,389.97
3446,1402,98,1,13999.99,13999.99
3447,1402,51,1,39.99,39.99
3448,1402,64,2,14.99,29.98
3449,1403,25,2,1.29,2.58
3450,1404,12,2,2499.99,4999.98
3451,1404,28,3,5.49,16.47
3452,1405,39,2,1.99,3.98
3453,1405,28,1,5.49,5.49
3454,1406,20,1,4.99,4.99
3455,1407,97,2,10999.99,21999.98
3456,1407,22,2,10.99,21.98
3457,1407,65,2,12.99,25.98
3458,1407,44,3,29.99,89.97
3459,1408,22,3,10.99,32.97
3460,1408,23,1,2.99,2.99
3461,1409,65,3,12.99,38.97
3462,1409,46,2,14.99,29.98
3463,1409,42,2,0.99,1.98
3464,1409,14,2,499.99,999.98
3465,1410,7,3,129.99,389.97
3466,1411,49,3,5.99,17.97
3467,1411,42,1,0.99,0.99
3468,1412,31,2,0.79,1.58
3469,1412,54,2,8.99,17.98
3470,1412,44,3,29.99,89.97
3471,1412,66,3,89.99,269.97
3472,1413,83,1,29.99,29.99
3473,1413,68,3,24.99,74.97
3474,1414,60,1,10.99,10.99
3475,1415,27,3,6.99,20.97
3476,1415,17,3,12.99,38.97
3477,1416,73,1,19.99,19.99
3478,1416,81,3,1099.99,3299.97
3479,1417,66,3,89.99,269.97
3480,1418,63,1,7.99,7.99
3481,1418,96,3,12999.99,38999.97
3482,1419,31,3,0.79,2.37
3483,1419,69,2,3.99,7.98
3484,1419,74,2,4.99,9.98
3485,1420,2,1,19.99,19.99
3486,1420,28,3,5.49,16.47
3487,1420,99,3,99.99,299.97
3488,1421,47,2,49.99,99.98
3489,1421,66,3,89.99,269.97
3490,1421,59,1,4.99,4.99
3491,1422,5,3,8.99,26.97
3492,1423,47,1,49.99,49.99
3493,1424,4,1,12.99,12.99
3494,1425,8,3,89.99,269.97
3495,1425,19,3,9.99,29.97
3496,1425,87,1,27.99,27.99
3497,1425,1,2,9.99,19.98
3498,1426,65,3,12.99,38.97
3499,1426,12,3,2499.99,7499.97
3500,1426,72,3,8.99,26.97
3501,1427,5,2,8.99,17.98
3502,1427,22,1,10.99,10.99
3503,1428,29,1,3.99,3.99
3504,1428,87,1,27.99,27.99
3505,1428,38,1,5.99,5.99
3506,1429,23,3,2.99,8.97
3507,1429,27,3,6.99,20.97
3508,1429,46,3,14.99,44.97
3509,1429,74,1,4.99,4.99
3510,1430,58,1,3.99,3.99
3511,1430,26,1,0.99,0.99
3512,1430,72,1,8.99,8.99
3513,1430,81,1,1099.99,1099.99
3514,1431,10,2,79.99,159.98
3515,1432,13,1,299.99,299.99
3516,1432,62,1,5.99,5.99
3517,1432,15,2,799.99,1599.98
3518,1433,24,3,14.99,44.97
3519,1433,22,3,10.99,32.97
3520,1433,59,1,4.99,4.99
3521,1434,84,2,24.99,49.98
3522,1434,61,2,34.99,69.98
3523,1434,22,2,10.99,21.98
3524,1434,13,3,299.99,899.97
3525,1435,64,2,14.99,29.98
3526,1436,18,3,8.99,26.97
3527,1436,62,2,5.99,11.98
3528,1436,67,3,15.99,47.97
3529,1436,56,1,49.99,49.99
3530,1437,39,2,1.99,3.98
3531,1437,84,2,24.99,49.98
3532,1437,46,2,14.99,29.98
3533,1437,94,1,1499.99,1499.99
3534,1438,50,3,9.99,29.97
3535,1438,95,3,8999.99,26999.97
3536,1438,72,3,8.99,26.97
3537,1439,70,3,6.99,20.97
3538,1440,26,1,0.99,0.99
3539,1440,28,1,5.49,5.49
3540,1440,96,3,12999.99,38999.97
3541,1441,26,2,0.99,1.98
3542,1441,70,2,6.99,13.98
3543,1441,27,1,6.99,6.99
3544,1442,73,1,19.99,19.99
3545,1443,99,3,99.99,299.97
3546,1444,97,2,10999.99,21999.98
3547,1444,18,2,8.99,17.98
3548,1444,3,1,14.99,14.99
3549,1444,81,3,1099.99,3299.97
3550,1445,2,2,19.99,39.98
3551,1445,74,2,4.99,9.98
3552,1446,37,3,1.99,5.97
3553,1446,17,1,12.99,12.99
3554,1446,74,1,4.99,4.99
3555,1446,16,1,1.99,1.99
3556,1447,65,1,12.99,12.99
3557,1448,51,3,39.99,119.97
3558,1448,83,2,29.99,59.98
3559,1448,94,2,1499.99,2999.98
3560,1449,87,3,27.99,83.97
3561,1449,66,3,89.99,269.97
3562,1449,44,2,29.99,59.98
3563,1450,77,1,5.99,5.99
3564,1450,89,2,79.99,159.98
3565,1451,92,3,109.99,329.97
3566,1452,90,3,89.99,269.97
3567,1453,14,3,499.99,1499.97
3568,1454,78,1,1999.99,1999.99
3569,1454,20,1,4.99,4.99
3570,1454,22,2,10.99,21.98
3571,1454,56,2,49.99,99.98
3572,1455,78,1,1999.99,1999.99
3573,1455,74,2,4.99,9.98
3574,1455,80,3,1399.99,4199.97
3575,1456,19,2,9.99,19.98
3576,1456,85,3,34.99,104.97
3577,1457,18,3,8.99,26.97
3578,1458,33,1,4.99,4.99
3579,1459,10,2,79.99,159.98
3580,1459,96,3,12999.99,38999.97
3581,1459,36,1,19.99,19.99
3582,1460,57,1,9.99,9.99
3583,1460,84,3,24.99,74.97
3584,1460,5,2,8.99,17.98
3585,1460,26,1,0.99,0.99
3586,1461,52,1,29.99,29.99
3587,1461,12,3,2499.99,7499.97
3588,1461,78,3,1999.99,5999.97
3589,1461,73,2,19.99,39.98
3590,1462,28,1,5.49,5.49
3591,1462,52,3,29.99,89.97
3592,1462,16,1,1.99,1.99
3593,1462,50,2,9.99,19.98
3594,1463,71,3,39.99,119.97
3595,1463,92,1,109.99,109.99
3596,1463,21,2,1.49,2.98
3597,1463,77,2,5.99,11.98
3598,1464,41,2,2.49,4.98
3599,1464,24,2,14.99,29.98
3600,1464,96,2,12999.99,25999.98
3601,1465,24,2,14.99,29.98
3602,1466,63,2,7.99,15.98
3603,1466,9,3,69.99,209.97
3604,1466,60,3,10.99,32.97
3605,1467,69,1,3.99,3.99
3606,1468,73,2,19.99,39.98
3607,1468,68,1,24.99,24.99
3608,1468,77,1,5.99,5.99
3609,1468,13,3,299.99,899.97
3610,1469,55,1,6.99,6.99
3611,1469,79,1,1799.99,1799.99
3612,1469,20,3,4.99,14.97
3613,1469,86,3,19.99,59.97
3614,1470,89,2,79.99,159.98
3615,1471,79,3,1799.99,5399.97
3616,1471,9,3,69.99,209.97
3617,1471,81,1,1099.99,1099.99
3618,1471,4,1,12.99,12.99
3619,1472,76,3,11.99,35.97
3620,1472,59,3,4.99,14.97
3621,1473,12,2,2499.99,4999.98
3622,1474,30,2,2.49,4.98
3623,1474,92,2,109.99,219.98
3624,1474,39,1,1.99,1.99
3625,1474,54,3,8.99,26.97
3626,1475,80,1,1399.99,1399.99
3627,1475,45,1,39.99,39.99
3628,1476,28,3,5.49,16.47
3629,1476,49,2,5.99,11.98
3630,1477,51,3,39.99,119.97
3631,1477,55,3,6.99,20.97
3632,1477,97,3,10999.99,32999.97
3633,1478,11,1,1899.99,1899.99
3634,1479,76,1,11.99,11.99
3635,1480,55,2,6.99,13.98
3636,1480,90,1,89.99,89.99
3637,1480,35,3,2.29,6.87
3638,1481,21,1,1.49,1.49
3639,1481,3,2,14.99,29.98
3640,1481,66,3,89.99,269.97
3641,1482,22,2,10.99,21.98
3642,1482,4,1,12.99,12.99
3643,1482,27,2,6.99,13.98
3644,1483,1,2,9.99,19.98
3645,1483,74,3,4.99,14.97
3646,1484,55,2,6.99,13.98
3647,1484,60,1,10.99,10.99
3648,1484,50,2,9.99,19.98
3649,1484,32,2,3.49,6.98
3650,1485,14,3,499.99,1499.97
3651,1486,22,1,10.99,10.99
3652,1486,13,2,299.99,599.98
3653,1487,28,3,5.49,16.47
3654,1487,6,1,49.99,49.99
3655,1487,2,1,19.99,19.99
3656,1487,64,3,14.99,44.97
3657,1488,68,2,24.99,49.98
3658,1488,4,2,12.99,25.98
3659,1488,85,1,34.99,34.99
3660,1488,19,1,9.99,9.99
3661,1489,27,1,6.99,6.99
3662,1489,53,2,12.99,25.98
3663,1489,61,1,34.99,34.99
3664,1490,53,1,12.99,12.99
3665,1490,29,1,3.99,3.99
3666,1490,49,1,5.99,5.99
3667,1490,94,2,1499.99,2999.98
3668,1491,70,3,6.99,20.97
3669,1492,2,3,19.99,59.97
3670,1493,38,3,5.99,17.97
3671,1493,15,1,799.99,799.99
3672,1494,50,1,9.99,9.99
3673,1494,24,1,14.99,14.99
3674,1494,53,2,12.99,25.98
3675,1495,34,3,7.99,23.97
3676,1495,56,1,49.99,49.99
3677,1495,30,3,2.49,7.47
3678,1496,26,2,0.99,1.98
3679,1497,77,3,5.99,17.97
3680,1497,16,2,1.99,3.98
3681,1497,74,1,4.99,4.99
3682,1497,1,3,9.99,29.97
3683,1498,14,1,499.99,499.99
3684,1499,96,3,12999.99,38999.97
3685,1499,30,1,2.49,2.49
3686,1499,27,3,6.99,20.97
3687,1500,79,2,1799.99,3599.98
3688,1501,82,3,1499.99,4499.97
3689,1501,56,3,49.99,149.97
3690,1502,77,2,5.99,11.98
3691,1502,18,2,8.99,17.98
3692,1502,96,2,12999.99,25999.98
3693,1503,92,2,109.99,219.98
3694,1503,12,3,2499.99,7499.97
3695,1503,89,2,79.99,159.98
3696,1503,51,3,39.99,119.97
3697,1504,35,3,2.29,6.87
3698,1504,49,2,5.99,11.98
3699,1504,70,2,6.99,13.98
3700,1504,50,1,9.99,9.99
3701,1505,66,3,89.99,269.97
3702,1505,98,1,13999.99,13999.99
3703,1505,24,2,14.99,29.98
3704,1505,50,3,9.99,29.97
3705,1506,81,1,1099.99,1099.99
3706,1506,36,2,19.99,39.98
3707,1507,86,3,19.99,59.97
3708,1508,66,1,89.99,89.99
3709,1508,50,2,9.99,19.98
3710,1508,58,2,3.99,7.98
3711,1509,85,3,34.99,104.97
3712,1509,14,2,499.99,999.98
3713,1509,15,1,799.99,799.99
3714,1509,92,3,109.99,329.97
3715,1510,90,1,89.99,89.99
3716,1510,9,3,69.99,209.97
3717,1510,8,1,89.99,89.99
3718,1511,59,2,4.99,9.98
3719,1511,20,2,4.99,9.98
3720,1511,42,1,0.99,0.99
3721,1511,8,3,89.99,269.97
3722,1512,56,1,49.99,49.99
3723,1512,47,1,49.99,49.99
3724,1512,3,2,14.99,29.98
3725,1512,84,2,24.99,49.98
3726,1513,74,3,4.99,14.97
3727,1513,17,3,12.99,38.97
3728,1513,3,1,14.99,14.99
3729,1513,76,2,11.99,23.98
3730,1514,15,3,799.99,2399.97
3731,1514,23,1,2.99,2.99
3732,1514,11,2,1899.99,3799.98
3733,1514,47,2,49.99,99.98
3734,1515,63,2,7.99,15.98
3735,1516,12,3,2499.99,7499.97
3736,1516,14,1,499.99,499.99
3737,1516,52,3,29.99,89.97
3738,1516,8,1,89.99,89.99
3739,1517,89,3,79.99,239.97
3740,1518,52,2,29.99,59.98
3741,1518,39,2,1.99,3.98
3742,1518,48,3,7.99,23.97
3743,1518,94,1,1499.99,1499.99
3744,1519,10,2,79.99,159.98
3745,1519,92,3,109.99,329.97
3746,1519,36,1,19.99,19.99
3747,1520,78,3,1999.99,5999.97
3748,1520,35,1,2.29,2.29
3749,1520,46,1,14.99,14.99
3750,1520,26,3,0.99,2.97
3751,1521,100,1,129.99,129.99
3752,1521,64,3,14.99,44.97
3753,1522,88,3,149.99,449.97
3754,1522,76,3,11.99,35.97
3755,1522,40,2,3.99,7.98
3756,1522,85,2,34.99,69.98
3757,1523,94,1,1499.99,1499.99
3758,1523,67,1,15.99,15.99
3759,1523,21,1,1.49,1.49
3760,1524,66,2,89.99,179.98
3761,1524,59,3,4.99,14.97
3762,1524,56,1,49.99,49.99
3763,1525,82,3,1499.99,4499.97
3764,1525,78,1,1999.99,1999.99
3765,1526,73,2,19.99,39.98
3766,1527,21,3,1.49,4.47
3767,1527,65,3,12.99,38.97
3768,1527,37,2,1.99,3.98
3769,1527,2,1,19.99,19.99
3770,1528,37,2,1.99,3.98
3771,1529,23,1,2.99,2.99
3772,1529,79,1,1799.99,1799.99
3773,1530,3,3,14.99,44.97
3774,1530,7,3,129.99,389.97
3775,1530,47,1,49.99,49.99
3776,1531,70,3,6.99,20.97
3777,1531,52,1,29.99,29.99
3778,1531,63,1,7.99,7.99
3779,1532,43,2,59.99,119.98
3780,1532,5,1,8.99,8.99
3781,1532,87,1,27.99,27.99
3782,1532,60,1,10.99,10.99
3783,1533,27,1,6.99,6.99
3784,1533,26,3,0.99,2.97
3785,1533,74,2,4.99,9.98
3786,1533,96,2,12999.99,25999.98
3787,1534,99,1,99.99,99.99
3788,1534,77,3,5.99,17.97
3789,1535,71,2,39.99,79.98
3790,1536,70,1,6.99,6.99
3791,1536,13,1,299.99,299.99
3792,1536,36,2,19.99,39.98
3793,1536,21,3,1.49,4.47
3794,1537,81,2,1099.99,2199.98
3795,1537,13,1,299.99,299.99
3796,1537,62,1,5.99,5.99
3797,1538,46,1,14.99,14.99
3798,1538,76,1,11.99,11.99
3799,1539,75,3,16.99,50.97
3800,1539,77,1,5.99,5.99
3801,1539,99,3,99.99,299.97
3802,1540,7,3,129.99,389.97
3803,1540,77,3,5.99,17.97
3804,1541,51,1,39.99,39.99
3805,1541,69,2,3.99,7.98
3806,1541,17,2,12.99,25.98
3807,1541,72,1,8.99,8.99
3808,1542,4,2,12.99,25.98
3809,1542,58,2,3.99,7.98
3810,1543,63,2,7.99,15.98
3811,1543,38,1,5.99,5.99
3812,1544,21,3,1.49,4.47
3813,1544,77,2,5.99,11.98
3814,1544,9,3,69.99,209.97
3815,1544,40,2,3.99,7.98
3816,1545,79,3,1799.99,5399.97
3817,1545,34,1,7.99,7.99
3818,1546,66,1,89.99,89.99
3819,1546,18,1,8.99,8.99
3820,1546,90,1,89.99,89.99
3821,1546,70,3,6.99,20.97
3822,1547,61,3,34.99,104.97
3823,1547,35,2,2.29,4.58
3824,1547,86,2,19.99,39.98
3825,1548,24,2,14.99,29.98
3826,1549,74,3,4.99,14.97
3827,1549,12,1,2499.99,2499.99
3828,1550,44,1,29.99,29.99
3829,1550,50,1,9.99,9.99
3830,1550,51,2,39.99,79.98
3831,1550,79,1,1799.99,1799.99
3832,1551,78,2,1999.99,3999.98
3833,1551,52,1,29.99,29.99
3834,1552,52,3,29.99,89.97
3835,1552,26,2,0.99,1.98
3836,1553,89,1,79.99,79.99
3837,1553,100,1,129.99,129.99
3838,1553,88,1,149.99,149.99
3839,1554,63,2,7.99,15.98
3840,1554,21,2,1.49,2.98
3841,1555,34,1,7.99,7.99
3842,1555,5,1,8.99,8.99
3843,1556,52,2,29.99,59.98
3844,1556,32,1,3.49,3.49
3845,1556,79,1,1799.99,1799.99
3846,1557,31,3,0.79,2.37
3847,1557,34,1,7.99,7.99
3848,1557,87,1,27.99,27.99
3849,1558,64,1,14.99,14.99
3850,1558,3,2,14.99,29.98
3851,1558,67,3,15.99,47.97
3852,1559,98,3,13999.99,41999.97
3853,1559,64,2,14.99,29.98
3854,1559,41,3,2.49,7.47
3855,1559,27,1,6.99,6.99
3856,1560,33,2,4.99,9.98
3857,1561,11,2,1899.99,3799.98
3858,1562,75,3,16.99,50.97
3859,1562,82,3,1499.99,4499.97
3860,1563,9,3,69.99,209.97
3861,1563,82,3,1499.99,4499.97
3862,1563,31,3,0.79,2.37
3863,1564,46,2,14.99,29.98
3864,1564,59,1,4.99,4.99
3865,1565,8,2,89.99,179.98
3866,1565,1,1,9.99,9.99
3867,1565,75,3,16.99,50.97
3868,1565,12,3,2499.99,7499.97
3869,1566,68,2,24.99,49.98
3870,1566,47,2,49.99,99.98
3871,1567,80,2,1399.99,2799.98
3872,1568,7,3,129.99,389.97
3873,1569,85,3,34.99,104.97
3874,1569,6,1,49.99,49.99
3875,1569,80,2,1399.99,2799.98
3876,1570,96,3,12999.99,38999.97
3877,1570,37,2,1.99,3.98
3878,1570,40,3,3.99,11.97
3879,1571,9,3,69.99,209.97
3880,1571,10,2,79.99,159.98
3881,1571,39,3,1.99,5.97
3882,1572,37,3,1.99,5.97
3883,1572,52,1,29.99,29.99
3884,1572,57,1,9.99,9.99
3885,1572,7,1,129.99,129.99
3886,1573,65,3,12.99,38.97
3887,1573,2,3,19.99,59.97
3888,1573,54,2,8.99,17.98
3889,1574,87,2,27.99,55.98
3890,1574,27,1,6.99,6.99
3891,1574,47,2,49.99,99.98
3892,1574,50,1,9.99,9.99
3893,1575,49,3,5.99,17.97
3894,1576,80,1,1399.99,1399.99
3895,1576,9,3,69.99,209.97
3896,1577,42,3,0.99,2.97
3897,1577,68,1,24.99,24.99
3898,1577,27,2,6.99,13.98
3899,1578,98,1,13999.99,13999.99
3900,1579,21,2,1.49,2.98
3901,1579,99,3,99.99,299.97
3902,1580,79,2,1799.99,3599.98
3903,1581,20,3,4.99,14.97
3904,1582,21,2,1.49,2.98
3905,1583,45,2,39.99,79.98
3906,1583,4,3,12.99,38.97
3907,1584,66,2,89.99,179.98
3908,1584,13,2,299.99,599.98
3909,1584,59,1,4.99,4.99
3910,1585,23,2,2.99,5.98
3911,1585,5,2,8.99,17.98
3912,1585,94,1,1499.99,1499.99
3913,1586,73,1,19.99,19.99
3914,1586,92,3,109.99,329.97
3915,1586,59,3,4.99,14.97
3916,1587,78,2,1999.99,3999.98
3917,1587,10,1,79.99,79.99
3918,1588,24,3,14.99,44.97
3919,1588,45,1,39.99,39.99
3920,1589,75,1,16.99,16.99
3921,1589,40,1,3.99,3.99
3922,1589,26,3,0.99,2.97
3923,1589,23,2,2.99,5.98
3924,1590,44,3,29.99,89.97
3925,1591,19,3,9.99,29.97
3926,1591,48,2,7.99,15.98
3927,1591,82,1,1499.99,1499.99
3928,1592,73,1,19.99,19.99
3929,1592,96,3,12999.99,38999.97
3930,1593,2,3,19.99,59.97
3931,1593,25,1,1.29,1.29
3932,1593,14,1,499.99,499.99
3933,1594,50,1,9.99,9.99
3934,1594,40,2,3.99,7.98
3935,1594,66,3,89.99,269.97
3936,1594,57,3,9.99,29.97
3937,1595,24,3,14.99,44.97
3938,1595,96,2,12999.99,25999.98
3939,1596,30,3,2.49,7.47
3940,1596,23,2,2.99,5.98
3941,1596,15,1,799.99,799.99
3942,1597,30,3,2.49,7.47
3943,1597,3,2,14.99,29.98
3944,1597,35,2,2.29,4.58
3945,1597,38,2,5.99,11.98
3946,1598,98,1,13999.99,13999.99
3947,1599,74,1,4.99,4.99
3948,1599,87,1,27.99,27.99
3949,1599,70,3,6.99,20.97
3950,1600,67,3,15.99,47.97
3951,1600,68,3,24.99,74.97
3952,1600,62,1,5.99,5.99
3953,1601,32,1,3.49,3.49
3954,1602,85,1,34.99,34.99
3955,1603,19,2,9.99,19.98
3956,1603,53,2,12.99,25.98
3957,1604,75,2,16.99,33.98
3958,1604,74,2,4.99,9.98
3959,1604,14,2,499.99,999.98
3960,1604,43,2,59.99,119.98
3961,1605,53,2,12.99,25.98
3962,1605,6,1,49.99,49.99
3963,1605,40,1,3.99,3.99
3964,1606,51,1,39.99,39.99
3965,1607,97,3,10999.99,32999.97
3966,1607,10,2,79.99,159.98
3967,1607,95,2,8999.99,17999.98
3968,1607,76,3,11.99,35.97
3969,1608,88,1,149.99,149.99
3970,1608,33,3,4.99,14.97
3971,1608,63,2,7.99,15.98
3972,1609,79,1,1799.99,1799.99
3973,1609,99,1,99.99,99.99
3974,1610,46,1,14.99,14.99
3975,1610,32,2,3.49,6.98
3976,1610,33,3,4.99,14.97
3977,1610,67,3,15.99,47.97
3978,1611,42,2,0.99,1.98
3979,1611,19,3,9.99,29.97
3980,1611,22,3,10.99,32.97
3981,1611,88,2,149.99,299.98
3982,1612,82,3,1499.99,4499.97
3983,1612,8,2,89.99,179.98
3984,1613,39,1,1.99,1.99
3985,1613,54,1,8.99,8.99
3986,1614,38,3,5.99,17.97
3987,1614,21,2,1.49,2.98
3988,1614,48,2,7.99,15.98
3989,1615,51,3,39.99,119.97
3990,1615,87,3,27.99,83.97
3991,1616,54,2,8.99,17.98
3992,1617,28,1,5.49,5.49
3993,1618,95,2,8999.99,17999.98
3994,1618,2,2,19.99,39.98
3995,1618,55,2,6.99,13.98
3996,1619,37,2,1.99,3.98
3997,1619,93,3,89.99,269.97
3998,1620,20,1,4.99,4.99
3999,1620,47,2,49.99,99.98
4000,1620,31,2,0.79,1.58
4001,1620,92,3,109.99,329.97
4002,1621,16,1,1.99,1.99
4003,1621,12,2,2499.99,4999.98
4004,1621,88,2,149.99,299.98
4005,1622,26,3,0.99,2.97
4006,1622,85,1,34.99,34.99
4007,1622,61,1,34.99,34.99
4008,1623,68,3,24.99,74.97
4009,1624,34,2,7.99,15.98
4010,1624,27,1,6.99,6.99
4011,1625,64,1,14.99,14.99
4012,1625,50,1,9.99,9.99
4013,1625,58,1,3.99,3.99
4014,1626,22,2,10.99,21.98
4015,1627,87,1,27.99,27.99
4016,1627,51,1,39.99,39.99
4017,1627,13,3,299.99,899.97
4018,1627,71,2,39.99,79.98
4019,1628,82,1,1499.99,1499.99
4020,1628,30,2,2.49,4.98
4021,1629,55,2,6.99,13.98
4022,1629,26,3,0.99,2.97
4023,1630,50,2,9.99,19.98
4024,1630,70,1,6.99,6.99
4025,1631,31,3,0.79,2.37
4026,1632,94,2,1499.99,2999.98
4027,1633,1,2,9.99,19.98
4028,1633,75,1,16.99,16.99
4029,1633,85,2,34.99,69.98
4030,1633,24,3,14.99,44.97
4031,1634,13,2,299.99,599.98
4032,1635,89,1,79.99,79.99
4033,1635,40,1,3.99,3.99
4034,1635,57,2,9.99,19.98
4035,1636,81,3,1099.99,3299.97
4036,1636,83,3,29.99,89.97
4037,1637,31,2,0.79,1.58
4038,1637,49,3,5.99,17.97
4039,1637,26,2,0.99,1.98
4040,1637,90,2,89.99,179.98
4041,1638,94,3,1499.99,4499.97
4042,1639,41,1,2.49,2.49
4043,1639,1,3,9.99,29.97
4044,1639,2,2,19.99,39.98
4045,1639,10,2,79.99,159.98
4046,1640,62,3,5.99,17.97
4047,1641,48,3,7.99,23.97
4048,1641,100,3,129.99,389.97
4049,1641,20,2,4.99,9.98
4050,1642,23,2,2.99,5.98
4051,1642,97,1,10999.99,10999.99
4052,1642,100,3,129.99,389.97
4053,1643,47,2,49.99,99.98
4054,1643,65,3,12.99,38.97
4055,1644,79,2,1799.99,3599.98
4056,1644,20,3,4.99,14.97
4057,1644,85,3,34.99,104.97
4058,1644,29,2,3.99,7.98
4059,1645,66,3,89.99,269.97
4060,1645,69,3,3.99,11.97
4061,1645,43,2,59.99,119.98
4062,1645,95,2,8999.99,17999.98
4063,1646,71,2,39.99,79.98
4064,1646,60,2,10.99,21.98
4065,1646,39,3,1.99,5.97
4066,1646,89,2,79.99,159.98
4067,1647,16,2,1.99,3.98
4068,1647,53,1,12.99,12.99
4069,1648,5,1,8.99,8.99
4070,1648,56,2,49.99,99.98
4071,1648,41,3,2.49,7.47
4072,1648,17,1,12.99,12.99
4073,1649,99,2,99.99,199.98
4074,1649,29,3,3.99,11.97
4075,1649,8,1,89.99,89.99
4076,1650,20,3,4.99,14.97
4077,1650,92,3,109.99,329.97
4078,1650,100,1,129.99,129.99
4079,1651,54,3,8.99,26.97
4080,1652,10,1,79.99,79.99
4081,1653,36,3,19.99,59.97
4082,1653,45,3,39.99,119.97
4083,1653,41,1,2.49,2.49
4084,1653,85,2,34.99,69.98
4085,1654,54,1,8.99,8.99
4086,1654,95,3,8999.99,26999.97
4087,1654,59,2,4.99,9.98
4088,1655,49,1,5.99,5.99
4089,1656,55,1,6.99,6.99
4090,1656,85,3,34.99,104.97
4091,1657,72,2,8.99,17.98
4092,1657,62,1,5.99,5.99
4093,1657,25,1,1.29,1.29
4094,1657,1,1,9.99,9.99
4095,1658,86,3,19.99,59.97
4096,1658,16,2,1.99,3.98
4097,1658,91,3,119.99,359.97
4098,1659,18,2,8.99,17.98
4099,1659,47,1,49.99,49.99
4100,1659,25,2,1.29,2.58
4101,1659,68,1,24.99,24.99
4102,1660,31,2,0.79,1.58
4103,1660,40,3,3.99,11.97
4104,1660,24,2,14.99,29.98
4105,1660,66,1,89.99,89.99
4106,1661,81,1,1099.99,1099.99
4107,1661,45,2,39.99,79.98
4108,1661,61,2,34.99,69.98
4109,1662,64,1,14.99,14.99
4110,1662,6,2,49.99,99.98
4111,1663,50,3,9.99,29.97
4112,1664,14,3,499.99,1499.97
4113,1664,23,3,2.99,8.97
4114,1664,68,2,24.99,49.98
4115,1665,68,3,24.99,74.97
4116,1665,73,3,19.99,59.97
4117,1666,99,3,99.99,299.97
4118,1666,21,1,1.49,1.49
4119,1666,38,3,5.99,17.97
4120,1667,45,2,39.99,79.98
4121,1667,77,1,5.99,5.99
4122,1667,1,3,9.99,29.97
4123,1667,61,2,34.99,69.98
4124,1668,53,3,12.99,38.97
4125,1669,4,3,12.99,38.97
4126,1669,94,1,1499.99,1499.99
4127,1670,11,2,1899.99,3799.98
4128,1670,95,3,8999.99,26999.97
4129,1671,89,2,79.99,159.98
4130,1672,49,2,5.99,11.98
4131,1672,90,3,89.99,269.97
4132,1672,52,3,29.99,89.97
4133,1672,69,3,3.99,11.97
4134,1673,9,2,69.99,139.98
4135,1674,87,1,27.99,27.99
4136,1674,35,2,2.29,4.58
4137,1675,51,3,39.99,119.97
4138,1675,12,1,2499.99,2499.99
4139,1675,47,1,49.99,49.99
4140,1676,64,1,14.99,14.99
4141,1676,46,2,14.99,29.98
4142,1676,90,2,89.99,179.98
4143,1676,45,1,39.99,39.99
4144,1677,29,1,3.99,3.99
4145,1678,82,1,1499.99,1499.99
4146,1678,12,2,2499.99,4999.98
4147,1679,52,1,29.99,29.99
4148,1679,78,3,1999.99,5999.97
4149,1679,46,3,14.99,44.97
4150,1680,67,2,15.99,31.98
4151,1680,14,1,499.99,499.99
4152,1680,100,1,129.99,129.99
4153,1680,35,3,2.29,6.87
4154,1681,27,1,6.99,6.99
4155,1681,87,3,27.99,83.97
4156,1681,6,1,49.99,49.99
4157,1681,61,3,34.99,104.97
4158,1682,17,2,12.99,25.98
4159,1682,47,1,49.99,49.99
4160,1682,79,1,1799.99,1799.99
4161,1682,33,2,4.99,9.98
4162,1683,44,2,29.99,59.98
4163,1684,77,1,5.99,5.99
4164,1685,16,1,1.99,1.99
4165,1686,82,1,1499.99,1499.99
4166,1686,6,2,49.99,99.98
4167,1686,50,2,9.99,19.98
4168,1687,34,3,7.99,23.97
4169,1688,77,2,5.99,11.98
4170,1688,56,1,49.99,49.99
4171,1688,35,3,2.29,6.87
4172,1688,49,1,5.99,5.99
4173,1689,60,2,10.99,21.98
4174,1689,34,1,7.99,7.99
4175,1690,49,3,5.99,17.97
4176,1691,12,2,2499.99,4999.98
4177,1691,25,2,1.29,2.58
4178,1691,27,1,6.99,6.99
4179,1691,10,1,79.99,79.99
4180,1692,39,2,1.99,3.98
4181,1692,65,1,12.99,12.99
4182,1693,59,2,4.99,9.98
4183,1693,61,3,34.99,104.97
4184,1693,73,2,19.99,39.98
4185,1693,56,1,49.99,49.99
4186,1694,5,1,8.99,8.99
4187,1694,7,3,129.99,389.97
4188,1694,67,2,15.99,31.98
4189,1694,4,2,12.99,25.98
4190,1695,78,3,1999.99,5999.97
4191,1695,68,2,24.99,49.98
4192,1695,59,1,4.99,4.99
4193,1695,15,2,799.99,1599.98
4194,1696,67,1,15.99,15.99
4195,1696,76,3,11.99,35.97
4196,1696,27,2,6.99,13.98
4197,1696,97,3,10999.99,32999.97
4198,1697,50,1,9.99,9.99
4199,1698,92,2,109.99,219.98
4200,1698,85,2,34.99,69.98
4201,1699,93,2,89.99,179.98
4202,1700,27,1,6.99,6.99
4203,1700,34,3,7.99,23.97
4204,1701,20,3,4.99,14.97
4205,1702,48,1,7.99,7.99
4206,1702,50,3,9.99,29.97
4207,1702,38,1,5.99,5.99
4208,1702,63,1,7.99,7.99
4209,1703,45,3,39.99,119.97
4210,1703,16,3,1.99,5.97
4211,1703,59,3,4.99,14.97
4212,1704,16,1,1.99,1.99
4213,1704,84,2,24.99,49.98
4214,1704,19,2,9.99,19.98
4215,1704,52,1,29.99,29.99
4216,1705,44,3,29.99,89.97
4217,1706,14,1,499.99,499.99
4218,1706,1,1,9.99,9.99
4219,1706,94,2,1499.99,2999.98
4220,1707,4,2,12.99,25.98
4221,1708,40,3,3.99,11.97
4222,1708,66,1,89.99,89.99
4223,1709,14,3,499.99,1499.97
4224,1709,27,3,6.99,20.97
4225,1709,48,3,7.99,23.97
4226,1710,88,2,149.99,299.98
4227,1710,18,1,8.99,8.99
4228,1710,78,3,1999.99,5999.97
4229,1711,64,2,14.99,29.98
4230,1711,51,1,39.99,39.99
4231,1712,78,1,1999.99,1999.99
4232,1713,85,1,34.99,34.99
4233,1713,12,3,2499.99,7499.97
4234,1714,57,2,9.99,19.98
4235,1714,97,2,10999.99,21999.98
4236,1714,28,2,5.49,10.98
4237,1715,20,2,4.99,9.98
4238,1715,7,3,129.99,389.97
4239,1715,92,1,109.99,109.99
4240,1715,48,1,7.99,7.99
4241,1716,69,3,3.99,11.97
4242,1716,19,2,9.99,19.98
4243,1717,4,1,12.99,12.99
4244,1717,71,2,39.99,79.98
4245,1717,80,2,1399.99,2799.98
4246,1717,87,3,27.99,83.97
4247,1718,63,2,7.99,15.98
4248,1719,57,1,9.99,9.99
4249,1719,23,1,2.99,2.99
4250,1719,37,3,1.99,5.97
4251,1720,6,2,49.99,99.98
4252,1720,51,1,39.99,39.99
4253,1721,85,1,34.99,34.99
4254,1721,4,2,12.99,25.98
4255,1721,14,2,499.99,999.98
4256,1721,33,2,4.99,9.98
4257,1722,6,3,49.99,149.97
4258,1723,99,3,99.99,299.97
4259,1723,16,1,1.99,1.99
4260,1724,20,2,4.99,9.98
4261,1725,34,2,7.99,15.98
4262,1725,27,1,6.99,6.99
4263,1725,3,2,14.99,29.98
4264,1726,50,3,9.99,29.97
4265,1726,48,3,7.99,23.97
4266,1726,22,2,10.99,21.98
4267,1726,88,2,149.99,299.98
4268,1727,42,2,0.99,1.98
4269,1728,60,1,10.99,10.99
4270,1728,34,1,7.99,7.99
4271,1729,26,1,0.99,0.99
4272,1729,12,3,2499.99,7499.97
4273,1729,10,3,79.99,239.97
4274,1729,79,1,1799.99,1799.99
4275,1730,22,1,10.99,10.99
4276,1730,84,2,24.99,49.98
4277,1731,8,2,89.99,179.98
4278,1732,25,1,1.29,1.29
4279,1732,10,2,79.99,159.98
4280,1732,74,1,4.99,4.99
4281,1732,47,2,49.99,99.98
4282,1733,25,1,1.29,1.29
4283,1733,63,3,7.99,23.97
4284,1733,47,2,49.99,99.98
4285,1733,27,3,6.99,20.97
4286,1734,10,2,79.99,159.98
4287,1734,18,2,8.99,17.98
4288,1734,42,3,0.99,2.97
4289,1734,62,1,5.99,5.99
4290,1735,56,2,49.99,99.98
4291,1736,63,2,7.99,15.98
4292,1737,27,1,6.99,6.99
4293,1737,30,2,2.49,4.98
4294,1737,45,2,39.99,79.98
4295,1738,38,1,5.99,5.99
4296,1738,86,2,19.99,39.98
4297,1739,83,1,29.99,29.99
4298,1739,75,3,16.99,50.97
4299,1739,94,3,1499.99,4499.97
4300,1739,4,3,12.99,38.97
4301,1740,51,1,39.99,39.99
4302,1740,100,3,129.99,389.97
4303,1741,27,2,6.99,13.98
4304,1741,47,1,49.99,49.99
4305,1741,92,1,109.99,109.99
4306,1742,74,3,4.99,14.97
4307,1742,64,2,14.99,29.98
4308,1743,29,2,3.99,7.98
4309,1743,45,2,39.99,79.98
4310,1744,3,2,14.99,29.98
4311,1744,10,1,79.99,79.99
4312,1745,5,1,8.99,8.99
4313,1745,53,3,12.99,38.97
4314,1745,32,2,3.49,6.98
4315,1746,100,1,129.99,129.99
4316,1746,34,1,7.99,7.99
4317,1747,22,3,10.99,32.97
4318,1748,35,1,2.29,2.29
4319,1748,88,1,149.99,149.99
4320,1749,16,3,1.99,5.97
4321,1750,17,3,12.99,38.97
4322,1750,37,2,1.99,3.98
4323,1751,56,1,49.99,49.99
4324,1751,18,3,8.99,26.97
4325,1751,44,3,29.99,89.97
4326,1752,34,3,7.99,23.97
4327,1752,73,2,19.99,39.98
4328,1752,36,2,19.99,39.98
4329,1753,44,1,29.99,29.99
4330,1753,79,2,1799.99,3599.98
4331,1753,21,3,1.49,4.47
4332,1753,64,3,14.99,44.97
4333,1754,68,3,24.99,74.97
4334,1754,15,1,799.99,799.99
4335,1754,69,2,3.99,7.98
4336,1754,18,3,8.99,26.97
4337,1755,6,3,49.99,149.97
4338,1756,30,2,2.49,4.98
4339,1756,3,2,14.99,29.98
4340,1756,41,3,2.49,7.47
4341,1757,37,2,1.99,3.98
4342,1757,93,1,89.99,89.99
4343,1757,3,3,14.99,44.97
4344,1757,60,1,10.99,10.99
4345,1758,67,1,15.99,15.99
4346,1758,80,3,1399.99,4199.97
4347,1759,79,3,1799.99,5399.97
4348,1760,2,2,19.99,39.98
4349,1761,83,2,29.99,59.98
4350,1761,47,3,49.99,149.97
4351,1762,31,2,0.79,1.58
4352,1762,1,2,9.99,19.98
4353,1763,91,1,119.99,119.99
4354,1764,17,1,12.99,12.99
4355,1764,74,3,4.99,14.97
4356,1765,27,3,6.99,20.97
4357,1765,59,3,4.99,14.97
4358,1765,38,3,5.99,17.97
4359,1766,22,1,10.99,10.99
4360,1766,39,1,1.99,1.99
4361,1766,50,2,9.99,19.98
4362,1766,59,2,4.99,9.98
4363,1767,16,2,1.99,3.98
4364,1767,94,1,1499.99,1499.99
4365,1767,12,2,2499.99,4999.98
4366,1767,34,3,7.99,23.97
4367,1768,12,3,2499.99,7499.97
4368,1768,48,2,7.99,15.98
4369,1769,88,2,149.99,299.98
4370,1769,71,1,39.99,39.99
4371,1769,80,3,1399.99,4199.97
4372,1769,75,1,16.99,16.99
4373,1770,63,2,7.99,15.98
4374,1770,19,3,9.99,29.97
4375,1771,78,3,1999.99,5999.97
4376,1771,82,3,1499.99,4499.97
4377,1771,67,2,15.99,31.98
4378,1771,84,3,24.99,74.97
4379,1772,21,1,1.49,1.49
4380,1772,52,3,29.99,89.97
4381,1772,93,3,89.99,269.97
4382,1773,41,3,2.49,7.47
4383,1773,68,1,24.99,24.99
4384,1774,54,1,8.99,8.99
4385,1774,86,1,19.99,19.99
4386,1774,85,1,34.99,34.99
4387,1775,66,3,89.99,269.97
4388,1776,36,1,19.99,19.99
4389,1776,74,3,4.99,14.97
4390,1776,34,3,7.99,23.97
4391,1777,90,3,89.99,269.97
4392,1778,8,3,89.99,269.97
4393,1778,59,2,4.99,9.98
4394,1779,51,2,39.99,79.98
4395,1779,78,1,1999.99,1999.99
4396,1780,99,1,99.99,99.99
4397,1780,18,1,8.99,8.99
4398,1780,44,2,29.99,59.98
4399,1781,60,3,10.99,32.97
4400,1781,23,1,2.99,2.99
4401,1782,58,3,3.99,11.97
4402,1782,92,1,109.99,109.99
4403,1783,93,1,89.99,89.99
4404,1783,41,3,2.49,7.47
4405,1783,81,3,1099.99,3299.97
4406,1783,46,2,14.99,29.98
4407,1784,49,2,5.99,11.98
4408,1784,19,3,9.99,29.97
4409,1784,70,3,6.99,20.97
4410,1784,74,1,4.99,4.99
4411,1785,95,1,8999.99,8999.99
4412,1785,92,3,109.99,329.97
4413,1785,66,1,89.99,89.99
4414,1786,58,2,3.99,7.98
4415,1787,26,2,0.99,1.98
4416,1787,90,2,89.99,179.98
4417,1787,95,2,8999.99,17999.98
4418,1788,89,2,79.99,159.98
4419,1789,42,2,0.99,1.98
4420,1790,55,1,6.99,6.99
4421,1790,16,1,1.99,1.99
4422,1790,92,2,109.99,219.98
4423,1791,71,2,39.99,79.98
4424,1791,18,2,8.99,17.98
4425,1791,37,2,1.99,3.98
4426,1792,1,3,9.99,29.97
4427,1792,85,3,34.99,104.97
4428,1793,47,1,49.99,49.99
4429,1793,7,2,129.99,259.98
4430,1794,33,2,4.99,9.98
4431,1795,64,3,14.99,44.97
4432,1795,87,2,27.99,55.98
4433,1795,25,1,1.29,1.29
4434,1795,59,3,4.99,14.97
4435,1796,31,3,0.79,2.37
4436,1796,68,1,24.99,24.99
4437,1796,61,3,34.99,104.97
4438,1797,52,1,29.99,29.99
4439,1798,18,3,8.99,26.97
4440,1798,30,1,2.49,2.49
4441,1799,61,2,34.99,69.98
4442,1799,82,3,1499.99,4499.97
4443,1800,17,1,12.99,12.99
4444,1800,79,1,1799.99,1799.99
4445,1801,86,3,19.99,59.97
4446,1801,82,3,1499.99,4499.97
4447,1801,76,2,11.99,23.98
4448,1802,87,3,27.99,83.97
4449,1802,100,1,129.99,129.99
4450,1802,82,1,1499.99,1499.99
4451,1803,1,1,9.99,9.99
4452,1803,34,2,7.99,15.98
4453,1803,97,2,10999.99,21999.98
4454,1803,35,2,2.29,4.58
4455,1804,65,1,12.99,12.99
4456,1804,1,2,9.99,19.98
4457,1805,81,1,1099.99,1099.99
4458,1805,6,2,49.99,99.98
4459,1805,85,2,34.99,69.98
4460,1805,24,2,14.99,29.98
4461,1806,69,2,3.99,7.98
4462,1806,29,3,3.99,11.97
4463,1806,51,2,39.99,79.98
4464,1807,30,2,2.49,4.98
4465,1808,65,2,12.99,25.98
4466,1808,12,1,2499.99,2499.99
4467,1809,47,2,49.99,99.98
4468,1809,93,3,89.99,269.97
4469,1809,82,2,1499.99,2999.98
4470,1810,81,2,1099.99,2199.98
4471,1810,17,1,12.99,12.99
4472,1810,84,2,24.99,49.98
4473,1810,55,2,6.99,13.98
4474,1811,53,2,12.99,25.98
4475,1811,50,1,9.99,9.99
4476,1811,23,2,2.99,5.98
4477,1812,24,1,14.99,14.99
4478,1812,81,1,1099.99,1099.99
4479,1812,88,1,149.99,149.99
4480,1812,58,3,3.99,11.97
4481,1813,73,2,19.99,39.98
4482,1813,93,1,89.99,89.99
4483,1813,64,3,14.99,44.97
4484,1814,100,1,129.99,129.99
4485,1814,25,3,1.29,3.87
4486,1815,33,3,4.99,14.97
4487,1815,52,2,29.99,59.98
4488,1815,27,3,6.99,20.97
4489,1815,73,2,19.99,39.98
4490,1816,93,2,89.99,179.98
4491,1817,26,2,0.99,1.98
4492,1817,48,1,7.99,7.99
4493,1817,74,1,4.99,4.99
4494,1818,9,3,69.99,209.97
4495,1819,54,3,8.99,26.97
4496,1819,18,3,8.99,26.97
4497,1819,14,3,499.99,1499.97
4498,1819,50,1,9.99,9.99
4499,1820,87,1,27.99,27.99
4500,1820,59,2,4.99,9.98
4501,1821,75,2,16.99,33.98
4502,1822,13,1,299.99,299.99
4503,1823,60,1,10.99,10.99
4504,1823,21,2,1.49,2.98
4505,1824,56,2,49.99,99.98
4506,1824,12,1,2499.99,2499.99
4507,1824,58,1,3.99,3.99
4508,1825,76,1,11.99,11.99
4509,1825,3,1,14.99,14.99
4510,1826,100,3,129.99,389.97
4511,1827,23,3,2.99,8.97
4512,1827,88,2,149.99,299.98
4513,1827,26,2,0.99,1.98
4514,1828,92,2,109.99,219.98
4515,1828,33,3,4.99,14.97
4516,1828,1,3,9.99,29.97
4517,1829,69,3,3.99,11.97
4518,1830,40,1,3.99,3.99
4519,1830,43,1,59.99,59.99
4520,1830,56,3,49.99,149.97
4521,1831,74,1,4.99,4.99
4522,1831,61,2,34.99,69.98
4523,1831,19,1,9.99,9.99
4524,1832,16,2,1.99,3.98
4525,1833,82,1,1499.99,1499.99
4526,1833,81,2,1099.99,2199.98
4527,1833,9,2,69.99,139.98
4528,1833,87,1,27.99,27.99
4529,1834,48,1,7.99,7.99
4530,1834,39,1,1.99,1.99
4531,1835,9,1,69.99,69.99
4532,1835,31,1,0.79,0.79
4533,1835,80,1,1399.99,1399.99
4534,1835,99,1,99.99,99.99
4535,1836,2,2,19.99,39.98
4536,1837,68,3,24.99,74.97
4537,1837,16,2,1.99,3.98
4538,1838,100,1,129.99,129.99
4539,1838,66,1,89.99,89.99
4540,1838,77,1,5.99,5.99
4541,1838,57,1,9.99,9.99
4542,1839,76,3,11.99,35.97
4543,1840,38,2,5.99,11.98
4544,1840,64,1,14.99,14.99
4545,1840,78,3,1999.99,5999.97
4546,1840,29,3,3.99,11.97
4547,1841,47,2,49.99,99.98
4548,1841,99,2,99.99,199.98
4549,1841,95,2,8999.99,17999.98
4550,1842,94,1,1499.99,1499.99
4551,1843,70,3,6.99,20.97
4552,1844,22,2,10.99,21.98
4553,1844,49,2,5.99,11.98
4554,1845,49,2,5.99,11.98
4555,1845,88,3,149.99,449.97
4556,1845,100,1,129.99,129.99
4557,1845,50,2,9.99,19.98
4558,1846,26,3,0.99,2.97
4559,1847,99,3,99.99,299.97
4560,1847,45,1,39.99,39.99
4561,1847,28,1,5.49,5.49
4562,1848,17,1,12.99,12.99
4563,1848,88,2,149.99,299.98
4564,1848,18,2,8.99,17.98
4565,1848,99,3,99.99,299.97
4566,1849,7,1,129.99,129.99
4567,1849,100,2,129.99,259.98
4568,1850,40,1,3.99,3.99
4569,1850,58,3,3.99,11.97
4570,1850,79,3,1799.99,5399.97
4571,1850,16,3,1.99,5.97
4572,1851,83,2,29.99,59.98
4573,1852,61,1,34.99,34.99
4574,1852,67,2,15.99,31.98
4575,1852,22,3,10.99,32.97
4576,1852,52,3,29.99,89.97
4577,1853,18,2,8.99,17.98
4578,1853,76,1,11.99,11.99
4579,1853,53,1,12.99,12.99
4580,1854,48,1,7.99,7.99
4581,1854,58,2,3.99,7.98
4582,1854,36,2,19.99,39.98
4583,1855,96,1,12999.99,12999.99
4584,1856,18,2,8.99,17.98
4585,1856,47,2,49.99,99.98
4586,1857,17,2,12.99,25.98
4587,1857,9,2,69.99,139.98
4588,1857,76,1,11.99,11.99
4589,1857,65,2,12.99,25.98
4590,1858,57,3,9.99,29.97
4591,1858,36,2,19.99,39.98
4592,1858,96,1,12999.99,12999.99
4593,1858,100,3,129.99,389.97
4594,1859,93,1,89.99,89.99
4595,1859,8,1,89.99,89.99
4596,1859,22,2,10.99,21.98
4597,1859,66,3,89.99,269.97
4598,1860,67,2,15.99,31.98
4599,1860,71,1,39.99,39.99
4600,1860,37,2,1.99,3.98
4601,1861,70,2,6.99,13.98
4602,1862,91,1,119.99,119.99
4603,1862,50,1,9.99,9.99
4604,1863,83,2,29.99,59.98
4605,1864,57,1,9.99,9.99
4606,1865,82,1,1499.99,1499.99
4607,1865,32,1,3.49,3.49
4608,1865,7,2,129.99,259.98
4609,1866,24,3,14.99,44.97
4610,1866,47,1,49.99,49.99
4611,1866,44,1,29.99,29.99
4612,1867,76,2,11.99,23.98
4613,1867,78,3,1999.99,5999.97
4614,1868,43,1,59.99,59.99
4615,1869,97,3,10999.99,32999.97
4616,1869,85,1,34.99,34.99
4617,1869,29,1,3.99,3.99
4618,1869,84,2,24.99,49.98
4619,1870,91,1,119.99,119.99
4620,1870,58,2,3.99,7.98
4621,1871,48,2,7.99,15.98
4622,1872,70,2,6.99,13.98
4623,1873,71,1,39.99,39.99
4624,1873,44,3,29.99,89.97
4625,1873,78,2,1999.99,3999.98
4626,1874,28,3,5.49,16.47
4627,1874,48,3,7.99,23.97
4628,1875,20,2,4.99,9.98
4629,1875,64,3,14.99,44.97
4630,1875,83,1,29.99,29.99
4631,1876,29,1,3.99,3.99
4632,1876,18,1,8.99,8.99
4633,1877,45,1,39.99,39.99
4634,1877,27,3,6.99,20.97
4635,1877,3,2,14.99,29.98
4636,1877,52,1,29.99,29.99
4637,1878,98,3,13999.99,41999.97
4638,1878,56,3,49.99,149.97
4639,1879,80,1,1399.99,1399.99
4640,1879,86,2,19.99,39.98
4641,1879,22,2,10.99,21.98
4642,1880,36,1,19.99,19.99
4643,1880,51,2,39.99,79.98
4644,1880,65,3,12.99,38.97
4645,1880,68,1,24.99,24.99
4646,1881,38,3,5.99,17.97
4647,1881,7,1,129.99,129.99
4648,1881,94,1,1499.99,1499.99
4649,1881,2,1,19.99,19.99
4650,1882,70,3,6.99,20.97
4651,1882,42,3,0.99,2.97
4652,1882,91,1,119.99,119.99
4653,1883,74,1,4.99,4.99
4654,1883,58,2,3.99,7.98
4655,1884,77,1,5.99,5.99
4656,1885,18,2,8.99,17.98
4657,1885,61,3,34.99,104.97
4658,1885,98,2,13999.99,27999.98
4659,1885,47,2,49.99,99.98
4660,1886,67,1,15.99,15.99
4661,1886,72,1,8.99,8.99
4662,1887,85,1,34.99,34.99
4663,1887,65,3,12.99,38.97
4664,1887,38,2,5.99,11.98
4665,1887,68,3,24.99,74.97
4666,1888,44,1,29.99,29.99
4667,1888,100,3,129.99,389.97
4668,1888,39,1,1.99,1.99
4669,1889,78,2,1999.99,3999.98
4670,1889,92,1,109.99,109.99
4671,1889,83,3,29.99,89.97
4672,1890,59,2,4.99,9.98
4673,1890,37,1,1.99,1.99
4674,1890,74,3,4.99,14.97
4675,1890,88,3,149.99,449.97
4676,1891,66,3,89.99,269.97
4677,1891,12,2,2499.99,4999.98
4678,1891,88,3,149.99,449.97
4679,1891,9,2,69.99,139.98
4680,1892,86,3,19.99,59.97
4681,1892,39,2,1.99,3.98
4682,1893,71,2,39.99,79.98
4683,1893,44,3,29.99,89.97
4684,1894,11,2,1899.99,3799.98
4685,1894,2,3,19.99,59.97
4686,1894,8,1,89.99,89.99
4687,1894,39,1,1.99,1.99
4688,1895,11,1,1899.99,1899.99
4689,1895,67,2,15.99,31.98
4690,1896,77,2,5.99,11.98
4691,1896,59,1,4.99,4.99
4692,1897,91,1,119.99,119.99
4693,1898,48,1,7.99,7.99
4694,1898,6,3,49.99,149.97
4695,1899,61,1,34.99,34.99
4696,1900,7,2,129.99,259.98
4697,1900,97,3,10999.99,32999.97
4698,1900,56,3,49.99,149.97
4699,1901,27,3,6.99,20.97
4700,1901,68,3,24.99,74.97
4701,1902,62,2,5.99,11.98
4702,1902,93,1,89.99,89.99
4703,1903,21,3,1.49,4.47
4704,1903,69,3,3.99,11.97
4705,1904,7,3,129.99,389.97
4706,1904,33,1,4.99,4.99
4707,1904,45,1,39.99,39.99
4708,1905,62,1,5.99,5.99
4709,1905,75,3,16.99,50.97
4710,1905,89,3,79.99,239.97
4711,1906,73,1,19.99,19.99
4712,1906,27,2,6.99,13.98
4713,1906,82,2,1499.99,2999.98
4714,1907,40,3,3.99,11.97
4715,1907,55,1,6.99,6.99
4716,1907,38,3,5.99,17.97
4717,1907,60,1,10.99,10.99
4718,1908,31,1,0.79,0.79
4719,1908,36,1,19.99,19.99
4720,1908,64,2,14.99,29.98
4721,1909,48,2,7.99,15.98
4722,1909,79,1,1799.99,1799.99
4723,1909,46,3,14.99,44.97
4724,1910,66,2,89.99,179.98
4725,1911,81,2,1099.99,2199.98
4726,1912,58,1,3.99,3.99
4727,1912,2,2,19.99,39.98
4728,1912,1,3,9.99,29.97
4729,1913,20,3,4.99,14.97
4730,1913,96,3,12999.99,38999.97
4731,1914,89,2,79.99,159.98
4732,1914,66,1,89.99,89.99
4733,1915,19,2,9.99,19.98
4734,1915,90,2,89.99,179.98
4735,1915,23,3,2.99,8.97
4736,1916,93,1,89.99,89.99
4737,1916,44,3,29.99,89.97
4738,1917,70,2,6.99,13.98
4739,1917,67,1,15.99,15.99
4740,1917,34,2,7.99,15.98
4741,1917,32,3,3.49,10.47
4742,1918,92,1,109.99,109.99
4743,1918,45,1,39.99,39.99
4744,1918,53,3,12.99,38.97
4745,1918,13,2,299.99,599.98
4746,1919,36,2,19.99,39.98
4747,1919,98,1,13999.99,13999.99
4748,1919,64,2,14.99,29.98
4749,1920,98,1,13999.99,13999.99
4750,1920,36,1,19.99,19.99
4751,1921,92,3,109.99,329.97
4752,1922,12,2,2499.99,4999.98
4753,1923,8,3,89.99,269.97
4754,1923,6,3,49.99,149.97
4755,1923,28,1,5.49,5.49
4756,1923,42,3,0.99,2.97
4757,1924,12,3,2499.99,7499.97
4758,1924,35,3,2.29,6.87
4759,1924,52,2,29.99,59.98
4760,1924,85,3,34.99,104.97
4761,1925,48,2,7.99,15.98
4762,1925,2,3,19.99,59.97
4763,1926,86,1,19.99,19.99
4764,1926,12,2,2499.99,4999.98
4765,1926,65,2,12.99,25.98
4766,1926,46,3,14.99,44.97
4767,1927,73,3,19.99,59.97
4768,1927,16,2,1.99,3.98
4769,1928,71,2,39.99,79.98
4770,1928,16,1,1.99,1.99
4771,1928,98,2,13999.99,27999.98
4772,1929,57,1,9.99,9.99
4773,1929,3,2,14.99,29.98
4774,1929,6,1,49.99,49.99
4775,1929,32,1,3.49,3.49
4776,1930,40,1,3.99,3.99
4777,1930,85,2,34.99,69.98
4778,1930,11,2,1899.99,3799.98
4779,1930,82,2,1499.99,2999.98
4780,1931,41,3,2.49,7.47
4781,1932,52,3,29.99,89.97
4782,1933,25,1,1.29,1.29
4783,1934,25,2,1.29,2.58
4784,1934,60,3,10.99,32.97
4785,1935,48,2,7.99,15.98
4786,1935,46,2,14.99,29.98
4787,1936,98,2,13999.99,27999.98
4788,1936,1,1,9.99,9.99
4789,1936,73,2,19.99,39.98
4790,1936,22,2,10.99,21.98
4791,1937,89,2,79.99,159.98
4792,1938,64,3,14.99,44.97
4793,1939,28,2,5.49,10.98
4794,1939,46,2,14.99,29.98
4795,1939,95,2,8999.99,17999.98
4796,1939,77,2,5.99,11.98
4797,1940,17,1,12.99,12.99
4798,1940,19,2,9.99,19.98
4799,1940,6,3,49.99,149.97
4800,1941,95,1,8999.99,8999.99
4801,1941,46,3,14.99,44.97
4802,1941,15,1,799.99,799.99
4803,1942,97,1,10999.99,10999.99
4804,1942,68,1,24.99,24.99
4805,1942,25,2,1.29,2.58
4806,1943,87,1,27.99,27.99
4807,1943,78,1,1999.99,1999.99
4808,1943,67,2,15.99,31.98
4809,1944,70,2,6.99,13.98
4810,1944,40,1,3.99,3.99
4811,1945,63,1,7.99,7.99
4812,1945,54,3,8.99,26.97
4813,1945,53,2,12.99,25.98
4814,1946,79,1,1799.99,1799.99
4815,1947,69,3,3.99,11.97
4816,1947,22,2,10.99,21.98
4817,1947,58,3,3.99,11.97
4818,1947,55,3,6.99,20.97
4819,1948,44,1,29.99,29.99
4820,1948,22,2,10.99,21.98
4821,1948,81,1,1099.99,1099.99
4822,1948,40,1,3.99,3.99
4823,1949,87,2,27.99,55.98
4824,1949,75,1,16.99,16.99
4825,1949,73,1,19.99,19.99
4826,1949,97,1,10999.99,10999.99
4827,1950,35,2,2.29,4.58
4828,1950,29,2,3.99,7.98
4829,1950,63,3,7.99,23.97
4830,1950,59,1,4.99,4.99
4831,1951,4,3,12.99,38.97
4832,1952,91,2,119.99,239.98
4833,1952,4,2,12.99,25.98
4834,1952,92,1,109.99,109.99
4835,1952,93,3,89.99,269.97
4836,1953,9,2,69.99,139.98
4837,1953,86,3,19.99,59.97
4838,1953,73,2,19.99,39.98
4839,1953,41,3,2.49,7.47
4840,1954,56,3,49.99,149.97
4841,1954,88,2,149.99,299.98
4842,1954,13,3,299.99,899.97
4843,1955,58,2,3.99,7.98
4844,1955,91,2,119.99,239.98
4845,1956,20,1,4.99,4.99
4846,1956,38,3,5.99,17.97
4847,1956,28,3,5.49,16.47
4848,1957,27,3,6.99,20.97
4849,1957,26,2,0.99,1.98
4850,1957,61,3,34.99,104.97
4851,1958,50,2,9.99,19.98
4852,1958,12,2,2499.99,4999.98
4853,1958,23,1,2.99,2.99
4854,1959,64,1,14.99,14.99
4855,1959,83,1,29.99,29.99
4856,1959,98,3,13999.99,41999.97
4857,1960,48,2,7.99,15.98
4858,1960,25,1,1.29,1.29
4859,1960,11,3,1899.99,5699.97
4860,1961,55,2,6.99,13.98
4861,1961,88,2,149.99,299.98
4862,1962,2,3,19.99,59.97
4863,1962,38,1,5.99,5.99
4864,1962,96,3,12999.99,38999.97
4865,1963,61,3,34.99,104.97
4866,1963,68,2,24.99,49.98
4867,1964,10,1,79.99,79.99
4868,1965,78,3,1999.99,5999.97
4869,1965,72,1,8.99,8.99
4870,1966,19,3,9.99,29.97
4871,1966,21,3,1.49,4.47
4872,1966,62,3,5.99,17.97
4873,1966,10,2,79.99,159.98
4874,1967,29,2,3.99,7.98
4875,1967,8,1,89.99,89.99
4876,1967,19,3,9.99,29.97
4877,1968,16,2,1.99,3.98
4878,1968,67,2,15.99,31.98
4879,1969,67,1,15.99,15.99
4880,1969,31,1,0.79,0.79
4881,1969,14,2,499.99,999.98
4882,1969,96,3,12999.99,38999.97
4883,1970,9,1,69.99,69.99
4884,1970,54,1,8.99,8.99
4885,1971,72,1,8.99,8.99
4886,1972,11,1,1899.99,1899.99
4887,1972,7,2,129.99,259.98
4888,1972,3,1,14.99,14.99
4889,1972,18,3,8.99,26.97
4890,1973,81,3,1099.99,3299.97
4891,1974,15,1,799.99,799.99
4892,1975,70,3,6.99,20.97
4893,1976,12,1,2499.99,2499.99
4894,1976,35,1,2.29,2.29
4895,1977,12,3,2499.99,7499.97
4896,1977,51,1,39.99,39.99
4897,1978,11,3,1899.99,5699.97
4898,1978,95,3,8999.99,26999.97
4899,1978,90,3,89.99,269.97
4900,1979,22,1,10.99,10.99
4901,1979,97,1,10999.99,10999.99
4902,1979,12,3,2499.99,7499.97
4903,1980,67,1,15.99,15.99
4904,1980,65,3,12.99,38.97
4905,1980,76,3,11.99,35.97
4906,1980,10,2,79.99,159.98
4907,1981,12,1,2499.99,2499.99
4908,1982,48,2,7.99,15.98
4909,1982,11,1,1899.99,1899.99
4910,1982,83,3,29.99,89.97
4911,1983,14,2,499.99,999.98
4912,1983,70,2,6.99,13.98
4913,1984,77,3,5.99,17.97
4914,1984,16,3,1.99,5.97
4915,1984,85,1,34.99,34.99
4916,1984,12,1,2499.99,2499.99
4917,1985,52,2,29.99,59.98
4918,1985,86,3,19.99,59.97
4919,1985,93,1,89.99,89.99
4920,1986,29,2,3.99,7.98
4921,1986,41,3,2.49,7.47
4922,1986,50,3,9.99,29.97
4923,1986,85,3,34.99,104.97
4924,1987,13,3,299.99,899.97
4925,1987,88,1,149.99,149.99
4926,1987,55,2,6.99,13.98
4927,1987,83,1,29.99,29.99
4928,1988,39,2,1.99,3.98
4929,1988,99,3,99.99,299.97
4930,1988,58,2,3.99,7.98
4931,1988,44,3,29.99,89.97
4932,1989,31,1,0.79,0.79
4933,1989,73,1,19.99,19.99
4934,1989,15,2,799.99,1599.98
4935,1989,58,1,3.99,3.99
4936,1990,42,2,0.99,1.98
4937,1991,100,3,129.99,389.97
4938,1991,62,2,5.99,11.98
4939,1991,92,2,109.99,219.98
4940,1991,36,3,19.99,59.97
4941,1992,21,2,1.49,2.98
4942,1992,33,1,4.99,4.99
4943,1993,74,3,4.99,14.97
4944,1994,59,1,4.99,4.99
4945,1994,12,2,2499.99,4999.98
4946,1994,87,2,27.99,55.98
4947,1995,91,2,119.99,239.98
4948,1995,28,3,5.49,16.47
4949,1995,37,2,1.99,3.98
4950,1995,4,2,12.99,25.98
4951,1996,85,2,34.99,69.98
4952,1996,74,1,4.99,4.99
4953,1996,15,1,799.99,799.99
4954,1996,22,2,10.99,21.98
4955,1997,21,2,1.49,2.98
4956,1997,74,2,4.99,9.98
4957,1998,89,2,79.99,159.98
4958,1998,38,1,5.99,5.99
4959,1998,65,1,12.99,12.99
4960,1999,57,1,9.99,9.99
4961,2000,76,1,11.99,11.99
4962,2000,60,2,10.99,21.98
4963,2001,81,3,1099.99,3299.97
4964,2001,21,1,1.49,1.49
4965,2002,4,2,12.99,25.98
4966,2002,18,2,8.99,17.98
4967,2002,71,3,39.99,119.97
4968,2003,19,3,9.99,29.97
4969,2003,10,3,79.99,239.97
4970,2003,58,2,3.99,7.98
4971,2004,19,1,9.99,9.99
4972,2004,76,3,11.99,35.97
4973,2005,76,3,11.99,35.97
4974,2006,89,3,79.99,239.97
4975,2007,21,2,1.49,2.98
4976,2007,70,1,6.99,6.99
4977,2008,31,1,0.79,0.79
4978,2009,68,1,24.99,24.99
4979,2009,24,2,14.99,29.98
4980,2010,21,3,1.49,4.47
4981,2010,11,1,1899.99,1899.99
4982,2010,25,3,1.29,3.87
4983,2011,53,2,12.99,25.98
4984,2011,23,3,2.99,8.97
4985,2012,93,1,89.99,89.99
4986,2013,77,3,5.99,17.97
4987,2013,68,3,24.99,74.97
4988,2013,50,1,9.99,9.99
4989,2013,91,1,119.99,119.99
4990,2014,67,1,15.99,15.99
4991,2014,76,1,11.99,11.99
4992,2014,61,2,34.99,69.98
4993,2015,45,3,39.99,119.97
4994,2015,49,2,5.99,11.98
4995,2015,19,3,9.99,29.97
4996,2015,56,1,49.99,49.99
4997,2016,30,3,2.49,7.47
4998,2016,8,1,89.99,89.99
4999,2017,33,1,4.99,4.99
5000,2017,2,2,19.99,39.98
5001,2017,25,3,1.29,3.87
5002,2017,77,2,5.99,11.98
5003,2018,78,3,1999.99,5999.97
5004,2018,72,2,8.99,17.98
5005,2018,39,2,1.99,3.98
5006,2018,96,2,12999.99,25999.98
5007,2019,80,1,1399.99,1399.99
5008,2019,26,3,0.99,2.97
5009,2019,81,3,1099.99,3299.97
5010,2019,4,1,12.99,12.99
5011,2020,60,1,10.99,10.99
5012,2020,7,3,129.99,389.97
5013,2021,74,1,4.99,4.99
5014,2021,26,2,0.99,1.98
5015,2022,93,2,89.99,179.98
5016,2022,50,1,9.99,9.99
5017,2023,10,2,79.99,159.98
5018,2023,90,3,89.99,269.97
5019,2023,35,1,2.29,2.29
5020,2023,62,1,5.99,5.99
5021,2024,8,3,89.99,269.97
5022,2024,67,3,15.99,47.97
5023,2025,78,2,1999.99,3999.98
5024,2026,21,2,1.49,2.98
5025,2026,10,1,79.99,79.99
5026,2026,5,1,8.99,8.99
5027,2026,69,2,3.99,7.98
5028,2027,53,3,12.99,38.97
5029,2027,64,3,14.99,44.97
5030,2028,81,1,1099.99,1099.99
5031,2028,84,2,24.99,49.98
5032,2028,87,2,27.99,55.98
5033,2029,82,3,1499.99,4499.97
5034,2029,73,1,19.99,19.99
5035,2029,50,1,9.99,9.99
5036,2030,53,2,12.99,25.98
5037,2030,1,3,9.99,29.97
5038,2031,18,3,8.99,26.97
5039,2031,62,3,5.99,17.97
5040,2032,17,1,12.99,12.99
5041,2032,9,3,69.99,209.97
5042,2032,59,1,4.99,4.99
5043,2033,50,2,9.99,19.98
5044,2033,85,1,34.99,34.99
5045,2034,83,1,29.99,29.99
5046,2034,48,3,7.99,23.97
5047,2034,67,2,15.99,31.98
5048,2034,79,2,1799.99,3599.98
5049,2035,29,3,3.99,11.97
5050,2036,77,1,5.99,5.99
5051,2036,61,3,34.99,104.97
5052,2037,7,3,129.99,389.97
5053,2037,82,1,1499.99,1499.99
5054,2037,20,2,4.99,9.98
5055,2038,54,3,8.99,26.97
5056,2038,91,3,119.99,359.97
5057,2039,93,1,89.99,89.99
5058,2039,11,3,1899.99,5699.97
5059,2039,55,2,6.99,13.98
5060,2039,41,3,2.49,7.47
5061,2040,67,1,15.99,15.99
5062,2040,78,2,1999.99,3999.98
5063,2041,38,2,5.99,11.98
5064,2042,47,1,49.99,49.99
5065,2042,15,1,799.99,799.99
5066,2043,95,3,8999.99,26999.97
5067,2043,98,3,13999.99,41999.97
5068,2044,64,2,14.99,29.98
5069,2044,74,3,4.99,14.97
5070,2044,38,2,5.99,11.98
5071,2045,28,1,5.49,5.49
5072,2045,90,2,89.99,179.98
5073,2046,12,3,2499.99,7499.97
5074,2047,77,1,5.99,5.99
5075,2047,8,2,89.99,179.98
5076,2047,72,3,8.99,26.97
5077,2047,100,1,129.99,129.99
5078,2048,80,2,1399.99,2799.98
5079,2048,73,2,19.99,39.98
5080,2049,82,1,1499.99,1499.99
5081,2050,88,1,149.99,149.99
5082,2050,67,3,15.99,47.97
5083,2051,30,2,2.49,4.98
5084,2051,8,3,89.99,269.97
5085,2052,62,1,5.99,5.99
5086,2052,34,1,7.99,7.99
5087,2052,2,3,19.99,59.97
5088,2053,51,2,39.99,79.98
5089,2053,61,2,34.99,69.98
5090,2053,79,1,1799.99,1799.99
5091,2054,3,3,14.99,44.97
5092,2054,42,2,0.99,1.98
5093,2054,95,2,8999.99,17999.98
5094,2055,42,1,0.99,0.99
5095,2055,99,2,99.99,199.98
5096,2055,83,3,29.99,89.97
5097,2056,35,1,2.29,2.29
5098,2056,34,1,7.99,7.99
5099,2057,91,3,119.99,359.97
5100,2057,12,2,2499.99,4999.98
5101,2057,9,1,69.99,69.99
5102,2057,32,2,3.49,6.98
5103,2058,27,2,6.99,13.98
5104,2058,56,3,49.99,149.97
5105,2058,76,3,11.99,35.97
5106,2059,27,3,6.99,20.97
5107,2059,40,2,3.99,7.98
5108,2059,22,1,10.99,10.99
5109,2060,46,3,14.99,44.97
5110,2060,21,1,1.49,1.49
5111,2060,11,2,1899.99,3799.98
5112,2061,36,1,19.99,19.99
5113,2062,96,1,12999.99,12999.99
5114,2062,82,1,1499.99,1499.99
5115,2062,76,2,11.99,23.98
5116,2063,28,2,5.49,10.98
5117,2063,87,1,27.99,27.99
5118,2064,18,2,8.99,17.98
5119,2064,4,2,12.99,25.98
5120,2065,28,2,5.49,10.98
5121,2065,19,2,9.99,19.98
5122,2065,44,2,29.99,59.98
5123,2065,31,1,0.79,0.79
5124,2066,68,1,24.99,24.99
5125,2066,51,2,39.99,79.98
5126,2066,98,1,13999.99,13999.99
5127,2066,92,2,109.99,219.98
5128,2067,19,1,9.99,9.99
5129,2067,8,3,89.99,269.97
5130,2068,35,1,2.29,2.29
5131,2068,97,3,10999.99,32999.97
5132,2068,11,2,1899.99,3799.98
5133,2069,72,1,8.99,8.99
5134,2069,53,2,12.99,25.98
5135,2069,69,3,3.99,11.97
5136,2070,39,1,1.99,1.99
5137,2071,92,3,109.99,329.97
5138,2072,57,3,9.99,29.97
5139,2072,67,3,15.99,47.97
5140,2073,86,2,19.99,39.98
5141,2074,22,3,10.99,32.97
5142,2074,32,3,3.49,10.47
5143,2074,46,1,14.99,14.99
5144,2074,62,3,5.99,17.97
5145,2075,95,1,8999.99,8999.99
5146,2075,72,1,8.99,8.99
5147,2075,69,3,3.99,11.97
5148,2076,65,1,12.99,12.99
5149,2077,89,1,79.99,79.99
5150,2078,92,3,109.99,329.97
5151,2078,11,1,1899.99,1899.99
5152,2079,63,3,7.99,23.97
5153,2079,43,3,59.99,179.97
5154,2080,21,2,1.49,2.98
5155,2080,41,1,2.49,2.49
5156,2080,36,3,19.99,59.97
5157,2080,1,1,9.99,9.99
5158,2081,49,1,5.99,5.99
5159,2081,72,2,8.99,17.98
5160,2082,9,2,69.99,139.98
5161,2083,15,3,799.99,2399.97
5162,2083,100,2,129.99,259.98
5163,2084,8,1,89.99,89.99
5164,2085,8,1,89.99,89.99
5165,2085,90,2,89.99,179.98
5166,2086,53,3,12.99,38.97
5167,2086,7,1,129.99,129.99
5168,2086,35,3,2.29,6.87
5169,2087,57,3,9.99,29.97
5170,2087,17,3,12.99,38.97
5171,2087,44,1,29.99,29.99
5172,2087,71,3,39.99,119.97
5173,2088,15,1,799.99,799.99
5174,2088,64,2,14.99,29.98
5175,2088,53,2,12.99,25.98
5176,2089,90,2,89.99,179.98
5177,2089,25,2,1.29,2.58
5178,2089,44,1,29.99,29.99
5179,2090,40,2,3.99,7.98
5180,2090,63,1,7.99,7.99
5181,2090,97,2,10999.99,21999.98
5182,2090,41,3,2.49,7.47
5183,2091,67,1,15.99,15.99
5184,2092,88,3,149.99,449.97
5185,2092,98,3,13999.99,41999.97
5186,2092,2,1,19.99,19.99
5187,2093,92,1,109.99,109.99
5188,2093,23,1,2.99,2.99
5189,2094,90,1,89.99,89.99
5190,2094,26,1,0.99,0.99
5191,2095,18,3,8.99,26.97
5192,2095,56,2,49.99,99.98
5193,2096,44,3,29.99,89.97
5194,2096,70,3,6.99,20.97
5195,2097,57,3,9.99,29.97
5196,2097,75,2,16.99,33.98
5197,2097,8,1,89.99,89.99
5198,2097,78,1,1999.99,1999.99
5199,2098,47,1,49.99,49.99
5200,2098,83,3,29.99,89.97
5201,2098,35,3,2.29,6.87
5202,2098,72,1,8.99,8.99
5203,2099,10,2,79.99,159.98
5204,2099,38,1,5.99,5.99
5205,2099,18,1,8.99,8.99
5206,2099,80,1,1399.99,1399.99
5207,2100,59,1,4.99,4.99
5208,2100,23,1,2.99,2.99
5209,2101,89,2,79.99,159.98
5210,2101,32,1,3.49,3.49
5211,2102,44,3,29.99,89.97
5212,2102,2,3,19.99,59.97
5213,2102,59,1,4.99,4.99
5214,2102,83,2,29.99,59.98
5215,2103,93,2,89.99,179.98
5216,2103,11,3,1899.99,5699.97
5217,2103,57,1,9.99,9.99
5218,2104,46,3,14.99,44.97
5219,2104,92,2,109.99,219.98
5220,2104,50,2,9.99,19.98
5221,2104,59,1,4.99,4.99
5222,2105,3,3,14.99,44.97
5223,2105,89,1,79.99,79.99
5224,2105,43,2,59.99,119.98
5225,2106,85,1,34.99,34.99
5226,2106,99,2,99.99,199.98
5227,2106,82,1,1499.99,1499.99
5228,2107,22,1,10.99,10.99
5229,2108,50,3,9.99,29.97
5230,2108,76,1,11.99,11.99
5231,2109,48,1,7.99,7.99
5232,2110,97,2,10999.99,21999.98
5233,2111,39,2,1.99,3.98
5234,2112,66,1,89.99,89.99
5235,2112,31,2,0.79,1.58
5236,2112,50,2,9.99,19.98
5237,2112,8,2,89.99,179.98
5238,2113,92,2,109.99,219.98
5239,2114,23,2,2.99,5.98
5240,2115,16,3,1.99,5.97
5241,2115,6,2,49.99,99.98
5242,2116,14,2,499.99,999.98
5243,2116,35,3,2.29,6.87
5244,2116,61,3,34.99,104.97
5245,2117,68,2,24.99,49.98
5246,2118,81,1,1099.99,1099.99
5247,2118,51,1,39.99,39.99
5248,2118,93,2,89.99,179.98
5249,2118,23,2,2.99,5.98
5250,2119,46,2,14.99,29.98
5251,2120,1,3,9.99,29.97
5252,2120,69,3,3.99,11.97
5253,2120,49,1,5.99,5.99
5254,2120,86,3,19.99,59.97
5255,2121,11,1,1899.99,1899.99
5256,2121,33,2,4.99,9.98
5257,2121,18,1,8.99,8.99
5258,2122,2,2,19.99,39.98
5259,2122,38,2,5.99,11.98
5260,2122,44,1,29.99,29.99
5261,2122,71,2,39.99,79.98
5262,2123,47,1,49.99,49.99
5263,2123,57,2,9.99,19.98
5264,2123,82,2,1499.99,2999.98
5265,2124,42,2,0.99,1.98
5266,2124,5,1,8.99,8.99
5267,2124,55,1,6.99,6.99
5268,2124,99,1,99.99,99.99
5269,2125,95,3,8999.99,26999.97
5270,2125,55,3,6.99,20.97
5271,2125,25,2,1.29,2.58
5272,2125,3,1,14.99,14.99
5273,2126,92,1,109.99,109.99
5274,2126,13,3,299.99,899.97
5275,2127,2,3,19.99,59.97
5276,2127,84,3,24.99,74.97
5277,2127,23,1,2.99,2.99
5278,2127,100,3,129.99,389.97
5279,2128,49,2,5.99,11.98
5280,2128,59,3,4.99,14.97
5281,2128,10,3,79.99,239.97
5282,2129,58,1,3.99,3.99
5283,2130,41,2,2.49,4.98
5284,2131,86,2,19.99,39.98
5285,2131,65,3,12.99,38.97
5286,2131,33,3,4.99,14.97
5287,2131,62,3,5.99,17.97
5288,2132,12,1,2499.99,2499.99
5289,2132,87,2,27.99,55.98
5290,2132,22,1,10.99,10.99
5291,2133,14,2,499.99,999.98
5292,2134,26,3,0.99,2.97
5293,2134,25,2,1.29,2.58
5294,2135,38,3,5.99,17.97
5295,2135,33,1,4.99,4.99
5296,2135,83,3,29.99,89.97
5297,2136,94,2,1499.99,2999.98
5298,2136,27,2,6.99,13.98
5299,2137,45,1,39.99,39.99
5300,2137,43,2,59.99,119.98
5301,2138,91,2,119.99,239.98
5302,2138,98,3,13999.99,41999.97
5303,2139,19,3,9.99,29.97
5304,2140,67,3,15.99,47.97
5305,2140,56,3,49.99,149.97
5306,2141,98,2,13999.99,27999.98
5307,2142,7,2,129.99,259.98
5308,2142,68,3,24.99,74.97
5309,2142,42,2,0.99,1.98
5310,2143,70,2,6.99,13.98
5311,2143,47,3,49.99,149.97
5312,2143,1,1,9.99,9.99
5313,2143,100,1,129.99,129.99
5314,2144,89,3,79.99,239.97
5315,2145,17,3,12.99,38.97
5316,2145,83,3,29.99,89.97
5317,2146,95,2,8999.99,17999.98
5318,2146,100,1,129.99,129.99
5319,2146,42,2,0.99,1.98
5320,2147,40,2,3.99,7.98
5321,2147,10,2,79.99,159.98
5322,2148,76,1,11.99,11.99
5323,2148,33,2,4.99,9.98
5324,2148,28,3,5.49,16.47
5325,2148,64,2,14.99,29.98
5326,2149,68,1,24.99,24.99
5327,2149,42,1,0.99,0.99
5328,2150,29,2,3.99,7.98
5329,2150,53,2,12.99,25.98
5330,2150,46,2,14.99,29.98
5331,2151,90,1,89.99,89.99
5332,2152,87,1,27.99,27.99
5333,2153,76,2,11.99,23.98
5334,2153,71,2,39.99,79.98
5335,2153,9,1,69.99,69.99
5336,2153,35,1,2.29,2.29
5337,2154,82,1,1499.99,1499.99
5338,2154,23,2,2.99,5.98
5339,2154,41,3,2.49,7.47
5340,2154,31,2,0.79,1.58
5341,2155,64,2,14.99,29.98
5342,2155,61,1,34.99,34.99
5343,2156,65,3,12.99,38.97
5344,2156,96,1,12999.99,12999.99
5345,2156,12,2,2499.99,4999.98
5346,2156,82,2,1499.99,2999.98
5347,2157,13,2,299.99,599.98
5348,2157,6,3,49.99,149.97
5349,2158,29,1,3.99,3.99
5350,2158,28,3,5.49,16.47
5351,2159,59,2,4.99,9.98
5352,2159,64,3,14.99,44.97
5353,2159,33,1,4.99,4.99
5354,2159,76,3,11.99,35.97
5355,2160,91,3,119.99,359.97
5356,2160,4,2,12.99,25.98
5357,2161,56,3,49.99,149.97
5358,2162,44,3,29.99,89.97
5359,2162,11,3,1899.99,5699.97
5360,2162,31,2,0.79,1.58
5361,2163,22,3,10.99,32.97
5362,2163,31,1,0.79,0.79
5363,2163,70,3,6.99,20.97
5364,2164,18,2,8.99,17.98
5365,2164,51,1,39.99,39.99
5366,2164,79,1,1799.99,1799.99
5367,2164,94,2,1499.99,2999.98
5368,2165,68,2,24.99,49.98
5369,2166,70,2,6.99,13.98
5370,2166,20,3,4.99,14.97
5371,2166,30,1,2.49,2.49
5372,2166,65,3,12.99,38.97
5373,2167,72,1,8.99,8.99
5374,2167,20,2,4.99,9.98
5375,2167,21,3,1.49,4.47
5376,2168,64,2,14.99,29.98
5377,2168,7,3,129.99,389.97
5378,2169,52,2,29.99,59.98
5379,2169,45,2,39.99,79.98
5380,2169,2,3,19.99,59.97
5381,2169,20,3,4.99,14.97
5382,2170,33,3,4.99,14.97
5383,2170,63,2,7.99,15.98
5384,2171,73,2,19.99,39.98
5385,2171,71,1,39.99,39.99
5386,2171,15,1,799.99,799.99
5387,2171,6,1,49.99,49.99
5388,2172,77,3,5.99,17.97
5389,2172,95,1,8999.99,8999.99
5390,2173,51,3,39.99,119.97
5391,2173,33,3,4.99,14.97
5392,2173,68,1,24.99,24.99
5393,2174,84,1,24.99,24.99
5394,2174,39,3,1.99,5.97
5395,2175,56,1,49.99,49.99
5396,2175,78,3,1999.99,5999.97
5397,2175,70,3,6.99,20.97
5398,2176,59,3,4.99,14.97
5399,2176,48,2,7.99,15.98
5400,2176,32,3,3.49,10.47
5401,2177,13,2,299.99,599.98
5402,2178,65,2,12.99,25.98
5403,2178,19,3,9.99,29.97
5404,2179,48,1,7.99,7.99
5405,2179,19,2,9.99,19.98
5406,2179,83,3,29.99,89.97
5407,2180,7,3,129.99,389.97
5408,2180,60,1,10.99,10.99
5409,2181,58,3,3.99,11.97
5410,2181,26,2,0.99,1.98
5411,2182,33,3,4.99,14.97
5412,2183,89,2,79.99,159.98
5413,2183,48,3,7.99,23.97
5414,2183,27,2,6.99,13.98
5415,2184,87,3,27.99,83.97
5416,2185,54,1,8.99,8.99
5417,2185,93,2,89.99,179.98
5418,2185,60,1,10.99,10.99
5419,2186,100,2,129.99,259.98
5420,2187,76,2,11.99,23.98
5421,2188,49,2,5.99,11.98
5422,2189,80,2,1399.99,2799.98
5423,2190,44,3,29.99,89.97
5424,2191,68,2,24.99,49.98
5425,2191,99,3,99.99,299.97
5426,2191,21,3,1.49,4.47
5427,2192,19,1,9.99,9.99
5428,2193,33,2,4.99,9.98
5429,2193,77,1,5.99,5.99
5430,2193,81,3,1099.99,3299.97
5431,2194,21,3,1.49,4.47
5432,2194,82,1,1499.99,1499.99
5433,2194,90,1,89.99,89.99
5434,2194,6,3,49.99,149.97
5435,2195,65,1,12.99,12.99
5436,2195,80,3,1399.99,4199.97
5437,2195,63,3,7.99,23.97
5438,2196,99,2,99.99,199.98
5439,2196,55,3,6.99,20.97
5440,2196,17,2,12.99,25.98
5441,2197,8,2,89.99,179.98
5442,2197,50,3,9.99,29.97
5443,2198,92,3,109.99,329.97
5444,2198,7,3,129.99,389.97
5445,2199,82,2,1499.99,2999.98
5446,2199,45,1,39.99,39.99
5447,2199,1,1,9.99,9.99
5448,2199,63,2,7.99,15.98
5449,2200,35,2,2.29,4.58
5450,2200,94,1,1499.99,1499.99
5451,2201,2,1,19.99,19.99
5452,2202,98,2,13999.99,27999.98
5453,2202,94,1,1499.99,1499.99
5454,2202,15,1,799.99,799.99
5455,2203,45,3,39.99,119.97
5456,2203,74,1,4.99,4.99
5457,2204,46,2,14.99,29.98
5458,2204,49,3,5.99,17.97
5459,2204,19,1,9.99,9.99
5460,2204,61,3,34.99,104.97
5461,2205,74,3,4.99,14.97
5462,2205,49,3,5.99,17.97
5463,2205,90,1,89.99,89.99
5464,2206,63,1,7.99,7.99
5465,2206,99,2,99.99,199.98
5466,2206,34,3,7.99,23.97
5467,2206,19,2,9.99,19.98
5468,2207,26,2,0.99,1.98
5469,2208,95,2,8999.99,17999.98
5470,2208,91,1,119.99,119.99
5471,2208,30,3,2.49,7.47
5472,2209,22,2,10.99,21.98
5473,2209,12,3,2499.99,7499.97
5474,2210,82,3,1499.99,4499.97
5475,2210,43,1,59.99,59.99
5476,2210,33,3,4.99,14.97
5477,2211,69,3,3.99,11.97
5478,2211,81,1,1099.99,1099.99
5479,2212,56,1,49.99,49.99
5480,2213,85,2,34.99,69.98
5481,2213,69,1,3.99,3.99
5482,2213,63,2,7.99,15.98
5483,2213,44,3,29.99,89.97
5484,2214,24,2,14.99,29.98
5485,2214,4,3,12.99,38.97
5486,2214,57,3,9.99,29.97
5487,2214,9,3,69.99,209.97
5488,2215,86,1,19.99,19.99
5489,2215,28,1,5.49,5.49
5490,2215,92,1,109.99,109.99
5491,2215,27,2,6.99,13.98
5492,2216,16,1,1.99,1.99
5493,2216,26,3,0.99,2.97
5494,2217,54,2,8.99,17.98
5495,2217,44,2,29.99,59.98
5496,2217,93,1,89.99,89.99
5497,2218,78,1,1999.99,1999.99
5498,2218,16,2,1.99,3.98
5499,2218,29,3,3.99,11.97
5500,2219,21,3,1.49,4.47
5501,2219,46,1,14.99,14.99
5502,2219,63,1,7.99,7.99
5503,2219,82,1,1499.99,1499.99
5504,2220,95,2,8999.99,17999.98
5505,2220,20,1,4.99,4.99
5506,2220,18,1,8.99,8.99
5507,2220,84,3,24.99,74.97
5508,2221,84,3,24.99,74.97
5509,2221,41,2,2.49,4.98
5510,2222,53,2,12.99,25.98
5511,2222,50,3,9.99,29.97
5512,2222,80,2,1399.99,2799.98
5513,2223,35,2,2.29,4.58
5514,2224,90,3,89.99,269.97
5515,2224,56,2,49.99,99.98
5516,2224,82,3,1499.99,4499.97
5517,2224,66,3,89.99,269.97
5518,2225,59,2,4.99,9.98
5519,2225,68,3,24.99,74.97
5520,2225,56,1,49.99,49.99
5521,2225,58,1,3.99,3.99
5522,2226,86,2,19.99,39.98
5523,2226,82,1,1499.99,1499.99
5524,2226,75,2,16.99,33.98
5525,2227,99,2,99.99,199.98
5526,2227,79,1,1799.99,1799.99
5527,2228,64,1,14.99,14.99
5528,2228,89,1,79.99,79.99
5529,2228,19,2,9.99,19.98
5530,2228,23,1,2.99,2.99
5531,2229,70,2,6.99,13.98
5532,2229,6,2,49.99,99.98
5533,2230,70,3,6.99,20.97
5534,2230,14,2,499.99,999.98
5535,2230,85,2,34.99,69.98
5536,2231,60,2,10.99,21.98
5537,2231,25,3,1.29,3.87
5538,2231,84,1,24.99,24.99
5539,2231,45,2,39.99,79.98
5540,2232,86,3,19.99,59.97
5541,2232,93,1,89.99,89.99
5542,2232,54,3,8.99,26.97
5543,2232,23,2,2.99,5.98
5544,2233,98,2,13999.99,27999.98
5545,2233,85,2,34.99,69.98
5546,2233,74,3,4.99,14.97
5547,2234,55,3,6.99,20.97
5548,2234,30,2,2.49,4.98
5549,2235,37,3,1.99,5.97
5550,2235,5,1,8.99,8.99
5551,2235,74,1,4.99,4.99
5552,2235,82,3,1499.99,4499.97
5553,2236,22,2,10.99,21.98
5554,2236,30,1,2.49,2.49
5555,2236,86,2,19.99,39.98
5556,2236,49,1,5.99,5.99
5557,2237,60,1,10.99,10.99
5558,2238,68,3,24.99,74.97
5559,2238,95,1,8999.99,8999.99
5560,2238,73,1,19.99,19.99
5561,2238,51,1,39.99,39.99
5562,2239,21,3,1.49,4.47
5563,2239,20,3,4.99,14.97
5564,2239,14,3,499.99,1499.97
5565,2240,21,3,1.49,4.47
5566,2240,2,1,19.99,19.99
5567,2241,93,2,89.99,179.98
5568,2241,70,2,6.99,13.98
5569,2241,12,2,2499.99,4999.98
5570,2242,64,1,14.99,14.99
5571,2242,94,3,1499.99,4499.97
5572,2242,21,2,1.49,2.98
5573,2243,30,2,2.49,4.98
5574,2244,2,1,19.99,19.99
5575,2245,99,3,99.99,299.97
5576,2245,47,1,49.99,49.99
5577,2245,58,3,3.99,11.97
5578,2246,56,3,49.99,149.97
5579,2247,58,2,3.99,7.98
5580,2247,30,1,2.49,2.49
5581,2247,59,2,4.99,9.98
5582,2248,8,3,89.99,269.97
5583,2249,17,2,12.99,25.98
5584,2250,71,3,39.99,119.97
5585,2250,80,3,1399.99,4199.97
5586,2250,28,1,5.49,5.49
5587,2251,18,1,8.99,8.99
5588,2251,3,1,14.99,14.99
5589,2251,54,2,8.99,17.98
5590,2252,89,3,79.99,239.97
5591,2252,67,1,15.99,15.99
5592,2252,71,1,39.99,39.99
5593,2253,49,3,5.99,17.97
5594,2254,89,3,79.99,239.97
5595,2254,26,1,0.99,0.99
5596,2254,16,3,1.99,5.97
5597,2255,17,1,12.99,12.99
5598,2255,60,1,10.99,10.99
5599,2255,35,1,2.29,2.29
5600,2255,22,1,10.99,10.99
5601,2256,78,2,1999.99,3999.98
5602,2256,15,3,799.99,2399.97
5603,2256,94,2,1499.99,2999.98
5604,2256,19,3,9.99,29.97
5605,2257,64,2,14.99,29.98
5606,2258,13,2,299.99,599.98
5607,2258,66,3,89.99,269.97
5608,2259,12,2,2499.99,4999.98
5609,2259,96,1,12999.99,12999.99
5610,2259,11,2,1899.99,3799.98
5611,2259,58,2,3.99,7.98
5612,2260,61,3,34.99,104.97
5613,2261,67,3,15.99,47.97
5614,2261,23,1,2.99,2.99
5615,2262,63,3,7.99,23.97
5616,2263,59,3,4.99,14.97
5617,2263,33,2,4.99,9.98
5618,2263,43,1,59.99,59.99
5619,2264,15,2,799.99,1599.98
5620,2265,64,3,14.99,44.97
5621,2265,4,3,12.99,38.97
5622,2265,47,2,49.99,99.98
5623,2265,9,2,69.99,139.98
5624,2266,14,3,499.99,1499.97
5625,2266,20,1,4.99,4.99
5626,2266,35,2,2.29,4.58
5627,2267,18,3,8.99,26.97
5628,2267,2,2,19.99,39.98
5629,2268,51,1,39.99,39.99
5630,2268,17,3,12.99,38.97
5631,2268,18,2,8.99,17.98
5632,2268,30,1,2.49,2.49
5633,2269,82,3,1499.99,4499.97
5634,2269,96,3,12999.99,38999.97
5635,2270,44,1,29.99,29.99
5636,2271,56,1,49.99,49.99
5637,2271,35,1,2.29,2.29
5638,2271,7,2,129.99,259.98
5639,2272,60,2,10.99,21.98
5640,2272,45,2,39.99,79.98
5641,2273,68,1,24.99,24.99
5642,2273,67,1,15.99,15.99
5643,2273,17,2,12.99,25.98
5644,2274,99,1,99.99,99.99
5645,2274,94,1,1499.99,1499.99
5646,2274,32,3,3.49,10.47
5647,2275,70,3,6.99,20.97
5648,2275,30,3,2.49,7.47
5649,2275,78,3,1999.99,5999.97
5650,2275,59,3,4.99,14.97
5651,2276,3,3,14.99,44.97
5652,2276,98,2,13999.99,27999.98
5653,2277,36,2,19.99,39.98
5654,2277,96,1,12999.99,12999.99
5655,2278,33,1,4.99,4.99
5656,2278,65,2,12.99,25.98
5657,2279,66,3,89.99,269.97
5658,2279,33,2,4.99,9.98
5659,2280,23,3,2.99,8.97
5660,2280,30,3,2.49,7.47
5661,2280,70,1,6.99,6.99
5662,2280,71,2,39.99,79.98
5663,2281,11,3,1899.99,5699.97
5664,2281,2,3,19.99,59.97
5665,2281,85,3,34.99,104.97
5666,2282,20,1,4.99,4.99
5667,2282,47,2,49.99,99.98
5668,2282,18,2,8.99,17.98
5669,2282,51,2,39.99,79.98
5670,2283,41,1,2.49,2.49
5671,2283,61,1,34.99,34.99
5672,2283,31,2,0.79,1.58
5673,2283,89,3,79.99,239.97
5674,2284,43,1,59.99,59.99
5675,2284,78,3,1999.99,5999.97
5676,2284,47,1,49.99,49.99
5677,2285,82,1,1499.99,1499.99
5678,2285,15,1,799.99,799.99
5679,2286,64,2,14.99,29.98
5680,2286,87,3,27.99,83.97
5681,2286,33,3,4.99,14.97
5682,2287,17,2,12.99,25.98
5683,2287,75,3,16.99,50.97
5684,2287,78,3,1999.99,5999.97
5685,2287,47,2,49.99,99.98
5686,2288,55,1,6.99,6.99
5687,2288,58,1,3.99,3.99
5688,2289,28,2,5.49,10.98
5689,2290,35,3,2.29,6.87
5690,2291,23,2,2.99,5.98
5691,2292,52,1,29.99,29.99
5692,2292,10,3,79.99,239.97
5693,2293,70,1,6.99,6.99
5694,2293,69,2,3.99,7.98
5695,2293,47,2,49.99,99.98
5696,2294,1,2,9.99,19.98
5697,2295,76,1,11.99,11.99
5698,2296,20,2,4.99,9.98
5699,2296,29,2,3.99,7.98
5700,2297,6,1,49.99,49.99
5701,2297,64,2,14.99,29.98
5702,2297,81,1,1099.99,1099.99
5703,2298,9,3,69.99,209.97
5704,2298,92,3,109.99,329.97
5705,2299,52,1,29.99,29.99
5706,2299,97,1,10999.99,10999.99
5707,2299,75,3,16.99,50.97
5708,2300,26,3,0.99,2.97
5709,2300,64,3,14.99,44.97
5710,2300,38,2,5.99,11.98
5711,2301,87,3,27.99,83.97
5712,2302,16,2,1.99,3.98
5713,2302,63,3,7.99,23.97
5714,2303,56,3,49.99,149.97
5715,2303,4,2,12.99,25.98
5716,2303,7,3,129.99,389.97
5717,2304,41,2,2.49,4.98
5718,2305,89,3,79.99,239.97
5719,2305,44,1,29.99,29.99
5720,2306,78,3,1999.99,5999.97
5721,2306,87,2,27.99,55.98
5722,2306,50,3,9.99,29.97
5723,2306,9,1,69.99,69.99
5724,2307,86,3,19.99,59.97
5725,2307,50,1,9.99,9.99
5726,2307,94,1,1499.99,1499.99
5727,2307,73,2,19.99,39.98
5728,2308,95,1,8999.99,8999.99
5729,2308,57,1,9.99,9.99
5730,2309,64,1,14.99,14.99
5731,2310,90,1,89.99,89.99
5732,2311,22,3,10.99,32.97
5733,2311,85,3,34.99,104.97
5734,2312,38,3,5.99,17.97
5735,2312,71,3,39.99,119.97
5736,2312,7,1,129.99,129.99
5737,2313,97,3,10999.99,32999.97
5738,2314,58,3,3.99,11.97
5739,2314,22,1,10.99,10.99
5740,2314,66,3,89.99,269.97
5741,2314,77,1,5.99,5.99
5742,2315,15,3,799.99,2399.97
5743,2315,90,1,89.99,89.99
5744,2316,51,1,39.99,39.99
5745,2316,80,2,1399.99,2799.98
5746,2316,76,3,11.99,35.97
5747,2316,2,2,19.99,39.98
5748,2317,75,3,16.99,50.97
5749,2317,74,1,4.99,4.99
5750,2318,75,1,16.99,16.99
5751,2319,96,3,12999.99,38999.97
5752,2319,79,2,1799.99,3599.98
5753,2320,100,3,129.99,389.97
5754,2321,77,2,5.99,11.98
5755,2321,26,2,0.99,1.98
5756,2321,41,1,2.49,2.49
5757,2321,69,1,3.99,3.99
5758,2322,85,1,34.99,34.99
5759,2322,81,2,1099.99,2199.98
5760,2323,77,2,5.99,11.98
5761,2323,8,2,89.99,179.98
5762,2323,61,3,34.99,104.97
5763,2323,82,2,1499.99,2999.98
5764,2324,38,2,5.99,11.98
5765,2324,95,2,8999.99,17999.98
5766,2325,19,2,9.99,19.98
5767,2326,78,3,1999.99,5999.97
5768,2326,34,3,7.99,23.97
5769,2327,57,1,9.99,9.99
5770,2327,6,1,49.99,49.99
5771,2327,27,1,6.99,6.99
5772,2327,83,2,29.99,59.98
5773,2328,64,3,14.99,44.97
5774,2328,46,1,14.99,14.99
5775,2328,28,3,5.49,16.47
5776,2328,5,3,8.99,26.97
5777,2329,16,1,1.99,1.99
5778,2329,62,1,5.99,5.99
5779,2329,31,1,0.79,0.79
5780,2329,42,2,0.99,1.98
5781,2330,71,3,39.99,119.97
5782,2330,82,2,1499.99,2999.98
5783,2331,50,3,9.99,29.97
5784,2331,45,2,39.99,79.98
5785,2331,1,1,9.99,9.99
5786,2332,53,3,12.99,38.97
5787,2332,31,3,0.79,2.37
5788,2332,91,3,119.99,359.97
5789,2332,87,1,27.99,27.99
5790,2333,2,1,19.99,19.99
5791,2333,31,3,0.79,2.37
5792,2333,86,2,19.99,39.98
5793,2334,63,1,7.99,7.99
5794,2334,94,2,1499.99,2999.98
5795,2334,16,2,1.99,3.98
5796,2334,19,3,9.99,29.97
5797,2335,82,1,1499.99,1499.99
5798,2336,34,2,7.99,15.98
5799,2336,20,1,4.99,4.99
5800,2336,17,1,12.99,12.99
5801,2336,12,1,2499.99,2499.99
5802,2337,52,1,29.99,29.99
5803,2338,90,1,89.99,89.99
5804,2338,64,3,14.99,44.97
5805,2338,12,3,2499.99,7499.97
5806,2339,57,2,9.99,19.98
5807,2339,46,3,14.99,44.97
5808,2340,61,1,34.99,34.99
5809,2341,76,3,11.99,35.97
5810,2341,92,1,109.99,109.99
5811,2341,21,3,1.49,4.47
5812,2342,60,2,10.99,21.98
5813,2342,1,3,9.99,29.97
5814,2342,97,3,10999.99,32999.97
5815,2343,78,1,1999.99,1999.99
5816,2343,11,3,1899.99,5699.97
5817,2344,97,3,10999.99,32999.97
5818,2344,32,1,3.49,3.49
5819,2344,67,1,15.99,15.99
5820,2345,77,3,5.99,17.97
5821,2346,18,3,8.99,26.97
5822,2346,5,1,8.99,8.99
5823,2346,44,3,29.99,89.97
5824,2347,91,3,119.99,359.97
5825,2347,33,2,4.99,9.98
5826,2348,66,2,89.99,179.98
5827,2348,78,2,1999.99,3999.98
5828,2348,27,1,6.99,6.99
5829,2349,42,1,0.99,0.99
5830,2349,79,3,1799.99,5399.97
5831,2349,99,3,99.99,299.97
5832,2349,75,3,16.99,50.97
5833,2350,10,3,79.99,239.97
5834,2350,27,3,6.99,20.97
5835,2350,83,3,29.99,89.97
5836,2351,5,2,8.99,17.98
5837,2351,48,2,7.99,15.98
5838,2352,52,3,29.99,89.97
5839,2352,63,3,7.99,23.97
5840,2352,40,3,3.99,11.97
5841,2352,73,1,19.99,19.99
5842,2353,70,3,6.99,20.97
5843,2353,73,1,19.99,19.99
5844,2353,40,3,3.99,11.97
5845,2353,38,3,5.99,17.97
5846,2354,1,1,9.99,9.99
5847,2354,23,1,2.99,2.99
5848,2354,45,3,39.99,119.97
5849,2354,71,3,39.99,119.97
5850,2355,34,1,7.99,7.99
5851,2356,14,3,499.99,1499.97
5852,2357,9,3,69.99,209.97
5853,2357,27,2,6.99,13.98
5854,2357,99,1,99.99,99.99
5855,2358,23,1,2.99,2.99
5856,2359,97,3,10999.99,32999.97
5857,2359,1,3,9.99,29.97
5858,2360,63,2,7.99,15.98
5859,2360,92,1,109.99,109.99
5860,2361,84,2,24.99,49.98
5861,2362,38,1,5.99,5.99
5862,2362,95,1,8999.99,8999.99
5863,2363,26,2,0.99,1.98
5864,2363,44,3,29.99,89.97
5865,2363,68,1,24.99,24.99
5866,2364,71,1,39.99,39.99
5867,2364,93,1,89.99,89.99
5868,2364,49,2,5.99,11.98
5869,2364,22,3,10.99,32.97
5870,2365,45,3,39.99,119.97
5871,2365,21,1,1.49,1.49
5872,2365,54,1,8.99,8.99
5873,2365,69,1,3.99,3.99
5874,2366,91,3,119.99,359.97
5875,2366,34,1,7.99,7.99
5876,2367,33,1,4.99,4.99
5877,2367,80,3,1399.99,4199.97
5878,2367,94,3,1499.99,4499.97
5879,2367,20,1,4.99,4.99
5880,2368,5,3,8.99,26.97
5881,2368,30,1,2.49,2.49
5882,2368,54,3,8.99,26.97
5883,2368,67,2,15.99,31.98
5884,2369,87,1,27.99,27.99
5885,2370,47,3,49.99,149.97
5886,2370,6,3,49.99,149.97
5887,2370,61,1,34.99,34.99
5888,2371,52,2,29.99,59.98
5889,2371,85,3,34.99,104.97
5890,2372,49,2,5.99,11.98
5891,2372,54,1,8.99,8.99
5892,2372,52,3,29.99,89.97
5893,2373,8,2,89.99,179.98
5894,2373,9,1,69.99,69.99
5895,2373,41,3,2.49,7.47
5896,2373,51,3,39.99,119.97
5897,2374,28,1,5.49,5.49
5898,2375,75,1,16.99,16.99
5899,2376,84,1,24.99,24.99
5900,2377,98,2,13999.99,27999.98
5901,2377,89,1,79.99,79.99
5902,2377,70,2,6.99,13.98
5903,2378,37,1,1.99,1.99
5904,2379,15,2,799.99,1599.98
5905,2379,40,1,3.99,3.99
5906,2379,81,3,1099.99,3299.97
5907,2379,73,2,19.99,39.98
5908,2380,98,2,13999.99,27999.98
5909,2380,94,1,1499.99,1499.99
5910,2381,60,1,10.99,10.99
5911,2381,88,1,149.99,149.99
5912,2381,55,3,6.99,20.97
5913,2382,44,1,29.99,29.99
5914,2382,50,3,9.99,29.97
5915,2382,21,3,1.49,4.47
5916,2382,57,1,9.99,9.99
5917,2383,78,3,1999.99,5999.97
5918,2383,49,3,5.99,17.97
5919,2383,100,1,129.99,129.99
5920,2384,67,2,15.99,31.98
5921,2385,99,3,99.99,299.97
5922,2385,11,3,1899.99,5699.97
5923,2385,63,2,7.99,15.98
5924,2386,74,2,4.99,9.98
5925,2387,34,2,7.99,15.98
5926,2388,84,3,24.99,74.97
5927,2388,17,1,12.99,12.99
5928,2389,52,1,29.99,29.99
5929,2389,92,2,109.99,219.98
5930,2389,29,3,3.99,11.97
5931,2389,2,2,19.99,39.98
5932,2390,30,1,2.49,2.49
5933,2391,4,2,12.99,25.98
5934,2391,86,2,19.99,39.98
5935,2391,10,1,79.99,79.99
5936,2392,47,1,49.99,49.99
5937,2392,52,1,29.99,29.99
5938,2392,78,3,1999.99,5999.97
5939,2392,97,2,10999.99,21999.98
5940,2393,66,3,89.99,269.97
5941,2393,63,2,7.99,15.98
5942,2394,52,2,29.99,59.98
5943,2395,91,3,119.99,359.97
5944,2395,49,1,5.99,5.99
5945,2396,78,3,1999.99,5999.97
5946,2396,59,3,4.99,14.97
5947,2396,22,1,10.99,10.99
5948,2397,66,3,89.99,269.97
5949,2398,40,2,3.99,7.98
5950,2398,14,3,499.99,1499.97
5951,2399,26,1,0.99,0.99
5952,2399,87,1,27.99,27.99
5953,2400,62,3,5.99,17.97
5954,2400,69,3,3.99,11.97
5955,2400,99,2,99.99,199.98
5956,2400,78,1,1999.99,1999.99
5957,2401,73,1,19.99,19.99
5958,2402,88,1,149.99,149.99
5959,2402,29,1,3.99,3.99
5960,2403,97,2,10999.99,21999.98
5961,2403,3,2,14.99,29.98
5962,2403,22,2,10.99,21.98
5963,2403,36,3,19.99,59.97
5964,2404,77,3,5.99,17.97
5965,2404,84,3,24.99,74.97
5966,2404,95,2,8999.99,17999.98
5967,2404,1,3,9.99,29.97
5968,2405,66,3,89.99,269.97
5969,2405,73,2,19.99,39.98
5970,2405,28,2,5.49,10.98
5971,2405,8,1,89.99,89.99
5972,2406,94,3,1499.99,4499.97
5973,2407,74,1,4.99,4.99
5974,2407,61,3,34.99,104.97
5975,2408,7,1,129.99,129.99
5976,2408,66,2,89.99,179.98
5977,2409,41,1,2.49,2.49
5978,2410,31,1,0.79,0.79
5979,2410,27,3,6.99,20.97
5980,2410,36,2,19.99,39.98
5981,2411,87,1,27.99,27.99
5982,2412,51,3,39.99,119.97
5983,2412,20,2,4.99,9.98
5984,2413,50,1,9.99,9.99
5985,2413,47,1,49.99,49.99
5986,2413,5,3,8.99,26.97
5987,2414,90,2,89.99,179.98
5988,2414,16,1,1.99,1.99
5989,2414,9,1,69.99,69.99
5990,2415,13,1,299.99,299.99
5991,2415,86,3,19.99,59.97
5992,2416,49,3,5.99,17.97
5993,2416,70,1,6.99,6.99
5994,2416,87,1,27.99,27.99
5995,2416,27,1,6.99,6.99
5996,2417,20,3,4.99,14.97
5997,2418,89,3,79.99,239.97
5998,2418,57,3,9.99,29.97
5999,2419,62,1,5.99,5.99
6000,2419,85,3,34.99,104.97
6001,2419,88,2,149.99,299.98
6002,2420,52,1,29.99,29.99
6003,2421,30,1,2.49,2.49
6004,2422,90,3,89.99,269.97
6005,2423,60,1,10.99,10.99
6006,2423,5,3,8.99,26.97
6007,2424,5,2,8.99,17.98
6008,2424,65,1,12.99,12.99
6009,2425,96,1,12999.99,12999.99
6010,2425,68,1,24.99,24.99
6011,2425,14,1,499.99,499.99
6012,2425,35,3,2.29,6.87
6013,2426,56,1,49.99,49.99
6014,2426,99,1,99.99,99.99
6015,2426,91,3,119.99,359.97
6016,2427,32,3,3.49,10.47
6017,2427,3,1,14.99,14.99
6018,2428,8,2,89.99,179.98
6019,2428,97,1,10999.99,10999.99
6020,2429,1,1,9.99,9.99
6021,2430,61,2,34.99,69.98
6022,2431,2,1,19.99,19.99
6023,2431,55,3,6.99,20.97
6024,2431,82,3,1499.99,4499.97
6025,2432,61,1,34.99,34.99
6026,2433,40,3,3.99,11.97
6027,2434,76,2,11.99,23.98
6028,2434,65,1,12.99,12.99
6029,2434,50,1,9.99,9.99
6030,2434,44,3,29.99,89.97
6031,2435,6,3,49.99,149.97
6032,2436,75,1,16.99,16.99
6033,2436,67,3,15.99,47.97
6034,2436,100,1,129.99,129.99
6035,2437,87,2,27.99,55.98
6036,2437,86,3,19.99,59.97
6037,2438,41,3,2.49,7.47
6038,2438,64,1,14.99,14.99
6039,2438,39,1,1.99,1.99
6040,2439,64,2,14.99,29.98
6041,2439,10,3,79.99,239.97
6042,2440,14,2,499.99,999.98
6043,2440,85,3,34.99,104.97
6044,2441,13,1,299.99,299.99
6045,2441,30,2,2.49,4.98
6046,2441,65,2,12.99,25.98
6047,2442,59,1,4.99,4.99
6048,2442,38,1,5.99,5.99
6049,2443,87,2,27.99,55.98
6050,2444,77,3,5.99,17.97
6051,2445,24,3,14.99,44.97
6052,2445,26,2,0.99,1.98
6053,2446,2,3,19.99,59.97
6054,2447,53,3,12.99,38.97
6055,2448,44,3,29.99,89.97
6056,2448,75,1,16.99,16.99
6057,2448,20,1,4.99,4.99
6058,2449,14,3,499.99,1499.97
6059,2449,44,3,29.99,89.97
6060,2449,46,1,14.99,14.99
6061,2450,85,1,34.99,34.99
6062,2450,43,1,59.99,59.99
6063,2450,63,3,7.99,23.97
6064,2451,34,3,7.99,23.97
6065,2451,17,2,12.99,25.98
6066,2451,61,3,34.99,104.97
6067,2452,97,3,10999.99,32999.97
6068,2452,11,3,1899.99,5699.97
6069,2453,55,2,6.99,13.98
6070,2453,92,2,109.99,219.98
6071,2453,48,3,7.99,23.97
6072,2453,63,1,7.99,7.99
6073,2454,40,1,3.99,3.99
6074,2455,89,3,79.99,239.97
6075,2455,20,3,4.99,14.97
6076,2455,22,3,10.99,32.97
6077,2455,57,3,9.99,29.97
6078,2456,6,1,49.99,49.99
6079,2456,7,2,129.99,259.98
6080,2457,44,2,29.99,59.98
6081,2457,14,1,499.99,499.99
6082,2457,49,2,5.99,11.98
6083,2457,66,3,89.99,269.97
6084,2458,63,3,7.99,23.97
6085,2458,66,3,89.99,269.97
6086,2458,90,1,89.99,89.99
6087,2459,89,3,79.99,239.97
6088,2459,87,1,27.99,27.99
6089,2459,67,2,15.99,31.98
6090,2459,62,2,5.99,11.98
6091,2460,87,1,27.99,27.99
6092,2461,58,2,3.99,7.98
6093,2461,93,2,89.99,179.98
6094,2462,89,2,79.99,159.98
6095,2462,73,2,19.99,39.98
6096,2462,72,1,8.99,8.99
6097,2462,25,1,1.29,1.29
6098,2463,52,3,29.99,89.97
6099,2464,32,1,3.49,3.49
6100,2464,26,1,0.99,0.99
6101,2464,36,2,19.99,39.98
6102,2465,37,2,1.99,3.98
6103,2466,4,1,12.99,12.99
6104,2466,60,2,10.99,21.98
6105,2466,50,3,9.99,29.97
6106,2467,72,1,8.99,8.99
6107,2467,29,3,3.99,11.97
6108,2467,31,2,0.79,1.58
6109,2468,82,1,1499.99,1499.99
6110,2468,100,3,129.99,389.97
6111,2468,79,3,1799.99,5399.97
6112,2469,34,3,7.99,23.97
6113,2470,92,2,109.99,219.98
6114,2470,86,2,19.99,39.98
6115,2470,25,3,1.29,3.87
6116,2470,60,3,10.99,32.97
6117,2471,83,3,29.99,89.97
6118,2471,34,1,7.99,7.99
6119,2472,99,1,99.99,99.99
6120,2473,2,2,19.99,39.98
6121,2474,78,3,1999.99,5999.97
6122,2474,66,3,89.99,269.97
6123,2475,32,1,3.49,3.49
6124,2475,76,1,11.99,11.99
6125,2475,24,2,14.99,29.98
6126,2476,37,2,1.99,3.98
6127,2476,92,1,109.99,109.99
6128,2476,61,1,34.99,34.99
6129,2477,28,1,5.49,5.49
6130,2477,38,3,5.99,17.97
6131,2477,56,3,49.99,149.97
6132,2477,89,1,79.99,79.99
6133,2478,46,3,14.99,44.97
6134,2478,92,3,109.99,329.97
6135,2478,59,3,4.99,14.97
6136,2479,41,2,2.49,4.98
6137,2479,90,2,89.99,179.98
6138,2479,7,3,129.99,389.97
6139,2480,39,3,1.99,5.97
6140,2480,59,1,4.99,4.99
6141,2480,94,1,1499.99,1499.99
6142,2480,65,1,12.99,12.99
6143,2481,50,3,9.99,29.97
6144,2481,20,3,4.99,14.97
6145,2481,35,2,2.29,4.58
6146,2482,86,1,19.99,19.99
6147,2483,99,1,99.99,99.99
6148,2483,17,2,12.99,25.98
6149,2483,80,1,1399.99,1399.99
6150,2483,53,2,12.99,25.98
6151,2484,22,2,10.99,21.98
6152,2484,64,3,14.99,44.97
6153,2484,79,3,1799.99,5399.97
6154,2484,1,1,9.99,9.99
6155,2485,54,2,8.99,17.98
6156,2485,45,3,39.99,119.97
6157,2486,25,1,1.29,1.29
6158,2486,28,3,5.49,16.47
6159,2487,31,3,0.79,2.37
6160,2488,28,1,5.49,5.49
6161,2488,49,1,5.99,5.99
6162,2489,58,1,3.99,3.99
6163,2489,24,2,14.99,29.98
6164,2490,51,2,39.99,79.98
6165,2490,94,3,1499.99,4499.97
6166,2490,70,2,6.99,13.98
6167,2490,3,2,14.99,29.98
6168,2491,23,2,2.99,5.98
6169,2491,72,2,8.99,17.98
6170,2491,81,2,1099.99,2199.98
6171,2491,25,2,1.29,2.58
6172,2492,38,3,5.99,17.97
6173,2492,71,2,39.99,79.98
6174,2492,1,1,9.99,9.99
6175,2492,95,2,8999.99,17999.98
6176,2493,72,2,8.99,17.98
6177,2493,73,3,19.99,59.97
6178,2493,84,3,24.99,74.97
6179,2493,66,3,89.99,269.97
6180,2494,33,3,4.99,14.97
6181,2494,96,2,12999.99,25999.98
6182,2494,92,1,109.99,109.99
6183,2494,27,3,6.99,20.97
6184,2495,77,1,5.99,5.99
6185,2496,66,1,89.99,89.99
6186,2496,47,3,49.99,149.97
6187,2496,53,2,12.99,25.98
6188,2497,39,2,1.99,3.98
6189,2498,14,3,499.99,1499.97
6190,2498,43,3,59.99,179.97
6191,2498,16,3,1.99,5.97
6192,2498,4,3,12.99,38.97
6193,2499,14,3,499.99,1499.97
6194,2499,40,2,3.99,7.98
6195,2500,51,2,39.99,79.98
6196,2500,76,1,11.99,11.99
6197,2501,25,2,1.29,2.58
6198,2501,54,3,8.99,26.97
6199,2501,35,3,2.29,6.87
6200,2501,40,1,3.99,3.99
6201,2502,34,3,7.99,23.97
6202,2502,60,1,10.99,10.99
6203,2502,81,2,1099.99,2199.98
6204,2502,97,2,10999.99,21999.98
6205,2503,46,3,14.99,44.97
6206,2504,85,2,34.99,69.98
6207,2504,10,3,79.99,239.97
6208,2504,39,3,1.99,5.97
6209,2504,31,3,0.79,2.37
6210,2505,33,1,4.99,4.99
6211,2505,96,3,12999.99,38999.97
6212,2505,19,2,9.99,19.98
6213,2506,64,2,14.99,29.98
6214,2506,72,3,8.99,26.97
6215,2506,11,1,1899.99,1899.99
6216,2507,90,2,89.99,179.98
6217,2508,18,1,8.99,8.99
6218,2508,44,1,29.99,29.99
6219,2508,82,2,1499.99,2999.98
6220,2508,100,2,129.99,259.98
6221,2509,92,2,109.99,219.98
6222,2510,89,1,79.99,79.99
6223,2510,21,2,1.49,2.98
6224,2510,92,3,109.99,329.97
6225,2511,91,3,119.99,359.97
6226,2512,44,3,29.99,89.97
6227,2512,57,2,9.99,19.98
6228,2512,38,2,5.99,11.98
6229,2513,95,1,8999.99,8999.99
6230,2513,81,3,1099.99,3299.97
6231,2513,47,1,49.99,49.99
6232,2513,100,2,129.99,259.98
6233,2514,92,3,109.99,329.97
6234,2515,94,2,1499.99,2999.98
6235,2516,20,2,4.99,9.98
6236,2516,96,3,12999.99,38999.97
6237,2517,38,1,5.99,5.99
6238,2517,3,1,14.99,14.99
6239,2517,61,1,34.99,34.99
6240,2517,6,2,49.99,99.98
6241,2518,4,1,12.99,12.99
6242,2518,8,2,89.99,179.98
6243,2518,42,1,0.99,0.99
6244,2519,18,1,8.99,8.99
6245,2519,20,3,4.99,14.97
6246,2519,86,3,19.99,59.97
6247,2520,1,3,9.99,29.97
6248,2520,87,2,27.99,55.98
6249,2521,19,2,9.99,19.98
6250,2521,2,2,19.99,39.98
6251,2521,64,3,14.99,44.97
6252,2522,33,2,4.99,9.98
6253,2522,73,3,19.99,59.97
6254,2522,28,2,5.49,10.98
6255,2522,56,2,49.99,99.98
6256,2523,78,2,1999.99,3999.98
6257,2523,79,3,1799.99,5399.97
6258,2524,49,3,5.99,17.97
6259,2524,61,2,34.99,69.98
6260,2524,17,1,12.99,12.99
6261,2524,100,2,129.99,259.98
6262,2525,97,1,10999.99,10999.99
6263,2525,41,3,2.49,7.47
6264,2525,83,3,29.99,89.97
6265,2525,82,3,1499.99,4499.97
6266,2526,39,3,1.99,5.97
6267,2526,89,1,79.99,79.99
6268,2526,94,1,1499.99,1499.99
6269,2527,31,3,0.79,2.37
6270,2527,9,3,69.99,209.97
6271,2527,39,3,1.99,5.97
6272,2527,26,3,0.99,2.97
6273,2528,40,1,3.99,3.99
6274,2528,22,1,10.99,10.99
6275,2529,70,2,6.99,13.98
6276,2529,64,3,14.99,44.97
6277,2529,37,3,1.99,5.97
6278,2530,84,3,24.99,74.97
6279,2531,60,1,10.99,10.99
6280,2531,35,1,2.29,2.29
6281,2532,96,2,12999.99,25999.98
6282,2533,55,2,6.99,13.98
6283,2533,20,3,4.99,14.97
6284,2534,83,2,29.99,59.98
6285,2534,30,3,2.49,7.47
6286,2534,58,3,3.99,11.97
6287,2535,40,3,3.99,11.97
6288,2535,20,1,4.99,4.99
6289,2535,94,1,1499.99,1499.99
6290,2535,56,2,49.99,99.98
6291,2536,34,1,7.99,7.99
6292,2536,23,3,2.99,8.97
6293,2536,67,2,15.99,31.98
6294,2536,28,3,5.49,16.47
6295,2537,44,3,29.99,89.97
6296,2537,94,2,1499.99,2999.98
6297,2537,96,1,12999.99,12999.99
6298,2537,46,3,14.99,44.97
6299,2538,76,1,11.99,11.99
6300,2538,75,1,16.99,16.99
6301,2539,56,1,49.99,49.99
6302,2539,71,2,39.99,79.98
6303,2540,22,2,10.99,21.98
6304,2541,65,3,12.99,38.97
6305,2541,84,3,24.99,74.97
6306,2541,16,2,1.99,3.98
6307,2541,20,2,4.99,9.98
6308,2542,21,3,1.49,4.47
6309,2542,19,1,9.99,9.99
6310,2543,37,2,1.99,3.98
6311,2544,79,1,1799.99,1799.99
6312,2544,57,2,9.99,19.98
6313,2545,88,3,149.99,449.97
6314,2545,28,2,5.49,10.98
6315,2546,71,2,39.99,79.98
6316,2546,77,1,5.99,5.99
6317,2546,12,1,2499.99,2499.99
6318,2547,31,1,0.79,0.79
6319,2548,50,3,9.99,29.97
6320,2548,54,1,8.99,8.99
6321,2548,95,2,8999.99,17999.98
6322,2549,34,2,7.99,15.98
6323,2549,42,3,0.99,2.97
6324,2549,33,1,4.99,4.99
6325,2550,65,3,12.99,38.97
6326,2550,28,1,5.49,5.49
6327,2551,14,1,499.99,499.99
6328,2551,39,2,1.99,3.98
6329,2551,77,2,5.99,11.98
6330,2552,92,1,109.99,109.99
6331,2552,9,1,69.99,69.99
6332,2553,97,1,10999.99,10999.99
6333,2554,10,2,79.99,159.98
6334,2555,97,2,10999.99,21999.98
6335,2555,47,1,49.99,49.99
6336,2556,76,3,11.99,35.97
6337,2557,69,1,3.99,3.99
6338,2558,87,3,27.99,83.97
6339,2558,28,3,5.49,16.47
6340,2558,14,2,499.99,999.98
6341,2558,53,3,12.99,38.97
6342,2559,22,3,10.99,32.97
6343,2559,11,1,1899.99,1899.99
6344,2559,27,3,6.99,20.97
6345,2559,69,2,3.99,7.98
6346,2560,54,2,8.99,17.98
6347,2560,60,2,10.99,21.98
6348,2560,58,1,3.99,3.99
6349,2561,18,1,8.99,8.99
6350,2561,34,2,7.99,15.98
6351,2561,97,3,10999.99,32999.97
6352,2561,81,3,1099.99,3299.97
6353,2562,76,2,11.99,23.98
6354,2562,66,3,89.99,269.97
6355,2563,35,1,2.29,2.29
6356,2563,77,2,5.99,11.98
6357,2563,61,1,34.99,34.99
6358,2564,28,2,5.49,10.98
6359,2564,16,2,1.99,3.98
6360,2564,40,1,3.99,3.99
6361,2565,10,3,79.99,239.97
6362,2565,85,1,34.99,34.99
6363,2565,18,1,8.99,8.99
6364,2566,96,2,12999.99,25999.98
6365,2566,50,1,9.99,9.99
6366,2567,33,1,4.99,4.99
6367,2567,25,3,1.29,3.87
6368,2567,52,3,29.99,89.97
6369,2568,82,2,1499.99,2999.98
6370,2569,88,3,149.99,449.97
6371,2569,73,2,19.99,39.98
6372,2569,30,3,2.49,7.47
6373,2570,99,1,99.99,99.99
6374,2571,30,1,2.49,2.49
6375,2571,50,3,9.99,29.97
6376,2571,18,2,8.99,17.98
6377,2571,54,2,8.99,17.98
6378,2572,12,3,2499.99,7499.97
6379,2573,55,3,6.99,20.97
6380,2573,78,1,1999.99,1999.99
6381,2574,47,1,49.99,49.99
6382,2574,59,3,4.99,14.97
6383,2575,55,2,6.99,13.98
6384,2575,47,1,49.99,49.99
6385,2575,76,1,11.99,11.99
6386,2576,24,2,14.99,29.98
6387,2576,19,1,9.99,9.99
6388,2577,56,2,49.99,99.98
6389,2577,45,2,39.99,79.98
6390,2578,34,2,7.99,15.98
6391,2578,87,1,27.99,27.99
6392,2578,100,1,129.99,129.99
6393,2579,66,2,89.99,179.98
6394,2579,32,3,3.49,10.47
6395,2579,70,1,6.99,6.99
6396,2579,77,2,5.99,11.98
6397,2580,73,3,19.99,59.97
6398,2581,50,2,9.99,19.98
6399,2581,97,2,10999.99,21999.98
6400,2581,65,1,12.99,12.99
6401,2581,14,3,499.99,1499.97
6402,2582,86,1,19.99,19.99
6403,2582,12,2,2499.99,4999.98
6404,2582,49,2,5.99,11.98
6405,2583,23,1,2.99,2.99
6406,2583,39,2,1.99,3.98
6407,2583,55,2,6.99,13.98
6408,2583,41,3,2.49,7.47
6409,2584,12,1,2499.99,2499.99
6410,2584,79,1,1799.99,1799.99
6411,2584,31,1,0.79,0.79
6412,2584,93,1,89.99,89.99
6413,2585,94,1,1499.99,1499.99
6414,2585,31,3,0.79,2.37
6415,2585,51,1,39.99,39.99
6416,2586,4,3,12.99,38.97
6417,2586,28,1,5.49,5.49
6418,2586,84,3,24.99,74.97
6419,2587,4,1,12.99,12.99
6420,2587,59,2,4.99,9.98
6421,2588,26,2,0.99,1.98
6422,2589,31,2,0.79,1.58
6423,2590,100,3,129.99,389.97
6424,2591,49,2,5.99,11.98
6425,2592,67,1,15.99,15.99
6426,2593,88,3,149.99,449.97
6427,2593,55,2,6.99,13.98
6428,2593,48,2,7.99,15.98
6429,2593,69,1,3.99,3.99
6430,2594,65,1,12.99,12.99
6431,2595,61,2,34.99,69.98
6432,2595,22,3,10.99,32.97
6433,2595,59,3,4.99,14.97
6434,2595,10,3,79.99,239.97
6435,2596,39,2,1.99,3.98
6436,2596,71,1,39.99,39.99
6437,2596,60,3,10.99,32.97
6438,2597,9,1,69.99,69.99
6439,2598,13,1,299.99,299.99
6440,2598,39,3,1.99,5.97
6441,2599,45,3,39.99,119.97
6442,2599,6,1,49.99,49.99
6443,2600,22,1,10.99,10.99
6444,2600,45,1,39.99,39.99
6445,2600,67,3,15.99,47.97
6446,2601,81,1,1099.99,1099.99
6447,2601,56,3,49.99,149.97
6448,2601,51,2,39.99,79.98
6449,2602,63,1,7.99,7.99
6450,2602,15,3,799.99,2399.97
6451,2603,47,1,49.99,49.99
6452,2604,91,1,119.99,119.99
6453,2604,43,1,59.99,59.99
6454,2605,78,2,1999.99,3999.98
6455,2605,27,2,6.99,13.98
6456,2605,44,1,29.99,29.99
6457,2606,24,2,14.99,29.98
6458,2606,5,1,8.99,8.99
6459,2606,74,2,4.99,9.98
6460,2606,56,1,49.99,49.99
6461,2607,26,1,0.99,0.99
6462,2607,69,2,3.99,7.98
6463,2608,49,1,5.99,5.99
6464,2608,92,3,109.99,329.97
6465,2609,60,1,10.99,10.99
6466,2609,90,2,89.99,179.98
6467,2609,79,1,1799.99,1799.99
6468,2609,27,2,6.99,13.98
6469,2610,81,3,1099.99,3299.97
6470,2610,63,3,7.99,23.97
6471,2611,22,2,10.99,21.98
6472,2611,42,3,0.99,2.97
6473,2612,93,1,89.99,89.99
6474,2613,21,1,1.49,1.49
6475,2614,57,2,9.99,19.98
6476,2614,49,1,5.99,5.99
6477,2614,79,1,1799.99,1799.99
6478,2614,100,3,129.99,389.97
6479,2615,91,1,119.99,119.99
6480,2616,57,1,9.99,9.99
6481,2616,66,1,89.99,89.99
6482,2616,89,1,79.99,79.99
6483,2616,37,1,1.99,1.99
6484,2617,80,3,1399.99,4199.97
6485,2617,60,2,10.99,21.98
6486,2618,31,3,0.79,2.37
6487,2618,99,2,99.99,199.98
6488,2619,81,2,1099.99,2199.98
6489,2619,54,2,8.99,17.98
6490,2619,69,2,3.99,7.98
6491,2619,42,1,0.99,0.99
6492,2620,84,3,24.99,74.97
6493,2621,66,3,89.99,269.97
6494,2622,32,3,3.49,10.47
6495,2622,50,2,9.99,19.98
6496,2623,80,2,1399.99,2799.98
6497,2623,79,1,1799.99,1799.99
6498,2623,78,1,1999.99,1999.99
6499,2623,95,1,8999.99,8999.99
6500,2624,46,3,14.99,44.97
6501,2624,15,1,799.99,799.99
6502,2624,26,1,0.99,0.99
6503,2625,40,3,3.99,11.97
6504,2626,68,1,24.99,24.99
6505,2627,5,3,8.99,26.97
6506,2627,93,1,89.99,89.99
6507,2628,38,3,5.99,17.97
6508,2628,47,3,49.99,149.97
6509,2628,9,2,69.99,139.98
6510,2629,5,1,8.99,8.99
6511,2629,28,2,5.49,10.98
6512,2629,33,1,4.99,4.99
6513,2630,26,1,0.99,0.99
6514,2631,24,1,14.99,14.99
6515,2631,35,3,2.29,6.87
6516,2631,67,3,15.99,47.97
6517,2632,7,1,129.99,129.99
6518,2632,90,1,89.99,89.99
6519,2633,6,3,49.99,149.97
6520,2634,11,3,1899.99,5699.97
6521,2635,62,2,5.99,11.98
6522,2635,49,2,5.99,11.98
6523,2635,80,2,1399.99,2799.98
6524,2636,54,1,8.99,8.99
6525,2636,40,2,3.99,7.98
6526,2636,90,1,89.99,89.99
6527,2637,77,1,5.99,5.99
6528,2637,78,3,1999.99,5999.97
6529,2637,84,2,24.99,49.98
6530,2637,59,2,4.99,9.98
6531,2638,44,2,29.99,59.98
6532,2638,41,3,2.49,7.47
6533,2638,97,1,10999.99,10999.99
6534,2638,12,1,2499.99,2499.99
6535,2639,88,3,149.99,449.97
6536,2640,81,3,1099.99,3299.97
6537,2640,83,1,29.99,29.99
6538,2640,66,3,89.99,269.97
6539,2641,2,2,19.99,39.98
6540,2641,56,2,49.99,99.98
6541,2642,11,1,1899.99,1899.99
6542,2642,24,1,14.99,14.99
6543,2643,2,3,19.99,59.97
6544,2643,64,2,14.99,29.98
6545,2643,80,2,1399.99,2799.98
6546,2644,46,1,14.99,14.99
6547,2644,72,1,8.99,8.99
6548,2645,48,3,7.99,23.97
6549,2645,6,2,49.99,99.98
6550,2646,13,3,299.99,899.97
6551,2647,36,1,19.99,19.99
6552,2647,31,1,0.79,0.79
6553,2647,67,1,15.99,15.99
6554,2648,78,3,1999.99,5999.97
6555,2648,63,3,7.99,23.97
6556,2648,94,1,1499.99,1499.99
6557,2649,48,1,7.99,7.99
6558,2649,73,1,19.99,19.99
6559,2649,27,3,6.99,20.97
6560,2649,80,3,1399.99,4199.97
6561,2650,96,3,12999.99,38999.97
6562,2651,43,2,59.99,119.98
6563,2651,51,1,39.99,39.99
6564,2652,50,1,9.99,9.99
6565,2652,4,2,12.99,25.98
6566,2653,92,3,109.99,329.97
6567,2653,67,2,15.99,31.98
6568,2653,50,2,9.99,19.98
6569,2653,17,1,12.99,12.99
6570,2654,69,1,3.99,3.99
6571,2655,46,2,14.99,29.98
6572,2655,28,1,5.49,5.49
6573,2655,76,1,11.99,11.99
6574,2655,2,1,19.99,19.99
6575,2656,77,3,5.99,17.97
6576,2656,71,2,39.99,79.98
6577,2656,15,1,799.99,799.99
6578,2657,44,3,29.99,89.97
6579,2657,94,1,1499.99,1499.99
6580,2657,84,1,24.99,24.99
6581,2657,61,1,34.99,34.99
6582,2658,65,1,12.99,12.99
6583,2658,45,2,39.99,79.98
6584,2658,60,3,10.99,32.97
6585,2658,32,2,3.49,6.98
6586,2659,91,3,119.99,359.97
6587,2660,80,3,1399.99,4199.97
6588,2661,34,2,7.99,15.98
6589,2661,52,2,29.99,59.98
6590,2662,38,3,5.99,17.97
6591,2663,68,1,24.99,24.99
6592,2664,81,1,1099.99,1099.99
6593,2664,17,2,12.99,25.98
6594,2664,23,2,2.99,5.98
6595,2665,31,1,0.79,0.79
6596,2665,9,1,69.99,69.99
6597,2665,39,1,1.99,1.99
6598,2665,28,2,5.49,10.98
6599,2666,59,3,4.99,14.97
6600,2666,69,3,3.99,11.97
6601,2666,62,1,5.99,5.99
6602,2667,37,1,1.99,1.99
6603,2668,23,3,2.99,8.97
6604,2668,93,1,89.99,89.99
6605,2668,8,1,89.99,89.99
6606,2669,12,1,2499.99,2499.99
6607,2669,97,2,10999.99,21999.98
6608,2669,67,1,15.99,15.99
6609,2670,22,3,10.99,32.97
6610,2670,27,2,6.99,13.98
6611,2671,39,1,1.99,1.99
6612,2671,89,1,79.99,79.99
6613,2672,40,1,3.99,3.99
6614,2673,70,3,6.99,20.97
6615,2674,43,1,59.99,59.99
6616,2674,71,2,39.99,79.98
6617,2675,54,1,8.99,8.99
6618,2675,76,2,11.99,23.98
6619,2675,67,3,15.99,47.97
6620,2675,68,2,24.99,49.98
6621,2676,45,1,39.99,39.99
6622,2677,63,3,7.99,23.97
6623,2677,11,2,1899.99,3799.98
6624,2678,18,2,8.99,17.98
6625,2678,83,2,29.99,59.98
6626,2678,66,2,89.99,179.98
6627,2678,7,2,129.99,259.98
6628,2679,27,1,6.99,6.99
6629,2679,90,3,89.99,269.97
6630,2680,89,1,79.99,79.99
6631,2680,49,1,5.99,5.99
6632,2680,53,1,12.99,12.99
6633,2680,45,1,39.99,39.99
6634,2681,26,1,0.99,0.99
6635,2681,24,1,14.99,14.99
6636,2681,99,2,99.99,199.98
6637,2682,90,3,89.99,269.97
6638,2682,10,3,79.99,239.97
6639,2682,13,1,299.99,299.99
6640,2682,80,3,1399.99,4199.97
6641,2683,57,3,9.99,29.97
6642,2684,89,1,79.99,79.99
6643,2684,74,1,4.99,4.99
6644,2684,50,1,9.99,9.99
6645,2685,98,1,13999.99,13999.99
6646,2685,60,3,10.99,32.97
6647,2685,56,1,49.99,49.99
6648,2685,21,3,1.49,4.47
6649,2686,43,2,59.99,119.98
6650,2686,25,3,1.29,3.87
6651,2686,41,1,2.49,2.49
6652,2686,58,2,3.99,7.98
6653,2687,49,2,5.99,11.98
6654,2687,59,1,4.99,4.99
6655,2687,98,3,13999.99,41999.97
6656,2688,85,1,34.99,34.99
6657,2688,16,3,1.99,5.97
6658,2688,82,3,1499.99,4499.97
6659,2688,58,1,3.99,3.99
6660,2689,16,2,1.99,3.98
6661,2690,70,3,6.99,20.97
6662,2690,92,3,109.99,329.97
6663,2691,1,3,9.99,29.97
6664,2691,32,3,3.49,10.47
6665,2691,56,1,49.99,49.99
6666,2692,73,3,19.99,59.97
6667,2693,17,1,12.99,12.99
6668,2693,83,2,29.99,59.98
6669,2693,18,1,8.99,8.99
6670,2694,89,1,79.99,79.99
6671,2695,68,3,24.99,74.97
6672,2695,95,3,8999.99,26999.97
6673,2696,54,1,8.99,8.99
6674,2697,33,1,4.99,4.99
6675,2697,54,2,8.99,17.98
6676,2697,4,2,12.99,25.98
6677,2697,62,2,5.99,11.98
6678,2698,9,2,69.99,139.98
6679,2699,6,3,49.99,149.97
6680,2699,36,3,19.99,59.97
6681,2699,97,2,10999.99,21999.98
6682,2699,64,1,14.99,14.99
6683,2700,93,1,89.99,89.99
6684,2700,45,1,39.99,39.99
6685,2700,15,3,799.99,2399.97
6686,2701,87,3,27.99,83.97
6687,2701,98,1,13999.99,13999.99
6688,2701,89,1,79.99,79.99
6689,2701,65,3,12.99,38.97
6690,2702,73,1,19.99,19.99
6691,2702,37,2,1.99,3.98
6692,2702,12,3,2499.99,7499.97
6693,2702,72,3,8.99,26.97
6694,2703,3,3,14.99,44.97
6695,2703,35,1,2.29,2.29
6696,2703,85,1,34.99,34.99
6697,2704,90,1,89.99,89.99
6698,2704,17,3,12.99,38.97
6699,2704,72,2,8.99,17.98
6700,2704,26,3,0.99,2.97
6701,2705,60,2,10.99,21.98
6702,2705,20,2,4.99,9.98
6703,2705,65,2,12.99,25.98
6704,2705,63,1,7.99,7.99
6705,2706,85,1,34.99,34.99
6706,2706,98,3,13999.99,41999.97
6707,2706,62,2,5.99,11.98
6708,2706,81,3,1099.99,3299.97
6709,2707,86,3,19.99,59.97
6710,2707,1,1,9.99,9.99
6711,2707,10,3,79.99,239.97
6712,2707,70,2,6.99,13.98
6713,2708,34,1,7.99,7.99
6714,2708,67,2,15.99,31.98
6715,2709,7,2,129.99,259.98
6716,2710,49,2,5.99,11.98
6717,2711,63,3,7.99,23.97
6718,2711,75,2,16.99,33.98
6719,2711,72,1,8.99,8.99
6720,2711,18,3,8.99,26.97
6721,2712,99,1,99.99,99.99
6722,2712,50,2,9.99,19.98
6723,2712,20,3,4.99,14.97
6724,2713,66,1,89.99,89.99
6725,2713,38,1,5.99,5.99
6726,2714,66,1,89.99,89.99
6727,2714,17,3,12.99,38.97
6728,2715,36,2,19.99,39.98
6729,2715,1,1,9.99,9.99
6730,2715,64,1,14.99,14.99
6731,2716,54,2,8.99,17.98
6732,2716,94,3,1499.99,4499.97
6733,2717,35,2,2.29,4.58
6734,2717,100,1,129.99,129.99
6735,2718,26,3,0.99,2.97
6736,2718,32,3,3.49,10.47
6737,2718,38,1,5.99,5.99
6738,2718,86,1,19.99,19.99
6739,2719,44,2,29.99,59.98
6740,2720,51,1,39.99,39.99
6741,2721,59,1,4.99,4.99
6742,2722,93,3,89.99,269.97
6743,2722,33,2,4.99,9.98
6744,2723,27,2,6.99,13.98
6745,2723,75,2,16.99,33.98
6746,2724,54,3,8.99,26.97
6747,2724,77,2,5.99,11.98
6748,2724,95,2,8999.99,17999.98
6749,2724,37,3,1.99,5.97
6750,2725,67,2,15.99,31.98
6751,2725,51,3,39.99,119.97
6752,2726,61,2,34.99,69.98
6753,2726,33,2,4.99,9.98
6754,2727,40,3,3.99,11.97
6755,2727,7,2,129.99,259.98
6756,2727,35,3,2.29,6.87
6757,2727,41,3,2.49,7.47
6758,2728,23,1,2.99,2.99
6759,2728,3,2,14.99,29.98
6760,2729,71,3,39.99,119.97
6761,2729,55,1,6.99,6.99
6762,2729,92,2,109.99,219.98
6763,2729,94,2,1499.99,2999.98
6764,2730,90,1,89.99,89.99
6765,2731,44,1,29.99,29.99
6766,2731,40,1,3.99,3.99
6767,2732,39,2,1.99,3.98
6768,2732,27,1,6.99,6.99
6769,2732,53,2,12.99,25.98
6770,2733,64,1,14.99,14.99
6771,2733,30,1,2.49,2.49
6772,2734,64,2,14.99,29.98
6773,2735,19,2,9.99,19.98
6774,2735,89,1,79.99,79.99
6775,2736,73,1,19.99,19.99
6776,2736,21,1,1.49,1.49
6777,2737,66,3,89.99,269.97
6778,2737,71,3,39.99,119.97
6779,2737,31,2,0.79,1.58
6780,2737,59,1,4.99,4.99
6781,2738,14,3,499.99,1499.97
6782,2738,58,2,3.99,7.98
6783,2739,100,2,129.99,259.98
6784,2739,86,2,19.99,39.98
6785,2739,15,1,799.99,799.99
6786,2740,54,2,8.99,17.98
6787,2740,39,2,1.99,3.98
6788,2740,68,3,24.99,74.97
6789,2740,84,1,24.99,24.99
6790,2741,88,1,149.99,149.99
6791,2741,44,1,29.99,29.99
6792,2741,16,3,1.99,5.97
6793,2741,67,2,15.99,31.98
6794,2742,3,2,14.99,29.98
6795,2743,57,3,9.99,29.97
6796,2743,5,3,8.99,26.97
6797,2744,94,3,1499.99,4499.97
6798,2744,38,2,5.99,11.98
6799,2745,94,2,1499.99,2999.98
6800,2745,26,1,0.99,0.99
6801,2745,64,1,14.99,14.99
6802,2745,91,1,119.99,119.99
6803,2746,77,2,5.99,11.98
6804,2746,87,1,27.99,27.99
6805,2747,37,2,1.99,3.98
6806,2747,93,3,89.99,269.97
6807,2748,53,1,12.99,12.99
6808,2748,23,1,2.99,2.99
6809,2748,3,2,14.99,29.98
6810,2748,82,2,1499.99,2999.98
6811,2749,18,2,8.99,17.98
6812,2749,57,1,9.99,9.99
6813,2749,100,1,129.99,129.99
6814,2750,79,3,1799.99,5399.97
6815,2750,52,2,29.99,59.98
6816,2750,22,3,10.99,32.97
6817,2751,29,2,3.99,7.98
6818,2751,60,2,10.99,21.98
6819,2752,50,1,9.99,9.99
6820,2753,78,3,1999.99,5999.97
6821,2754,22,3,10.99,32.97
6822,2754,47,1,49.99,49.99
6823,2754,26,2,0.99,1.98
6824,2755,81,1,1099.99,1099.99
6825,2756,33,1,4.99,4.99
6826,2756,37,3,1.99,5.97
6827,2757,33,2,4.99,9.98
6828,2758,49,1,5.99,5.99
6829,2758,65,2,12.99,25.98
6830,2759,20,1,4.99,4.99
6831,2759,57,1,9.99,9.99
6832,2760,52,3,29.99,89.97
6833,2761,96,2,12999.99,25999.98
6834,2761,31,1,0.79,0.79
6835,2762,20,2,4.99,9.98
6836,2762,49,1,5.99,5.99
6837,2763,3,2,14.99,29.98
6838,2763,94,2,1499.99,2999.98
6839,2763,24,3,14.99,44.97
6840,2763,88,2,149.99,299.98
6841,2764,33,3,4.99,14.97
6842,2765,63,1,7.99,7.99
6843,2765,96,1,12999.99,12999.99
6844,2765,16,1,1.99,1.99
6845,2765,19,2,9.99,19.98
6846,2766,73,1,19.99,19.99
6847,2766,24,1,14.99,14.99
6848,2767,64,2,14.99,29.98
6849,2767,1,1,9.99,9.99
6850,2768,52,2,29.99,59.98
6851,2768,21,3,1.49,4.47
6852,2768,13,3,299.99,899.97
6853,2769,45,3,39.99,119.97
6854,2769,87,2,27.99,55.98
6855,2769,91,2,119.99,239.98
6856,2769,40,3,3.99,11.97
6857,2770,86,2,19.99,39.98
6858,2770,49,2,5.99,11.98
6859,2770,62,1,5.99,5.99
6860,2771,50,3,9.99,29.97
6861,2771,84,2,24.99,49.98
6862,2771,57,2,9.99,19.98
6863,2771,89,3,79.99,239.97
6864,2772,61,1,34.99,34.99
6865,2772,39,3,1.99,5.97
6866,2772,18,3,8.99,26.97
6867,2772,14,1,499.99,499.99
6868,2773,72,1,8.99,8.99
6869,2774,98,3,13999.99,41999.97
6870,2775,44,3,29.99,89.97
6871,2775,63,2,7.99,15.98
6872,2775,47,1,49.99,49.99
6873,2776,40,2,3.99,7.98
6874,2776,84,3,24.99,74.97
6875,2777,51,3,39.99,119.97
6876,2778,12,1,2499.99,2499.99
6877,2778,19,3,9.99,29.97
6878,2778,45,1,39.99,39.99
6879,2779,70,2,6.99,13.98
6880,2779,66,3,89.99,269.97
6881,2779,69,1,3.99,3.99
6882,2779,97,2,10999.99,21999.98
6883,2780,6,2,49.99,99.98
6884,2780,87,3,27.99,83.97
6885,2780,86,2,19.99,39.98
6886,2781,57,1,9.99,9.99
6887,2781,35,1,2.29,2.29
6888,2781,13,1,299.99,299.99
6889,2782,51,3,39.99,119.97
6890,2782,13,2,299.99,599.98
6891,2782,36,3,19.99,59.97
6892,2782,49,3,5.99,17.97
6893,2783,1,2,9.99,19.98
6894,2783,63,3,7.99,23.97
6895,2783,65,3,12.99,38.97
6896,2783,71,3,39.99,119.97
6897,2784,81,1,1099.99,1099.99
6898,2785,91,3,119.99,359.97
6899,2786,39,3,1.99,5.97
6900,2786,60,3,10.99,32.97
6901,2786,98,2,13999.99,27999.98
6902,2786,26,3,0.99,2.97
6903,2787,61,2,34.99,69.98
6904,2787,94,1,1499.99,1499.99
6905,2787,67,3,15.99,47.97
6906,2787,96,1,12999.99,12999.99
6907,2788,95,1,8999.99,8999.99
6908,2789,93,3,89.99,269.97
6909,2789,70,2,6.99,13.98
6910,2789,62,3,5.99,17.97
6911,2790,83,3,29.99,89.97
6912,2790,97,3,10999.99,32999.97
6913,2790,12,1,2499.99,2499.99
6914,2791,55,3,6.99,20.97
6915,2792,41,3,2.49,7.47
6916,2792,49,3,5.99,17.97
6917,2793,17,1,12.99,12.99
6918,2794,95,3,8999.99,26999.97
6919,2794,68,2,24.99,49.98
6920,2794,25,3,1.29,3.87
6921,2794,3,3,14.99,44.97
6922,2795,66,2,89.99,179.98
6923,2796,93,1,89.99,89.99
6924,2796,65,3,12.99,38.97
6925,2796,87,1,27.99,27.99
6926,2797,67,2,15.99,31.98
6927,2797,66,1,89.99,89.99
6928,2797,31,1,0.79,0.79
6929,2797,75,2,16.99,33.98
6930,2798,26,3,0.99,2.97
6931,2798,89,1,79.99,79.99
6932,2798,63,2,7.99,15.98
6933,2798,15,3,799.99,2399.97
6934,2799,99,1,99.99,99.99
6935,2799,27,3,6.99,20.97
6936,2800,99,3,99.99,299.97
6937,2800,42,1,0.99,0.99
6938,2800,28,2,5.49,10.98
6939,2801,44,2,29.99,59.98
6940,2801,82,1,1499.99,1499.99
6941,2801,99,1,99.99,99.99
6942,2802,66,1,89.99,89.99
6943,2802,67,1,15.99,15.99
6944,2802,30,3,2.49,7.47
6945,2802,39,1,1.99,1.99
6946,2803,22,1,10.99,10.99
6947,2804,17,2,12.99,25.98
6948,2804,5,2,8.99,17.98
6949,2804,21,1,1.49,1.49
6950,2804,40,2,3.99,7.98
6951,2805,63,2,7.99,15.98
6952,2805,59,2,4.99,9.98
6953,2806,21,3,1.49,4.47
6954,2807,45,3,39.99,119.97
6955,2807,32,1,3.49,3.49
6956,2807,60,3,10.99,32.97
6957,2807,30,3,2.49,7.47
6958,2808,99,1,99.99,99.99
6959,2808,82,3,1499.99,4499.97
6960,2809,72,3,8.99,26.97
6961,2810,81,1,1099.99,1099.99
6962,2810,23,2,2.99,5.98
6963,2810,98,1,13999.99,13999.99
6964,2811,36,2,19.99,39.98
6965,2811,97,1,10999.99,10999.99
6966,2812,29,3,3.99,11.97
6967,2812,45,2,39.99,79.98
6968,2812,27,3,6.99,20.97
6969,2813,49,1,5.99,5.99
6970,2813,66,3,89.99,269.97
6971,2813,99,2,99.99,199.98
6972,2813,31,1,0.79,0.79
6973,2814,48,2,7.99,15.98
6974,2814,30,3,2.49,7.47
6975,2814,93,1,89.99,89.99
6976,2814,72,1,8.99,8.99
6977,2815,76,3,11.99,35.97
6978,2815,40,2,3.99,7.98
6979,2815,8,3,89.99,269.97
6980,2816,35,2,2.29,4.58
6981,2816,8,2,89.99,179.98
6982,2816,76,2,11.99,23.98
6983,2816,95,3,8999.99,26999.97
6984,2817,50,2,9.99,19.98
6985,2817,98,1,13999.99,13999.99
6986,2818,88,2,149.99,299.98
6987,2818,18,2,8.99,17.98
6988,2818,51,3,39.99,119.97
6989,2818,89,1,79.99,79.99
6990,2819,79,2,1799.99,3599.98
6991,2819,18,3,8.99,26.97
6992,2820,26,2,0.99,1.98
6993,2820,9,3,69.99,209.97
6994,2820,25,1,1.29,1.29
6995,2820,30,1,2.49,2.49
6996,2821,18,2,8.99,17.98
6997,2821,45,1,39.99,39.99
6998,2821,74,1,4.99,4.99
6999,2821,37,2,1.99,3.98
7000,2822,41,2,2.49,4.98
7001,2822,63,3,7.99,23.97
7002,2822,67,2,15.99,31.98
7003,2822,15,2,799.99,1599.98
7004,2823,65,1,12.99,12.99
7005,2823,86,2,19.99,39.98
7006,2823,30,2,2.49,4.98
7007,2823,84,1,24.99,24.99
7008,2824,62,2,5.99,11.98
7009,2824,4,3,12.99,38.97
7010,2825,15,1,799.99,799.99
7011,2826,68,3,24.99,74.97
7012,2826,58,1,3.99,3.99
7013,2827,50,2,9.99,19.98
7014,2828,85,1,34.99,34.99
7015,2828,36,1,19.99,19.99
7016,2828,21,3,1.49,4.47
7017,2828,10,3,79.99,239.97
7018,2829,28,1,5.49,5.49
7019,2830,87,1,27.99,27.99
7020,2830,41,1,2.49,2.49
7021,2830,47,1,49.99,49.99
7022,2830,10,3,79.99,239.97
7023,2831,90,2,89.99,179.98
7024,2831,95,3,8999.99,26999.97
7025,2831,39,3,1.99,5.97
7026,2832,84,1,24.99,24.99
7027,2832,89,1,79.99,79.99
7028,2832,70,3,6.99,20.97
7029,2833,62,3,5.99,17.97
7030,2833,44,1,29.99,29.99
7031,2833,25,3,1.29,3.87
7032,2833,7,1,129.99,129.99
7033,2834,4,2,12.99,25.98
7034,2835,14,1,499.99,499.99
7035,2835,60,2,10.99,21.98
7036,2835,69,2,3.99,7.98
7037,2835,83,1,29.99,29.99
7038,2836,6,3,49.99,149.97
7039,2836,56,1,49.99,49.99
7040,2836,50,3,9.99,29.97
7041,2837,25,3,1.29,3.87
7042,2837,39,3,1.99,5.97
7043,2837,87,2,27.99,55.98
7044,2838,6,2,49.99,99.98
7045,2839,24,1,14.99,14.99
7046,2839,69,2,3.99,7.98
7047,2839,10,3,79.99,239.97
7048,2839,14,2,499.99,999.98
7049,2840,95,2,8999.99,17999.98
7050,2841,18,2,8.99,17.98
7051,2841,69,3,3.99,11.97
7052,2841,12,2,2499.99,4999.98
7053,2842,40,1,3.99,3.99
7054,2842,6,2,49.99,99.98
7055,2842,51,2,39.99,79.98
7056,2842,18,1,8.99,8.99
7057,2843,6,2,49.99,99.98
7058,2844,17,1,12.99,12.99
7059,2845,40,3,3.99,11.97
7060,2846,22,1,10.99,10.99
7061,2846,58,1,3.99,3.99
7062,2846,30,3,2.49,7.47
7063,2847,100,3,129.99,389.97
7064,2848,98,1,13999.99,13999.99
7065,2848,14,3,499.99,1499.97
7066,2848,42,2,0.99,1.98
7067,2848,49,1,5.99,5.99
7068,2849,25,2,1.29,2.58
7069,2849,62,3,5.99,17.97
7070,2850,5,2,8.99,17.98
7071,2851,36,3,19.99,59.97
7072,2851,19,2,9.99,19.98
7073,2852,53,3,12.99,38.97
7074,2852,6,3,49.99,149.97
7075,2853,10,3,79.99,239.97
7076,2853,76,3,11.99,35.97
7077,2853,25,2,1.29,2.58
7078,2854,27,1,6.99,6.99
7079,2854,83,3,29.99,89.97
7080,2854,88,1,149.99,149.99
7081,2855,85,1,34.99,34.99
7082,2855,54,2,8.99,17.98
7083,2855,57,1,9.99,9.99
7084,2856,36,2,19.99,39.98
7085,2856,23,2,2.99,5.98
7086,2856,86,3,19.99,59.97
7087,2856,77,2,5.99,11.98
7088,2857,16,2,1.99,3.98
7089,2857,92,2,109.99,219.98
7090,2858,27,3,6.99,20.97
7091,2858,88,3,149.99,449.97
7092,2858,29,3,3.99,11.97
7093,2858,70,2,6.99,13.98
7094,2859,49,2,5.99,11.98
7095,2859,38,1,5.99,5.99
7096,2859,39,1,1.99,1.99
7097,2860,56,2,49.99,99.98
7098,2860,84,1,24.99,24.99
7099,2860,7,1,129.99,129.99
7100,2860,86,1,19.99,19.99
7101,2861,62,2,5.99,11.98
7102,2861,3,1,14.99,14.99
7103,2861,33,1,4.99,4.99
7104,2862,54,1,8.99,8.99
7105,2862,33,3,4.99,14.97
7106,2862,78,1,1999.99,1999.99
7107,2862,18,1,8.99,8.99
7108,2863,54,3,8.99,26.97
7109,2863,6,1,49.99,49.99
7110,2863,72,3,8.99,26.97
7111,2863,99,2,99.99,199.98
7112,2864,87,1,27.99,27.99
7113,2865,18,1,8.99,8.99
7114,2866,43,3,59.99,179.97
7115,2866,61,1,34.99,34.99
7116,2866,8,3,89.99,269.97
7117,2867,19,3,9.99,29.97
7118,2867,36,1,19.99,19.99
7119,2867,68,1,24.99,24.99
7120,2867,76,2,11.99,23.98
7121,2868,20,1,4.99,4.99
7122,2868,18,2,8.99,17.98
7123,2869,70,2,6.99,13.98
7124,2870,13,3,299.99,899.97
7125,2870,45,2,39.99,79.98
7126,2870,90,1,89.99,89.99
7127,2870,66,2,89.99,179.98
7128,2871,36,2,19.99,39.98
7129,2872,27,3,6.99,20.97
7130,2872,19,1,9.99,9.99
7131,2872,64,3,14.99,44.97
7132,2872,14,2,499.99,999.98
7133,2873,24,3,14.99,44.97
7134,2874,59,3,4.99,14.97
7135,2874,51,2,39.99,79.98
7136,2874,27,2,6.99,13.98
7137,2875,24,3,14.99,44.97
7138,2876,5,3,8.99,26.97
7139,2876,36,2,19.99,39.98
7140,2877,96,3,12999.99,38999.97
7141,2877,34,1,7.99,7.99
7142,2877,32,3,3.49,10.47
7143,2877,75,2,16.99,33.98
7144,2878,74,1,4.99,4.99
7145,2879,53,3,12.99,38.97
7146,2879,15,2,799.99,1599.98
7147,2879,24,1,14.99,14.99
7148,2879,98,3,13999.99,41999.97
7149,2880,67,3,15.99,47.97
7150,2880,81,2,1099.99,2199.98
7151,2880,31,1,0.79,0.79
7152,2880,73,1,19.99,19.99
7153,2881,35,2,2.29,4.58
7154,2881,2,3,19.99,59.97
7155,2881,18,3,8.99,26.97
7156,2882,15,3,799.99,2399.97
7157,2882,89,1,79.99,79.99
7158,2882,8,2,89.99,179.98
7159,2882,65,3,12.99,38.97
7160,2883,27,3,6.99,20.97
7161,2884,72,3,8.99,26.97
7162,2884,2,2,19.99,39.98
7163,2885,71,1,39.99,39.99
7164,2886,82,1,1499.99,1499.99
7165,2886,25,3,1.29,3.87
7166,2886,64,2,14.99,29.98
7167,2887,33,3,4.99,14.97
7168,2887,86,3,19.99,59.97
7169,2887,29,2,3.99,7.98
7170,2888,7,3,129.99,389.97
7171,2888,46,1,14.99,14.99
7172,2889,40,1,3.99,3.99
7173,2889,96,2,12999.99,25999.98
7174,2889,86,3,19.99,59.97
7175,2890,79,1,1799.99,1799.99
7176,2891,89,1,79.99,79.99
7177,2891,62,2,5.99,11.98
7178,2891,28,2,5.49,10.98
7179,2891,30,1,2.49,2.49
7180,2892,27,1,6.99,6.99
7181,2892,65,1,12.99,12.99
7182,2892,75,1,16.99,16.99
7183,2893,6,2,49.99,99.98
7184,2893,87,1,27.99,27.99
7185,2893,11,2,1899.99,3799.98
7186,2894,71,1,39.99,39.99
7187,2894,44,3,29.99,89.97
7188,2894,98,3,13999.99,41999.97
7189,2895,35,2,2.29,4.58
7190,2896,26,3,0.99,2.97
7191,2896,53,3,12.99,38.97
7192,2896,8,1,89.99,89.99
7193,2896,81,1,1099.99,1099.99
7194,2897,29,1,3.99,3.99
7195,2898,36,1,19.99,19.99
7196,2898,14,1,499.99,499.99
7197,2898,86,1,19.99,19.99
7198,2898,17,3,12.99,38.97
7199,2899,45,3,39.99,119.97
7200,2900,58,1,3.99,3.99
7201,2900,48,3,7.99,23.97
7202,2900,32,2,3.49,6.98
7203,2901,36,2,19.99,39.98
7204,2902,94,1,1499.99,1499.99
7205,2902,30,2,2.49,4.98
7206,2903,99,3,99.99,299.97
7207,2904,10,3,79.99,239.97
7208,2904,94,3,1499.99,4499.97
7209,2905,58,2,3.99,7.98
7210,2906,58,2,3.99,7.98
7211,2906,10,2,79.99,159.98
7212,2906,77,1,5.99,5.99
7213,2906,47,2,49.99,99.98
7214,2907,15,3,799.99,2399.97
7215,2907,18,3,8.99,26.97
7216,2907,2,1,19.99,19.99
7217,2907,100,2,129.99,259.98
7218,2908,57,3,9.99,29.97
7219,2908,18,3,8.99,26.97
7220,2908,60,3,10.99,32.97
7221,2909,16,1,1.99,1.99
7222,2909,24,2,14.99,29.98
7223,2909,87,1,27.99,27.99
7224,2910,89,3,79.99,239.97
7225,2910,30,2,2.49,4.98
7226,2910,78,3,1999.99,5999.97
7227,2911,8,1,89.99,89.99
7228,2911,89,2,79.99,159.98
7229,2911,70,3,6.99,20.97
7230,2911,83,3,29.99,89.97
7231,2912,82,2,1499.99,2999.98
7232,2912,18,2,8.99,17.98
7233,2913,90,2,89.99,179.98
7234,2913,57,3,9.99,29.97
7235,2913,35,1,2.29,2.29
7236,2913,38,2,5.99,11.98
7237,2914,56,2,49.99,99.98
7238,2914,12,1,2499.99,2499.99
7239,2914,43,1,59.99,59.99
7240,2914,5,2,8.99,17.98
7241,2915,58,2,3.99,7.98
7242,2916,30,3,2.49,7.47
7243,2916,58,1,3.99,3.99
7244,2916,47,1,49.99,49.99
7245,2916,98,3,13999.99,41999.97
7246,2917,17,2,12.99,25.98
7247,2917,57,1,9.99,9.99
7248,2917,92,3,109.99,329.97
7249,2918,32,1,3.49,3.49
7250,2918,60,1,10.99,10.99
7251,2918,70,2,6.99,13.98
7252,2918,77,3,5.99,17.97
7253,2919,40,2,3.99,7.98
7254,2919,20,3,4.99,14.97
7255,2919,52,1,29.99,29.99
7256,2920,28,1,5.49,5.49
7257,2920,12,2,2499.99,4999.98
7258,2921,32,2,3.49,6.98
7259,2921,67,3,15.99,47.97
7260,2921,62,2,5.99,11.98
7261,2922,26,2,0.99,1.98
7262,2923,51,2,39.99,79.98
7263,2924,29,2,3.99,7.98
7264,2925,36,3,19.99,59.97
7265,2926,85,3,34.99,104.97
7266,2926,71,1,39.99,39.99
7267,2926,99,1,99.99,99.99
7268,2926,33,2,4.99,9.98
7269,2927,38,3,5.99,17.97
7270,2927,79,3,1799.99,5399.97
7271,2927,9,1,69.99,69.99
7272,2927,63,1,7.99,7.99
7273,2928,15,2,799.99,1599.98
7274,2928,67,3,15.99,47.97
7275,2928,60,1,10.99,10.99
7276,2929,97,2,10999.99,21999.98
7277,2929,8,3,89.99,269.97
7278,2929,38,1,5.99,5.99
7279,2930,87,2,27.99,55.98
7280,2930,75,3,16.99,50.97
7281,2930,25,2,1.29,2.58
7282,2931,3,1,14.99,14.99
7283,2932,77,1,5.99,5.99
7284,2932,36,2,19.99,39.98
7285,2932,82,2,1499.99,2999.98
7286,2932,6,1,49.99,49.99
7287,2933,52,2,29.99,59.98
7288,2933,13,1,299.99,299.99
7289,2934,81,3,1099.99,3299.97
7290,2934,91,3,119.99,359.97
7291,2935,58,3,3.99,11.97
7292,2935,59,3,4.99,14.97
7293,2935,57,1,9.99,9.99
7294,2935,72,1,8.99,8.99
7295,2936,48,3,7.99,23.97
7296,2936,21,1,1.49,1.49
7297,2937,97,1,10999.99,10999.99
7298,2937,62,1,5.99,5.99
7299,2937,42,1,0.99,0.99
7300,2938,44,3,29.99,89.97
7301,2938,77,1,5.99,5.99
7302,2939,81,2,1099.99,2199.98
7303,2939,98,1,13999.99,13999.99
7304,2939,27,1,6.99,6.99
7305,2939,86,1,19.99,19.99
7306,2940,75,2,16.99,33.98
7307,2941,55,3,6.99,20.97
7308,2941,42,3,0.99,2.97
7309,2942,16,2,1.99,3.98
7310,2943,16,2,1.99,3.98
7311,2943,99,1,99.99,99.99
7312,2944,93,3,89.99,269.97
7313,2944,43,3,59.99,179.97
7314,2944,85,1,34.99,34.99
7315,2944,49,3,5.99,17.97
7316,2945,60,2,10.99,21.98
7317,2945,7,3,129.99,389.97
7318,2945,45,3,39.99,119.97
7319,2946,59,2,4.99,9.98
7320,2946,46,3,14.99,44.97
7321,2946,12,3,2499.99,7499.97
7322,2946,51,2,39.99,79.98
7323,2947,78,3,1999.99,5999.97
7324,2948,5,2,8.99,17.98
7325,2948,23,1,2.99,2.99
7326,2948,77,2,5.99,11.98
7327,2948,37,3,1.99,5.97
7328,2949,73,3,19.99,59.97
7329,2949,84,2,24.99,49.98
7330,2949,51,3,39.99,119.97
7331,2949,80,1,1399.99,1399.99
7332,2950,95,1,8999.99,8999.99
7333,2951,22,1,10.99,10.99
7334,2951,58,2,3.99,7.98
7335,2952,19,3,9.99,29.97
7336,2952,18,2,8.99,17.98
7337,2952,31,2,0.79,1.58
7338,2952,28,1,5.49,5.49
7339,2953,96,1,12999.99,12999.99
7340,2953,40,1,3.99,3.99
7341,2954,69,3,3.99,11.97
7342,2954,88,1,149.99,149.99
7343,2954,78,3,1999.99,5999.97
7344,2954,17,1,12.99,12.99
7345,2955,11,1,1899.99,1899.99
7346,2956,3,3,14.99,44.97
7347,2956,33,3,4.99,14.97
7348,2957,71,3,39.99,119.97
7349,2957,30,1,2.49,2.49
7350,2958,18,1,8.99,8.99
7351,2958,34,3,7.99,23.97
7352,2958,75,2,16.99,33.98
7353,2958,53,2,12.99,25.98
7354,2959,58,2,3.99,7.98
7355,2959,71,2,39.99,79.98
7356,2959,3,3,14.99,44.97
7357,2959,16,1,1.99,1.99
7358,2960,100,2,129.99,259.98
7359,2960,59,2,4.99,9.98
7360,2960,85,1,34.99,34.99
7361,2961,4,1,12.99,12.99
7362,2962,100,3,129.99,389.97
7363,2962,64,1,14.99,14.99
7364,2963,97,3,10999.99,32999.97
7365,2963,91,2,119.99,239.98
7366,2964,81,3,1099.99,3299.97
7367,2965,5,3,8.99,26.97
7368,2965,61,1,34.99,34.99
7369,2965,22,3,10.99,32.97
7370,2966,37,1,1.99,1.99
7371,2966,63,3,7.99,23.97
7372,2966,28,2,5.49,10.98
7373,2966,74,3,4.99,14.97
7374,2967,81,1,1099.99,1099.99
7375,2967,46,2,14.99,29.98
7376,2967,59,1,4.99,4.99
7377,2968,59,2,4.99,9.98
7378,2968,26,1,0.99,0.99
7379,2968,72,3,8.99,26.97
7380,2969,20,3,4.99,14.97
7381,2969,59,1,4.99,4.99
7382,2969,48,3,7.99,23.97
7383,2970,34,1,7.99,7.99
7384,2970,89,3,79.99,239.97
7385,2970,90,1,89.99,89.99
7386,2970,61,1,34.99,34.99
7387,2971,66,1,89.99,89.99
7388,2971,59,2,4.99,9.98
7389,2972,71,3,39.99,119.97
7390,2972,33,3,4.99,14.97
7391,2972,15,3,799.99,2399.97
7392,2972,45,2,39.99,79.98
7393,2973,51,1,39.99,39.99
7394,2973,33,2,4.99,9.98
7395,2973,97,3,10999.99,32999.97
7396,2973,94,3,1499.99,4499.97
7397,2974,75,3,16.99,50.97
7398,2974,51,2,39.99,79.98
7399,2974,1,3,9.99,29.97
7400,2974,36,1,19.99,19.99
7401,2975,38,2,5.99,11.98
7402,2976,91,3,119.99,359.97
7403,2977,82,2,1499.99,2999.98
7404,2977,13,3,299.99,899.97
7405,2977,34,1,7.99,7.99
7406,2977,46,3,14.99,44.97
7407,2978,87,3,27.99,83.97
7408,2978,73,3,19.99,59.97
7409,2979,51,2,39.99,79.98
7410,2980,68,3,24.99,74.97
7411,2980,47,3,49.99,149.97
7412,2980,28,1,5.49,5.49
7413,2981,59,1,4.99,4.99
7414,2982,66,2,89.99,179.98
7415,2982,80,1,1399.99,1399.99
7416,2982,70,3,6.99,20.97
7417,2982,48,2,7.99,15.98
7418,2983,26,3,0.99,2.97
7419,2983,28,3,5.49,16.47
7420,2983,85,2,34.99,69.98
7421,2984,20,2,4.99,9.98
7422,2985,40,3,3.99,11.97
7423,2985,93,3,89.99,269.97
7424,2986,35,2,2.29,4.58
7425,2987,5,3,8.99,26.97
7426,2988,18,3,8.99,26.97
7427,2989,94,3,1499.99,4499.97
7428,2989,23,1,2.99,2.99
7429,2990,89,3,79.99,239.97
7430,2991,38,1,5.99,5.99
7431,2991,68,1,24.99,24.99
7432,2991,44,1,29.99,29.99
7433,2991,20,3,4.99,14.97
7434,2992,32,2,3.49,6.98
7435,2992,90,2,89.99,179.98
7436,2992,21,1,1.49,1.49
7437,2993,34,3,7.99,23.97
7438,2994,42,2,0.99,1.98
7439,2994,22,1,10.99,10.99
7440,2994,48,3,7.99,23.97
7441,2995,26,2,0.99,1.98
7442,2995,41,3,2.49,7.47
7443,2995,98,2,13999.99,27999.98
7444,2995,73,3,19.99,59.97
7445,2996,88,3,149.99,449.97
7446,2996,8,1,89.99,89.99
7447,2996,69,3,3.99,11.97
7448,2997,24,2,14.99,29.98
7449,2997,96,1,12999.99,12999.99
7450,2997,66,1,89.99,89.99
7451,2998,3,1,14.99,14.99
7452,2998,67,1,15.99,15.99
7453,2999,60,3,10.99,32.97
7454,2999,67,3,15.99,47.97
7455,2999,72,2,8.99,17.98
7456,2999,43,1,59.99,59.99
7457,3000,49,3,5.99,17.97
7458,3000,17,3,12.99,38.97
7459,3001,93,1,89.99,89.99
7460,3001,59,3,4.99,14.97
7461,3001,14,2,499.99,999.98
7462,3001,51,2,39.99,79.98
7463,3002,2,3,19.99,59.97
7464,3002,54,1,8.99,8.99
7465,3003,48,2,7.99,15.98
7466,3003,52,2,29.99,59.98
7467,3003,26,3,0.99,2.97
7468,3004,69,3,3.99,11.97
7469,3004,4,1,12.99,12.99
7470,3004,11,2,1899.99,3799.98
7471,3004,86,3,19.99,59.97
7472,3005,79,3,1799.99,5399.97
7473,3005,37,1,1.99,1.99
7474,3006,13,1,299.99,299.99
7475,3006,6,1,49.99,49.99
7476,3007,89,3,79.99,239.97
7477,3007,62,2,5.99,11.98
7478,3007,20,2,4.99,9.98
7479,3007,36,1,19.99,19.99
7480,3008,22,1,10.99,10.99
7481,3008,26,1,0.99,0.99
7482,3009,73,3,19.99,59.97
7483,3009,75,1,16.99,16.99
7484,3009,83,3,29.99,89.97
7485,3009,22,3,10.99,32.97
7486,3010,25,1,1.29,1.29
7487,3010,62,2,5.99,11.98
7488,3011,51,1,39.99,39.99
7489,3011,35,1,2.29,2.29
7490,3012,54,1,8.99,8.99
7491,3012,86,2,19.99,39.98
7492,3013,96,3,12999.99,38999.97
7493,3014,46,2,14.99,29.98
7494,3015,30,2,2.49,4.98
7495,3016,78,2,1999.99,3999.98
7496,3016,8,1,89.99,89.99
7497,3016,26,1,0.99,0.99
7498,3016,59,2,4.99,9.98
7499,3017,44,3,29.99,89.97
7500,3017,14,2,499.99,999.98
7501,3018,80,3,1399.99,4199.97
7502,3018,37,3,1.99,5.97
7503,3018,77,3,5.99,17.97
7504,3019,91,3,119.99,359.97
7505,3020,8,2,89.99,179.98
7506,3021,51,1,39.99,39.99
7507,3021,75,2,16.99,33.98
7508,3022,94,1,1499.99,1499.99
7509,3023,41,3,2.49,7.47
7510,3024,29,2,3.99,7.98
7511,3025,97,3,10999.99,32999.97
7512,3026,62,2,5.99,11.98
7513,3026,29,3,3.99,11.97
7514,3027,100,2,129.99,259.98
7515,3027,48,1,7.99,7.99
7516,3027,64,2,14.99,29.98
7517,3028,6,1,49.99,49.99
7518,3028,88,3,149.99,449.97
7519,3028,58,1,3.99,3.99
7520,3028,86,3,19.99,59.97
7521,3029,80,2,1399.99,2799.98
7522,3029,13,3,299.99,899.97
7523,3029,55,3,6.99,20.97
7524,3029,61,1,34.99,34.99
7525,3030,65,1,12.99,12.99
7526,3030,42,1,0.99,0.99
7527,3031,74,3,4.99,14.97
7528,3031,100,2,129.99,259.98
7529,3031,85,2,34.99,69.98
7530,3031,11,2,1899.99,3799.98
7531,3032,50,1,9.99,9.99
7532,3033,97,3,10999.99,32999.97
7533,3033,52,2,29.99,59.98
7534,3034,21,1,1.49,1.49
7535,3034,88,2,149.99,299.98
7536,3034,49,2,5.99,11.98
7537,3035,38,1,5.99,5.99
7538,3036,20,1,4.99,4.99
7539,3036,37,1,1.99,1.99
7540,3037,12,3,2499.99,7499.97
7541,3037,11,2,1899.99,3799.98
7542,3037,59,3,4.99,14.97
7543,3038,17,3,12.99,38.97
7544,3038,3,2,14.99,29.98
7545,3039,100,1,129.99,129.99
7546,3039,62,1,5.99,5.99
7547,3039,6,2,49.99,99.98
7548,3040,8,2,89.99,179.98
7549,3041,47,3,49.99,149.97
7550,3041,94,2,1499.99,2999.98
7551,3041,49,1,5.99,5.99
7552,3042,63,1,7.99,7.99
7553,3042,85,2,34.99,69.98
7554,3042,71,1,39.99,39.99
7555,3043,67,1,15.99,15.99
7556,3043,78,2,1999.99,3999.98
7557,3043,53,3,12.99,38.97
7558,3044,58,3,3.99,11.97
7559,3044,69,3,3.99,11.97
7560,3044,66,1,89.99,89.99
7561,3044,29,1,3.99,3.99
7562,3045,33,2,4.99,9.98
7563,3045,76,3,11.99,35.97
7564,3046,3,2,14.99,29.98
7565,3047,49,2,5.99,11.98
7566,3047,53,2,12.99,25.98
7567,3047,51,2,39.99,79.98
7568,3047,7,3,129.99,389.97
7569,3048,21,1,1.49,1.49
7570,3048,20,1,4.99,4.99
7571,3049,39,2,1.99,3.98
7572,3049,61,2,34.99,69.98
7573,3049,3,2,14.99,29.98
7574,3049,40,1,3.99,3.99
7575,3050,38,3,5.99,17.97
7576,3050,84,1,24.99,24.99
7577,3051,6,1,49.99,49.99
7578,3052,25,1,1.29,1.29
7579,3052,68,1,24.99,24.99
7580,3053,49,1,5.99,5.99
7581,3054,37,1,1.99,1.99
7582,3054,10,1,79.99,79.99
7583,3054,38,1,5.99,5.99
7584,3055,42,1,0.99,0.99
7585,3056,25,1,1.29,1.29
7586,3057,7,1,129.99,129.99
7587,3057,17,1,12.99,12.99
7588,3057,68,3,24.99,74.97
7589,3058,42,2,0.99,1.98
7590,3058,67,1,15.99,15.99
7591,3059,63,3,7.99,23.97
7592,3059,71,1,39.99,39.99
7593,3060,72,3,8.99,26.97
7594,3060,96,2,12999.99,25999.98
7595,3060,80,2,1399.99,2799.98
7596,3060,38,3,5.99,17.97
7597,3061,42,3,0.99,2.97
7598,3061,17,2,12.99,25.98
7599,3061,36,2,19.99,39.98
7600,3061,15,2,799.99,1599.98
7601,3062,40,2,3.99,7.98
7602,3062,67,3,15.99,47.97
7603,3062,83,3,29.99,89.97
7604,3062,98,3,13999.99,41999.97
7605,3063,18,3,8.99,26.97
7606,3063,42,2,0.99,1.98
7607,3063,95,2,8999.99,17999.98
7608,3063,91,2,119.99,239.98
7609,3064,84,1,24.99,24.99
7610,3064,56,2,49.99,99.98
7611,3064,53,3,12.99,38.97
7612,3065,12,2,2499.99,4999.98
7613,3065,70,2,6.99,13.98
7614,3065,75,3,16.99,50.97
7615,3066,22,1,10.99,10.99
7616,3066,33,3,4.99,14.97
7617,3066,42,3,0.99,2.97
7618,3066,45,1,39.99,39.99
7619,3067,50,2,9.99,19.98
7620,3067,85,1,34.99,34.99
7621,3067,92,3,109.99,329.97
7622,3068,70,3,6.99,20.97
7623,3068,90,2,89.99,179.98
7624,3068,12,1,2499.99,2499.99
7625,3069,23,1,2.99,2.99
7626,3069,67,1,15.99,15.99
7627,3069,18,1,8.99,8.99
7628,3069,68,3,24.99,74.97
7629,3070,7,3,129.99,389.97
7630,3070,4,1,12.99,12.99
7631,3070,23,2,2.99,5.98
7632,3071,31,1,0.79,0.79
7633,3071,2,3,19.99,59.97
7634,3071,5,2,8.99,17.98
7635,3071,87,1,27.99,27.99
7636,3072,80,1,1399.99,1399.99
7637,3072,56,2,49.99,99.98
7638,3072,45,2,39.99,79.98
7639,3073,74,3,4.99,14.97
7640,3073,53,3,12.99,38.97
7641,3073,100,1,129.99,129.99
7642,3074,42,3,0.99,2.97
7643,3074,26,1,0.99,0.99
7644,3074,18,2,8.99,17.98
7645,3075,74,2,4.99,9.98
7646,3075,5,3,8.99,26.97
7647,3075,90,2,89.99,179.98
7648,3075,41,1,2.49,2.49
7649,3076,62,3,5.99,17.97
7650,3077,48,1,7.99,7.99
7651,3077,19,1,9.99,9.99
7652,3078,82,2,1499.99,2999.98
7653,3078,50,2,9.99,19.98
7654,3079,28,3,5.49,16.47
7655,3079,1,3,9.99,29.97
7656,3079,81,2,1099.99,2199.98
7657,3079,32,2,3.49,6.98
7658,3080,83,1,29.99,29.99
7659,3080,8,2,89.99,179.98
7660,3080,72,3,8.99,26.97
7661,3080,93,2,89.99,179.98
7662,3081,43,3,59.99,179.97
7663,3081,63,2,7.99,15.98
7664,3081,47,3,49.99,149.97
7665,3082,30,3,2.49,7.47
7666,3083,67,3,15.99,47.97
7667,3084,32,3,3.49,10.47
7668,3084,30,3,2.49,7.47
7669,3084,58,1,3.99,3.99
7670,3084,91,3,119.99,359.97
7671,3085,19,3,9.99,29.97
7672,3085,44,3,29.99,89.97
7673,3085,36,1,19.99,19.99
7674,3085,74,3,4.99,14.97
7675,3086,68,2,24.99,49.98
7676,3086,84,1,24.99,24.99
7677,3087,5,3,8.99,26.97
7678,3087,46,3,14.99,44.97
7679,3088,35,2,2.29,4.58
7680,3089,22,1,10.99,10.99
7681,3089,2,1,19.99,19.99
7682,3090,78,3,1999.99,5999.97
7683,3090,80,3,1399.99,4199.97
7684,3091,89,2,79.99,159.98
7685,3091,10,1,79.99,79.99
7686,3092,25,1,1.29,1.29
7687,3093,16,1,1.99,1.99
7688,3093,52,1,29.99,29.99
7689,3093,68,2,24.99,49.98
7690,3093,53,3,12.99,38.97
7691,3094,43,3,59.99,179.97
7692,3094,41,2,2.49,4.98
7693,3094,35,1,2.29,2.29
7694,3094,23,2,2.99,5.98
7695,3095,55,1,6.99,6.99
7696,3095,86,2,19.99,39.98
7697,3095,17,2,12.99,25.98
7698,3095,61,1,34.99,34.99
7699,3096,31,2,0.79,1.58
7700,3097,23,1,2.99,2.99
7701,3097,5,2,8.99,17.98
7702,3098,48,3,7.99,23.97
7703,3098,66,1,89.99,89.99
7704,3098,6,1,49.99,49.99
7705,3098,78,1,1999.99,1999.99
7706,3099,41,1,2.49,2.49
7707,3099,96,2,12999.99,25999.98
7708,3099,83,1,29.99,29.99
7709,3099,13,1,299.99,299.99
7710,3100,69,3,3.99,11.97
7711,3100,42,2,0.99,1.98
7712,3101,2,3,19.99,59.97
7713,3101,9,3,69.99,209.97
7714,3102,39,3,1.99,5.97
7715,3102,9,3,69.99,209.97
7716,3102,16,3,1.99,5.97
7717,3102,11,2,1899.99,3799.98
7718,3103,84,2,24.99,49.98
7719,3103,30,3,2.49,7.47
7720,3104,71,3,39.99,119.97
7721,3104,23,3,2.99,8.97
7722,3105,4,2,12.99,25.98
7723,3105,53,2,12.99,25.98
7724,3105,14,3,499.99,1499.97
7725,3106,77,3,5.99,17.97
7726,3106,63,3,7.99,23.97
7727,3106,6,3,49.99,149.97
7728,3107,69,3,3.99,11.97
7729,3107,78,3,1999.99,5999.97
7730,3107,31,2,0.79,1.58
7731,3108,27,3,6.99,20.97
7732,3108,10,2,79.99,159.98
7733,3109,68,3,24.99,74.97
7734,3110,51,3,39.99,119.97
7735,3110,77,3,5.99,17.97
7736,3110,34,3,7.99,23.97
7737,3111,86,1,19.99,19.99
7738,3111,100,1,129.99,129.99
7739,3111,69,1,3.99,3.99
7740,3112,74,3,4.99,14.97
7741,3112,83,3,29.99,89.97
7742,3112,66,1,89.99,89.99
7743,3112,58,3,3.99,11.97
7744,3113,2,2,19.99,39.98
7745,3113,19,2,9.99,19.98
7746,3113,36,3,19.99,59.97
7747,3113,75,2,16.99,33.98
7748,3114,91,2,119.99,239.98
7749,3115,46,3,14.99,44.97
7750,3115,58,2,3.99,7.98
7751,3116,59,1,4.99,4.99
7752,3116,26,3,0.99,2.97
7753,3116,51,2,39.99,79.98
7754,3117,82,3,1499.99,4499.97
7755,3117,2,2,19.99,39.98
7756,3118,85,2,34.99,69.98
7757,3118,26,3,0.99,2.97
7758,3119,27,3,6.99,20.97
7759,3119,86,1,19.99,19.99
7760,3119,99,1,99.99,99.99
7761,3119,15,2,799.99,1599.98
7762,3120,51,2,39.99,79.98
7763,3121,10,3,79.99,239.97
7764,3121,60,3,10.99,32.97
7765,3122,94,2,1499.99,2999.98
7766,3123,12,2,2499.99,4999.98
7767,3123,1,3,9.99,29.97
7768,3123,60,2,10.99,21.98
7769,3123,55,1,6.99,6.99
7770,3124,91,3,119.99,359.97
7771,3125,63,3,7.99,23.97
7772,3125,49,1,5.99,5.99
7773,3126,42,2,0.99,1.98
7774,3127,82,1,1499.99,1499.99
7775,3127,41,2,2.49,4.98
7776,3127,48,3,7.99,23.97
7777,3128,23,2,2.99,5.98
7778,3128,96,2,12999.99,25999.98
7779,3128,43,1,59.99,59.99
7780,3129,61,1,34.99,34.99
7781,3130,98,1,13999.99,13999.99
7782,3130,17,1,12.99,12.99
7783,3130,44,1,29.99,29.99
7784,3131,51,1,39.99,39.99
7785,3131,79,2,1799.99,3599.98
7786,3131,41,3,2.49,7.47
7787,3131,83,3,29.99,89.97
7788,3132,43,3,59.99,179.97
7789,3133,48,3,7.99,23.97
7790,3134,91,2,119.99,239.98
7791,3134,57,3,9.99,29.97
7792,3135,13,2,299.99,599.98
7793,3135,5,1,8.99,8.99
7794,3135,15,2,799.99,1599.98
7795,3135,58,2,3.99,7.98
7796,3136,48,1,7.99,7.99
7797,3136,49,1,5.99,5.99
7798,3136,12,1,2499.99,2499.99
7799,3136,87,2,27.99,55.98
7800,3137,45,3,39.99,119.97
7801,3137,26,3,0.99,2.97
7802,3137,99,3,99.99,299.97
7803,3138,33,3,4.99,14.97
7804,3139,60,2,10.99,21.98
7805,3139,87,1,27.99,27.99
7806,3139,78,3,1999.99,5999.97
7807,3139,61,2,34.99,69.98
7808,3140,26,1,0.99,0.99
7809,3140,94,1,1499.99,1499.99
7810,3140,1,3,9.99,29.97
7811,3141,45,3,39.99,119.97
7812,3141,26,1,0.99,0.99
7813,3141,4,3,12.99,38.97
7814,3142,62,2,5.99,11.98
7815,3142,64,1,14.99,14.99
7816,3143,97,1,10999.99,10999.99
7817,3143,18,3,8.99,26.97
7818,3144,32,3,3.49,10.47
7819,3145,8,1,89.99,89.99
7820,3146,66,2,89.99,179.98
7821,3146,100,3,129.99,389.97
7822,3146,83,2,29.99,59.98
7823,3146,92,2,109.99,219.98
7824,3147,15,1,799.99,799.99
7825,3148,19,1,9.99,9.99
7826,3148,69,2,3.99,7.98
7827,3148,88,3,149.99,449.97
7828,3148,7,1,129.99,129.99
7829,3149,95,2,8999.99,17999.98
7830,3149,54,2,8.99,17.98
7831,3149,3,3,14.99,44.97
7832,3150,54,3,8.99,26.97
7833,3150,31,3,0.79,2.37
7834,3150,39,3,1.99,5.97
7835,3151,42,3,0.99,2.97
7836,3151,88,2,149.99,299.98
7837,3151,63,3,7.99,23.97
7838,3151,69,1,3.99,3.99
7839,3152,95,3,8999.99,26999.97
7840,3152,38,1,5.99,5.99
7841,3152,57,3,9.99,29.97
7842,3152,61,1,34.99,34.99
7843,3153,73,1,19.99,19.99
7844,3153,49,1,5.99,5.99
7845,3153,96,3,12999.99,38999.97
7846,3153,69,3,3.99,11.97
7847,3154,34,3,7.99,23.97
7848,3154,60,1,10.99,10.99
7849,3154,9,2,69.99,139.98
7850,3154,26,3,0.99,2.97
7851,3155,20,3,4.99,14.97
7852,3155,63,1,7.99,7.99
7853,3155,16,1,1.99,1.99
7854,3155,53,2,12.99,25.98
7855,3156,72,3,8.99,26.97
7856,3157,68,2,24.99,49.98
7857,3157,18,1,8.99,8.99
7858,3157,28,2,5.49,10.98
7859,3157,12,3,2499.99,7499.97
7860,3158,26,2,0.99,1.98
7861,3158,27,1,6.99,6.99
7862,3158,49,2,5.99,11.98
7863,3159,32,3,3.49,10.47
7864,3159,19,3,9.99,29.97
7865,3160,5,3,8.99,26.97
7866,3160,46,2,14.99,29.98
7867,3160,57,1,9.99,9.99
7868,3161,1,3,9.99,29.97
7869,3161,100,1,129.99,129.99
7870,3161,31,2,0.79,1.58
7871,3162,35,3,2.29,6.87
7872,3162,96,3,12999.99,38999.97
7873,3162,76,2,11.99,23.98
7874,3162,47,1,49.99,49.99
7875,3163,81,3,1099.99,3299.97
7876,3163,45,3,39.99,119.97
7877,3164,33,1,4.99,4.99
7878,3164,49,1,5.99,5.99
7879,3164,15,1,799.99,799.99
7880,3165,39,3,1.99,5.97
7881,3165,86,2,19.99,39.98
7882,3165,13,3,299.99,899.97
7883,3166,90,2,89.99,179.98
7884,3166,52,2,29.99,59.98
7885,3167,89,3,79.99,239.97
7886,3168,91,3,119.99,359.97
7887,3168,49,1,5.99,5.99
7888,3168,72,1,8.99,8.99
7889,3168,58,1,3.99,3.99
7890,3169,64,1,14.99,14.99
7891,3169,37,1,1.99,1.99
7892,3170,58,3,3.99,11.97
7893,3171,66,2,89.99,179.98
7894,3172,67,3,15.99,47.97
7895,3173,37,3,1.99,5.97
7896,3173,35,1,2.29,2.29
7897,3173,30,3,2.49,7.47
7898,3174,28,2,5.49,10.98
7899,3174,9,3,69.99,209.97
7900,3174,94,2,1499.99,2999.98
7901,3174,38,1,5.99,5.99
7902,3175,11,3,1899.99,5699.97
7903,3175,44,1,29.99,29.99
7904,3175,64,1,14.99,14.99
7905,3176,63,1,7.99,7.99
7906,3176,53,3,12.99,38.97
7907,3176,2,3,19.99,59.97
7908,3176,15,1,799.99,799.99
7909,3177,64,1,14.99,14.99
7910,3177,30,2,2.49,4.98
7911,3178,81,3,1099.99,3299.97
7912,3178,28,3,5.49,16.47
7913,3178,33,3,4.99,14.97
7914,3179,47,2,49.99,99.98
7915,3179,7,2,129.99,259.98
7916,3179,38,1,5.99,5.99
7917,3179,22,1,10.99,10.99
7918,3180,43,3,59.99,179.97
7919,3180,98,3,13999.99,41999.97
7920,3180,69,2,3.99,7.98
7921,3181,55,1,6.99,6.99
7922,3181,7,3,129.99,389.97
7923,3181,62,3,5.99,17.97
7924,3181,95,2,8999.99,17999.98
7925,3182,42,2,0.99,1.98
7926,3182,83,2,29.99,59.98
7927,3182,35,2,2.29,4.58
7928,3183,78,3,1999.99,5999.97
7929,3183,4,2,12.99,25.98
7930,3183,75,2,16.99,33.98
7931,3183,42,3,0.99,2.97
7932,3184,76,3,11.99,35.97
7933,3185,38,2,5.99,11.98
7934,3185,80,2,1399.99,2799.98
7935,3185,48,1,7.99,7.99
7936,3185,30,2,2.49,4.98
7937,3186,89,1,79.99,79.99
7938,3187,85,1,34.99,34.99
7939,3187,18,2,8.99,17.98
7940,3187,76,1,11.99,11.99
7941,3187,33,2,4.99,9.98
7942,3188,33,3,4.99,14.97
7943,3188,59,1,4.99,4.99
7944,3188,62,3,5.99,17.97
7945,3189,18,2,8.99,17.98
7946,3189,93,1,89.99,89.99
7947,3189,57,2,9.99,19.98
7948,3190,30,2,2.49,4.98
7949,3191,64,1,14.99,14.99
7950,3191,34,1,7.99,7.99
7951,3192,83,3,29.99,89.97
7952,3192,79,3,1799.99,5399.97
7953,3192,17,2,12.99,25.98
7954,3193,50,2,9.99,19.98
7955,3193,20,3,4.99,14.97
7956,3193,71,3,39.99,119.97
7957,3193,55,1,6.99,6.99
7958,3194,15,3,799.99,2399.97
7959,3194,58,1,3.99,3.99
7960,3194,95,1,8999.99,8999.99
7961,3194,23,3,2.99,8.97
7962,3195,77,1,5.99,5.99
7963,3195,41,1,2.49,2.49
7964,3196,56,2,49.99,99.98
7965,3197,94,3,1499.99,4499.97
7966,3197,30,2,2.49,4.98
7967,3197,21,1,1.49,1.49
7968,3198,50,1,9.99,9.99
7969,3198,30,1,2.49,2.49
7970,3198,58,3,3.99,11.97
7971,3199,71,2,39.99,79.98
7972,3199,59,3,4.99,14.97
7973,3199,81,3,1099.99,3299.97
7974,3199,29,2,3.99,7.98
7975,3200,84,1,24.99,24.99
7976,3200,59,3,4.99,14.97
7977,3200,83,1,29.99,29.99
7978,3201,7,1,129.99,129.99
7979,3201,17,3,12.99,38.97
7980,3202,10,3,79.99,239.97
7981,3203,28,3,5.49,16.47
7982,3203,92,1,109.99,109.99
7983,3203,71,2,39.99,79.98
7984,3204,60,1,10.99,10.99
7985,3204,65,2,12.99,25.98
7986,3204,80,1,1399.99,1399.99
7987,3205,51,2,39.99,79.98
7988,3206,44,2,29.99,59.98
7989,3206,99,2,99.99,199.98
7990,3206,39,3,1.99,5.97
7991,3207,69,2,3.99,7.98
7992,3207,19,1,9.99,9.99
7993,3208,29,1,3.99,3.99
7994,3208,25,2,1.29,2.58
7995,3208,31,1,0.79,0.79
7996,3209,81,1,1099.99,1099.99
7997,3209,75,2,16.99,33.98
7998,3210,59,1,4.99,4.99
7999,3210,48,2,7.99,15.98
8000,3211,54,1,8.99,8.99
8001,3212,44,2,29.99,59.98
8002,3212,82,2,1499.99,2999.98
8003,3213,92,1,109.99,109.99
8004,3214,88,2,149.99,299.98
8005,3214,8,2,89.99,179.98
8006,3214,15,3,799.99,2399.97
8007,3215,48,3,7.99,23.97
8008,3216,73,1,19.99,19.99
8009,3216,23,2,2.99,5.98
8010,3216,94,3,1499.99,4499.97
8011,3217,73,2,19.99,39.98
8012,3218,18,3,8.99,26.97
8013,3218,90,2,89.99,179.98
8014,3218,52,1,29.99,29.99
8015,3219,20,1,4.99,4.99
8016,3220,1,2,9.99,19.98
8017,3220,62,1,5.99,5.99
8018,3220,30,1,2.49,2.49
8019,3220,7,3,129.99,389.97
8020,3221,64,1,14.99,14.99
8021,3221,93,2,89.99,179.98
8022,3222,17,3,12.99,38.97
8023,3222,48,1,7.99,7.99
8024,3222,9,2,69.99,139.98
8025,3223,11,1,1899.99,1899.99
8026,3223,5,1,8.99,8.99
8027,3224,65,2,12.99,25.98
8028,3224,98,3,13999.99,41999.97
8029,3224,32,1,3.49,3.49
8030,3225,77,3,5.99,17.97
8031,3225,89,2,79.99,159.98
8032,3226,69,1,3.99,3.99
8033,3226,54,1,8.99,8.99
8034,3226,81,3,1099.99,3299.97
8035,3227,40,3,3.99,11.97
8036,3227,6,1,49.99,49.99
8037,3227,73,2,19.99,39.98
8038,3228,74,3,4.99,14.97
8039,3228,30,3,2.49,7.47
8040,3229,16,2,1.99,3.98
8041,3230,31,1,0.79,0.79
8042,3230,88,3,149.99,449.97
8043,3230,50,3,9.99,29.97
8044,3231,2,3,19.99,59.97
8045,3232,92,1,109.99,109.99
8046,3232,53,2,12.99,25.98
8047,3232,60,3,10.99,32.97
8048,3232,1,1,9.99,9.99
8049,3233,37,3,1.99,5.97
8050,3233,4,3,12.99,38.97
8051,3234,44,3,29.99,89.97
8052,3234,40,1,3.99,3.99
8053,3235,41,3,2.49,7.47
8054,3235,75,1,16.99,16.99
8055,3236,27,2,6.99,13.98
8056,3236,23,3,2.99,8.97
8057,3236,62,3,5.99,17.97
8058,3236,39,2,1.99,3.98
8059,3237,75,3,16.99,50.97
8060,3238,34,3,7.99,23.97
8061,3238,62,3,5.99,17.97
8062,3239,58,3,3.99,11.97
8063,3239,10,2,79.99,159.98
8064,3240,69,2,3.99,7.98
8065,3240,82,1,1499.99,1499.99
8066,3240,24,2,14.99,29.98
8067,3241,70,2,6.99,13.98
8068,3241,87,2,27.99,55.98
8069,3241,90,3,89.99,269.97
8070,3242,15,1,799.99,799.99
8071,3242,64,1,14.99,14.99
8072,3243,85,3,34.99,104.97
8073,3243,33,1,4.99,4.99
8074,3243,57,1,9.99,9.99
8075,3243,10,2,79.99,159.98
8076,3244,37,2,1.99,3.98
8077,3244,27,2,6.99,13.98
8078,3244,61,1,34.99,34.99
8079,3244,67,3,15.99,47.97
8080,3245,74,3,4.99,14.97
8081,3246,7,2,129.99,259.98
8082,3246,74,1,4.99,4.99
8083,3246,91,3,119.99,359.97
8084,3246,100,2,129.99,259.98
8085,3247,40,3,3.99,11.97
8086,3247,6,1,49.99,49.99
8087,3247,72,1,8.99,8.99
8088,3247,45,3,39.99,119.97
8089,3248,51,3,39.99,119.97
8090,3248,89,1,79.99,79.99
8091,3249,6,1,49.99,49.99
8092,3249,85,3,34.99,104.97
8093,3249,67,3,15.99,47.97
8094,3250,30,2,2.49,4.98
8095,3250,38,1,5.99,5.99
8096,3250,69,3,3.99,11.97
8097,3251,83,2,29.99,59.98
8098,3251,38,3,5.99,17.97
8099,3251,73,2,19.99,39.98
8100,3251,11,2,1899.99,3799.98
8101,3252,87,1,27.99,27.99
8102,3253,40,1,3.99,3.99
8103,3253,81,2,1099.99,2199.98
8104,3253,56,2,49.99,99.98
8105,3254,47,2,49.99,99.98
8106,3254,81,2,1099.99,2199.98
8107,3255,94,1,1499.99,1499.99
8108,3255,100,1,129.99,129.99
8109,3255,33,3,4.99,14.97
8110,3256,9,2,69.99,139.98
8111,3256,54,3,8.99,26.97
8112,3256,24,2,14.99,29.98
8113,3257,46,2,14.99,29.98
8114,3257,44,2,29.99,59.98
8115,3258,95,2,8999.99,17999.98
8116,3258,49,2,5.99,11.98
8117,3258,33,1,4.99,4.99
8118,3258,45,3,39.99,119.97
8119,3259,22,1,10.99,10.99
8120,3259,24,2,14.99,29.98
8121,3260,73,1,19.99,19.99
8122,3260,64,1,14.99,14.99
8123,3261,69,3,3.99,11.97
8124,3262,54,3,8.99,26.97
8125,3262,21,3,1.49,4.47
8126,3262,30,2,2.49,4.98
8127,3263,43,2,59.99,119.98
8128,3263,55,3,6.99,20.97
8129,3263,30,1,2.49,2.49
8130,3264,41,2,2.49,4.98
8131,3264,91,1,119.99,119.99
8132,3265,72,1,8.99,8.99
8133,3265,94,3,1499.99,4499.97
8134,3265,69,2,3.99,7.98
8135,3265,8,2,89.99,179.98
8136,3266,33,2,4.99,9.98
8137,3266,26,1,0.99,0.99
8138,3266,14,3,499.99,1499.97
8139,3266,92,3,109.99,329.97
8140,3267,74,1,4.99,4.99
8141,3267,100,2,129.99,259.98
8142,3267,73,1,19.99,19.99
8143,3267,40,3,3.99,11.97
8144,3268,33,2,4.99,9.98
8145,3268,58,3,3.99,11.97
8146,3269,33,1,4.99,4.99
8147,3269,47,1,49.99,49.99
8148,3270,71,3,39.99,119.97
8149,3270,89,1,79.99,79.99
8150,3270,98,3,13999.99,41999.97
8151,3270,53,1,12.99,12.99
8152,3271,30,2,2.49,4.98
8153,3271,86,2,19.99,39.98
8154,3271,24,3,14.99,44.97
8155,3272,89,2,79.99,159.98
8156,3272,63,3,7.99,23.97
8157,3272,97,3,10999.99,32999.97
8158,3272,84,2,24.99,49.98
8159,3273,46,2,14.99,29.98
8160,3273,68,1,24.99,24.99
8161,3273,72,2,8.99,17.98
8162,3274,4,2,12.99,25.98
8163,3274,80,1,1399.99,1399.99
8164,3274,32,1,3.49,3.49
8165,3275,50,2,9.99,19.98
8166,3276,39,3,1.99,5.97
8167,3276,16,2,1.99,3.98
8168,3276,23,1,2.99,2.99
8169,3276,60,3,10.99,32.97
8170,3277,84,3,24.99,74.97
8171,3277,4,3,12.99,38.97
8172,3277,82,2,1499.99,2999.98
8173,3277,32,1,3.49,3.49
8174,3278,7,1,129.99,129.99
8175,3278,41,3,2.49,7.47
8176,3279,96,3,12999.99,38999.97
8177,3279,32,2,3.49,6.98
8178,3279,31,3,0.79,2.37
8179,3279,81,1,1099.99,1099.99
8180,3280,15,1,799.99,799.99
8181,3281,21,2,1.49,2.98
8182,3281,76,1,11.99,11.99
8183,3281,42,2,0.99,1.98
8184,3281,61,3,34.99,104.97
8185,3282,20,1,4.99,4.99
8186,3282,9,2,69.99,139.98
8187,3283,12,1,2499.99,2499.99
8188,3283,4,2,12.99,25.98
8189,3283,96,3,12999.99,38999.97
8190,3283,21,2,1.49,2.98
8191,3284,27,1,6.99,6.99
8192,3284,58,2,3.99,7.98
8193,3284,54,1,8.99,8.99
8194,3285,51,1,39.99,39.99
8195,3286,7,1,129.99,129.99
8196,3286,49,3,5.99,17.97
8197,3287,2,1,19.99,19.99
8198,3287,91,3,119.99,359.97
8199,3287,21,1,1.49,1.49
8200,3287,22,1,10.99,10.99
8201,3288,32,1,3.49,3.49
8202,3288,58,1,3.99,3.99
8203,3288,10,1,79.99,79.99
8204,3289,2,1,19.99,19.99
8205,3289,20,3,4.99,14.97
8206,3289,49,3,5.99,17.97
8207,3289,35,2,2.29,4.58
8208,3290,66,1,89.99,89.99
8209,3290,41,3,2.49,7.47
8210,3291,84,1,24.99,24.99
8211,3292,91,3,119.99,359.97
8212,3293,81,2,1099.99,2199.98
8213,3293,19,3,9.99,29.97
8214,3293,73,3,19.99,59.97
8215,3293,4,3,12.99,38.97
8216,3294,42,2,0.99,1.98
8217,3295,74,2,4.99,9.98
8218,3295,40,3,3.99,11.97
8219,3295,83,2,29.99,59.98
8220,3296,7,1,129.99,129.99
8221,3297,72,1,8.99,8.99
8222,3298,89,1,79.99,79.99
8223,3298,31,3,0.79,2.37
8224,3298,60,2,10.99,21.98
8225,3298,40,2,3.99,7.98
8226,3299,85,1,34.99,34.99
8227,3299,35,1,2.29,2.29
8228,3299,69,2,3.99,7.98
8229,3299,55,1,6.99,6.99
8230,3300,5,1,8.99,8.99
8231,3301,7,1,129.99,129.99
8232,3301,3,3,14.99,44.97
8233,3301,66,3,89.99,269.97
8234,3302,54,3,8.99,26.97
8235,3302,68,2,24.99,49.98
8236,3302,89,2,79.99,159.98
8237,3303,63,2,7.99,15.98
8238,3303,44,1,29.99,29.99
8239,3303,36,3,19.99,59.97
8240,3304,74,1,4.99,4.99
8241,3304,78,3,1999.99,5999.97
8242,3304,1,3,9.99,29.97
8243,3305,26,3,0.99,2.97
8244,3305,95,2,8999.99,17999.98
8245,3305,79,1,1799.99,1799.99
8246,3305,50,1,9.99,9.99
8247,3306,47,3,49.99,149.97
8248,3306,37,2,1.99,3.98
8249,3306,69,1,3.99,3.99
8250,3307,70,3,6.99,20.97
8251,3307,17,1,12.99,12.99
8252,3307,52,2,29.99,59.98
8253,3308,75,1,16.99,16.99
8254,3308,81,1,1099.99,1099.99
8255,3309,83,1,29.99,29.99
8256,3309,12,3,2499.99,7499.97
8257,3309,40,1,3.99,3.99
8258,3309,95,2,8999.99,17999.98
8259,3310,64,1,14.99,14.99
8260,3310,43,2,59.99,119.98
8261,3310,19,3,9.99,29.97
8262,3311,45,2,39.99,79.98
8263,3312,15,3,799.99,2399.97
8264,3312,27,2,6.99,13.98
8265,3313,90,2,89.99,179.98
8266,3313,20,1,4.99,4.99
8267,3314,85,1,34.99,34.99
8268,3314,53,1,12.99,12.99
8269,3315,89,1,79.99,79.99
8270,3316,39,2,1.99,3.98
8271,3316,40,3,3.99,11.97
8272,3317,16,2,1.99,3.98
8273,3318,23,2,2.99,5.98
8274,3318,4,2,12.99,25.98
8275,3318,58,1,3.99,3.99
8276,3319,71,2,39.99,79.98
8277,3320,26,3,0.99,2.97
8278,3320,11,2,1899.99,3799.98
8279,3321,6,2,49.99,99.98
8280,3321,78,3,1999.99,5999.97
8281,3322,30,1,2.49,2.49
8282,3322,63,3,7.99,23.97
8283,3322,8,1,89.99,89.99
8284,3322,12,1,2499.99,2499.99
8285,3323,71,1,39.99,39.99
8286,3323,66,2,89.99,179.98
8287,3323,30,3,2.49,7.47
8288,3324,21,1,1.49,1.49
8289,3324,49,2,5.99,11.98
8290,3324,38,3,5.99,17.97
8291,3324,17,1,12.99,12.99
8292,3325,81,3,1099.99,3299.97
8293,3326,32,3,3.49,10.47
8294,3327,73,1,19.99,19.99
8295,3327,47,1,49.99,49.99
8296,3327,43,1,59.99,59.99
8297,3328,27,2,6.99,13.98
8298,3329,33,1,4.99,4.99
8299,3330,22,1,10.99,10.99
8300,3330,94,1,1499.99,1499.99
8301,3330,93,1,89.99,89.99
8302,3330,25,2,1.29,2.58
8303,3331,60,1,10.99,10.99
8304,3331,45,2,39.99,79.98
8305,3332,47,2,49.99,99.98
8306,3332,72,2,8.99,17.98
8307,3332,24,2,14.99,29.98
8308,3332,61,2,34.99,69.98
8309,3333,31,1,0.79,0.79
8310,3333,19,3,9.99,29.97
8311,3334,79,3,1799.99,5399.97
8312,3335,2,2,19.99,39.98
8313,3335,84,2,24.99,49.98
8314,3336,73,3,19.99,59.97
8315,3336,98,3,13999.99,41999.97
8316,3336,47,1,49.99,49.99
8317,3336,25,2,1.29,2.58
8318,3337,8,3,89.99,269.97
8319,3337,14,3,499.99,1499.97
8320,3337,87,2,27.99,55.98
8321,3337,25,2,1.29,2.58
8322,3338,70,1,6.99,6.99
8323,3338,22,3,10.99,32.97
8324,3338,68,3,24.99,74.97
8325,3338,61,1,34.99,34.99
8326,3339,63,3,7.99,23.97
8327,3339,18,1,8.99,8.99
8328,3339,81,2,1099.99,2199.98
8329,3340,21,2,1.49,2.98
8330,3340,78,1,1999.99,1999.99
8331,3341,79,1,1799.99,1799.99
8332,3341,95,1,8999.99,8999.99
8333,3341,81,1,1099.99,1099.99
8334,3342,8,2,89.99,179.98
8335,3343,74,1,4.99,4.99
8336,3343,41,2,2.49,4.98
8337,3343,58,2,3.99,7.98
8338,3344,19,3,9.99,29.97
8339,3344,40,1,3.99,3.99
8340,3345,50,1,9.99,9.99
8341,3346,59,2,4.99,9.98
8342,3346,15,1,799.99,799.99
8343,3346,20,2,4.99,9.98
8344,3347,16,1,1.99,1.99
8345,3347,88,1,149.99,149.99
8346,3347,38,2,5.99,11.98
8347,3348,58,3,3.99,11.97
8348,3349,51,2,39.99,79.98
8349,3349,97,3,10999.99,32999.97
8350,3349,91,2,119.99,239.98
8351,3350,37,2,1.99,3.98
8352,3350,76,1,11.99,11.99
8353,3350,12,1,2499.99,2499.99
8354,3350,98,1,13999.99,13999.99
8355,3351,68,2,24.99,49.98
8356,3351,10,3,79.99,239.97
8357,3351,26,3,0.99,2.97
8358,3351,86,2,19.99,39.98
8359,3352,14,3,499.99,1499.97
8360,3353,18,1,8.99,8.99
8361,3354,43,3,59.99,179.97
8362,3354,58,3,3.99,11.97
8363,3354,38,2,5.99,11.98
8364,3355,7,1,129.99,129.99
8365,3355,71,1,39.99,39.99
8366,3356,70,1,6.99,6.99
8367,3356,63,2,7.99,15.98
8368,3357,20,2,4.99,9.98
8369,3357,81,2,1099.99,2199.98
8370,3357,99,2,99.99,199.98
8371,3357,62,3,5.99,17.97
8372,3358,91,1,119.99,119.99
8373,3358,88,2,149.99,299.98
8374,3359,93,3,89.99,269.97
8375,3359,76,2,11.99,23.98
8376,3359,79,3,1799.99,5399.97
8377,3359,49,1,5.99,5.99
8378,3360,54,2,8.99,17.98
8379,3361,38,1,5.99,5.99
8380,3361,48,2,7.99,15.98
8381,3362,89,2,79.99,159.98
8382,3362,54,1,8.99,8.99
8383,3363,6,2,49.99,99.98
8384,3363,19,1,9.99,9.99
8385,3364,46,1,14.99,14.99
8386,3364,30,1,2.49,2.49
8387,3364,20,3,4.99,14.97
8388,3364,73,2,19.99,39.98
8389,3365,55,2,6.99,13.98
8390,3365,58,3,3.99,11.97
8391,3365,97,3,10999.99,32999.97
8392,3365,35,1,2.29,2.29
8393,3366,35,1,2.29,2.29
8394,3366,97,3,10999.99,32999.97
8395,3366,17,3,12.99,38.97
8396,3366,18,3,8.99,26.97
8397,3367,86,1,19.99,19.99
8398,3368,44,1,29.99,29.99
8399,3368,92,2,109.99,219.98
8400,3369,6,1,49.99,49.99
8401,3369,47,3,49.99,149.97
8402,3370,66,1,89.99,89.99
8403,3370,41,3,2.49,7.47
8404,3370,91,2,119.99,239.98
8405,3371,89,2,79.99,159.98
8406,3371,57,3,9.99,29.97
8407,3371,54,2,8.99,17.98
8408,3371,96,3,12999.99,38999.97
8409,3372,50,2,9.99,19.98
8410,3372,68,1,24.99,24.99
8411,3373,72,1,8.99,8.99
8412,3374,90,3,89.99,269.97
8413,3375,40,3,3.99,11.97
8414,3375,100,3,129.99,389.97
8415,3375,49,1,5.99,5.99
8416,3376,71,3,39.99,119.97
8417,3376,96,2,12999.99,25999.98
8418,3376,10,1,79.99,79.99
8419,3377,54,1,8.99,8.99
8420,3377,27,1,6.99,6.99
8421,3378,37,2,1.99,3.98
8422,3378,63,3,7.99,23.97
8423,3378,58,2,3.99,7.98
8424,3378,11,1,1899.99,1899.99
8425,3379,71,3,39.99,119.97
8426,3379,3,2,14.99,29.98
8427,3379,38,3,5.99,17.97
8428,3379,50,2,9.99,19.98
8429,3380,44,3,29.99,89.97
8430,3381,63,3,7.99,23.97
8431,3381,65,1,12.99,12.99
8432,3381,45,1,39.99,39.99
8433,3381,55,3,6.99,20.97
8434,3382,60,2,10.99,21.98
8435,3382,52,2,29.99,59.98
8436,3383,49,2,5.99,11.98
8437,3383,44,3,29.99,89.97
8438,3383,95,1,8999.99,8999.99
8439,3383,60,3,10.99,32.97
8440,3384,4,1,12.99,12.99
8441,3385,99,2,99.99,199.98
8442,3385,44,1,29.99,29.99
8443,3386,26,3,0.99,2.97
8444,3387,75,2,16.99,33.98
8445,3387,86,2,19.99,39.98
8446,3388,3,1,14.99,14.99
8447,3388,67,2,15.99,31.98
8448,3388,10,2,79.99,159.98
8449,3389,9,1,69.99,69.99
8450,3389,23,3,2.99,8.97
8451,3389,20,2,4.99,9.98
8452,3389,6,2,49.99,99.98
8453,3390,62,2,5.99,11.98
8454,3390,44,1,29.99,29.99
8455,3390,36,2,19.99,39.98
8456,3390,29,1,3.99,3.99
8457,3391,17,3,12.99,38.97
8458,3391,75,2,16.99,33.98
8459,3392,92,3,109.99,329.97
8460,3393,63,3,7.99,23.97
8461,3394,66,2,89.99,179.98
8462,3394,58,1,3.99,3.99
8463,3394,22,3,10.99,32.97
8464,3395,30,1,2.49,2.49
8465,3395,82,3,1499.99,4499.97
8466,3395,13,1,299.99,299.99
8467,3395,45,3,39.99,119.97
8468,3396,35,2,2.29,4.58
8469,3396,17,2,12.99,25.98
8470,3397,18,2,8.99,17.98
8471,3398,84,2,24.99,49.98
8472,3399,58,3,3.99,11.97
8473,3400,80,1,1399.99,1399.99
8474,3400,49,2,5.99,11.98
8475,3400,30,1,2.49,2.49
8476,3400,6,1,49.99,49.99
8477,3401,43,1,59.99,59.99
8478,3401,68,3,24.99,74.97
8479,3401,82,1,1499.99,1499.99
8480,3401,33,1,4.99,4.99
8481,3402,24,2,14.99,29.98
8482,3402,67,1,15.99,15.99
8483,3402,20,2,4.99,9.98
8484,3402,98,2,13999.99,27999.98
8485,3403,6,2,49.99,99.98
8486,3403,73,1,19.99,19.99
8487,3403,99,1,99.99,99.99
8488,3404,64,3,14.99,44.97
8489,3404,76,2,11.99,23.98
8490,3404,84,1,24.99,24.99
8491,3405,28,1,5.49,5.49
8492,3405,42,2,0.99,1.98
8493,3405,55,1,6.99,6.99
8494,3406,14,2,499.99,999.98
8495,3406,94,2,1499.99,2999.98
8496,3407,82,3,1499.99,4499.97
8497,3408,3,1,14.99,14.99
8498,3408,66,1,89.99,89.99
8499,3408,100,3,129.99,389.97
8500,3408,72,3,8.99,26.97
8501,3409,57,1,9.99,9.99
8502,3409,32,2,3.49,6.98
8503,3410,70,2,6.99,13.98
8504,3410,14,1,499.99,499.99
8505,3411,77,3,5.99,17.97
8506,3411,16,2,1.99,3.98
8507,3412,7,1,129.99,129.99
8508,3413,70,3,6.99,20.97
8509,3413,44,2,29.99,59.98
8510,3413,47,3,49.99,149.97
8511,3414,9,2,69.99,139.98
8512,3414,49,3,5.99,17.97
8513,3414,46,3,14.99,44.97
8514,3415,4,3,12.99,38.97
8515,3416,2,2,19.99,39.98
8516,3416,38,3,5.99,17.97
8517,3416,84,1,24.99,24.99
8518,3417,85,1,34.99,34.99
8519,3418,42,1,0.99,0.99
8520,3418,75,2,16.99,33.98
8521,3418,74,3,4.99,14.97
8522,3418,38,3,5.99,17.97
8523,3419,23,3,2.99,8.97
8524,3420,24,3,14.99,44.97
8525,3420,99,3,99.99,299.97
8526,3421,50,1,9.99,9.99
8527,3421,15,3,799.99,2399.97
8528,3421,43,2,59.99,119.98
8529,3421,97,2,10999.99,21999.98
8530,3422,29,2,3.99,7.98
8531,3422,52,2,29.99,59.98
8532,3423,73,1,19.99,19.99
8533,3424,57,1,9.99,9.99
8534,3424,8,3,89.99,269.97
8535,3424,16,2,1.99,3.98
8536,3424,12,1,2499.99,2499.99
8537,3425,21,3,1.49,4.47
8538,3425,25,1,1.29,1.29
8539,3425,100,3,129.99,389.97
8540,3426,98,2,13999.99,27999.98
8541,3426,24,2,14.99,29.98
8542,3426,44,2,29.99,59.98
8543,3426,49,3,5.99,17.97
8544,3427,39,2,1.99,3.98
8545,3427,37,1,1.99,1.99
8546,3427,34,2,7.99,15.98
8547,3428,11,3,1899.99,5699.97
8548,3428,45,2,39.99,79.98
8549,3428,96,3,12999.99,38999.97
8550,3429,70,1,6.99,6.99
8551,3429,55,2,6.99,13.98
8552,3429,57,1,9.99,9.99
8553,3430,34,1,7.99,7.99
8554,3430,18,1,8.99,8.99
8555,3431,41,2,2.49,4.98
8556,3431,44,1,29.99,29.99
8557,3432,3,1,14.99,14.99
8558,3432,64,3,14.99,44.97
8559,3432,18,2,8.99,17.98
8560,3433,70,1,6.99,6.99
8561,3433,57,2,9.99,19.98
8562,3434,29,2,3.99,7.98
8563,3434,20,2,4.99,9.98
8564,3434,71,3,39.99,119.97
8565,3435,40,3,3.99,11.97
8566,3435,73,1,19.99,19.99
8567,3435,35,2,2.29,4.58
8568,3436,6,2,49.99,99.98
8569,3436,94,3,1499.99,4499.97
8570,3437,54,1,8.99,8.99
8571,3437,60,2,10.99,21.98
8572,3437,12,2,2499.99,4999.98
8573,3437,49,3,5.99,17.97
8574,3438,27,1,6.99,6.99
8575,3438,70,2,6.99,13.98
8576,3439,20,3,4.99,14.97
8577,3439,76,2,11.99,23.98
8578,3440,88,3,149.99,449.97
8579,3440,26,3,0.99,2.97
8580,3440,97,2,10999.99,21999.98
8581,3440,11,1,1899.99,1899.99
8582,3441,93,3,89.99,269.97
8583,3442,59,2,4.99,9.98
8584,3443,4,1,12.99,12.99
8585,3443,59,3,4.99,14.97
8586,3444,26,1,0.99,0.99
8587,3444,89,3,79.99,239.97
8588,3444,14,3,499.99,1499.97
8589,3445,70,3,6.99,20.97
8590,3446,22,2,10.99,21.98
8591,3446,46,3,14.99,44.97
8592,3446,87,2,27.99,55.98
8593,3447,12,2,2499.99,4999.98
8594,3447,69,2,3.99,7.98
8595,3448,53,2,12.99,25.98
8596,3448,100,1,129.99,129.99
8597,3448,38,1,5.99,5.99
8598,3448,42,1,0.99,0.99
8599,3449,28,2,5.49,10.98
8600,3449,9,2,69.99,139.98
8601,3449,29,1,3.99,3.99
8602,3449,8,1,89.99,89.99
8603,3450,27,1,6.99,6.99
8604,3451,53,1,12.99,12.99
8605,3451,77,3,5.99,17.97
8606,3451,39,1,1.99,1.99
8607,3452,87,1,27.99,27.99
8608,3452,54,1,8.99,8.99
8609,3452,7,2,129.99,259.98
8610,3452,29,2,3.99,7.98
8611,3453,69,3,3.99,11.97
8612,3453,8,3,89.99,269.97
8613,3454,19,1,9.99,9.99
8614,3455,98,3,13999.99,41999.97
8615,3455,17,3,12.99,38.97
8616,3455,39,2,1.99,3.98
8617,3455,21,3,1.49,4.47
8618,3456,80,1,1399.99,1399.99
8619,3457,70,1,6.99,6.99
8620,3457,45,2,39.99,79.98
8621,3457,41,2,2.49,4.98
8622,3457,92,1,109.99,109.99
8623,3458,86,3,19.99,59.97
8624,3458,44,3,29.99,89.97
8625,3458,19,1,9.99,9.99
8626,3458,41,1,2.49,2.49
8627,3459,8,1,89.99,89.99
8628,3460,97,1,10999.99,10999.99
8629,3460,74,3,4.99,14.97
8630,3460,65,3,12.99,38.97
8631,3460,82,2,1499.99,2999.98
8632,3461,15,3,799.99,2399.97
8633,3461,66,2,89.99,179.98
8634,3461,72,2,8.99,17.98
8635,3461,28,1,5.49,5.49
8636,3462,79,2,1799.99,3599.98
8637,3462,28,3,5.49,16.47
8638,3462,60,3,10.99,32.97
8639,3463,39,1,1.99,1.99
8640,3464,83,2,29.99,59.98
8641,3465,50,1,9.99,9.99
8642,3465,66,2,89.99,179.98
8643,3466,21,3,1.49,4.47
8644,3467,58,2,3.99,7.98
8645,3467,12,2,2499.99,4999.98
8646,3467,33,3,4.99,14.97
8647,3468,28,3,5.49,16.47
8648,3468,29,1,3.99,3.99
8649,3468,98,3,13999.99,41999.97
8650,3469,47,1,49.99,49.99
8651,3469,66,1,89.99,89.99
8652,3469,87,1,27.99,27.99
8653,3469,76,3,11.99,35.97
8654,3470,35,3,2.29,6.87
8655,3470,94,1,1499.99,1499.99
8656,3470,11,2,1899.99,3799.98
8657,3471,36,1,19.99,19.99
8658,3471,66,1,89.99,89.99
8659,3471,12,2,2499.99,4999.98
8660,3472,78,1,1999.99,1999.99
8661,3472,6,2,49.99,99.98
8662,3472,5,3,8.99,26.97
8663,3472,32,1,3.49,3.49
8664,3473,15,2,799.99,1599.98
8665,3473,51,1,39.99,39.99
8666,3473,34,2,7.99,15.98
8667,3474,54,1,8.99,8.99
8668,3474,63,1,7.99,7.99
8669,3475,31,2,0.79,1.58
8670,3475,84,3,24.99,74.97
8671,3475,22,1,10.99,10.99
8672,3475,12,3,2499.99,7499.97
8673,3476,57,2,9.99,19.98
8674,3476,40,1,3.99,3.99
8675,3477,80,3,1399.99,4199.97
8676,3477,36,3,19.99,59.97
8677,3478,33,2,4.99,9.98
8678,3478,52,1,29.99,29.99
8679,3478,51,1,39.99,39.99
8680,3478,30,2,2.49,4.98
8681,3479,16,1,1.99,1.99
8682,3480,31,1,0.79,0.79
8683,3480,43,1,59.99,59.99
8684,3481,84,3,24.99,74.97
8685,3481,72,3,8.99,26.97
8686,3482,29,3,3.99,11.97
8687,3482,24,2,14.99,29.98
8688,3482,52,1,29.99,29.99
8689,3482,10,1,79.99,79.99
8690,3483,68,1,24.99,24.99
8691,3483,43,2,59.99,119.98
8692,3484,46,2,14.99,29.98
8693,3484,47,3,49.99,149.97
8694,3485,76,1,11.99,11.99
8695,3485,71,3,39.99,119.97
8696,3486,17,1,12.99,12.99
8697,3486,42,2,0.99,1.98
8698,3487,50,1,9.99,9.99
8699,3488,73,1,19.99,19.99
8700,3488,17,3,12.99,38.97
8701,3489,23,3,2.99,8.97
8702,3490,18,3,8.99,26.97
8703,3490,96,2,12999.99,25999.98
8704,3490,60,3,10.99,32.97
8705,3491,21,3,1.49,4.47
8706,3491,4,1,12.99,12.99
8707,3492,80,3,1399.99,4199.97
8708,3492,75,3,16.99,50.97
8709,3492,42,2,0.99,1.98
8710,3493,35,3,2.29,6.87
8711,3493,55,2,6.99,13.98
8712,3493,6,2,49.99,99.98
8713,3494,69,1,3.99,3.99
8714,3494,25,3,1.29,3.87
8715,3494,46,1,14.99,14.99
8716,3494,18,1,8.99,8.99
8717,3495,3,1,14.99,14.99
8718,3495,60,2,10.99,21.98
8719,3496,12,2,2499.99,4999.98
8720,3497,77,2,5.99,11.98
8721,3497,44,3,29.99,89.97
8722,3498,63,2,7.99,15.98
8723,3498,14,3,499.99,1499.97
8724,3499,80,3,1399.99,4199.97
8725,3500,21,3,1.49,4.47
8726,3501,59,2,4.99,9.98
8727,3501,100,3,129.99,389.97
8728,3502,42,1,0.99,0.99
8729,3503,79,3,1799.99,5399.97
8730,3503,77,2,5.99,11.98
8731,3504,59,3,4.99,14.97
8732,3504,10,3,79.99,239.97
8733,3504,11,2,1899.99,3799.98
8734,3505,38,1,5.99,5.99
8735,3505,28,2,5.49,10.98
8736,3505,15,1,799.99,799.99
8737,3505,69,3,3.99,11.97
8738,3506,18,3,8.99,26.97
8739,3506,77,1,5.99,5.99
8740,3506,93,2,89.99,179.98
8741,3507,52,1,29.99,29.99
8742,3508,81,1,1099.99,1099.99
8743,3508,25,3,1.29,3.87
8744,3509,14,1,499.99,499.99
8745,3509,33,3,4.99,14.97
8746,3509,25,1,1.29,1.29
8747,3510,99,3,99.99,299.97
8748,3510,63,1,7.99,7.99
8749,3510,30,2,2.49,4.98
8750,3510,38,3,5.99,17.97
8751,3511,9,3,69.99,209.97
8752,3511,34,1,7.99,7.99
8753,3512,41,3,2.49,7.47
8754,3512,83,3,29.99,89.97
8755,3512,32,2,3.49,6.98
8756,3512,9,3,69.99,209.97
8757,3513,74,3,4.99,14.97
8758,3513,79,3,1799.99,5399.97
8759,3513,17,3,12.99,38.97
8760,3513,61,1,34.99,34.99
8761,3514,15,2,799.99,1599.98
8762,3514,17,2,12.99,25.98
8763,3514,45,1,39.99,39.99
8764,3515,89,1,79.99,79.99
8765,3515,21,2,1.49,2.98
8766,3515,9,1,69.99,69.99
8767,3515,97,1,10999.99,10999.99
8768,3516,20,3,4.99,14.97
8769,3516,29,3,3.99,11.97
8770,3516,71,3,39.99,119.97
8771,3516,12,2,2499.99,4999.98
8772,3517,19,1,9.99,9.99
8773,3518,78,3,1999.99,5999.97
8774,3518,74,1,4.99,4.99
8775,3519,77,2,5.99,11.98
8776,3520,54,1,8.99,8.99
8777,3521,93,1,89.99,89.99
8778,3522,44,3,29.99,89.97
8779,3523,13,1,299.99,299.99
8780,3523,5,2,8.99,17.98
8781,3523,23,1,2.99,2.99
8782,3523,66,1,89.99,89.99
8783,3524,16,2,1.99,3.98
8784,3525,63,1,7.99,7.99
8785,3526,93,2,89.99,179.98
8786,3526,23,2,2.99,5.98
8787,3527,13,1,299.99,299.99
8788,3528,64,3,14.99,44.97
8789,3528,94,2,1499.99,2999.98
8790,3529,16,3,1.99,5.97
8791,3529,71,1,39.99,39.99
8792,3530,33,3,4.99,14.97
8793,3530,9,3,69.99,209.97
8794,3531,43,2,59.99,119.98
8795,3531,46,1,14.99,14.99
8796,3532,21,1,1.49,1.49
8797,3532,40,2,3.99,7.98
8798,3532,22,1,10.99,10.99
8799,3533,4,2,12.99,25.98
8800,3533,91,2,119.99,239.98
8801,3534,38,1,5.99,5.99
8802,3534,74,2,4.99,9.98
8803,3534,79,1,1799.99,1799.99
8804,3534,72,3,8.99,26.97
8805,3535,23,2,2.99,5.98
8806,3536,43,3,59.99,179.97
8807,3536,58,1,3.99,3.99
8808,3537,29,1,3.99,3.99
8809,3538,62,1,5.99,5.99
8810,3538,83,3,29.99,89.97
8811,3538,34,1,7.99,7.99
8812,3538,79,3,1799.99,5399.97
8813,3539,13,3,299.99,899.97
8814,3540,66,3,89.99,269.97
8815,3540,59,2,4.99,9.98
8816,3541,6,3,49.99,149.97
8817,3541,85,1,34.99,34.99
8818,3541,23,1,2.99,2.99
8819,3542,86,3,19.99,59.97
8820,3543,36,1,19.99,19.99
8821,3543,66,1,89.99,89.99
8822,3543,23,2,2.99,5.98
8823,3544,15,3,799.99,2399.97
8824,3544,36,1,19.99,19.99
8825,3544,85,2,34.99,69.98
8826,3545,45,3,39.99,119.97
8827,3545,1,2,9.99,19.98
8828,3545,71,3,39.99,119.97
8829,3545,56,2,49.99,99.98
8830,3546,96,1,12999.99,12999.99
8831,3547,95,3,8999.99,26999.97
8832,3547,40,3,3.99,11.97
8833,3547,46,3,14.99,44.97
8834,3548,48,3,7.99,23.97
8835,3549,55,1,6.99,6.99
8836,3549,1,1,9.99,9.99
8837,3549,45,3,39.99,119.97
8838,3550,96,3,12999.99,38999.97
8839,3550,60,2,10.99,21.98
8840,3550,37,1,1.99,1.99
8841,3551,88,3,149.99,449.97
8842,3551,51,1,39.99,39.99
8843,3551,50,3,9.99,29.97
8844,3551,28,1,5.49,5.49
8845,3552,8,3,89.99,269.97
8846,3552,11,3,1899.99,5699.97
8847,3552,55,1,6.99,6.99
8848,3553,20,3,4.99,14.97
8849,3554,52,1,29.99,29.99
8850,3554,87,2,27.99,55.98
8851,3555,95,3,8999.99,26999.97
8852,3555,51,3,39.99,119.97
8853,3556,57,1,9.99,9.99
8854,3556,16,2,1.99,3.98
8855,3556,20,1,4.99,4.99
8856,3557,19,1,9.99,9.99
8857,3558,82,3,1499.99,4499.97
8858,3559,4,1,12.99,12.99
8859,3559,20,3,4.99,14.97
8860,3559,61,3,34.99,104.97
8861,3559,34,2,7.99,15.98
8862,3560,65,1,12.99,12.99
8863,3561,73,1,19.99,19.99
8864,3561,51,3,39.99,119.97
8865,3561,88,2,149.99,299.98
8866,3562,49,2,5.99,11.98
8867,3562,28,3,5.49,16.47
8868,3562,39,3,1.99,5.97
8869,3562,59,2,4.99,9.98
8870,3563,45,3,39.99,119.97
8871,3563,58,2,3.99,7.98
8872,3563,3,1,14.99,14.99
8873,3563,8,2,89.99,179.98
8874,3564,98,3,13999.99,41999.97
8875,3564,99,1,99.99,99.99
8876,3564,22,2,10.99,21.98
8877,3565,10,2,79.99,159.98
8878,3565,22,3,10.99,32.97
8879,3566,23,3,2.99,8.97
8880,3566,89,2,79.99,159.98
8881,3567,75,3,16.99,50.97
8882,3568,12,3,2499.99,7499.97
8883,3568,47,1,49.99,49.99
8884,3569,18,3,8.99,26.97
8885,3569,19,3,9.99,29.97
8886,3570,90,3,89.99,269.97
8887,3571,37,2,1.99,3.98
8888,3572,34,3,7.99,23.97
8889,3572,29,3,3.99,11.97
8890,3573,30,1,2.49,2.49
8891,3574,57,1,9.99,9.99
8892,3574,39,1,1.99,1.99
8893,3574,86,2,19.99,39.98
8894,3575,77,2,5.99,11.98
8895,3575,13,3,299.99,899.97
8896,3576,97,2,10999.99,21999.98
8897,3576,84,3,24.99,74.97
8898,3577,56,3,49.99,149.97
8899,3577,76,1,11.99,11.99
8900,3577,55,1,6.99,6.99
8901,3578,72,2,8.99,17.98
8902,3578,8,2,89.99,179.98
8903,3578,59,2,4.99,9.98
8904,3579,97,2,10999.99,21999.98
8905,3580,62,3,5.99,17.97
8906,3580,14,2,499.99,999.98
8907,3580,69,3,3.99,11.97
8908,3581,82,2,1499.99,2999.98
8909,3582,1,2,9.99,19.98
8910,3583,7,2,129.99,259.98
8911,3583,94,2,1499.99,2999.98
8912,3583,8,3,89.99,269.97
8913,3583,50,3,9.99,29.97
8914,3584,90,3,89.99,269.97
8915,3584,50,1,9.99,9.99
8916,3584,16,2,1.99,3.98
8917,3584,57,3,9.99,29.97
8918,3585,7,2,129.99,259.98
8919,3585,29,3,3.99,11.97
8920,3586,23,3,2.99,8.97
8921,3586,62,1,5.99,5.99
8922,3586,16,2,1.99,3.98
8923,3586,63,3,7.99,23.97
8924,3587,25,2,1.29,2.58
8925,3587,13,2,299.99,599.98
8926,3587,59,2,4.99,9.98
8927,3588,65,1,12.99,12.99
8928,3589,32,1,3.49,3.49
8929,3590,65,2,12.99,25.98
8930,3591,95,1,8999.99,8999.99
8931,3591,52,2,29.99,59.98
8932,3592,83,1,29.99,29.99
8933,3592,97,3,10999.99,32999.97
8934,3593,23,3,2.99,8.97
8935,3593,97,2,10999.99,21999.98
8936,3593,27,1,6.99,6.99
8937,3594,82,2,1499.99,2999.98
8938,3594,17,3,12.99,38.97
8939,3595,12,3,2499.99,7499.97
8940,3595,96,3,12999.99,38999.97
8941,3596,23,1,2.99,2.99
8942,3596,49,2,5.99,11.98
8943,3596,6,1,49.99,49.99
8944,3596,48,3,7.99,23.97
8945,3597,53,3,12.99,38.97
8946,3597,93,2,89.99,179.98
8947,3597,30,1,2.49,2.49
8948,3598,21,2,1.49,2.98
8949,3598,8,3,89.99,269.97
8950,3598,22,2,10.99,21.98
8951,3599,52,2,29.99,59.98
8952,3599,95,2,8999.99,17999.98
8953,3600,82,1,1499.99,1499.99
8954,3600,63,2,7.99,15.98
8955,3600,28,2,5.49,10.98
8956,3600,50,2,9.99,19.98
8957,3601,80,2,1399.99,2799.98
8958,3601,8,3,89.99,269.97
8959,3602,62,3,5.99,17.97
8960,3602,76,2,11.99,23.98
8961,3602,35,1,2.29,2.29
8962,3602,99,2,99.99,199.98
8963,3603,28,1,5.49,5.49
8964,3604,7,1,129.99,129.99
8965,3604,91,3,119.99,359.97
8966,3605,65,3,12.99,38.97
8967,3605,55,1,6.99,6.99
8968,3605,2,3,19.99,59.97
8969,3605,98,2,13999.99,27999.98
8970,3606,48,1,7.99,7.99
8971,3607,93,1,89.99,89.99
8972,3608,40,1,3.99,3.99
8973,3608,44,1,29.99,29.99
8974,3608,70,1,6.99,6.99
8975,3609,7,1,129.99,129.99
8976,3610,17,2,12.99,25.98
8977,3611,28,1,5.49,5.49
8978,3611,46,2,14.99,29.98
8979,3612,74,3,4.99,14.97
8980,3612,92,3,109.99,329.97
8981,3612,93,3,89.99,269.97
8982,3612,49,3,5.99,17.97
8983,3613,94,1,1499.99,1499.99
8984,3613,49,2,5.99,11.98
8985,3613,16,2,1.99,3.98
8986,3613,9,1,69.99,69.99
8987,3614,4,1,12.99,12.99
8988,3615,11,1,1899.99,1899.99
8989,3615,83,1,29.99,29.99
8990,3615,16,3,1.99,5.97
8991,3615,85,3,34.99,104.97
8992,3616,22,3,10.99,32.97
8993,3616,99,2,99.99,199.98
8994,3617,99,2,99.99,199.98
8995,3618,33,1,4.99,4.99
8996,3619,43,2,59.99,119.98
8997,3619,11,3,1899.99,5699.97
8998,3620,36,2,19.99,39.98
8999,3620,77,3,5.99,17.97
9000,3620,21,3,1.49,4.47
9001,3620,97,1,10999.99,10999.99
9002,3621,95,2,8999.99,17999.98
9003,3621,10,2,79.99,159.98
9004,3621,96,3,12999.99,38999.97
9005,3621,22,2,10.99,21.98
9006,3622,89,1,79.99,79.99
9007,3622,70,2,6.99,13.98
9008,3622,21,1,1.49,1.49
9009,3622,72,2,8.99,17.98
9010,3623,32,3,3.49,10.47
9011,3623,59,2,4.99,9.98
9012,3624,68,2,24.99,49.98
9013,3625,26,3,0.99,2.97
9014,3626,80,2,1399.99,2799.98
9015,3626,57,3,9.99,29.97
9016,3626,84,1,24.99,24.99
9017,3626,89,3,79.99,239.97
9018,3627,95,3,8999.99,26999.97
9019,3627,25,3,1.29,3.87
9020,3628,55,1,6.99,6.99
9021,3628,56,2,49.99,99.98
9022,3628,91,3,119.99,359.97
9023,3628,36,2,19.99,39.98
9024,3629,3,3,14.99,44.97
9025,3629,76,1,11.99,11.99
9026,3629,59,3,4.99,14.97
9027,3629,82,2,1499.99,2999.98
9028,3630,2,2,19.99,39.98
9029,3630,67,2,15.99,31.98
9030,3630,74,3,4.99,14.97
9031,3630,27,1,6.99,6.99
9032,3631,41,3,2.49,7.47
9033,3632,46,2,14.99,29.98
9034,3632,95,3,8999.99,26999.97
9035,3632,58,3,3.99,11.97
9036,3632,29,1,3.99,3.99
9037,3633,47,1,49.99,49.99
9038,3633,78,3,1999.99,5999.97
9039,3634,53,3,12.99,38.97
9040,3634,29,1,3.99,3.99
9041,3634,34,3,7.99,23.97
9042,3634,97,1,10999.99,10999.99
9043,3635,48,3,7.99,23.97
9044,3635,4,2,12.99,25.98
9045,3635,65,2,12.99,25.98
9046,3635,16,1,1.99,1.99
9047,3636,55,2,6.99,13.98
9048,3636,79,2,1799.99,3599.98
9049,3636,6,2,49.99,99.98
9050,3637,99,3,99.99,299.97
9051,3638,69,3,3.99,11.97
9052,3638,87,2,27.99,55.98
9053,3639,79,1,1799.99,1799.99
9054,3639,18,2,8.99,17.98
9055,3639,8,3,89.99,269.97
9056,3640,7,1,129.99,129.99
9057,3640,21,3,1.49,4.47
9058,3640,34,1,7.99,7.99
9059,3640,47,3,49.99,149.97
9060,3641,7,3,129.99,389.97
9061,3641,79,2,1799.99,3599.98
9062,3641,66,2,89.99,179.98
9063,3642,68,2,24.99,49.98
9064,3643,21,3,1.49,4.47
9065,3643,30,2,2.49,4.98
9066,3643,9,2,69.99,139.98
9067,3644,5,2,8.99,17.98
9068,3645,7,1,129.99,129.99
9069,3645,69,2,3.99,7.98
9070,3645,47,3,49.99,149.97
9071,3645,37,1,1.99,1.99
9072,3646,66,3,89.99,269.97
9073,3646,97,3,10999.99,32999.97
9074,3646,95,3,8999.99,26999.97
9075,3646,19,3,9.99,29.97
9076,3647,64,3,14.99,44.97
9077,3647,31,2,0.79,1.58
9078,3648,99,1,99.99,99.99
9079,3648,47,1,49.99,49.99
9080,3649,5,2,8.99,17.98
9081,3649,72,3,8.99,26.97
9082,3650,12,3,2499.99,7499.97
9083,3650,13,1,299.99,299.99
9084,3651,3,2,14.99,29.98
9085,3651,12,3,2499.99,7499.97
9086,3651,92,2,109.99,219.98
9087,3652,14,2,499.99,999.98
9088,3653,67,2,15.99,31.98
9089,3653,48,1,7.99,7.99
9090,3653,86,2,19.99,39.98
9091,3654,29,3,3.99,11.97
9092,3654,54,1,8.99,8.99
9093,3654,50,3,9.99,29.97
9094,3654,43,3,59.99,179.97
9095,3655,50,2,9.99,19.98
9096,3655,18,2,8.99,17.98
9097,3655,91,1,119.99,119.99
9098,3655,75,2,16.99,33.98
9099,3656,16,2,1.99,3.98
9100,3656,9,3,69.99,209.97
9101,3656,38,3,5.99,17.97
9102,3657,9,3,69.99,209.97
9103,3658,78,3,1999.99,5999.97
9104,3658,12,1,2499.99,2499.99
9105,3658,34,3,7.99,23.97
9106,3658,48,1,7.99,7.99
9107,3659,7,1,129.99,129.99
9108,3660,82,1,1499.99,1499.99
9109,3660,77,3,5.99,17.97
9110,3661,67,2,15.99,31.98
9111,3661,99,1,99.99,99.99
9112,3661,39,3,1.99,5.97
9113,3662,32,3,3.49,10.47
9114,3662,48,3,7.99,23.97
9115,3663,93,3,89.99,269.97
9116,3663,68,1,24.99,24.99
9117,3664,47,3,49.99,149.97
9118,3665,98,2,13999.99,27999.98
9119,3665,90,1,89.99,89.99
9120,3665,28,3,5.49,16.47
9121,3666,21,1,1.49,1.49
9122,3666,69,2,3.99,7.98
9123,3666,58,1,3.99,3.99
9124,3666,43,1,59.99,59.99
9125,3667,60,2,10.99,21.98
9126,3667,50,2,9.99,19.98
9127,3668,37,1,1.99,1.99
9128,3668,99,1,99.99,99.99
9129,3668,79,2,1799.99,3599.98
9130,3668,100,3,129.99,389.97
9131,3669,48,2,7.99,15.98
9132,3669,87,3,27.99,83.97
9133,3670,13,1,299.99,299.99
9134,3670,76,1,11.99,11.99
9135,3671,98,3,13999.99,41999.97
9136,3672,90,3,89.99,269.97
9137,3672,45,2,39.99,79.98
9138,3672,36,2,19.99,39.98
9139,3672,85,3,34.99,104.97
9140,3673,65,1,12.99,12.99
9141,3673,91,3,119.99,359.97
9142,3673,86,3,19.99,59.97
9143,3673,3,2,14.99,29.98
9144,3674,16,1,1.99,1.99
9145,3674,63,3,7.99,23.97
9146,3674,22,1,10.99,10.99
9147,3674,90,2,89.99,179.98
9148,3675,50,1,9.99,9.99
9149,3675,44,2,29.99,59.98
9150,3675,12,2,2499.99,4999.98
9151,3675,88,3,149.99,449.97
9152,3676,80,3,1399.99,4199.97
9153,3677,44,3,29.99,89.97
9154,3677,1,3,9.99,29.97
9155,3678,32,1,3.49,3.49
9156,3678,64,1,14.99,14.99
9157,3679,28,2,5.49,10.98
9158,3679,75,1,16.99,16.99
9159,3679,29,1,3.99,3.99
9160,3679,36,2,19.99,39.98
9161,3680,5,3,8.99,26.97
9162,3681,38,2,5.99,11.98
9163,3681,20,2,4.99,9.98
9164,3681,14,1,499.99,499.99
9165,3681,9,2,69.99,139.98
9166,3682,88,1,149.99,149.99
9167,3682,48,3,7.99,23.97
9168,3682,17,1,12.99,12.99
9169,3682,100,3,129.99,389.97
9170,3683,9,1,69.99,69.99
9171,3684,58,1,3.99,3.99
9172,3684,87,1,27.99,27.99
9173,3685,8,3,89.99,269.97
9174,3686,57,1,9.99,9.99
9175,3687,2,1,19.99,19.99
9176,3687,74,3,4.99,14.97
9177,3687,80,3,1399.99,4199.97
9178,3687,35,1,2.29,2.29
9179,3688,24,3,14.99,44.97
9180,3689,30,1,2.49,2.49
9181,3689,83,1,29.99,29.99
9182,3689,87,1,27.99,27.99
9183,3689,29,3,3.99,11.97
9184,3690,35,3,2.29,6.87
9185,3690,99,3,99.99,299.97
9186,3691,1,2,9.99,19.98
9187,3691,17,1,12.99,12.99
9188,3692,8,1,89.99,89.99
9189,3693,35,2,2.29,4.58
9190,3694,16,3,1.99,5.97
9191,3694,95,2,8999.99,17999.98
9192,3694,9,2,69.99,139.98
9193,3694,49,2,5.99,11.98
9194,3695,96,2,12999.99,25999.98
9195,3696,3,2,14.99,29.98
9196,3696,58,3,3.99,11.97
9197,3697,75,2,16.99,33.98
9198,3697,46,2,14.99,29.98
9199,3697,86,2,19.99,39.98
9200,3698,52,2,29.99,59.98
9201,3698,61,1,34.99,34.99
9202,3699,58,1,3.99,3.99
9203,3700,100,2,129.99,259.98
9204,3700,16,3,1.99,5.97
9205,3701,70,1,6.99,6.99
9206,3701,87,1,27.99,27.99
9207,3701,45,1,39.99,39.99
9208,3702,87,3,27.99,83.97
9209,3703,56,3,49.99,149.97
9210,3703,86,3,19.99,59.97
9211,3704,40,1,3.99,3.99
9212,3704,25,1,1.29,1.29
9213,3704,100,3,129.99,389.97
9214,3705,42,3,0.99,2.97
9215,3705,39,3,1.99,5.97
9216,3705,57,1,9.99,9.99
9217,3706,60,3,10.99,32.97
9218,3706,31,3,0.79,2.37
9219,3707,43,1,59.99,59.99
9220,3708,27,1,6.99,6.99
9221,3708,48,3,7.99,23.97
9222,3709,42,1,0.99,0.99
9223,3710,50,2,9.99,19.98
9224,3710,52,2,29.99,59.98
9225,3710,58,3,3.99,11.97
9226,3711,91,2,119.99,239.98
9227,3712,86,2,19.99,39.98
9228,3713,2,1,19.99,19.99
9229,3713,13,3,299.99,899.97
9230,3714,1,2,9.99,19.98
9231,3714,54,3,8.99,26.97
9232,3714,14,3,499.99,1499.97
9233,3715,29,2,3.99,7.98
9234,3715,7,3,129.99,389.97
9235,3716,69,3,3.99,11.97
9236,3716,77,2,5.99,11.98
9237,3717,97,1,10999.99,10999.99
9238,3717,15,1,799.99,799.99
9239,3718,41,1,2.49,2.49
9240,3718,10,1,79.99,79.99
9241,3718,16,2,1.99,3.98
9242,3718,87,3,27.99,83.97
9243,3719,60,1,10.99,10.99
9244,3719,76,2,11.99,23.98
9245,3720,58,1,3.99,3.99
9246,3720,1,2,9.99,19.98
9247,3720,70,3,6.99,20.97
9248,3721,45,1,39.99,39.99
9249,3721,16,1,1.99,1.99
9250,3721,68,3,24.99,74.97
9251,3721,59,1,4.99,4.99
9252,3722,4,3,12.99,38.97
9253,3722,35,3,2.29,6.87
9254,3722,34,3,7.99,23.97
9255,3722,68,1,24.99,24.99
9256,3723,51,2,39.99,79.98
9257,3723,75,3,16.99,50.97
9258,3724,77,1,5.99,5.99
9259,3725,41,2,2.49,4.98
9260,3725,15,3,799.99,2399.97
9261,3725,77,2,5.99,11.98
9262,3725,52,3,29.99,89.97
9263,3726,74,3,4.99,14.97
9264,3727,10,2,79.99,159.98
9265,3728,13,2,299.99,599.98
9266,3728,23,3,2.99,8.97
9267,3729,76,3,11.99,35.97
9268,3729,40,3,3.99,11.97
9269,3730,94,3,1499.99,4499.97
9270,3730,79,1,1799.99,1799.99
9271,3731,90,1,89.99,89.99
9272,3732,26,1,0.99,0.99
9273,3733,16,2,1.99,3.98
9274,3734,85,3,34.99,104.97
9275,3734,74,1,4.99,4.99
9276,3734,34,3,7.99,23.97
9277,3735,26,3,0.99,2.97
9278,3735,7,2,129.99,259.98
9279,3736,23,2,2.99,5.98
9280,3736,78,2,1999.99,3999.98
9281,3736,35,2,2.29,4.58
9282,3736,72,3,8.99,26.97
9283,3737,8,3,89.99,269.97
9284,3738,92,2,109.99,219.98
9285,3738,11,3,1899.99,5699.97
9286,3738,46,3,14.99,44.97
9287,3738,23,1,2.99,2.99
9288,3739,27,2,6.99,13.98
9289,3739,25,1,1.29,1.29
9290,3739,73,1,19.99,19.99
9291,3739,52,2,29.99,59.98
9292,3740,30,2,2.49,4.98
9293,3740,39,3,1.99,5.97
9294,3740,1,3,9.99,29.97
9295,3741,94,3,1499.99,4499.97
9296,3741,49,1,5.99,5.99
9297,3741,31,1,0.79,0.79
9298,3742,48,2,7.99,15.98
9299,3742,50,1,9.99,9.99
9300,3742,58,1,3.99,3.99
9301,3742,92,3,109.99,329.97
9302,3743,16,2,1.99,3.98
9303,3743,38,1,5.99,5.99
9304,3743,3,1,14.99,14.99
9305,3743,60,3,10.99,32.97
9306,3744,93,3,89.99,269.97
9307,3744,40,2,3.99,7.98
9308,3744,85,3,34.99,104.97
9309,3745,6,3,49.99,149.97
9310,3745,28,3,5.49,16.47
9311,3745,11,1,1899.99,1899.99
9312,3745,96,3,12999.99,38999.97
9313,3746,44,1,29.99,29.99
9314,3746,27,3,6.99,20.97
9315,3746,30,2,2.49,4.98
9316,3746,90,1,89.99,89.99
9317,3747,57,3,9.99,29.97
9318,3747,52,3,29.99,89.97
9319,3747,65,3,12.99,38.97
9320,3747,63,2,7.99,15.98
9321,3748,99,2,99.99,199.98
9322,3748,20,2,4.99,9.98
9323,3748,30,3,2.49,7.47
9324,3748,58,1,3.99,3.99
9325,3749,84,1,24.99,24.99
9326,3749,77,2,5.99,11.98
9327,3749,44,1,29.99,29.99
9328,3749,36,2,19.99,39.98
9329,3750,96,3,12999.99,38999.97
9330,3750,22,2,10.99,21.98
9331,3750,55,2,6.99,13.98
9332,3750,8,1,89.99,89.99
9333,3751,39,1,1.99,1.99
9334,3751,100,2,129.99,259.98
9335,3751,94,3,1499.99,4499.97
9336,3751,58,2,3.99,7.98
9337,3752,88,3,149.99,449.97
9338,3753,58,3,3.99,11.97
9339,3753,31,2,0.79,1.58
9340,3753,7,1,129.99,129.99
9341,3754,11,3,1899.99,5699.97
9342,3754,81,1,1099.99,1099.99
9343,3754,36,3,19.99,59.97
9344,3755,1,2,9.99,19.98
9345,3755,39,3,1.99,5.97
9346,3756,57,1,9.99,9.99
9347,3757,28,1,5.49,5.49
9348,3758,70,2,6.99,13.98
9349,3758,31,3,0.79,2.37
9350,3759,67,2,15.99,31.98
9351,3759,73,3,19.99,59.97
9352,3759,31,1,0.79,0.79
9353,3759,50,1,9.99,9.99
9354,3760,97,2,10999.99,21999.98
9355,3761,34,2,7.99,15.98
9356,3761,76,1,11.99,11.99
9357,3761,47,3,49.99,149.97
9358,3762,88,1,149.99,149.99
9359,3762,89,3,79.99,239.97
9360,3762,2,3,19.99,59.97
9361,3763,76,2,11.99,23.98
9362,3764,85,3,34.99,104.97
9363,3764,46,1,14.99,14.99
9364,3764,16,1,1.99,1.99
9365,3765,40,2,3.99,7.98
9366,3765,60,3,10.99,32.97
9367,3765,49,3,5.99,17.97
9368,3766,58,2,3.99,7.98
9369,3767,80,2,1399.99,2799.98
9370,3767,18,1,8.99,8.99
9371,3767,73,3,19.99,59.97
9372,3767,93,1,89.99,89.99
9373,3768,11,3,1899.99,5699.97
9374,3769,27,3,6.99,20.97
9375,3770,8,1,89.99,89.99
9376,3771,55,3,6.99,20.97
9377,3771,77,2,5.99,11.98
9378,3771,75,1,16.99,16.99
9379,3771,13,3,299.99,899.97
9380,3772,34,2,7.99,15.98
9381,3772,76,3,11.99,35.97
9382,3772,15,1,799.99,799.99
9383,3772,12,1,2499.99,2499.99
9384,3773,44,2,29.99,59.98
9385,3774,40,3,3.99,11.97
9386,3774,58,3,3.99,11.97
9387,3774,22,3,10.99,32.97
9388,3774,46,2,14.99,29.98
9389,3775,81,3,1099.99,3299.97
9390,3775,27,3,6.99,20.97
9391,3775,66,3,89.99,269.97
9392,3775,90,3,89.99,269.97
9393,3776,90,2,89.99,179.98
9394,3776,1,3,9.99,29.97
9395,3776,25,2,1.29,2.58
9396,3777,99,2,99.99,199.98
9397,3777,60,1,10.99,10.99
9398,3778,82,3,1499.99,4499.97
9399,3778,34,3,7.99,23.97
9400,3779,18,1,8.99,8.99
9401,3779,87,3,27.99,83.97
9402,3779,1,2,9.99,19.98
9403,3779,83,1,29.99,29.99
9404,3780,27,3,6.99,20.97
9405,3780,95,2,8999.99,17999.98
9406,3781,91,3,119.99,359.97
9407,3781,3,1,14.99,14.99
9408,3781,28,2,5.49,10.98
9409,3782,78,3,1999.99,5999.97
9410,3782,45,1,39.99,39.99
9411,3782,71,3,39.99,119.97
9412,3782,13,2,299.99,599.98
9413,3783,92,3,109.99,329.97
9414,3783,47,1,49.99,49.99
9415,3783,48,2,7.99,15.98
9416,3783,12,1,2499.99,2499.99
9417,3784,35,2,2.29,4.58
9418,3784,58,3,3.99,11.97
9419,3785,49,2,5.99,11.98
9420,3785,24,1,14.99,14.99
9421,3785,50,2,9.99,19.98
9422,3786,63,3,7.99,23.97
9423,3786,15,1,799.99,799.99
9424,3786,54,2,8.99,17.98
9425,3786,94,1,1499.99,1499.99
9426,3787,44,2,29.99,59.98
9427,3787,31,1,0.79,0.79
9428,3787,94,3,1499.99,4499.97
9429,3788,89,3,79.99,239.97
9430,3788,90,2,89.99,179.98
9431,3788,39,2,1.99,3.98
9432,3789,93,3,89.99,269.97
9433,3790,3,3,14.99,44.97
9434,3790,92,1,109.99,109.99
9435,3790,93,2,89.99,179.98
9436,3791,51,2,39.99,79.98
9437,3791,33,3,4.99,14.97
9438,3791,68,3,24.99,74.97
9439,3792,17,2,12.99,25.98
9440,3792,39,2,1.99,3.98
9441,3793,2,3,19.99,59.97
9442,3794,20,3,4.99,14.97
9443,3794,48,1,7.99,7.99
9444,3794,83,2,29.99,59.98
9445,3795,75,2,16.99,33.98
9446,3795,99,1,99.99,99.99
9447,3795,52,2,29.99,59.98
9448,3796,16,2,1.99,3.98
9449,3796,40,1,3.99,3.99
9450,3796,10,3,79.99,239.97
9451,3796,14,2,499.99,999.98
9452,3797,39,1,1.99,1.99
9453,3797,10,3,79.99,239.97
9454,3798,28,3,5.49,16.47
9455,3798,80,1,1399.99,1399.99
9456,3798,48,1,7.99,7.99
9457,3799,61,1,34.99,34.99
9458,3799,70,3,6.99,20.97
9459,3799,4,3,12.99,38.97
9460,3799,67,2,15.99,31.98
9461,3800,30,3,2.49,7.47
9462,3800,89,1,79.99,79.99
9463,3800,44,2,29.99,59.98
9464,3800,3,3,14.99,44.97
9465,3801,91,1,119.99,119.99
9466,3802,92,2,109.99,219.98
9467,3803,54,1,8.99,8.99
9468,3803,92,2,109.99,219.98
9469,3803,49,2,5.99,11.98
9470,3804,90,2,89.99,179.98
9471,3804,23,3,2.99,8.97
9472,3804,95,1,8999.99,8999.99
9473,3805,23,2,2.99,5.98
9474,3806,77,2,5.99,11.98
9475,3807,24,3,14.99,44.97
9476,3807,87,1,27.99,27.99
9477,3807,19,1,9.99,9.99
9478,3808,37,3,1.99,5.97
9479,3808,72,3,8.99,26.97
9480,3809,88,1,149.99,149.99
9481,3809,36,1,19.99,19.99
9482,3809,95,2,8999.99,17999.98
9483,3810,60,3,10.99,32.97
9484,3810,8,3,89.99,269.97
9485,3810,10,1,79.99,79.99
9486,3811,58,3,3.99,11.97
9487,3811,10,1,79.99,79.99
9488,3811,99,1,99.99,99.99
9489,3812,64,3,14.99,44.97
9490,3812,60,2,10.99,21.98
9491,3812,63,2,7.99,15.98
9492,3813,29,3,3.99,11.97
9493,3813,4,2,12.99,25.98
9494,3813,19,3,9.99,29.97
9495,3813,32,3,3.49,10.47
9496,3814,12,2,2499.99,4999.98
9497,3814,28,1,5.49,5.49
9498,3814,63,3,7.99,23.97
9499,3814,40,3,3.99,11.97
9500,3815,17,2,12.99,25.98
9501,3816,46,1,14.99,14.99
9502,3816,45,3,39.99,119.97
9503,3817,57,3,9.99,29.97
9504,3818,25,2,1.29,2.58
9505,3818,47,3,49.99,149.97
9506,3819,71,2,39.99,79.98
9507,3819,98,2,13999.99,27999.98
9508,3820,74,1,4.99,4.99
9509,3820,18,3,8.99,26.97
9510,3820,19,3,9.99,29.97
9511,3821,10,3,79.99,239.97
9512,3821,30,1,2.49,2.49
9513,3822,81,3,1099.99,3299.97
9514,3823,35,3,2.29,6.87
9515,3824,57,1,9.99,9.99
9516,3824,89,3,79.99,239.97
9517,3824,68,3,24.99,74.97
9518,3825,68,1,24.99,24.99
9519,3826,96,2,12999.99,25999.98
9520,3826,19,1,9.99,9.99
9521,3827,47,2,49.99,99.98
9522,3828,17,1,12.99,12.99
9523,3828,42,3,0.99,2.97
9524,3829,86,1,19.99,19.99
9525,3830,55,1,6.99,6.99
9526,3830,87,3,27.99,83.97
9527,3831,77,1,5.99,5.99
9528,3831,63,2,7.99,15.98
9529,3832,58,3,3.99,11.97
9530,3832,54,1,8.99,8.99
9531,3832,20,3,4.99,14.97
9532,3833,24,3,14.99,44.97
9533,3833,72,1,8.99,8.99
9534,3834,87,3,27.99,83.97
9535,3834,46,2,14.99,29.98
9536,3834,72,1,8.99,8.99
9537,3835,84,1,24.99,24.99
9538,3835,60,1,10.99,10.99
9539,3835,1,2,9.99,19.98
9540,3835,44,2,29.99,59.98
9541,3836,10,3,79.99,239.97
9542,3836,47,3,49.99,149.97
9543,3836,76,2,11.99,23.98
9544,3837,41,2,2.49,4.98
9545,3837,82,2,1499.99,2999.98
9546,3838,70,1,6.99,6.99
9547,3839,86,1,19.99,19.99
9548,3839,16,2,1.99,3.98
9549,3839,97,3,10999.99,32999.97
9550,3839,73,2,19.99,39.98
9551,3840,11,1,1899.99,1899.99
9552,3840,76,2,11.99,23.98
9553,3841,80,2,1399.99,2799.98
9554,3841,5,3,8.99,26.97
9555,3842,91,2,119.99,239.98
9556,3842,31,3,0.79,2.37
9557,3842,68,3,24.99,74.97
9558,3843,66,1,89.99,89.99
9559,3843,63,2,7.99,15.98
9560,3843,16,1,1.99,1.99
9561,3844,18,3,8.99,26.97
9562,3844,61,3,34.99,104.97
9563,3845,88,3,149.99,449.97
9564,3845,81,3,1099.99,3299.97
9565,3846,45,1,39.99,39.99
9566,3846,86,2,19.99,39.98
9567,3846,63,3,7.99,23.97
9568,3846,15,3,799.99,2399.97
9569,3847,73,2,19.99,39.98
9570,3848,41,1,2.49,2.49
9571,3848,69,2,3.99,7.98
9572,3848,99,3,99.99,299.97
9573,3849,25,2,1.29,2.58
9574,3849,80,2,1399.99,2799.98
9575,3849,55,1,6.99,6.99
9576,3850,73,3,19.99,59.97
9577,3850,51,3,39.99,119.97
9578,3851,81,1,1099.99,1099.99
9579,3851,80,2,1399.99,2799.98
9580,3852,67,2,15.99,31.98
9581,3853,22,2,10.99,21.98
9582,3854,65,2,12.99,25.98
9583,3854,80,2,1399.99,2799.98
9584,3855,46,1,14.99,14.99
9585,3855,84,3,24.99,74.97
9586,3855,76,1,11.99,11.99
9587,3856,89,1,79.99,79.99
9588,3856,29,3,3.99,11.97
9589,3856,53,1,12.99,12.99
9590,3856,51,3,39.99,119.97
9591,3857,80,2,1399.99,2799.98
9592,3857,83,3,29.99,89.97
9593,3858,93,3,89.99,269.97
9594,3858,69,2,3.99,7.98
9595,3859,75,2,16.99,33.98
9596,3859,74,1,4.99,4.99
9597,3860,87,3,27.99,83.97
9598,3860,29,2,3.99,7.98
9599,3860,22,3,10.99,32.97
9600,3861,66,2,89.99,179.98
9601,3861,7,3,129.99,389.97
9602,3861,19,1,9.99,9.99
9603,3861,46,1,14.99,14.99
9604,3862,73,2,19.99,39.98
9605,3862,15,1,799.99,799.99
9606,3862,11,3,1899.99,5699.97
9607,3863,33,1,4.99,4.99
9608,3864,11,3,1899.99,5699.97
9609,3865,64,2,14.99,29.98
9610,3865,8,3,89.99,269.97
9611,3866,90,3,89.99,269.97
9612,3866,5,2,8.99,17.98
9613,3867,75,2,16.99,33.98
9614,3868,22,1,10.99,10.99
9615,3868,99,2,99.99,199.98
9616,3868,33,2,4.99,9.98
9617,3868,64,3,14.99,44.97
9618,3869,77,2,5.99,11.98
9619,3869,38,2,5.99,11.98
9620,3869,34,1,7.99,7.99
9621,3869,62,3,5.99,17.97
9622,3870,56,2,49.99,99.98
9623,3871,22,2,10.99,21.98
9624,3871,67,3,15.99,47.97
9625,3872,12,1,2499.99,2499.99
9626,3873,61,2,34.99,69.98
9627,3873,95,3,8999.99,26999.97
9628,3873,86,2,19.99,39.98
9629,3874,69,2,3.99,7.98
9630,3875,9,2,69.99,139.98
9631,3876,83,2,29.99,59.98
9632,3876,13,1,299.99,299.99
9633,3877,58,1,3.99,3.99
9634,3877,67,2,15.99,31.98
9635,3877,83,1,29.99,29.99
9636,3877,94,1,1499.99,1499.99
9637,3878,59,3,4.99,14.97
9638,3879,76,2,11.99,23.98
9639,3879,71,3,39.99,119.97
9640,3879,31,2,0.79,1.58
9641,3879,90,1,89.99,89.99
9642,3880,68,2,24.99,49.98
9643,3880,38,2,5.99,11.98
9644,3880,52,1,29.99,29.99
9645,3881,69,3,3.99,11.97
9646,3881,48,2,7.99,15.98
9647,3882,91,3,119.99,359.97
9648,3883,100,3,129.99,389.97
9649,3884,9,2,69.99,139.98
9650,3885,78,3,1999.99,5999.97
9651,3886,31,3,0.79,2.37
9652,3886,67,3,15.99,47.97
9653,3886,18,3,8.99,26.97
9654,3887,45,1,39.99,39.99
9655,3887,27,3,6.99,20.97
9656,3888,61,2,34.99,69.98
9657,3888,86,2,19.99,39.98
9658,3889,63,1,7.99,7.99
9659,3889,33,1,4.99,4.99
9660,3889,88,2,149.99,299.98
9661,3890,42,2,0.99,1.98
9662,3890,26,2,0.99,1.98
9663,3890,19,2,9.99,19.98
9664,3891,48,1,7.99,7.99
9665,3891,4,3,12.99,38.97
9666,3891,74,2,4.99,9.98
9667,3891,40,1,3.99,3.99
9668,3892,60,1,10.99,10.99
9669,3892,39,3,1.99,5.97
9670,3893,65,2,12.99,25.98
9671,3894,33,2,4.99,9.98
9672,3894,39,3,1.99,5.97
9673,3894,37,3,1.99,5.97
9674,3894,61,3,34.99,104.97
9675,3895,33,3,4.99,14.97
9676,3895,28,3,5.49,16.47
9677,3896,91,2,119.99,239.98
9678,3896,58,1,3.99,3.99
9679,3896,37,3,1.99,5.97
9680,3896,11,3,1899.99,5699.97
9681,3897,31,2,0.79,1.58
9682,3897,67,1,15.99,15.99
9683,3897,47,2,49.99,99.98
9684,3897,41,3,2.49,7.47
9685,3898,31,1,0.79,0.79
9686,3898,58,2,3.99,7.98
9687,3898,95,1,8999.99,8999.99
9688,3899,40,2,3.99,7.98
9689,3899,19,1,9.99,9.99
9690,3899,21,2,1.49,2.98
9691,3899,70,1,6.99,6.99
9692,3900,64,2,14.99,29.98
9693,3900,71,2,39.99,79.98
9694,3900,91,3,119.99,359.97
9695,3901,38,3,5.99,17.97
9696,3902,83,1,29.99,29.99
9697,3902,92,1,109.99,109.99
9698,3902,69,3,3.99,11.97
9699,3903,63,1,7.99,7.99
9700,3903,69,2,3.99,7.98
9701,3903,31,1,0.79,0.79
9702,3903,25,1,1.29,1.29
9703,3904,75,3,16.99,50.97
9704,3904,46,2,14.99,29.98
9705,3904,78,2,1999.99,3999.98
9706,3904,76,1,11.99,11.99
9707,3905,14,3,499.99,1499.97
9708,3906,84,3,24.99,74.97
9709,3906,29,3,3.99,11.97
9710,3906,83,2,29.99,59.98
9711,3906,2,2,19.99,39.98
9712,3907,70,2,6.99,13.98
9713,3907,74,3,4.99,14.97
9714,3907,3,3,14.99,44.97
9715,3908,20,2,4.99,9.98
9716,3908,98,2,13999.99,27999.98
9717,3908,28,1,5.49,5.49
9718,3909,3,3,14.99,44.97
9719,3909,18,1,8.99,8.99
9720,3909,22,2,10.99,21.98
9721,3910,5,1,8.99,8.99
9722,3910,84,3,24.99,74.97
9723,3910,72,3,8.99,26.97
9724,3911,50,1,9.99,9.99
9725,3911,17,3,12.99,38.97
9726,3912,31,1,0.79,0.79
9727,3913,19,2,9.99,19.98
9728,3913,80,3,1399.99,4199.97
9729,3913,34,3,7.99,23.97
9730,3913,30,1,2.49,2.49
9731,3914,35,2,2.29,4.58
9732,3914,56,3,49.99,149.97
9733,3914,30,3,2.49,7.47
9734,3914,7,3,129.99,389.97
9735,3915,32,2,3.49,6.98
9736,3916,96,1,12999.99,12999.99
9737,3916,22,2,10.99,21.98
9738,3917,27,3,6.99,20.97
9739,3917,69,2,3.99,7.98
9740,3918,39,2,1.99,3.98
9741,3918,5,1,8.99,8.99
9742,3918,46,1,14.99,14.99
9743,3919,42,2,0.99,1.98
9744,3919,87,2,27.99,55.98
9745,3919,68,2,24.99,49.98
9746,3920,35,3,2.29,6.87
9747,3920,10,2,79.99,159.98
9748,3920,32,1,3.49,3.49
9749,3920,92,1,109.99,109.99
9750,3921,56,3,49.99,149.97
9751,3921,59,3,4.99,14.97
9752,3921,58,3,3.99,11.97
9753,3922,68,1,24.99,24.99
9754,3922,39,1,1.99,1.99
9755,3922,21,3,1.49,4.47
9756,3923,32,1,3.49,3.49
9757,3923,33,3,4.99,14.97
9758,3923,35,3,2.29,6.87
9759,3924,48,3,7.99,23.97
9760,3924,78,1,1999.99,1999.99
9761,3924,61,3,34.99,104.97
9762,3925,1,3,9.99,29.97
9763,3925,96,3,12999.99,38999.97
9764,3925,43,3,59.99,179.97
9765,3926,54,2,8.99,17.98
9766,3927,19,2,9.99,19.98
9767,3928,95,3,8999.99,26999.97
9768,3928,50,2,9.99,19.98
9769,3928,55,2,6.99,13.98
9770,3928,7,1,129.99,129.99
9771,3929,84,3,24.99,74.97
9772,3930,84,2,24.99,49.98
9773,3930,8,2,89.99,179.98
9774,3931,8,2,89.99,179.98
9775,3931,32,1,3.49,3.49
9776,3931,5,1,8.99,8.99
9777,3931,48,2,7.99,15.98
9778,3932,79,3,1799.99,5399.97
9779,3933,17,3,12.99,38.97
9780,3933,5,1,8.99,8.99
9781,3933,19,2,9.99,19.98
9782,3933,69,2,3.99,7.98
9783,3934,69,3,3.99,11.97
9784,3934,32,3,3.49,10.47
9785,3934,6,3,49.99,149.97
9786,3934,39,2,1.99,3.98
9787,3935,52,1,29.99,29.99
9788,3936,72,1,8.99,8.99
9789,3936,39,2,1.99,3.98
9790,3936,20,1,4.99,4.99
9791,3937,78,3,1999.99,5999.97
9792,3938,10,1,79.99,79.99
9793,3939,55,3,6.99,20.97
9794,3939,46,2,14.99,29.98
9795,3939,10,3,79.99,239.97
9796,3940,82,1,1499.99,1499.99
9797,3940,12,3,2499.99,7499.97
9798,3940,79,3,1799.99,5399.97
9799,3940,48,3,7.99,23.97
9800,3941,3,3,14.99,44.97
9801,3941,45,3,39.99,119.97
9802,3942,85,3,34.99,104.97
9803,3942,37,2,1.99,3.98
9804,3942,65,1,12.99,12.99
9805,3942,74,3,4.99,14.97
9806,3943,8,3,89.99,269.97
9807,3943,72,1,8.99,8.99
9808,3943,98,3,13999.99,41999.97
9809,3943,79,1,1799.99,1799.99
9810,3944,56,1,49.99,49.99
9811,3944,2,2,19.99,39.98
9812,3945,96,3,12999.99,38999.97
9813,3945,76,2,11.99,23.98
9814,3945,65,3,12.99,38.97
9815,3945,64,1,14.99,14.99
9816,3946,72,1,8.99,8.99
9817,3947,63,1,7.99,7.99
9818,3947,93,1,89.99,89.99
9819,3948,60,1,10.99,10.99
9820,3949,3,2,14.99,29.98
9821,3949,52,2,29.99,59.98
9822,3949,18,1,8.99,8.99
9823,3950,83,3,29.99,89.97
9824,3951,35,3,2.29,6.87
9825,3951,23,3,2.99,8.97
9826,3951,36,3,19.99,59.97
9827,3952,78,2,1999.99,3999.98
9828,3953,28,1,5.49,5.49
9829,3953,89,1,79.99,79.99
9830,3954,37,1,1.99,1.99
9831,3954,71,3,39.99,119.97
9832,3955,78,3,1999.99,5999.97
9833,3956,50,2,9.99,19.98
9834,3956,22,1,10.99,10.99
9835,3956,63,1,7.99,7.99
9836,3957,93,1,89.99,89.99
9837,3957,84,2,24.99,49.98
9838,3957,9,2,69.99,139.98
9839,3958,75,3,16.99,50.97
9840,3959,84,2,24.99,49.98
9841,3959,1,3,9.99,29.97
9842,3960,37,3,1.99,5.97
9843,3960,7,2,129.99,259.98
9844,3961,11,1,1899.99,1899.99
9845,3961,77,2,5.99,11.98
9846,3961,52,2,29.99,59.98
9847,3962,62,2,5.99,11.98
9848,3962,21,2,1.49,2.98
9849,3962,42,2,0.99,1.98
9850,3962,47,3,49.99,149.97
9851,3963,53,2,12.99,25.98
9852,3963,58,3,3.99,11.97
9853,3963,85,3,34.99,104.97
9854,3964,43,3,59.99,179.97
9855,3964,25,3,1.29,3.87
9856,3964,76,1,11.99,11.99
9857,3965,93,3,89.99,269.97
9858,3965,16,1,1.99,1.99
9859,3966,51,1,39.99,39.99
9860,3966,58,2,3.99,7.98
9861,3967,17,3,12.99,38.97
9862,3968,81,2,1099.99,2199.98
9863,3968,27,2,6.99,13.98
9864,3968,91,3,119.99,359.97
9865,3968,44,2,29.99,59.98
9866,3969,95,3,8999.99,26999.97
9867,3970,15,1,799.99,799.99
9868,3970,59,3,4.99,14.97
9869,3970,29,3,3.99,11.97
9870,3970,23,3,2.99,8.97
9871,3971,68,3,24.99,74.97
9872,3971,43,1,59.99,59.99
9873,3971,36,1,19.99,19.99
9874,3972,64,1,14.99,14.99
9875,3973,37,3,1.99,5.97
9876,3973,50,1,9.99,9.99
9877,3973,69,2,3.99,7.98
9878,3973,4,3,12.99,38.97
9879,3974,77,1,5.99,5.99
9880,3974,60,3,10.99,32.97
9881,3975,15,1,799.99,799.99
9882,3976,45,2,39.99,79.98
9883,3976,83,1,29.99,29.99
9884,3977,23,3,2.99,8.97
9885,3977,67,2,15.99,31.98
9886,3978,19,3,9.99,29.97
9887,3979,22,3,10.99,32.97
9888,3979,19,3,9.99,29.97
9889,3980,4,1,12.99,12.99
9890,3981,73,3,19.99,59.97
9891,3981,56,2,49.99,99.98
9892,3981,71,1,39.99,39.99
9893,3981,55,2,6.99,13.98
9894,3982,44,3,29.99,89.97
9895,3982,39,3,1.99,5.97
9896,3983,27,3,6.99,20.97
9897,3983,39,1,1.99,1.99
9898,3983,92,3,109.99,329.97
9899,3984,49,1,5.99,5.99
9900,3985,22,2,10.99,21.98
9901,3985,94,2,1499.99,2999.98
9902,3985,24,2,14.99,29.98
9903,3986,78,2,1999.99,3999.98
9904,3986,9,1,69.99,69.99
9905,3986,25,2,1.29,2.58
9906,3986,17,1,12.99,12.99
9907,3987,15,3,799.99,2399.97
9908,3988,92,1,109.99,109.99
9909,3988,70,2,6.99,13.98
9910,3989,28,3,5.49,16.47
9911,3989,92,3,109.99,329.97
9912,3989,38,2,5.99,11.98
9913,3989,29,1,3.99,3.99
9914,3990,67,1,15.99,15.99
9915,3990,88,2,149.99,299.98
9916,3991,92,2,109.99,219.98
9917,3991,48,2,7.99,15.98
9918,3991,56,1,49.99,49.99
9919,3991,83,2,29.99,59.98
9920,3992,68,1,24.99,24.99
9921,3992,81,1,1099.99,1099.99
9922,3993,81,2,1099.99,2199.98
9923,3993,6,2,49.99,99.98
9924,3993,36,1,19.99,19.99
9925,3994,73,3,19.99,59.97
9926,3994,59,2,4.99,9.98
9927,3995,63,3,7.99,23.97
9928,3995,1,1,9.99,9.99
9929,3995,77,1,5.99,5.99
9930,3995,51,1,39.99,39.99
9931,3996,13,3,299.99,899.97
9932,3996,47,2,49.99,99.98
9933,3997,25,1,1.29,1.29
9934,3997,90,2,89.99,179.98
9935,3997,53,1,12.99,12.99
9936,3998,83,2,29.99,59.98
9937,3999,50,2,9.99,19.98
9938,3999,69,3,3.99,11.97
9939,4000,19,2,9.99,19.98
9940,4000,91,1,119.99,119.99
9941,4001,2,1,19.99,19.99
9942,4001,23,3,2.99,8.97
9943,4001,63,3,7.99,23.97
9944,4002,5,3,8.99,26.97
9945,4002,17,3,12.99,38.97
9946,4002,57,2,9.99,19.98
9947,4003,48,1,7.99,7.99
9948,4003,46,2,14.99,29.98
9949,4004,60,1,10.99,10.99
9950,4004,90,1,89.99,89.99
9951,4004,76,3,11.99,35.97
9952,4004,27,2,6.99,13.98
9953,4005,46,3,14.99,44.97
9954,4005,87,1,27.99,27.99
9955,4006,71,3,39.99,119.97
9956,4006,9,1,69.99,69.99
9957,4007,56,2,49.99,99.98
9958,4008,58,1,3.99,3.99
9959,4008,4,3,12.99,38.97
9960,4008,18,1,8.99,8.99
9961,4009,82,2,1499.99,2999.98
9962,4009,69,3,3.99,11.97
9963,4009,95,1,8999.99,8999.99
9964,4009,90,1,89.99,89.99
9965,4010,55,3,6.99,20.97
9966,4010,95,3,8999.99,26999.97
9967,4010,68,2,24.99,49.98
9968,4011,87,2,27.99,55.98
9969,4012,17,3,12.99,38.97
9970,4013,67,3,15.99,47.97
9971,4013,88,2,149.99,299.98
9972,4013,79,2,1799.99,3599.98
9973,4014,27,3,6.99,20.97
9974,4015,9,2,69.99,139.98
9975,4015,28,2,5.49,10.98
9976,4016,77,1,5.99,5.99
9977,4017,34,3,7.99,23.97
9978,4018,97,1,10999.99,10999.99
9979,4018,12,2,2499.99,4999.98
9980,4019,98,2,13999.99,27999.98
9981,4019,21,3,1.49,4.47
9982,4019,60,1,10.99,10.99
9983,4019,39,2,1.99,3.98
9984,4020,1,2,9.99,19.98
9985,4020,48,2,7.99,15.98
9986,4021,82,1,1499.99,1499.99
9987,4021,98,2,13999.99,27999.98
9988,4021,9,2,69.99,139.98
9989,4022,18,2,8.99,17.98
9990,4023,47,1,49.99,49.99
9991,4023,44,3,29.99,89.97
9992,4023,40,3,3.99,11.97
9993,4023,53,3,12.99,38.97
9994,4024,86,1,19.99,19.99
9995,4024,87,2,27.99,55.98
9996,4025,94,1,1499.99,1499.99
9997,4025,48,3,7.99,23.97
9998,4025,56,1,49.99,49.99
9999,4025,7,2,129.99,259.98
10000,4026,97,3,10999.99,32999.97
10001,4026,14,3,499.99,1499.97
10002,4026,83,3,29.99,89.97
10003,4027,9,1,69.99,69.99
10004,4028,51,3,39.99,119.97
10005,4028,77,3,5.99,17.97
10006,4028,41,1,2.49,2.49
10007,4028,73,3,19.99,59.97
10008,4029,37,2,1.99,3.98
10009,4029,34,3,7.99,23.97
10010,4029,40,2,3.99,7.98
10011,4030,86,3,19.99,59.97
10012,4030,14,2,499.99,999.98
10013,4031,11,3,1899.99,5699.97
10014,4031,67,1,15.99,15.99
10015,4031,64,1,14.99,14.99
10016,4031,58,3,3.99,11.97
10017,4032,77,3,5.99,17.97
10018,4032,27,2,6.99,13.98
10019,4033,79,1,1799.99,1799.99
10020,4033,13,2,299.99,599.98
10021,4034,73,1,19.99,19.99
10022,4034,95,1,8999.99,8999.99
10023,4034,10,2,79.99,159.98
10024,4035,41,3,2.49,7.47
10025,4035,18,3,8.99,26.97
10026,4035,25,2,1.29,2.58
10027,4036,99,3,99.99,299.97
10028,4037,48,3,7.99,23.97
10029,4037,17,3,12.99,38.97
10030,4037,43,3,59.99,179.97
10031,4038,67,3,15.99,47.97
10032,4038,5,3,8.99,26.97
10033,4038,61,3,34.99,104.97
10034,4038,41,3,2.49,7.47
10035,4039,91,2,119.99,239.98
10036,4039,97,3,10999.99,32999.97
10037,4039,31,2,0.79,1.58
10038,4040,13,3,299.99,899.97
10039,4040,74,3,4.99,14.97
10040,4040,95,3,8999.99,26999.97
10041,4040,39,3,1.99,5.97
10042,4041,79,3,1799.99,5399.97
10043,4042,33,3,4.99,14.97
10044,4043,76,1,11.99,11.99
10045,4043,49,3,5.99,17.97
10046,4043,34,2,7.99,15.98
10047,4043,81,2,1099.99,2199.98
10048,4044,8,3,89.99,269.97
10049,4045,95,2,8999.99,17999.98
10050,4045,22,3,10.99,32.97
10051,4046,25,2,1.29,2.58
10052,4046,43,1,59.99,59.99
10053,4047,47,3,49.99,149.97
10054,4047,34,1,7.99,7.99
10055,4047,3,2,14.99,29.98
10056,4047,18,2,8.99,17.98
10057,4048,30,1,2.49,2.49
10058,4049,10,1,79.99,79.99
10059,4050,15,3,799.99,2399.97
10060,4051,28,2,5.49,10.98
10061,4051,52,1,29.99,29.99
10062,4052,19,3,9.99,29.97
10063,4052,57,3,9.99,29.97
10064,4052,78,2,1999.99,3999.98
10065,4053,31,3,0.79,2.37
10066,4054,58,3,3.99,11.97
10067,4054,86,3,19.99,59.97
10068,4055,69,2,3.99,7.98
10069,4056,78,1,1999.99,1999.99
10070,4056,36,2,19.99,39.98
10071,4057,51,3,39.99,119.97
10072,4058,90,1,89.99,89.99
10073,4058,34,2,7.99,15.98
10074,4058,21,2,1.49,2.98
10075,4059,28,3,5.49,16.47
10076,4059,9,3,69.99,209.97
10077,4059,61,3,34.99,104.97
10078,4059,70,1,6.99,6.99
10079,4060,25,1,1.29,1.29
10080,4060,24,2,14.99,29.98
10081,4061,77,1,5.99,5.99
10082,4061,30,1,2.49,2.49
10083,4061,36,3,19.99,59.97
10084,4061,65,3,12.99,38.97
10085,4062,98,3,13999.99,41999.97
10086,4062,8,2,89.99,179.98
10087,4062,89,1,79.99,79.99
10088,4063,22,1,10.99,10.99
10089,4064,8,3,89.99,269.97
10090,4064,40,2,3.99,7.98
10091,4064,74,3,4.99,14.97
10092,4065,59,1,4.99,4.99
10093,4065,83,1,29.99,29.99
10094,4066,78,2,1999.99,3999.98
10095,4066,59,3,4.99,14.97
10096,4066,23,2,2.99,5.98
10097,4066,9,1,69.99,69.99
10098,4067,18,1,8.99,8.99
10099,4067,13,3,299.99,899.97
10100,4067,89,1,79.99,79.99
10101,4068,20,1,4.99,4.99
10102,4068,68,3,24.99,74.97
10103,4068,76,1,11.99,11.99
10104,4068,2,1,19.99,19.99
10105,4069,18,1,8.99,8.99
10106,4069,74,2,4.99,9.98
10107,4069,61,1,34.99,34.99
10108,4070,54,1,8.99,8.99
10109,4070,94,3,1499.99,4499.97
10110,4070,89,1,79.99,79.99
10111,4070,84,1,24.99,24.99
10112,4071,100,2,129.99,259.98
10113,4071,99,1,99.99,99.99
10114,4071,20,3,4.99,14.97
10115,4071,55,1,6.99,6.99
10116,4072,16,2,1.99,3.98
10117,4073,10,3,79.99,239.97
10118,4074,79,2,1799.99,3599.98
10119,4074,56,1,49.99,49.99
10120,4074,48,1,7.99,7.99
10121,4074,6,1,49.99,49.99
10122,4075,56,2,49.99,99.98
10123,4075,13,1,299.99,299.99
10124,4076,53,1,12.99,12.99
10125,4076,67,2,15.99,31.98
10126,4076,92,1,109.99,109.99
10127,4076,32,2,3.49,6.98
10128,4077,31,2,0.79,1.58
10129,4077,10,1,79.99,79.99
10130,4077,45,2,39.99,79.98
10131,4078,47,2,49.99,99.98
10132,4078,35,3,2.29,6.87
10133,4078,48,2,7.99,15.98
10134,4078,7,1,129.99,129.99
10135,4079,6,2,49.99,99.98
10136,4080,85,2,34.99,69.98
10137,4081,98,2,13999.99,27999.98
10138,4081,6,3,49.99,149.97
10139,4082,60,3,10.99,32.97
10140,4082,41,1,2.49,2.49
10141,4082,1,2,9.99,19.98
10142,4082,39,3,1.99,5.97
10143,4083,28,3,5.49,16.47
10144,4083,33,2,4.99,9.98
10145,4083,41,2,2.49,4.98
10146,4084,50,1,9.99,9.99
10147,4085,98,2,13999.99,27999.98
10148,4085,24,3,14.99,44.97
10149,4085,86,3,19.99,59.97
10150,4085,47,2,49.99,99.98
10151,4086,53,3,12.99,38.97
10152,4086,20,3,4.99,14.97
10153,4086,60,2,10.99,21.98
10154,4087,96,1,12999.99,12999.99
10155,4088,37,2,1.99,3.98
10156,4088,40,3,3.99,11.97
10157,4088,88,1,149.99,149.99
10158,4088,94,2,1499.99,2999.98
10159,4089,86,1,19.99,19.99
10160,4089,68,3,24.99,74.97
10161,4090,37,3,1.99,5.97
10162,4090,75,3,16.99,50.97
10163,4090,53,1,12.99,12.99
10164,4090,10,1,79.99,79.99
10165,4091,62,1,5.99,5.99
10166,4091,47,3,49.99,149.97
10167,4092,88,2,149.99,299.98
10168,4093,28,2,5.49,10.98
10169,4094,55,3,6.99,20.97
10170,4094,70,3,6.99,20.97
10171,4095,53,1,12.99,12.99
10172,4096,6,2,49.99,99.98
10173,4096,80,2,1399.99,2799.98
10174,4096,10,2,79.99,159.98
10175,4097,66,2,89.99,179.98
10176,4097,88,3,149.99,449.97
10177,4097,57,1,9.99,9.99
10178,4098,28,3,5.49,16.47
10179,4098,29,2,3.99,7.98
10180,4099,33,3,4.99,14.97
10181,4099,4,2,12.99,25.98
10182,4099,3,2,14.99,29.98
10183,4099,15,2,799.99,1599.98
10184,4100,32,3,3.49,10.47
10185,4100,91,3,119.99,359.97
10186,4100,56,1,49.99,49.99
10187,4100,68,3,24.99,74.97
10188,4101,18,3,8.99,26.97
10189,4101,15,2,799.99,1599.98
10190,4102,76,2,11.99,23.98
10191,4102,13,2,299.99,599.98
10192,4102,85,3,34.99,104.97
10193,4102,73,1,19.99,19.99
10194,4103,8,2,89.99,179.98
10195,4103,97,2,10999.99,21999.98
10196,4103,7,2,129.99,259.98
10197,4103,88,3,149.99,449.97
10198,4104,58,3,3.99,11.97
10199,4104,47,2,49.99,99.98
10200,4104,38,2,5.99,11.98
10201,4105,10,1,79.99,79.99
10202,4105,2,2,19.99,39.98
10203,4105,9,2,69.99,139.98
10204,4106,60,1,10.99,10.99
10205,4106,42,1,0.99,0.99
10206,4106,44,1,29.99,29.99
10207,4106,94,2,1499.99,2999.98
10208,4107,46,1,14.99,14.99
10209,4108,74,1,4.99,4.99
10210,4109,3,1,14.99,14.99
10211,4109,85,1,34.99,34.99
10212,4109,67,1,15.99,15.99
10213,4110,51,3,39.99,119.97
10214,4110,4,1,12.99,12.99
10215,4110,96,3,12999.99,38999.97
10216,4111,39,1,1.99,1.99
10217,4111,71,2,39.99,79.98
10218,4111,95,1,8999.99,8999.99
10219,4111,25,2,1.29,2.58
10220,4112,99,3,99.99,299.97
10221,4112,2,2,19.99,39.98
10222,4112,14,3,499.99,1499.97
10223,4113,9,1,69.99,69.99
10224,4113,56,2,49.99,99.98
10225,4113,99,2,99.99,199.98
10226,4114,70,3,6.99,20.97
10227,4115,54,1,8.99,8.99
10228,4115,37,3,1.99,5.97
10229,4115,35,1,2.29,2.29
10230,4116,35,1,2.29,2.29
10231,4116,22,1,10.99,10.99
10232,4117,66,2,89.99,179.98
10233,4117,82,1,1499.99,1499.99
10234,4118,19,1,9.99,9.99
10235,4118,28,3,5.49,16.47
10236,4118,3,2,14.99,29.98
10237,4119,83,3,29.99,89.97
10238,4119,19,2,9.99,19.98
10239,4120,6,3,49.99,149.97
10240,4121,69,1,3.99,3.99
10241,4121,91,3,119.99,359.97
10242,4121,88,1,149.99,149.99
10243,4122,62,2,5.99,11.98
10244,4122,12,3,2499.99,7499.97
10245,4122,49,3,5.99,17.97
10246,4122,65,3,12.99,38.97
10247,4123,46,1,14.99,14.99
10248,4123,3,3,14.99,44.97
10249,4123,35,3,2.29,6.87
10250,4123,5,1,8.99,8.99
10251,4124,7,1,129.99,129.99
10252,4125,97,1,10999.99,10999.99
10253,4125,39,2,1.99,3.98
10254,4126,3,1,14.99,14.99
10255,4126,51,2,39.99,79.98
10256,4127,94,1,1499.99,1499.99
10257,4127,81,1,1099.99,1099.99
10258,4127,44,2,29.99,59.98
10259,4128,4,3,12.99,38.97
10260,4128,67,1,15.99,15.99
10261,4128,89,3,79.99,239.97
10262,4128,79,1,1799.99,1799.99
10263,4129,60,2,10.99,21.98
10264,4129,46,1,14.99,14.99
10265,4129,77,2,5.99,11.98
10266,4130,7,3,129.99,389.97
10267,4131,43,1,59.99,59.99
10268,4131,88,1,149.99,149.99
10269,4131,9,3,69.99,209.97
10270,4131,26,1,0.99,0.99
10271,4132,6,3,49.99,149.97
10272,4132,68,3,24.99,74.97
10273,4132,14,1,499.99,499.99
10274,4133,65,3,12.99,38.97
10275,4134,16,3,1.99,5.97
10276,4134,6,2,49.99,99.98
10277,4134,68,2,24.99,49.98
10278,4134,67,3,15.99,47.97
10279,4135,70,1,6.99,6.99
10280,4135,35,1,2.29,2.29
10281,4136,100,3,129.99,389.97
10282,4136,4,2,12.99,25.98
10283,4136,66,1,89.99,89.99
10284,4137,27,3,6.99,20.97
10285,4137,67,3,15.99,47.97
10286,4138,25,2,1.29,2.58
10287,4139,34,3,7.99,23.97
10288,4139,30,1,2.49,2.49
10289,4140,35,1,2.29,2.29
10290,4140,24,2,14.99,29.98
10291,4140,68,3,24.99,74.97
10292,4141,5,3,8.99,26.97
10293,4142,26,2,0.99,1.98
10294,4142,64,3,14.99,44.97
10295,4143,76,3,11.99,35.97
10296,4143,96,2,12999.99,25999.98
10297,4144,28,2,5.49,10.98
10298,4144,95,3,8999.99,26999.97
10299,4144,26,1,0.99,0.99
10300,4145,90,2,89.99,179.98
10301,4145,13,3,299.99,899.97
10302,4146,51,3,39.99,119.97
10303,4146,62,1,5.99,5.99
10304,4146,22,3,10.99,32.97
10305,4147,95,3,8999.99,26999.97
10306,4148,11,1,1899.99,1899.99
10307,4148,75,1,16.99,16.99
10308,4148,83,3,29.99,89.97
10309,4149,1,3,9.99,29.97
10310,4150,59,3,4.99,14.97
10311,4150,49,1,5.99,5.99
10312,4151,18,2,8.99,17.98
10313,4151,8,1,89.99,89.99
10314,4151,84,3,24.99,74.97
10315,4152,61,3,34.99,104.97
10316,4152,18,1,8.99,8.99
10317,4152,31,3,0.79,2.37
10318,4153,39,3,1.99,5.97
10319,4153,34,2,7.99,15.98
10320,4153,10,1,79.99,79.99
10321,4153,67,3,15.99,47.97
10322,4154,80,3,1399.99,4199.97
10323,4154,50,2,9.99,19.98
10324,4154,55,2,6.99,13.98
10325,4155,8,2,89.99,179.98
10326,4155,34,2,7.99,15.98
10327,4155,80,1,1399.99,1399.99
10328,4155,39,3,1.99,5.97
10329,4156,95,1,8999.99,8999.99
10330,4156,85,3,34.99,104.97
10331,4156,27,2,6.99,13.98
10332,4156,12,3,2499.99,7499.97
10333,4157,1,2,9.99,19.98
10334,4157,67,3,15.99,47.97
10335,4157,76,1,11.99,11.99
10336,4157,97,3,10999.99,32999.97
10337,4158,2,1,19.99,19.99
10338,4159,35,1,2.29,2.29
10339,4159,8,2,89.99,179.98
10340,4159,100,2,129.99,259.98
10341,4160,15,2,799.99,1599.98
10342,4160,50,3,9.99,29.97
10343,4160,81,1,1099.99,1099.99
10344,4161,1,1,9.99,9.99
10345,4161,35,2,2.29,4.58
10346,4161,20,1,4.99,4.99
10347,4161,70,1,6.99,6.99
10348,4162,67,2,15.99,31.98
10349,4162,73,1,19.99,19.99
10350,4163,99,1,99.99,99.99
10351,4163,82,3,1499.99,4499.97
10352,4163,53,1,12.99,12.99
10353,4164,32,2,3.49,6.98
10354,4165,66,3,89.99,269.97
10355,4165,2,3,19.99,59.97
10356,4166,53,2,12.99,25.98
10357,4167,47,2,49.99,99.98
10358,4167,81,3,1099.99,3299.97
10359,4167,35,2,2.29,4.58
10360,4168,17,2,12.99,25.98
10361,4168,91,1,119.99,119.99
10362,4168,79,1,1799.99,1799.99
10363,4169,47,3,49.99,149.97
10364,4170,69,1,3.99,3.99
10365,4170,35,1,2.29,2.29
10366,4170,11,1,1899.99,1899.99
10367,4170,6,2,49.99,99.98
10368,4171,27,1,6.99,6.99
10369,4171,2,3,19.99,59.97
10370,4171,21,1,1.49,1.49
10371,4171,63,1,7.99,7.99
10372,4172,47,2,49.99,99.98
10373,4172,62,1,5.99,5.99
10374,4172,7,1,129.99,129.99
10375,4172,68,2,24.99,49.98
10376,4173,87,2,27.99,55.98
10377,4173,90,2,89.99,179.98
10378,4173,84,1,24.99,24.99
10379,4173,5,2,8.99,17.98
10380,4174,62,3,5.99,17.97
10381,4174,22,2,10.99,21.98
10382,4174,44,1,29.99,29.99
10383,4174,90,3,89.99,269.97
10384,4175,91,3,119.99,359.97
10385,4175,44,3,29.99,89.97
10386,4176,1,1,9.99,9.99
10387,4176,68,1,24.99,24.99
10388,4176,85,3,34.99,104.97
10389,4176,96,1,12999.99,12999.99
10390,4177,94,3,1499.99,4499.97
10391,4177,53,1,12.99,12.99
10392,4177,43,3,59.99,179.97
10393,4178,4,3,12.99,38.97
10394,4178,80,1,1399.99,1399.99
10395,4178,58,2,3.99,7.98
10396,4178,45,1,39.99,39.99
10397,4179,4,1,12.99,12.99
10398,4180,36,2,19.99,39.98
10399,4181,62,1,5.99,5.99
10400,4181,44,3,29.99,89.97
10401,4181,82,1,1499.99,1499.99
10402,4181,58,3,3.99,11.97
10403,4182,89,3,79.99,239.97
10404,4182,42,3,0.99,2.97
10405,4183,99,1,99.99,99.99
10406,4183,51,2,39.99,79.98
10407,4183,50,1,9.99,9.99
10408,4184,43,1,59.99,59.99
10409,4185,80,2,1399.99,2799.98
10410,4185,29,3,3.99,11.97
10411,4185,85,1,34.99,34.99
10412,4185,71,2,39.99,79.98
10413,4186,14,2,499.99,999.98
10414,4186,55,2,6.99,13.98
10415,4186,85,3,34.99,104.97
10416,4186,10,3,79.99,239.97
10417,4187,82,3,1499.99,4499.97
10418,4187,62,2,5.99,11.98
10419,4187,37,2,1.99,3.98
10420,4187,23,1,2.99,2.99
10421,4188,16,2,1.99,3.98
10422,4188,74,1,4.99,4.99
10423,4188,6,2,49.99,99.98
10424,4188,84,1,24.99,24.99
10425,4189,56,1,49.99,49.99
10426,4190,70,2,6.99,13.98
10427,4191,5,2,8.99,17.98
10428,4191,73,1,19.99,19.99
10429,4192,55,1,6.99,6.99
10430,4192,18,3,8.99,26.97
10431,4192,9,1,69.99,69.99
10432,4193,16,3,1.99,5.97
10433,4193,32,3,3.49,10.47
10434,4193,30,1,2.49,2.49
10435,4193,12,3,2499.99,7499.97
10436,4194,7,3,129.99,389.97
10437,4194,82,2,1499.99,2999.98
10438,4194,53,1,12.99,12.99
10439,4194,73,2,19.99,39.98
10440,4195,85,1,34.99,34.99
10441,4195,11,1,1899.99,1899.99
10442,4195,39,2,1.99,3.98
10443,4195,44,1,29.99,29.99
10444,4196,38,1,5.99,5.99
10445,4196,2,2,19.99,39.98
10446,4196,70,2,6.99,13.98
10447,4197,92,2,109.99,219.98
10448,4197,9,3,69.99,209.97
10449,4197,81,1,1099.99,1099.99
10450,4197,100,2,129.99,259.98
10451,4198,76,1,11.99,11.99
10452,4198,93,1,89.99,89.99
10453,4198,65,1,12.99,12.99
10454,4198,67,1,15.99,15.99
10455,4199,54,3,8.99,26.97
10456,4200,15,3,799.99,2399.97
10457,4200,23,1,2.99,2.99
10458,4201,74,3,4.99,14.97
10459,4201,100,3,129.99,389.97
10460,4201,91,3,119.99,359.97
10461,4201,94,2,1499.99,2999.98
10462,4202,84,3,24.99,74.97
10463,4202,64,3,14.99,44.97
10464,4202,55,2,6.99,13.98
10465,4202,60,3,10.99,32.97
10466,4203,50,2,9.99,19.98
10467,4204,94,3,1499.99,4499.97
10468,4204,68,2,24.99,49.98
10469,4204,90,1,89.99,89.99
10470,4204,35,1,2.29,2.29
10471,4205,32,1,3.49,3.49
10472,4205,1,3,9.99,29.97
10473,4206,98,2,13999.99,27999.98
10474,4207,86,3,19.99,59.97
10475,4208,8,3,89.99,269.97
10476,4209,24,3,14.99,44.97
10477,4209,61,2,34.99,69.98
10478,4209,81,1,1099.99,1099.99
10479,4210,7,3,129.99,389.97
10480,4210,88,1,149.99,149.99
10481,4210,50,3,9.99,29.97
10482,4211,60,3,10.99,32.97
10483,4211,85,2,34.99,69.98
10484,4211,7,1,129.99,129.99
10485,4212,67,1,15.99,15.99
10486,4212,8,2,89.99,179.98
10487,4213,58,1,3.99,3.99
10488,4213,86,1,19.99,19.99
10489,4213,92,1,109.99,109.99
10490,4214,20,3,4.99,14.97
10491,4214,43,3,59.99,179.97
10492,4214,87,2,27.99,55.98
10493,4215,92,1,109.99,109.99
10494,4216,66,3,89.99,269.97
10495,4217,18,1,8.99,8.99
10496,4218,50,2,9.99,19.98
10497,4219,39,1,1.99,1.99
10498,4219,57,3,9.99,29.97
10499,4220,63,1,7.99,7.99
10500,4220,48,1,7.99,7.99
10501,4220,19,3,9.99,29.97
10502,4220,41,3,2.49,7.47
10503,4221,6,3,49.99,149.97
10504,4221,82,1,1499.99,1499.99
10505,4222,67,3,15.99,47.97
10506,4223,66,3,89.99,269.97
10507,4223,32,2,3.49,6.98
10508,4223,61,3,34.99,104.97
10509,4224,48,2,7.99,15.98
10510,4224,34,1,7.99,7.99
10511,4224,73,3,19.99,59.97
10512,4225,43,3,59.99,179.97
10513,4226,72,1,8.99,8.99
10514,4226,22,3,10.99,32.97
10515,4227,17,3,12.99,38.97
10516,4227,16,2,1.99,3.98
10517,4227,34,2,7.99,15.98
10518,4228,59,1,4.99,4.99
10519,4228,61,2,34.99,69.98
10520,4228,33,3,4.99,14.97
10521,4229,40,2,3.99,7.98
10522,4230,36,3,19.99,59.97
10523,4231,50,3,9.99,29.97
10524,4231,65,2,12.99,25.98
10525,4231,40,3,3.99,11.97
10526,4232,87,3,27.99,83.97
10527,4232,50,1,9.99,9.99
10528,4232,88,3,149.99,449.97
10529,4233,98,3,13999.99,41999.97
10530,4233,9,2,69.99,139.98
10531,4233,100,2,129.99,259.98
10532,4234,18,2,8.99,17.98
10533,4234,69,2,3.99,7.98
10534,4234,95,3,8999.99,26999.97
10535,4235,74,1,4.99,4.99
10536,4235,13,2,299.99,599.98
10537,4236,52,2,29.99,59.98
10538,4236,30,2,2.49,4.98
10539,4237,17,1,12.99,12.99
10540,4237,32,3,3.49,10.47
10541,4237,59,1,4.99,4.99
10542,4237,24,3,14.99,44.97
10543,4238,76,1,11.99,11.99
10544,4238,81,2,1099.99,2199.98
10545,4238,41,1,2.49,2.49
10546,4239,26,1,0.99,0.99
10547,4239,70,2,6.99,13.98
10548,4239,56,1,49.99,49.99
10549,4239,91,3,119.99,359.97
10550,4240,34,1,7.99,7.99
10551,4240,12,2,2499.99,4999.98
10552,4240,75,3,16.99,50.97
10553,4241,1,1,9.99,9.99
10554,4241,71,1,39.99,39.99
10555,4242,78,3,1999.99,5999.97
10556,4243,71,3,39.99,119.97
10557,4243,33,1,4.99,4.99
10558,4243,62,1,5.99,5.99
10559,4243,70,1,6.99,6.99
10560,4244,18,1,8.99,8.99
10561,4244,39,2,1.99,3.98
10562,4245,21,3,1.49,4.47
10563,4245,55,1,6.99,6.99
10564,4245,16,1,1.99,1.99
10565,4246,65,3,12.99,38.97
10566,4247,75,1,16.99,16.99
10567,4248,69,3,3.99,11.97
10568,4249,49,3,5.99,17.97
10569,4250,58,2,3.99,7.98
10570,4250,5,2,8.99,17.98
10571,4250,81,1,1099.99,1099.99
10572,4251,82,1,1499.99,1499.99
10573,4251,20,3,4.99,14.97
10574,4252,63,1,7.99,7.99
10575,4252,38,2,5.99,11.98
10576,4253,69,3,3.99,11.97
10577,4253,54,3,8.99,26.97
10578,4253,33,2,4.99,9.98
10579,4254,90,2,89.99,179.98
10580,4254,32,2,3.49,6.98
10581,4254,80,1,1399.99,1399.99
10582,4255,27,1,6.99,6.99
10583,4255,15,3,799.99,2399.97
10584,4256,27,1,6.99,6.99
10585,4256,63,2,7.99,15.98
10586,4256,28,3,5.49,16.47
10587,4257,73,1,19.99,19.99
10588,4257,68,2,24.99,49.98
10589,4257,88,1,149.99,149.99
10590,4257,59,3,4.99,14.97
10591,4258,1,1,9.99,9.99
10592,4258,42,2,0.99,1.98
10593,4259,58,2,3.99,7.98
10594,4259,63,3,7.99,23.97
10595,4260,18,3,8.99,26.97
10596,4260,44,1,29.99,29.99
10597,4260,78,1,1999.99,1999.99
10598,4261,92,3,109.99,329.97
10599,4261,66,2,89.99,179.98
10600,4262,60,1,10.99,10.99
10601,4262,72,2,8.99,17.98
10602,4262,98,3,13999.99,41999.97
10603,4262,7,1,129.99,129.99
10604,4263,25,2,1.29,2.58
10605,4263,6,2,49.99,99.98
10606,4263,54,2,8.99,17.98
10607,4263,46,2,14.99,29.98
10608,4264,12,2,2499.99,4999.98
10609,4265,40,1,3.99,3.99
10610,4265,54,3,8.99,26.97
10611,4265,33,1,4.99,4.99
10612,4265,5,3,8.99,26.97
10613,4266,15,1,799.99,799.99
10614,4266,52,1,29.99,29.99
10615,4266,40,1,3.99,3.99
10616,4266,70,3,6.99,20.97
10617,4267,4,3,12.99,38.97
10618,4267,90,2,89.99,179.98
10619,4268,45,2,39.99,79.98
10620,4268,81,3,1099.99,3299.97
10621,4268,41,2,2.49,4.98
10622,4269,1,3,9.99,29.97
10623,4270,97,3,10999.99,32999.97
10624,4270,81,1,1099.99,1099.99
10625,4270,95,3,8999.99,26999.97
10626,4270,86,1,19.99,19.99
10627,4271,83,1,29.99,29.99
10628,4271,68,1,24.99,24.99
10629,4272,20,3,4.99,14.97
10630,4273,81,2,1099.99,2199.98
10631,4273,94,2,1499.99,2999.98
10632,4274,72,3,8.99,26.97
10633,4274,60,1,10.99,10.99
10634,4274,91,3,119.99,359.97
10635,4275,16,2,1.99,3.98
10636,4276,95,3,8999.99,26999.97
10637,4277,47,1,49.99,49.99
10638,4277,85,2,34.99,69.98
10639,4277,45,2,39.99,79.98
10640,4277,94,1,1499.99,1499.99
10641,4278,57,3,9.99,29.97
10642,4278,8,1,89.99,89.99
10643,4279,16,2,1.99,3.98
10644,4279,5,1,8.99,8.99
10645,4280,55,1,6.99,6.99
10646,4280,53,3,12.99,38.97
10647,4281,76,3,11.99,35.97
10648,4281,30,3,2.49,7.47
10649,4281,34,1,7.99,7.99
10650,4282,48,3,7.99,23.97
10651,4282,55,1,6.99,6.99
10652,4282,12,1,2499.99,2499.99
10653,4283,94,2,1499.99,2999.98
10654,4283,88,2,149.99,299.98
10655,4283,99,1,99.99,99.99
10656,4283,59,1,4.99,4.99
10657,4284,76,2,11.99,23.98
10658,4284,82,2,1499.99,2999.98
10659,4284,65,3,12.99,38.97
10660,4285,97,3,10999.99,32999.97
10661,4285,29,1,3.99,3.99
10662,4286,87,1,27.99,27.99
10663,4286,47,3,49.99,149.97
10664,4286,23,2,2.99,5.98
10665,4286,38,2,5.99,11.98
10666,4287,100,3,129.99,389.97
10667,4287,98,2,13999.99,27999.98
10668,4288,46,2,14.99,29.98
10669,4288,11,3,1899.99,5699.97
10670,4288,69,3,3.99,11.97
10671,4289,66,2,89.99,179.98
10672,4289,3,2,14.99,29.98
10673,4289,84,1,24.99,24.99
10674,4290,86,3,19.99,59.97
10675,4291,55,2,6.99,13.98
10676,4291,59,2,4.99,9.98
10677,4291,34,2,7.99,15.98
10678,4292,84,2,24.99,49.98
10679,4292,42,2,0.99,1.98
10680,4292,57,1,9.99,9.99
10681,4292,32,2,3.49,6.98
10682,4293,2,1,19.99,19.99
10683,4293,24,3,14.99,44.97
10684,4294,92,2,109.99,219.98
10685,4294,30,3,2.49,7.47
10686,4295,69,1,3.99,3.99
10687,4295,56,3,49.99,149.97
10688,4296,7,2,129.99,259.98
10689,4297,37,2,1.99,3.98
10690,4297,17,2,12.99,25.98
10691,4297,50,3,9.99,29.97
10692,4298,89,1,79.99,79.99
10693,4298,93,2,89.99,179.98
10694,4298,85,1,34.99,34.99
10695,4299,52,2,29.99,59.98
10696,4299,61,2,34.99,69.98
10697,4300,52,3,29.99,89.97
10698,4300,24,3,14.99,44.97
10699,4300,77,3,5.99,17.97
10700,4301,13,3,299.99,899.97
10701,4302,96,1,12999.99,12999.99
10702,4302,77,1,5.99,5.99
10703,4303,17,3,12.99,38.97
10704,4303,9,1,69.99,69.99
10705,4303,53,1,12.99,12.99
10706,4304,37,2,1.99,3.98
10707,4304,87,3,27.99,83.97
10708,4304,91,2,119.99,239.98
10709,4305,76,3,11.99,35.97
10710,4305,19,1,9.99,9.99
10711,4305,86,1,19.99,19.99
10712,4305,15,1,799.99,799.99
10713,4306,12,3,2499.99,7499.97
10714,4306,95,2,8999.99,17999.98
10715,4307,68,2,24.99,49.98
10716,4307,42,1,0.99,0.99
10717,4307,3,3,14.99,44.97
10718,4307,9,1,69.99,69.99
10719,4308,96,2,12999.99,25999.98
10720,4308,3,2,14.99,29.98
10721,4308,26,1,0.99,0.99
10722,4309,44,2,29.99,59.98
10723,4309,51,1,39.99,39.99
10724,4309,79,1,1799.99,1799.99
10725,4309,71,3,39.99,119.97
10726,4310,19,3,9.99,29.97
10727,4311,50,1,9.99,9.99
10728,4311,11,2,1899.99,3799.98
10729,4311,29,2,3.99,7.98
10730,4311,56,3,49.99,149.97
10731,4312,56,2,49.99,99.98
10732,4312,98,3,13999.99,41999.97
10733,4312,92,1,109.99,109.99
10734,4312,6,2,49.99,99.98
10735,4313,19,2,9.99,19.98
10736,4313,47,2,49.99,99.98
10737,4313,21,3,1.49,4.47
10738,4313,76,3,11.99,35.97
10739,4314,76,2,11.99,23.98
10740,4314,62,3,5.99,17.97
10741,4314,52,1,29.99,29.99
10742,4314,26,2,0.99,1.98
10743,4315,55,1,6.99,6.99
10744,4315,54,1,8.99,8.99
10745,4316,4,1,12.99,12.99
10746,4316,48,2,7.99,15.98
10747,4317,88,2,149.99,299.98
10748,4317,6,3,49.99,149.97
10749,4318,45,1,39.99,39.99
10750,4318,95,1,8999.99,8999.99
10751,4318,41,1,2.49,2.49
10752,4318,44,2,29.99,59.98
10753,4319,9,3,69.99,209.97
10754,4320,78,1,1999.99,1999.99
10755,4321,59,3,4.99,14.97
10756,4321,95,3,8999.99,26999.97
10757,4321,27,2,6.99,13.98
10758,4322,15,3,799.99,2399.97
10759,4322,90,3,89.99,269.97
10760,4322,64,1,14.99,14.99
10761,4323,22,2,10.99,21.98
10762,4324,7,3,129.99,389.97
10763,4324,32,2,3.49,6.98
10764,4324,5,1,8.99,8.99
10765,4324,59,2,4.99,9.98
10766,4325,71,3,39.99,119.97
10767,4325,3,1,14.99,14.99
10768,4325,100,2,129.99,259.98
10769,4326,58,2,3.99,7.98
10770,4327,10,1,79.99,79.99
10771,4328,5,2,8.99,17.98
10772,4328,27,1,6.99,6.99
10773,4329,3,3,14.99,44.97
10774,4330,30,3,2.49,7.47
10775,4330,50,2,9.99,19.98
10776,4330,43,2,59.99,119.98
10777,4331,58,2,3.99,7.98
10778,4331,100,1,129.99,129.99
10779,4331,21,3,1.49,4.47
10780,4332,97,2,10999.99,21999.98
10781,4332,48,3,7.99,23.97
10782,4333,5,3,8.99,26.97
10783,4333,58,1,3.99,3.99
10784,4333,57,1,9.99,9.99
10785,4334,89,1,79.99,79.99
10786,4334,47,2,49.99,99.98
10787,4335,96,1,12999.99,12999.99
10788,4335,53,1,12.99,12.99
10789,4336,64,2,14.99,29.98
10790,4336,48,3,7.99,23.97
10791,4336,62,1,5.99,5.99
10792,4337,9,1,69.99,69.99
10793,4337,11,1,1899.99,1899.99
10794,4337,32,3,3.49,10.47
10795,4337,100,1,129.99,129.99
10796,4338,18,2,8.99,17.98
10797,4338,98,3,13999.99,41999.97
10798,4338,36,3,19.99,59.97
10799,4338,87,2,27.99,55.98
10800,4339,60,2,10.99,21.98
10801,4339,28,3,5.49,16.47
10802,4339,97,3,10999.99,32999.97
10803,4339,88,2,149.99,299.98
10804,4340,34,1,7.99,7.99
10805,4340,56,2,49.99,99.98
10806,4340,71,2,39.99,79.98
10807,4341,37,2,1.99,3.98
10808,4341,46,1,14.99,14.99
10809,4341,55,3,6.99,20.97
10810,4342,39,1,1.99,1.99
10811,4342,6,2,49.99,99.98
10812,4343,53,2,12.99,25.98
10813,4343,61,1,34.99,34.99
10814,4344,21,3,1.49,4.47
10815,4344,17,2,12.99,25.98
10816,4344,77,1,5.99,5.99
10817,4345,92,2,109.99,219.98
10818,4345,96,2,12999.99,25999.98
10819,4345,68,3,24.99,74.97
10820,4345,18,2,8.99,17.98
10821,4346,5,2,8.99,17.98
10822,4346,28,3,5.49,16.47
10823,4346,96,2,12999.99,25999.98
10824,4346,81,2,1099.99,2199.98
10825,4347,14,3,499.99,1499.97
10826,4347,56,1,49.99,49.99
10827,4347,50,2,9.99,19.98
10828,4348,27,2,6.99,13.98
10829,4349,57,1,9.99,9.99
10830,4349,87,1,27.99,27.99
10831,4349,100,1,129.99,129.99
10832,4350,63,3,7.99,23.97
10833,4350,33,2,4.99,9.98
10834,4350,66,2,89.99,179.98
10835,4351,97,2,10999.99,21999.98
10836,4352,58,3,3.99,11.97
10837,4352,50,3,9.99,29.97
10838,4352,29,3,3.99,11.97
10839,4352,35,1,2.29,2.29
10840,4353,51,3,39.99,119.97
10841,4354,77,3,5.99,17.97
10842,4354,11,2,1899.99,3799.98
10843,4354,82,3,1499.99,4499.97
10844,4355,3,2,14.99,29.98
10845,4355,22,1,10.99,10.99
10846,4355,43,2,59.99,119.98
10847,4355,71,2,39.99,79.98
10848,4356,95,3,8999.99,26999.97
10849,4356,24,2,14.99,29.98
10850,4356,41,2,2.49,4.98
10851,4357,82,2,1499.99,2999.98
10852,4357,55,2,6.99,13.98
10853,4357,46,1,14.99,14.99
10854,4358,9,1,69.99,69.99
10855,4358,11,1,1899.99,1899.99
10856,4358,24,1,14.99,14.99
10857,4359,96,3,12999.99,38999.97
10858,4359,20,3,4.99,14.97
10859,4360,59,3,4.99,14.97
10860,4361,44,1,29.99,29.99
10861,4361,99,1,99.99,99.99
10862,4361,95,2,8999.99,17999.98
10863,4362,90,1,89.99,89.99
10864,4362,43,2,59.99,119.98
10865,4363,93,1,89.99,89.99
10866,4363,82,3,1499.99,4499.97
10867,4364,80,1,1399.99,1399.99
10868,4365,7,2,129.99,259.98
10869,4365,13,3,299.99,899.97
10870,4366,14,3,499.99,1499.97
10871,4366,59,1,4.99,4.99
10872,4367,93,3,89.99,269.97
10873,4367,64,2,14.99,29.98
10874,4368,10,3,79.99,239.97
10875,4369,12,3,2499.99,7499.97
10876,4369,68,3,24.99,74.97
10877,4369,51,3,39.99,119.97
10878,4370,68,3,24.99,74.97
10879,4370,48,1,7.99,7.99
10880,4371,23,3,2.99,8.97
10881,4371,61,1,34.99,34.99
10882,4371,87,1,27.99,27.99
10883,4371,10,2,79.99,159.98
10884,4372,28,1,5.49,5.49
10885,4372,15,3,799.99,2399.97
10886,4372,19,3,9.99,29.97
10887,4372,24,1,14.99,14.99
10888,4373,49,1,5.99,5.99
10889,4373,52,2,29.99,59.98
10890,4374,12,3,2499.99,7499.97
10891,4375,89,1,79.99,79.99
10892,4375,75,3,16.99,50.97
10893,4375,4,2,12.99,25.98
10894,4375,3,2,14.99,29.98
10895,4376,79,3,1799.99,5399.97
10896,4376,14,3,499.99,1499.97
10897,4377,22,2,10.99,21.98
10898,4377,37,1,1.99,1.99
10899,4377,66,2,89.99,179.98
10900,4378,83,3,29.99,89.97
10901,4378,38,1,5.99,5.99
10902,4378,14,2,499.99,999.98
10903,4379,54,2,8.99,17.98
10904,4379,90,2,89.99,179.98
10905,4380,5,1,8.99,8.99
10906,4381,64,3,14.99,44.97
10907,4381,95,1,8999.99,8999.99
10908,4382,52,3,29.99,89.97
10909,4382,1,3,9.99,29.97
10910,4382,55,2,6.99,13.98
10911,4382,10,3,79.99,239.97
10912,4383,64,2,14.99,29.98
10913,4384,33,1,4.99,4.99
10914,4384,59,1,4.99,4.99
10915,4385,38,2,5.99,11.98
10916,4385,44,3,29.99,89.97
10917,4386,63,3,7.99,23.97
10918,4386,92,1,109.99,109.99
10919,4386,45,2,39.99,79.98
10920,4387,39,3,1.99,5.97
10921,4387,56,1,49.99,49.99
10922,4388,78,2,1999.99,3999.98
10923,4388,49,3,5.99,17.97
10924,4389,29,1,3.99,3.99
10925,4390,20,1,4.99,4.99
10926,4391,30,1,2.49,2.49
10927,4391,39,1,1.99,1.99
10928,4391,33,2,4.99,9.98
10929,4392,100,2,129.99,259.98
10930,4392,49,1,5.99,5.99
10931,4393,92,3,109.99,329.97
10932,4393,43,2,59.99,119.98
10933,4393,49,2,5.99,11.98
10934,4393,42,2,0.99,1.98
10935,4394,28,1,5.49,5.49
10936,4394,61,2,34.99,69.98
10937,4394,17,2,12.99,25.98
10938,4394,13,2,299.99,599.98
10939,4395,48,1,7.99,7.99
10940,4395,1,3,9.99,29.97
10941,4395,36,2,19.99,39.98
10942,4395,82,1,1499.99,1499.99
10943,4396,39,3,1.99,5.97
10944,4397,98,3,13999.99,41999.97
10945,4398,35,1,2.29,2.29
10946,4398,98,2,13999.99,27999.98
10947,4398,63,1,7.99,7.99
10948,4398,66,2,89.99,179.98
10949,4399,56,3,49.99,149.97
10950,4399,76,1,11.99,11.99
10951,4400,16,3,1.99,5.97
10952,4401,54,1,8.99,8.99
10953,4402,3,1,14.99,14.99
10954,4402,14,3,499.99,1499.97
10955,4402,63,1,7.99,7.99
10956,4402,59,2,4.99,9.98
10957,4403,52,1,29.99,29.99
10958,4403,20,1,4.99,4.99
10959,4403,55,3,6.99,20.97
10960,4403,28,2,5.49,10.98
10961,4404,80,1,1399.99,1399.99
10962,4404,78,1,1999.99,1999.99
10963,4404,4,3,12.99,38.97
10964,4404,16,2,1.99,3.98
10965,4405,57,1,9.99,9.99
10966,4405,51,2,39.99,79.98
10967,4405,85,2,34.99,69.98
10968,4405,100,3,129.99,389.97
10969,4406,4,3,12.99,38.97
10970,4406,80,2,1399.99,2799.98
10971,4406,44,1,29.99,29.99
10972,4406,92,2,109.99,219.98
10973,4407,46,3,14.99,44.97
10974,4407,83,2,29.99,59.98
10975,4407,24,2,14.99,29.98
10976,4407,57,2,9.99,19.98
10977,4408,83,1,29.99,29.99
10978,4408,93,1,89.99,89.99
10979,4409,12,2,2499.99,4999.98
10980,4410,36,1,19.99,19.99
10981,4410,92,1,109.99,109.99
10982,4411,15,1,799.99,799.99
10983,4412,98,2,13999.99,27999.98
10984,4413,51,2,39.99,79.98
10985,4413,83,1,29.99,29.99
10986,4414,86,1,19.99,19.99
10987,4414,87,1,27.99,27.99
10988,4414,33,1,4.99,4.99
10989,4415,59,2,4.99,9.98
10990,4416,44,3,29.99,89.97
10991,4417,91,2,119.99,239.98
10992,4417,65,2,12.99,25.98
10993,4417,97,1,10999.99,10999.99
10994,4417,69,3,3.99,11.97
10995,4418,81,3,1099.99,3299.97
10996,4418,23,3,2.99,8.97
10997,4419,72,3,8.99,26.97
10998,4419,78,2,1999.99,3999.98
10999,4419,83,2,29.99,59.98
11000,4420,94,1,1499.99,1499.99
11001,4421,89,2,79.99,159.98
11002,4421,1,2,9.99,19.98
11003,4422,43,1,59.99,59.99
11004,4422,6,1,49.99,49.99
11005,4422,19,1,9.99,9.99
11006,4422,81,3,1099.99,3299.97
11007,4423,81,3,1099.99,3299.97
11008,4423,37,1,1.99,1.99
11009,4423,52,3,29.99,89.97
11010,4423,88,1,149.99,149.99
11011,4424,69,3,3.99,11.97
11012,4424,98,3,13999.99,41999.97
11013,4424,3,3,14.99,44.97
11014,4424,78,3,1999.99,5999.97
11015,4425,1,3,9.99,29.97
11016,4425,59,2,4.99,9.98
11017,4425,26,1,0.99,0.99
11018,4426,100,1,129.99,129.99
11019,4426,35,2,2.29,4.58
11020,4426,46,2,14.99,29.98
11021,4427,6,3,49.99,149.97
11022,4427,52,3,29.99,89.97
11023,4428,60,2,10.99,21.98
11024,4429,1,3,9.99,29.97
11025,4429,62,1,5.99,5.99
11026,4429,68,3,24.99,74.97
11027,4430,12,3,2499.99,7499.97
11028,4430,91,3,119.99,359.97
11029,4431,14,3,499.99,1499.97
11030,4431,7,3,129.99,389.97
11031,4431,62,2,5.99,11.98
11032,4432,5,2,8.99,17.98
11033,4432,29,2,3.99,7.98
11034,4432,48,3,7.99,23.97
11035,4433,45,2,39.99,79.98
11036,4433,30,3,2.49,7.47
11037,4433,34,1,7.99,7.99
11038,4433,46,1,14.99,14.99
11039,4434,10,3,79.99,239.97
11040,4434,95,3,8999.99,26999.97
11041,4434,97,1,10999.99,10999.99
11042,4435,90,3,89.99,269.97
11043,4435,76,1,11.99,11.99
11044,4436,57,3,9.99,29.97
11045,4436,42,3,0.99,2.97
11046,4436,62,1,5.99,5.99
11047,4436,64,3,14.99,44.97
11048,4437,73,2,19.99,39.98
11049,4437,22,1,10.99,10.99
11050,4437,45,3,39.99,119.97
11051,4437,53,1,12.99,12.99
11052,4438,95,2,8999.99,17999.98
11053,4439,89,1,79.99,79.99
11054,4439,59,1,4.99,4.99
11055,4439,58,1,3.99,3.99
11056,4439,98,3,13999.99,41999.97
11057,4440,87,2,27.99,55.98
11058,4441,69,2,3.99,7.98
11059,4441,26,2,0.99,1.98
11060,4442,10,2,79.99,159.98
11061,4442,66,1,89.99,89.99
11062,4442,99,1,99.99,99.99
11063,4442,57,1,9.99,9.99
11064,4443,5,1,8.99,8.99
11065,4443,99,3,99.99,299.97
11066,4444,40,3,3.99,11.97
11067,4444,71,1,39.99,39.99
11068,4445,70,1,6.99,6.99
11069,4445,20,1,4.99,4.99
11070,4445,33,3,4.99,14.97
11071,4446,10,1,79.99,79.99
11072,4447,80,3,1399.99,4199.97
11073,4447,57,2,9.99,19.98
11074,4447,88,3,149.99,449.97
11075,4447,26,3,0.99,2.97
11076,4448,97,1,10999.99,10999.99
11077,4448,100,1,129.99,129.99
11078,4449,35,1,2.29,2.29
11079,4449,72,1,8.99,8.99
11080,4449,21,2,1.49,2.98
11081,4450,50,3,9.99,29.97
11082,4450,99,1,99.99,99.99
11083,4450,86,1,19.99,19.99
11084,4451,48,3,7.99,23.97
11085,4451,100,3,129.99,389.97
11086,4451,69,1,3.99,3.99
11087,4452,54,1,8.99,8.99
11088,4452,14,1,499.99,499.99
11089,4452,52,3,29.99,89.97
11090,4452,60,1,10.99,10.99
11091,4453,67,1,15.99,15.99
11092,4453,93,2,89.99,179.98
11093,4453,63,3,7.99,23.97
11094,4453,7,1,129.99,129.99
11095,4454,93,1,89.99,89.99
11096,4455,89,3,79.99,239.97
11097,4455,39,2,1.99,3.98
11098,4455,73,3,19.99,59.97
11099,4455,79,1,1799.99,1799.99
11100,4456,44,3,29.99,89.97
11101,4457,54,3,8.99,26.97
11102,4457,71,3,39.99,119.97
11103,4457,62,1,5.99,5.99
11104,4458,41,1,2.49,2.49
11105,4458,92,2,109.99,219.98
11106,4458,86,2,19.99,39.98
11107,4458,10,2,79.99,159.98
11108,4459,98,3,13999.99,41999.97
11109,4460,72,3,8.99,26.97
11110,4460,43,1,59.99,59.99
11111,4460,30,2,2.49,4.98
11112,4461,33,3,4.99,14.97
11113,4461,27,2,6.99,13.98
11114,4462,64,3,14.99,44.97
11115,4462,34,2,7.99,15.98
11116,4462,50,3,9.99,29.97
11117,4462,41,3,2.49,7.47
11118,4463,11,2,1899.99,3799.98
11119,4463,9,3,69.99,209.97
11120,4464,25,2,1.29,2.58
11121,4465,55,3,6.99,20.97
11122,4465,60,1,10.99,10.99
11123,4465,11,1,1899.99,1899.99
11124,4466,73,1,19.99,19.99
11125,4466,87,1,27.99,27.99
11126,4466,17,2,12.99,25.98
11127,4467,99,3,99.99,299.97
11128,4468,45,3,39.99,119.97
11129,4469,30,1,2.49,2.49
11130,4469,83,2,29.99,59.98
11131,4470,19,1,9.99,9.99
11132,4470,48,3,7.99,23.97
11133,4471,95,2,8999.99,17999.98
11134,4471,91,2,119.99,239.98
11135,4471,86,2,19.99,39.98
11136,4472,37,3,1.99,5.97
11137,4473,33,3,4.99,14.97
11138,4473,90,3,89.99,269.97
11139,4473,45,2,39.99,79.98
11140,4473,39,2,1.99,3.98
11141,4474,66,1,89.99,89.99
11142,4474,27,3,6.99,20.97
11143,4475,98,2,13999.99,27999.98
11144,4476,98,2,13999.99,27999.98
11145,4477,43,2,59.99,119.98
11146,4478,5,3,8.99,26.97
11147,4478,82,2,1499.99,2999.98
11148,4478,14,1,499.99,499.99
11149,4478,4,1,12.99,12.99
11150,4479,9,1,69.99,69.99
11151,4479,46,1,14.99,14.99
11152,4480,50,3,9.99,29.97
11153,4481,47,2,49.99,99.98
11154,4482,25,3,1.29,3.87
11155,4482,81,3,1099.99,3299.97
11156,4483,7,1,129.99,129.99
11157,4483,22,2,10.99,21.98
11158,4484,91,2,119.99,239.98
11159,4484,62,3,5.99,17.97
11160,4485,30,1,2.49,2.49
11161,4485,15,2,799.99,1599.98
11162,4486,33,2,4.99,9.98
11163,4486,78,2,1999.99,3999.98
11164,4486,19,2,9.99,19.98
11165,4487,39,2,1.99,3.98
11166,4487,71,1,39.99,39.99
11167,4487,65,1,12.99,12.99
11168,4488,47,2,49.99,99.98
11169,4488,5,3,8.99,26.97
11170,4489,57,3,9.99,29.97
11171,4489,17,2,12.99,25.98
11172,4489,46,3,14.99,44.97
11173,4489,59,2,4.99,9.98
11174,4490,7,1,129.99,129.99
11175,4491,34,2,7.99,15.98
11176,4491,56,1,49.99,49.99
11177,4491,97,2,10999.99,21999.98
11178,4492,65,2,12.99,25.98
11179,4493,69,2,3.99,7.98
11180,4493,41,3,2.49,7.47
11181,4493,4,1,12.99,12.99
11182,4493,76,3,11.99,35.97
11183,4494,99,1,99.99,99.99
11184,4494,81,1,1099.99,1099.99
11185,4494,5,3,8.99,26.97
11186,4494,72,1,8.99,8.99
11187,4495,100,1,129.99,129.99
11188,4495,96,1,12999.99,12999.99
11189,4495,93,2,89.99,179.98
11190,4496,73,1,19.99,19.99
11191,4496,51,1,39.99,39.99
11192,4497,39,2,1.99,3.98
11193,4497,48,1,7.99,7.99
11194,4497,81,3,1099.99,3299.97
11195,4497,54,1,8.99,8.99
11196,4498,41,3,2.49,7.47
11197,4498,71,3,39.99,119.97
11198,4499,90,3,89.99,269.97
11199,4500,63,3,7.99,23.97
11200,4500,37,2,1.99,3.98
11201,4500,34,1,7.99,7.99
11202,4501,38,2,5.99,11.98
11203,4501,78,1,1999.99,1999.99
11204,4502,64,2,14.99,29.98
11205,4502,44,2,29.99,59.98
11206,4502,19,3,9.99,29.97
11207,4502,42,2,0.99,1.98
11208,4503,18,1,8.99,8.99
11209,4503,16,3,1.99,5.97
11210,4504,74,3,4.99,14.97
11211,4505,54,2,8.99,17.98
11212,4505,43,3,59.99,179.97
11213,4506,10,1,79.99,79.99
11214,4506,45,3,39.99,119.97
11215,4506,34,2,7.99,15.98
11216,4507,61,1,34.99,34.99
11217,4507,3,1,14.99,14.99
11218,4508,99,3,99.99,299.97
11219,4509,87,1,27.99,27.99
11220,4509,6,1,49.99,49.99
11221,4509,41,2,2.49,4.98
11222,4510,18,3,8.99,26.97
11223,4510,40,3,3.99,11.97
11224,4511,31,3,0.79,2.37
11225,4512,93,1,89.99,89.99
11226,4513,3,3,14.99,44.97
11227,4514,2,2,19.99,39.98
11228,4514,28,2,5.49,10.98
11229,4515,68,2,24.99,49.98
11230,4515,98,3,13999.99,41999.97
11231,4515,35,1,2.29,2.29
11232,4516,33,2,4.99,9.98
11233,4516,100,3,129.99,389.97
11234,4516,45,1,39.99,39.99
11235,4516,5,3,8.99,26.97
11236,4517,87,1,27.99,27.99
11237,4517,40,2,3.99,7.98
11238,4517,27,3,6.99,20.97
11239,4517,35,1,2.29,2.29
11240,4518,47,2,49.99,99.98
11241,4519,63,1,7.99,7.99
11242,4519,31,3,0.79,2.37
11243,4519,73,1,19.99,19.99
11244,4520,50,2,9.99,19.98
11245,4520,18,3,8.99,26.97
11246,4521,35,3,2.29,6.87
11247,4521,2,2,19.99,39.98
11248,4522,99,2,99.99,199.98
11249,4522,60,2,10.99,21.98
11250,4523,61,3,34.99,104.97
11251,4523,50,2,9.99,19.98
11252,4524,34,1,7.99,7.99
11253,4525,34,2,7.99,15.98
11254,4525,89,1,79.99,79.99
11255,4525,20,3,4.99,14.97
11256,4525,32,2,3.49,6.98
11257,4526,57,1,9.99,9.99
11258,4526,23,1,2.99,2.99
11259,4527,36,3,19.99,59.97
11260,4527,63,2,7.99,15.98
11261,4528,36,3,19.99,59.97
11262,4528,2,1,19.99,19.99
11263,4528,78,2,1999.99,3999.98
11264,4528,23,3,2.99,8.97
11265,4529,90,3,89.99,269.97
11266,4529,60,1,10.99,10.99
11267,4529,61,1,34.99,34.99
11268,4529,49,3,5.99,17.97
11269,4530,33,1,4.99,4.99
11270,4530,90,2,89.99,179.98
11271,4530,83,2,29.99,59.98
11272,4530,97,2,10999.99,21999.98
11273,4531,36,3,19.99,59.97
11274,4531,34,1,7.99,7.99
11275,4531,92,3,109.99,329.97
11276,4532,100,2,129.99,259.98
11277,4532,31,3,0.79,2.37
11278,4532,12,2,2499.99,4999.98
11279,4532,35,3,2.29,6.87
11280,4533,26,3,0.99,2.97
11281,4534,100,3,129.99,389.97
11282,4534,92,2,109.99,219.98
11283,4534,5,1,8.99,8.99
11284,4535,77,1,5.99,5.99
11285,4535,24,1,14.99,14.99
11286,4536,86,3,19.99,59.97
11287,4536,92,1,109.99,109.99
11288,4536,8,3,89.99,269.97
11289,4536,79,1,1799.99,1799.99
11290,4537,18,1,8.99,8.99
11291,4538,15,1,799.99,799.99
11292,4538,82,1,1499.99,1499.99
11293,4538,64,1,14.99,14.99
11294,4539,2,1,19.99,19.99
11295,4539,87,3,27.99,83.97
11296,4539,88,1,149.99,149.99
11297,4539,10,1,79.99,79.99
11298,4540,39,2,1.99,3.98
11299,4540,55,1,6.99,6.99
11300,4541,8,3,89.99,269.97
11301,4541,95,2,8999.99,17999.98
11302,4541,67,2,15.99,31.98
11303,4542,71,1,39.99,39.99
11304,4542,93,3,89.99,269.97
11305,4542,32,2,3.49,6.98
11306,4542,16,3,1.99,5.97
11307,4543,30,3,2.49,7.47
11308,4543,18,3,8.99,26.97
11309,4543,100,3,129.99,389.97
11310,4544,65,2,12.99,25.98
11311,4545,55,1,6.99,6.99
11312,4546,4,1,12.99,12.99
11313,4546,6,2,49.99,99.98
11314,4547,87,2,27.99,55.98
11315,4547,31,2,0.79,1.58
11316,4548,82,2,1499.99,2999.98
11317,4548,59,2,4.99,9.98
11318,4549,89,1,79.99,79.99
11319,4549,74,2,4.99,9.98
11320,4549,11,3,1899.99,5699.97
11321,4550,11,2,1899.99,3799.98
11322,4550,98,3,13999.99,41999.97
11323,4550,51,3,39.99,119.97
11324,4550,46,1,14.99,14.99
11325,4551,46,3,14.99,44.97
11326,4551,97,3,10999.99,32999.97
11327,4552,14,1,499.99,499.99
11328,4552,71,1,39.99,39.99
11329,4552,54,3,8.99,26.97
11330,4552,65,1,12.99,12.99
11331,4553,75,2,16.99,33.98
11332,4554,46,3,14.99,44.97
11333,4554,51,1,39.99,39.99
11334,4554,83,3,29.99,89.97
11335,4554,71,3,39.99,119.97
11336,4555,40,3,3.99,11.97
11337,4555,12,2,2499.99,4999.98
11338,4555,95,2,8999.99,17999.98
11339,4555,82,3,1499.99,4499.97
11340,4556,9,2,69.99,139.98
11341,4557,1,3,9.99,29.97
11342,4557,14,2,499.99,999.98
11343,4557,42,1,0.99,0.99
11344,4558,40,2,3.99,7.98
11345,4558,66,3,89.99,269.97
11346,4558,74,1,4.99,4.99
11347,4558,79,1,1799.99,1799.99
11348,4559,73,1,19.99,19.99
11349,4559,48,3,7.99,23.97
11350,4559,75,2,16.99,33.98
11351,4560,84,2,24.99,49.98
11352,4560,77,2,5.99,11.98
11353,4560,79,3,1799.99,5399.97
11354,4561,11,3,1899.99,5699.97
11355,4562,76,2,11.99,23.98
11356,4563,35,1,2.29,2.29
11357,4563,26,3,0.99,2.97
11358,4563,5,1,8.99,8.99
11359,4564,57,3,9.99,29.97
11360,4565,9,1,69.99,69.99
11361,4565,63,1,7.99,7.99
11362,4565,32,3,3.49,10.47
11363,4565,86,3,19.99,59.97
11364,4566,6,2,49.99,99.98
11365,4566,46,1,14.99,14.99
11366,4566,62,2,5.99,11.98
11367,4567,43,1,59.99,59.99
11368,4568,30,3,2.49,7.47
11369,4568,46,3,14.99,44.97
11370,4569,70,3,6.99,20.97
11371,4569,53,3,12.99,38.97
11372,4569,36,2,19.99,39.98
11373,4570,30,3,2.49,7.47
11374,4571,57,3,9.99,29.97
11375,4572,9,3,69.99,209.97
11376,4572,13,2,299.99,599.98
11377,4572,100,1,129.99,129.99
11378,4572,99,3,99.99,299.97
11379,4573,36,2,19.99,39.98
11380,4573,57,3,9.99,29.97
11381,4574,53,2,12.99,25.98
11382,4574,12,1,2499.99,2499.99
11383,4575,92,2,109.99,219.98
11384,4575,41,3,2.49,7.47
11385,4575,61,1,34.99,34.99
11386,4576,94,3,1499.99,4499.97
11387,4576,76,2,11.99,23.98
11388,4577,80,1,1399.99,1399.99
11389,4577,84,2,24.99,49.98
11390,4577,56,3,49.99,149.97
11391,4577,9,1,69.99,69.99
11392,4578,76,3,11.99,35.97
11393,4578,43,1,59.99,59.99
11394,4578,57,3,9.99,29.97
11395,4579,96,2,12999.99,25999.98
11396,4580,55,1,6.99,6.99
11397,4580,30,1,2.49,2.49
11398,4581,88,1,149.99,149.99
11399,4581,47,3,49.99,149.97
11400,4582,21,2,1.49,2.98
11401,4583,37,2,1.99,3.98
11402,4584,86,2,19.99,39.98
11403,4584,66,3,89.99,269.97
11404,4585,40,3,3.99,11.97
11405,4585,89,1,79.99,79.99
11406,4585,24,3,14.99,44.97
11407,4585,3,2,14.99,29.98
11408,4586,1,2,9.99,19.98
11409,4586,90,2,89.99,179.98
11410,4586,37,1,1.99,1.99
11411,4586,25,2,1.29,2.58
11412,4587,85,3,34.99,104.97
11413,4587,9,3,69.99,209.97
11414,4587,57,1,9.99,9.99
11415,4588,45,2,39.99,79.98
11416,4589,6,3,49.99,149.97
11417,4590,68,2,24.99,49.98
11418,4591,64,3,14.99,44.97
11419,4591,94,3,1499.99,4499.97
11420,4592,93,2,89.99,179.98
11421,4592,70,3,6.99,20.97
11422,4592,73,3,19.99,59.97
11423,4592,15,2,799.99,1599.98
11424,4593,89,2,79.99,159.98
11425,4593,61,3,34.99,104.97
11426,4594,9,3,69.99,209.97
11427,4594,5,2,8.99,17.98
11428,4594,48,3,7.99,23.97
11429,4594,31,2,0.79,1.58
11430,4595,40,1,3.99,3.99
11431,4596,15,1,799.99,799.99
11432,4597,28,1,5.49,5.49
11433,4598,8,2,89.99,179.98
11434,4598,24,3,14.99,44.97
11435,4598,6,2,49.99,99.98
11436,4599,64,3,14.99,44.97
11437,4599,86,1,19.99,19.99
11438,4599,60,1,10.99,10.99
11439,4599,69,3,3.99,11.97
11440,4600,7,3,129.99,389.97
11441,4600,2,2,19.99,39.98
11442,4601,81,2,1099.99,2199.98
11443,4601,6,1,49.99,49.99
11444,4601,13,3,299.99,899.97
11445,4601,99,1,99.99,99.99
11446,4602,24,2,14.99,29.98
11447,4603,95,1,8999.99,8999.99
11448,4603,57,3,9.99,29.97
11449,4604,85,1,34.99,34.99
11450,4604,87,2,27.99,55.98
11451,4604,24,2,14.99,29.98
11452,4605,10,1,79.99,79.99
11453,4605,24,1,14.99,14.99
11454,4606,26,1,0.99,0.99
11455,4607,42,1,0.99,0.99
11456,4607,84,2,24.99,49.98
11457,4607,37,2,1.99,3.98
11458,4608,81,1,1099.99,1099.99
11459,4608,35,2,2.29,4.58
11460,4609,17,3,12.99,38.97
11461,4609,87,3,27.99,83.97
11462,4610,24,2,14.99,29.98
11463,4610,22,3,10.99,32.97
11464,4610,41,1,2.49,2.49
11465,4610,16,2,1.99,3.98
11466,4611,77,3,5.99,17.97
11467,4611,84,2,24.99,49.98
11468,4611,19,3,9.99,29.97
11469,4611,91,1,119.99,119.99
11470,4612,36,1,19.99,19.99
11471,4612,51,2,39.99,79.98
11472,4612,32,2,3.49,6.98
11473,4612,15,2,799.99,1599.98
11474,4613,19,3,9.99,29.97
11475,4613,22,1,10.99,10.99
11476,4614,20,1,4.99,4.99
11477,4614,100,3,129.99,389.97
11478,4614,18,3,8.99,26.97
11479,4614,9,2,69.99,139.98
11480,4615,28,3,5.49,16.47
11481,4616,51,3,39.99,119.97
11482,4616,42,2,0.99,1.98
11483,4616,84,3,24.99,74.97
11484,4616,71,3,39.99,119.97
11485,4617,61,3,34.99,104.97
11486,4617,78,3,1999.99,5999.97
11487,4617,65,3,12.99,38.97
11488,4618,25,2,1.29,2.58
11489,4618,86,2,19.99,39.98
11490,4619,1,2,9.99,19.98
11491,4619,87,1,27.99,27.99
11492,4620,83,1,29.99,29.99
11493,4620,67,1,15.99,15.99
11494,4620,4,2,12.99,25.98
11495,4621,20,3,4.99,14.97
11496,4622,50,3,9.99,29.97
11497,4622,9,2,69.99,139.98
11498,4623,45,2,39.99,79.98
11499,4624,100,2,129.99,259.98
11500,4624,99,2,99.99,199.98
11501,4624,64,3,14.99,44.97
11502,4624,57,1,9.99,9.99
11503,4625,37,2,1.99,3.98
11504,4625,73,1,19.99,19.99
11505,4625,77,2,5.99,11.98
11506,4625,16,2,1.99,3.98
11507,4626,78,2,1999.99,3999.98
11508,4626,25,2,1.29,2.58
11509,4627,43,2,59.99,119.98
11510,4627,20,3,4.99,14.97
11511,4628,76,3,11.99,35.97
11512,4628,100,1,129.99,129.99
11513,4629,74,2,4.99,9.98
11514,4629,86,2,19.99,39.98
11515,4629,60,3,10.99,32.97
11516,4630,65,3,12.99,38.97
11517,4630,13,3,299.99,899.97
11518,4630,59,2,4.99,9.98
11519,4631,32,1,3.49,3.49
11520,4631,53,3,12.99,38.97
11521,4631,88,2,149.99,299.98
11522,4632,4,2,12.99,25.98
11523,4632,62,1,5.99,5.99
11524,4632,10,3,79.99,239.97
11525,4633,92,2,109.99,219.98
11526,4634,31,3,0.79,2.37
11527,4634,67,3,15.99,47.97
11528,4635,19,3,9.99,29.97
11529,4635,32,1,3.49,3.49
11530,4636,40,2,3.99,7.98
11531,4636,98,1,13999.99,13999.99
11532,4636,17,2,12.99,25.98
11533,4637,77,2,5.99,11.98
11534,4637,24,1,14.99,14.99
11535,4637,88,2,149.99,299.98
11536,4637,9,2,69.99,139.98
11537,4638,61,3,34.99,104.97
11538,4638,60,2,10.99,21.98
11539,4638,34,2,7.99,15.98
11540,4639,36,1,19.99,19.99
11541,4639,6,1,49.99,49.99
11542,4639,3,1,14.99,14.99
11543,4640,19,2,9.99,19.98
11544,4641,53,1,12.99,12.99
11545,4642,21,3,1.49,4.47
11546,4642,88,3,149.99,449.97
11547,4643,36,3,19.99,59.97
11548,4643,9,3,69.99,209.97
11549,4643,13,3,299.99,899.97
11550,4644,13,2,299.99,599.98
11551,4644,19,1,9.99,9.99
11552,4644,97,3,10999.99,32999.97
11553,4645,26,1,0.99,0.99
11554,4645,16,1,1.99,1.99
11555,4646,3,2,14.99,29.98
11556,4646,26,2,0.99,1.98
11557,4646,2,1,19.99,19.99
11558,4646,41,3,2.49,7.47
11559,4647,36,1,19.99,19.99
11560,4648,14,1,499.99,499.99
11561,4649,13,2,299.99,599.98
11562,4650,41,3,2.49,7.47
11563,4650,43,1,59.99,59.99
11564,4651,57,1,9.99,9.99
11565,4652,52,2,29.99,59.98
11566,4652,92,1,109.99,109.99
11567,4653,57,3,9.99,29.97
11568,4653,20,3,4.99,14.97
11569,4653,70,2,6.99,13.98
11570,4654,25,2,1.29,2.58
11571,4654,23,3,2.99,8.97
11572,4655,72,2,8.99,17.98
11573,4655,33,3,4.99,14.97
11574,4655,92,2,109.99,219.98
11575,4656,28,2,5.49,10.98
11576,4656,7,2,129.99,259.98
11577,4656,88,3,149.99,449.97
11578,4656,94,3,1499.99,4499.97
11579,4657,93,1,89.99,89.99
11580,4657,7,3,129.99,389.97
11581,4657,89,2,79.99,159.98
11582,4658,99,1,99.99,99.99
11583,4659,64,1,14.99,14.99
11584,4660,83,3,29.99,89.97
11585,4660,37,1,1.99,1.99
11586,4661,91,3,119.99,359.97
11587,4662,82,2,1499.99,2999.98
11588,4662,12,1,2499.99,2499.99
11589,4662,53,3,12.99,38.97
11590,4663,1,2,9.99,19.98
11591,4664,92,2,109.99,219.98
11592,4664,40,1,3.99,3.99
11593,4665,99,3,99.99,299.97
11594,4665,33,3,4.99,14.97
11595,4666,96,3,12999.99,38999.97
11596,4666,30,3,2.49,7.47
11597,4666,42,1,0.99,0.99
11598,4667,29,3,3.99,11.97
11599,4667,33,1,4.99,4.99
11600,4667,57,3,9.99,29.97
11601,4667,72,3,8.99,26.97
11602,4668,56,1,49.99,49.99
11603,4668,16,3,1.99,5.97
11604,4669,62,1,5.99,5.99
11605,4669,77,3,5.99,17.97
11606,4670,20,3,4.99,14.97
11607,4670,93,3,89.99,269.97
11608,4670,74,3,4.99,14.97
11609,4671,41,1,2.49,2.49
11610,4671,46,3,14.99,44.97
11611,4671,91,2,119.99,239.98
11612,4672,91,3,119.99,359.97
11613,4672,15,1,799.99,799.99
11614,4673,37,1,1.99,1.99
11615,4673,26,3,0.99,2.97
11616,4673,15,3,799.99,2399.97
11617,4673,45,2,39.99,79.98
11618,4674,35,1,2.29,2.29
11619,4674,93,2,89.99,179.98
11620,4675,67,2,15.99,31.98
11621,4675,87,2,27.99,55.98
11622,4676,71,3,39.99,119.97
11623,4676,4,2,12.99,25.98
11624,4676,60,1,10.99,10.99
11625,4676,90,1,89.99,89.99
11626,4677,19,3,9.99,29.97
11627,4677,47,3,49.99,149.97
11628,4678,7,3,129.99,389.97
11629,4678,72,3,8.99,26.97
11630,4678,16,3,1.99,5.97
11631,4679,37,2,1.99,3.98
11632,4680,23,3,2.99,8.97
11633,4681,23,2,2.99,5.98
11634,4681,65,2,12.99,25.98
11635,4682,72,2,8.99,17.98
11636,4682,4,1,12.99,12.99
11637,4682,71,2,39.99,79.98
11638,4682,86,2,19.99,39.98
11639,4683,6,3,49.99,149.97
11640,4684,73,1,19.99,19.99
11641,4684,69,1,3.99,3.99
11642,4685,76,2,11.99,23.98
11643,4685,69,3,3.99,11.97
11644,4685,34,2,7.99,15.98
11645,4685,4,3,12.99,38.97
11646,4686,30,3,2.49,7.47
11647,4686,55,1,6.99,6.99
11648,4686,38,1,5.99,5.99
11649,4686,76,1,11.99,11.99
11650,4687,86,2,19.99,39.98
11651,4688,58,1,3.99,3.99
11652,4688,65,2,12.99,25.98
11653,4689,60,2,10.99,21.98
11654,4689,64,2,14.99,29.98
11655,4689,89,3,79.99,239.97
11656,4689,2,1,19.99,19.99
11657,4690,43,3,59.99,179.97
11658,4690,89,2,79.99,159.98
11659,4690,36,1,19.99,19.99
11660,4690,77,1,5.99,5.99
11661,4691,49,1,5.99,5.99
11662,4691,95,2,8999.99,17999.98
11663,4691,48,2,7.99,15.98
11664,4692,72,1,8.99,8.99
11665,4693,53,3,12.99,38.97
11666,4693,54,2,8.99,17.98
11667,4693,88,2,149.99,299.98
11668,4694,15,3,799.99,2399.97
11669,4694,80,2,1399.99,2799.98
11670,4695,71,1,39.99,39.99
11671,4696,7,1,129.99,129.99
11672,4696,8,2,89.99,179.98
11673,4696,38,1,5.99,5.99
11674,4696,47,3,49.99,149.97
11675,4697,45,1,39.99,39.99
11676,4698,74,2,4.99,9.98
11677,4698,62,1,5.99,5.99
11678,4699,95,1,8999.99,8999.99
11679,4699,46,1,14.99,14.99
11680,4700,1,1,9.99,9.99
11681,4700,29,2,3.99,7.98
11682,4700,14,2,499.99,999.98
11683,4700,79,2,1799.99,3599.98
11684,4701,76,1,11.99,11.99
11685,4701,97,1,10999.99,10999.99
11686,4701,89,2,79.99,159.98
11687,4701,77,2,5.99,11.98
11688,4702,18,3,8.99,26.97
11689,4702,52,1,29.99,29.99
11690,4703,99,2,99.99,199.98
11691,4704,56,1,49.99,49.99
11692,4704,65,1,12.99,12.99
11693,4704,45,2,39.99,79.98
11694,4704,43,1,59.99,59.99
11695,4705,18,1,8.99,8.99
11696,4705,32,2,3.49,6.98
11697,4706,3,2,14.99,29.98
11698,4706,37,1,1.99,1.99
11699,4707,92,3,109.99,329.97
11700,4708,67,2,15.99,31.98
11701,4708,15,2,799.99,1599.98
11702,4708,16,1,1.99,1.99
11703,4709,83,2,29.99,59.98
11704,4709,68,1,24.99,24.99
11705,4709,41,2,2.49,4.98
11706,4709,67,3,15.99,47.97
11707,4710,33,3,4.99,14.97
11708,4710,71,1,39.99,39.99
11709,4710,82,1,1499.99,1499.99
11710,4711,14,2,499.99,999.98
11711,4711,45,3,39.99,119.97
11712,4712,67,3,15.99,47.97
11713,4712,80,1,1399.99,1399.99
11714,4712,61,1,34.99,34.99
11715,4712,7,3,129.99,389.97
11716,4713,58,2,3.99,7.98
11717,4714,25,1,1.29,1.29
11718,4714,21,2,1.49,2.98
11719,4714,7,2,129.99,259.98
11720,4714,33,2,4.99,9.98
11721,4715,19,1,9.99,9.99
11722,4715,70,1,6.99,6.99
11723,4715,5,2,8.99,17.98
11724,4716,64,1,14.99,14.99
11725,4716,82,1,1499.99,1499.99
11726,4717,48,1,7.99,7.99
11727,4718,56,2,49.99,99.98
11728,4718,77,2,5.99,11.98
11729,4718,98,1,13999.99,13999.99
11730,4718,9,3,69.99,209.97
11731,4719,67,1,15.99,15.99
11732,4719,14,3,499.99,1499.97
11733,4720,16,2,1.99,3.98
11734,4720,44,2,29.99,59.98
11735,4721,69,1,3.99,3.99
11736,4722,1,2,9.99,19.98
11737,4723,45,2,39.99,79.98
11738,4724,94,3,1499.99,4499.97
11739,4724,39,2,1.99,3.98
11740,4725,16,1,1.99,1.99
11741,4725,33,2,4.99,9.98
11742,4726,58,1,3.99,3.99
11743,4727,40,3,3.99,11.97
11744,4727,87,1,27.99,27.99
11745,4727,39,2,1.99,3.98
11746,4727,52,2,29.99,59.98
11747,4728,32,2,3.49,6.98
11748,4728,86,3,19.99,59.97
11749,4728,76,2,11.99,23.98
11750,4728,24,2,14.99,29.98
11751,4729,94,1,1499.99,1499.99
11752,4730,86,3,19.99,59.97
11753,4731,79,2,1799.99,3599.98
11754,4731,18,1,8.99,8.99
11755,4731,43,2,59.99,119.98
11756,4731,89,3,79.99,239.97
11757,4732,59,1,4.99,4.99
11758,4732,47,3,49.99,149.97
11759,4733,10,1,79.99,79.99
11760,4733,47,1,49.99,49.99
11761,4734,68,3,24.99,74.97
11762,4735,61,3,34.99,104.97
11763,4735,99,2,99.99,199.98
11764,4735,8,2,89.99,179.98
11765,4736,28,2,5.49,10.98
11766,4736,11,3,1899.99,5699.97
11767,4736,89,3,79.99,239.97
11768,4736,12,2,2499.99,4999.98
11769,4737,43,3,59.99,179.97
11770,4737,94,3,1499.99,4499.97
11771,4737,16,3,1.99,5.97
11772,4737,61,2,34.99,69.98
11773,4738,41,3,2.49,7.47
11774,4739,53,1,12.99,12.99
11775,4740,70,1,6.99,6.99
11776,4741,50,2,9.99,19.98
11777,4741,27,3,6.99,20.97
11778,4741,95,3,8999.99,26999.97
11779,4741,2,1,19.99,19.99
11780,4742,39,1,1.99,1.99
11781,4742,40,1,3.99,3.99
11782,4743,47,1,49.99,49.99
11783,4743,7,1,129.99,129.99
11784,4743,41,1,2.49,2.49
11785,4744,90,1,89.99,89.99
11786,4744,19,2,9.99,19.98
11787,4744,52,3,29.99,89.97
11788,4744,12,2,2499.99,4999.98
11789,4745,44,1,29.99,29.99
11790,4745,86,1,19.99,19.99
11791,4745,77,1,5.99,5.99
11792,4746,85,1,34.99,34.99
11793,4746,93,3,89.99,269.97
11794,4746,12,3,2499.99,7499.97
11795,4746,69,1,3.99,3.99
11796,4747,17,1,12.99,12.99
11797,4747,85,2,34.99,69.98
11798,4748,69,1,3.99,3.99
11799,4748,40,1,3.99,3.99
11800,4748,64,3,14.99,44.97
11801,4748,50,2,9.99,19.98
11802,4749,17,3,12.99,38.97
11803,4749,8,1,89.99,89.99
11804,4749,55,3,6.99,20.97
11805,4750,65,2,12.99,25.98
11806,4750,42,3,0.99,2.97
11807,4750,38,1,5.99,5.99
11808,4751,95,1,8999.99,8999.99
11809,4751,78,2,1999.99,3999.98
11810,4751,82,2,1499.99,2999.98
11811,4752,30,2,2.49,4.98
11812,4753,77,1,5.99,5.99
11813,4754,41,1,2.49,2.49
11814,4754,30,2,2.49,4.98
11815,4755,91,2,119.99,239.98
11816,4755,12,1,2499.99,2499.99
11817,4755,58,2,3.99,7.98
11818,4756,48,2,7.99,15.98
11819,4756,97,3,10999.99,32999.97
11820,4756,52,2,29.99,59.98
11821,4756,32,3,3.49,10.47
11822,4757,50,1,9.99,9.99
11823,4758,38,2,5.99,11.98
11824,4759,43,2,59.99,119.98
11825,4759,3,3,14.99,44.97
11826,4759,4,1,12.99,12.99
11827,4760,99,3,99.99,299.97
11828,4760,66,2,89.99,179.98
11829,4761,97,2,10999.99,21999.98
11830,4761,84,1,24.99,24.99
11831,4761,16,1,1.99,1.99
11832,4761,85,1,34.99,34.99
11833,4762,71,2,39.99,79.98
11834,4762,4,1,12.99,12.99
11835,4762,28,2,5.49,10.98
11836,4763,30,3,2.49,7.47
11837,4764,81,2,1099.99,2199.98
11838,4764,35,3,2.29,6.87
11839,4764,89,2,79.99,159.98
11840,4764,53,2,12.99,25.98
11841,4765,25,3,1.29,3.87
11842,4765,61,2,34.99,69.98
11843,4765,91,2,119.99,239.98
11844,4765,88,3,149.99,449.97
11845,4766,96,3,12999.99,38999.97
11846,4766,66,2,89.99,179.98
11847,4766,22,2,10.99,21.98
11848,4767,11,2,1899.99,3799.98
11849,4767,8,3,89.99,269.97
11850,4767,76,2,11.99,23.98
11851,4767,55,1,6.99,6.99
11852,4768,26,2,0.99,1.98
11853,4768,57,1,9.99,9.99
11854,4769,18,2,8.99,17.98
11855,4769,43,2,59.99,119.98
11856,4769,39,3,1.99,5.97
11857,4769,20,3,4.99,14.97
11858,4770,11,2,1899.99,3799.98
11859,4771,93,3,89.99,269.97
11860,4771,13,2,299.99,599.98
11861,4772,57,1,9.99,9.99
11862,4772,4,2,12.99,25.98
11863,4773,1,3,9.99,29.97
11864,4773,95,3,8999.99,26999.97
11865,4773,53,3,12.99,38.97
11866,4774,43,3,59.99,179.97
11867,4774,93,1,89.99,89.99
11868,4774,57,1,9.99,9.99
11869,4775,29,1,3.99,3.99
11870,4775,38,1,5.99,5.99
11871,4776,3,2,14.99,29.98
11872,4776,14,2,499.99,999.98
11873,4776,30,1,2.49,2.49
11874,4777,96,1,12999.99,12999.99
11875,4777,93,1,89.99,89.99
11876,4777,7,3,129.99,389.97
11877,4778,100,1,129.99,129.99
11878,4778,37,2,1.99,3.98
11879,4779,92,1,109.99,109.99
11880,4779,42,1,0.99,0.99
11881,4780,71,1,39.99,39.99
11882,4780,3,3,14.99,44.97
11883,4781,4,1,12.99,12.99
11884,4782,8,1,89.99,89.99
11885,4782,77,1,5.99,5.99
11886,4782,57,2,9.99,19.98
11887,4782,42,1,0.99,0.99
11888,4783,78,1,1999.99,1999.99
11889,4783,60,2,10.99,21.98
11890,4783,29,3,3.99,11.97
11891,4783,59,2,4.99,9.98
11892,4784,67,1,15.99,15.99
11893,4784,26,3,0.99,2.97
11894,4784,82,2,1499.99,2999.98
11895,4784,64,3,14.99,44.97
11896,4785,95,3,8999.99,26999.97
11897,4785,80,1,1399.99,1399.99
11898,4785,46,2,14.99,29.98
11899,4786,2,1,19.99,19.99
11900,4786,98,1,13999.99,13999.99
11901,4787,80,1,1399.99,1399.99
11902,4788,33,2,4.99,9.98
11903,4789,22,2,10.99,21.98
11904,4789,97,2,10999.99,21999.98
11905,4789,77,1,5.99,5.99
11906,4789,57,3,9.99,29.97
11907,4790,31,1,0.79,0.79
11908,4790,23,1,2.99,2.99
11909,4790,55,2,6.99,13.98
11910,4791,27,2,6.99,13.98
11911,4791,93,1,89.99,89.99
11912,4792,45,1,39.99,39.99
11913,4793,26,1,0.99,0.99
11914,4794,64,1,14.99,14.99
11915,4794,15,1,799.99,799.99
11916,4794,89,2,79.99,159.98
11917,4795,62,1,5.99,5.99
11918,4795,64,2,14.99,29.98
11919,4795,29,3,3.99,11.97
11920,4796,32,3,3.49,10.47
11921,4797,95,1,8999.99,8999.99
11922,4797,69,3,3.99,11.97
11923,4798,13,1,299.99,299.99
11924,4798,60,2,10.99,21.98
11925,4798,42,3,0.99,2.97
11926,4798,14,3,499.99,1499.97
11927,4799,13,1,299.99,299.99
11928,4799,72,2,8.99,17.98
11929,4800,12,2,2499.99,4999.98
11930,4800,40,1,3.99,3.99
11931,4800,86,2,19.99,39.98
11932,4800,24,1,14.99,14.99
11933,4801,67,2,15.99,31.98
11934,4801,92,3,109.99,329.97
11935,4802,87,3,27.99,83.97
11936,4802,57,3,9.99,29.97
11937,4802,73,3,19.99,59.97
11938,4802,19,2,9.99,19.98
11939,4803,96,3,12999.99,38999.97
11940,4803,31,1,0.79,0.79
11941,4804,39,2,1.99,3.98
11942,4805,72,3,8.99,26.97
11943,4805,44,3,29.99,89.97
11944,4805,15,3,799.99,2399.97
11945,4805,46,3,14.99,44.97
11946,4806,14,3,499.99,1499.97
11947,4807,6,1,49.99,49.99
11948,4807,57,2,9.99,19.98
11949,4807,23,1,2.99,2.99
11950,4808,92,1,109.99,109.99
11951,4808,8,1,89.99,89.99
11952,4808,26,2,0.99,1.98
11953,4809,86,1,19.99,19.99
11954,4810,76,2,11.99,23.98
11955,4810,92,3,109.99,329.97
11956,4811,14,3,499.99,1499.97
11957,4811,98,3,13999.99,41999.97
11958,4811,17,1,12.99,12.99
11959,4811,26,2,0.99,1.98
11960,4812,46,1,14.99,14.99
11961,4813,89,1,79.99,79.99
11962,4813,35,1,2.29,2.29
11963,4813,46,1,14.99,14.99
11964,4813,69,2,3.99,7.98
11965,4814,98,3,13999.99,41999.97
11966,4814,2,3,19.99,59.97
11967,4814,50,2,9.99,19.98
11968,4814,54,1,8.99,8.99
11969,4815,8,1,89.99,89.99
11970,4815,31,2,0.79,1.58
11971,4816,19,1,9.99,9.99
11972,4816,63,3,7.99,23.97
11973,4817,27,2,6.99,13.98
11974,4817,76,2,11.99,23.98
11975,4817,66,1,89.99,89.99
11976,4818,90,3,89.99,269.97
11977,4819,50,1,9.99,9.99
11978,4819,69,3,3.99,11.97
11979,4820,3,3,14.99,44.97
11980,4820,44,3,29.99,89.97
11981,4820,73,2,19.99,39.98
11982,4820,38,1,5.99,5.99
11983,4821,84,1,24.99,24.99
11984,4821,7,1,129.99,129.99
11985,4821,32,3,3.49,10.47
11986,4822,73,3,19.99,59.97
11987,4822,39,2,1.99,3.98
11988,4822,11,3,1899.99,5699.97
11989,4823,78,3,1999.99,5999.97
11990,4823,47,1,49.99,49.99
11991,4823,61,3,34.99,104.97
11992,4823,1,3,9.99,29.97
11993,4824,99,1,99.99,99.99
11994,4824,72,2,8.99,17.98
11995,4824,20,1,4.99,4.99
11996,4825,44,3,29.99,89.97
11997,4825,66,1,89.99,89.99
11998,4825,13,2,299.99,599.98
11999,4826,48,2,7.99,15.98
12000,4826,39,2,1.99,3.98
12001,4826,46,2,14.99,29.98
12002,4827,28,3,5.49,16.47
12003,4828,25,3,1.29,3.87
12004,4828,86,3,19.99,59.97
12005,4829,61,1,34.99,34.99
12006,4829,38,1,5.99,5.99
12007,4829,65,3,12.99,38.97
12008,4829,49,1,5.99,5.99
12009,4830,60,2,10.99,21.98
12010,4830,92,1,109.99,109.99
12011,4830,87,1,27.99,27.99
12012,4831,65,3,12.99,38.97
12013,4832,45,2,39.99,79.98
12014,4832,85,2,34.99,69.98
12015,4832,19,1,9.99,9.99
12016,4832,12,1,2499.99,2499.99
12017,4833,49,2,5.99,11.98
12018,4834,15,2,799.99,1599.98
12019,4835,7,1,129.99,129.99
12020,4836,12,1,2499.99,2499.99
12021,4836,10,1,79.99,79.99
12022,4836,14,1,499.99,499.99
12023,4836,65,2,12.99,25.98
12024,4837,74,2,4.99,9.98
12025,4837,25,1,1.29,1.29
12026,4838,27,2,6.99,13.98
12027,4838,22,2,10.99,21.98
12028,4838,23,1,2.99,2.99
12029,4839,41,2,2.49,4.98
12030,4840,66,2,89.99,179.98
12031,4840,91,1,119.99,119.99
12032,4840,41,1,2.49,2.49
12033,4841,43,3,59.99,179.97
12034,4841,91,1,119.99,119.99
12035,4842,17,1,12.99,12.99
12036,4842,5,2,8.99,17.98
12037,4842,37,3,1.99,5.97
12038,4843,92,1,109.99,109.99
12039,4843,98,3,13999.99,41999.97
12040,4843,55,3,6.99,20.97
12041,4844,76,3,11.99,35.97
12042,4844,77,3,5.99,17.97
12043,4844,63,1,7.99,7.99
12044,4844,96,2,12999.99,25999.98
12045,4845,22,3,10.99,32.97
12046,4846,69,3,3.99,11.97
12047,4846,16,1,1.99,1.99
12048,4846,87,2,27.99,55.98
12049,4847,2,1,19.99,19.99
12050,4847,81,3,1099.99,3299.97
12051,4848,13,2,299.99,599.98
12052,4848,85,2,34.99,69.98
12053,4849,62,1,5.99,5.99
12054,4849,88,3,149.99,449.97
12055,4850,87,1,27.99,27.99
12056,4851,60,2,10.99,21.98
12057,4851,2,2,19.99,39.98
12058,4851,98,1,13999.99,13999.99
12059,4851,100,2,129.99,259.98
12060,4852,99,1,99.99,99.99
12061,4853,24,1,14.99,14.99
12062,4853,20,1,4.99,4.99
12063,4853,7,1,129.99,129.99
12064,4854,58,2,3.99,7.98
12065,4854,42,2,0.99,1.98
12066,4854,28,3,5.49,16.47
12067,4855,53,3,12.99,38.97
12068,4856,88,1,149.99,149.99
12069,4856,28,3,5.49,16.47
12070,4856,68,1,24.99,24.99
12071,4857,54,3,8.99,26.97
12072,4857,25,2,1.29,2.58
12073,4857,22,3,10.99,32.97
12074,4858,91,1,119.99,119.99
12075,4858,34,2,7.99,15.98
12076,4858,43,3,59.99,179.97
12077,4859,40,3,3.99,11.97
12078,4859,28,2,5.49,10.98
12079,4860,26,1,0.99,0.99
12080,4860,70,1,6.99,6.99
12081,4860,89,1,79.99,79.99
12082,4861,48,3,7.99,23.97
12083,4861,61,2,34.99,69.98
12084,4861,65,3,12.99,38.97
12085,4861,50,2,9.99,19.98
12086,4862,31,2,0.79,1.58
12087,4863,36,2,19.99,39.98
12088,4863,30,1,2.49,2.49
12089,4863,95,3,8999.99,26999.97
12090,4864,62,2,5.99,11.98
12091,4864,81,1,1099.99,1099.99
12092,4864,96,1,12999.99,12999.99
12093,4865,91,3,119.99,359.97
12094,4865,84,1,24.99,24.99
12095,4865,76,2,11.99,23.98
12096,4865,66,3,89.99,269.97
12097,4866,68,2,24.99,49.98
12098,4866,24,2,14.99,29.98
12099,4867,32,1,3.49,3.49
12100,4868,61,2,34.99,69.98
12101,4868,41,1,2.49,2.49
12102,4868,92,2,109.99,219.98
12103,4869,20,2,4.99,9.98
12104,4870,44,1,29.99,29.99
12105,4870,88,1,149.99,149.99
12106,4870,97,2,10999.99,21999.98
12107,4870,86,2,19.99,39.98
12108,4871,49,2,5.99,11.98
12109,4871,32,3,3.49,10.47
12110,4871,99,2,99.99,199.98
12111,4871,100,2,129.99,259.98
12112,4872,68,3,24.99,74.97
12113,4872,52,1,29.99,29.99
12114,4872,59,3,4.99,14.97
12115,4872,67,3,15.99,47.97
12116,4873,70,1,6.99,6.99
12117,4873,37,2,1.99,3.98
12118,4874,81,1,1099.99,1099.99
12119,4874,37,3,1.99,5.97
12120,4874,42,2,0.99,1.98
12121,4874,5,1,8.99,8.99
12122,4875,99,2,99.99,199.98
12123,4876,64,1,14.99,14.99
12124,4876,94,2,1499.99,2999.98
12125,4876,75,3,16.99,50.97
12126,4877,93,1,89.99,89.99
12127,4877,25,2,1.29,2.58
12128,4877,26,3,0.99,2.97
12129,4877,15,3,799.99,2399.97
12130,4878,24,2,14.99,29.98
12131,4878,68,1,24.99,24.99
12132,4878,35,2,2.29,4.58
12133,4878,6,2,49.99,99.98
12134,4879,51,2,39.99,79.98
12135,4879,56,1,49.99,49.99
12136,4879,47,2,49.99,99.98
12137,4880,41,2,2.49,4.98
12138,4880,61,2,34.99,69.98
12139,4880,64,3,14.99,44.97
12140,4880,80,1,1399.99,1399.99
12141,4881,79,3,1799.99,5399.97
12142,4881,84,2,24.99,49.98
12143,4882,1,1,9.99,9.99
12144,4883,78,2,1999.99,3999.98
12145,4883,26,2,0.99,1.98
12146,4883,82,1,1499.99,1499.99
12147,4884,48,2,7.99,15.98
12148,4885,52,3,29.99,89.97
12149,4885,32,3,3.49,10.47
12150,4886,91,3,119.99,359.97
12151,4886,73,1,19.99,19.99
12152,4887,70,2,6.99,13.98
12153,4887,48,1,7.99,7.99
12154,4888,76,3,11.99,35.97
12155,4889,59,3,4.99,14.97
12156,4889,55,3,6.99,20.97
12157,4889,80,1,1399.99,1399.99
12158,4889,96,1,12999.99,12999.99
12159,4890,59,3,4.99,14.97
12160,4891,6,3,49.99,149.97
12161,4891,23,3,2.99,8.97
12162,4891,9,2,69.99,139.98
12163,4891,20,2,4.99,9.98
12164,4892,86,3,19.99,59.97
12165,4892,45,1,39.99,39.99
12166,4892,90,3,89.99,269.97
12167,4893,46,2,14.99,29.98
12168,4893,55,3,6.99,20.97
12169,4893,66,2,89.99,179.98
12170,4894,9,2,69.99,139.98
12171,4894,52,1,29.99,29.99
12172,4894,83,1,29.99,29.99
12173,4894,2,2,19.99,39.98
12174,4895,18,3,8.99,26.97
12175,4895,11,1,1899.99,1899.99
12176,4895,3,1,14.99,14.99
12177,4896,49,2,5.99,11.98
12178,4897,31,1,0.79,0.79
12179,4897,14,1,499.99,499.99
12180,4898,1,1,9.99,9.99
12181,4898,79,1,1799.99,1799.99
12182,4898,65,2,12.99,25.98
12183,4898,44,3,29.99,89.97
12184,4899,23,1,2.99,2.99
12185,4899,55,1,6.99,6.99
12186,4899,39,3,1.99,5.97
12187,4899,84,2,24.99,49.98
12188,4900,37,2,1.99,3.98
12189,4900,39,3,1.99,5.97
12190,4900,4,1,12.99,12.99
12191,4900,66,1,89.99,89.99
12192,4901,46,2,14.99,29.98
12193,4901,3,2,14.99,29.98
12194,4901,1,2,9.99,19.98
12195,4901,37,2,1.99,3.98
12196,4902,22,3,10.99,32.97
12197,4903,94,3,1499.99,4499.97
12198,4903,55,2,6.99,13.98
12199,4903,77,1,5.99,5.99
12200,4904,89,1,79.99,79.99
12201,4904,86,1,19.99,19.99
12202,4905,21,1,1.49,1.49
12203,4905,44,1,29.99,29.99
12204,4905,23,1,2.99,2.99
12205,4906,45,2,39.99,79.98
12206,4906,32,2,3.49,6.98
12207,4907,62,1,5.99,5.99
12208,4907,8,2,89.99,179.98
12209,4907,17,1,12.99,12.99
12210,4907,42,2,0.99,1.98
12211,4908,92,2,109.99,219.98
12212,4908,95,3,8999.99,26999.97
12213,4909,6,2,49.99,99.98
12214,4909,30,1,2.49,2.49
12215,4909,34,3,7.99,23.97
12216,4909,82,1,1499.99,1499.99
12217,4910,95,2,8999.99,17999.98
12218,4910,49,1,5.99,5.99
12219,4910,24,1,14.99,14.99
12220,4910,86,3,19.99,59.97
12221,4911,15,3,799.99,2399.97
12222,4911,65,2,12.99,25.98
12223,4912,39,2,1.99,3.98
12224,4913,57,2,9.99,19.98
12225,4913,14,1,499.99,499.99
12226,4914,37,1,1.99,1.99
12227,4914,48,1,7.99,7.99
12228,4914,40,3,3.99,11.97
12229,4915,34,2,7.99,15.98
12230,4916,91,2,119.99,239.98
12231,4917,76,2,11.99,23.98
12232,4917,37,2,1.99,3.98
12233,4917,39,2,1.99,3.98
12234,4917,62,3,5.99,17.97
12235,4918,75,2,16.99,33.98
12236,4918,94,1,1499.99,1499.99
12237,4918,63,3,7.99,23.97
12238,4919,99,2,99.99,199.98
12239,4919,95,3,8999.99,26999.97
12240,4919,37,3,1.99,5.97
12241,4920,64,1,14.99,14.99
12242,4920,94,3,1499.99,4499.97
12243,4920,22,3,10.99,32.97
12244,4920,29,1,3.99,3.99
12245,4921,47,2,49.99,99.98
12246,4921,71,2,39.99,79.98
12247,4922,1,3,9.99,29.97
12248,4922,29,1,3.99,3.99
12249,4922,59,1,4.99,4.99
12250,4923,33,3,4.99,14.97
12251,4923,57,3,9.99,29.97
12252,4923,80,1,1399.99,1399.99
12253,4924,94,1,1499.99,1499.99
12254,4924,33,2,4.99,9.98
12255,4925,24,2,14.99,29.98
12256,4925,63,1,7.99,7.99
12257,4925,35,3,2.29,6.87
12258,4925,43,1,59.99,59.99
12259,4926,24,1,14.99,14.99
12260,4926,21,2,1.49,2.98
12261,4926,36,2,19.99,39.98
12262,4926,86,3,19.99,59.97
12263,4927,67,2,15.99,31.98
12264,4928,33,2,4.99,9.98
12265,4928,86,2,19.99,39.98
12266,4928,10,1,79.99,79.99
12267,4929,24,2,14.99,29.98
12268,4929,26,2,0.99,1.98
12269,4929,93,3,89.99,269.97
12270,4929,14,1,499.99,499.99
12271,4930,15,2,799.99,1599.98
12272,4930,91,1,119.99,119.99
12273,4931,4,1,12.99,12.99
12274,4932,72,3,8.99,26.97
12275,4932,85,2,34.99,69.98
12276,4932,28,2,5.49,10.98
12277,4932,93,3,89.99,269.97
12278,4933,32,3,3.49,10.47
12279,4933,22,2,10.99,21.98
12280,4934,76,3,11.99,35.97
12281,4935,48,3,7.99,23.97
12282,4935,33,1,4.99,4.99
12283,4935,54,1,8.99,8.99
12284,4935,5,1,8.99,8.99
12285,4936,98,3,13999.99,41999.97
12286,4936,6,3,49.99,149.97
12287,4937,96,3,12999.99,38999.97
12288,4937,8,3,89.99,269.97
12289,4938,22,1,10.99,10.99
12290,4938,13,2,299.99,599.98
12291,4938,28,1,5.49,5.49
12292,4938,8,2,89.99,179.98
12293,4939,10,2,79.99,159.98
12294,4939,75,1,16.99,16.99
12295,4939,61,2,34.99,69.98
12296,4939,53,1,12.99,12.99
12297,4940,19,1,9.99,9.99
12298,4940,54,1,8.99,8.99
12299,4940,41,1,2.49,2.49
12300,4941,12,1,2499.99,2499.99
12301,4941,6,1,49.99,49.99
12302,4941,79,1,1799.99,1799.99
12303,4942,16,2,1.99,3.98
12304,4942,35,1,2.29,2.29
12305,4942,59,2,4.99,9.98
12306,4943,90,1,89.99,89.99
12307,4943,33,2,4.99,9.98
12308,4943,64,3,14.99,44.97
12309,4944,67,3,15.99,47.97
12310,4944,62,3,5.99,17.97
12311,4945,100,3,129.99,389.97
12312,4945,27,3,6.99,20.97
12313,4945,83,3,29.99,89.97
12314,4945,11,2,1899.99,3799.98
12315,4946,73,3,19.99,59.97
12316,4946,30,3,2.49,7.47
12317,4947,14,2,499.99,999.98
12318,4947,35,3,2.29,6.87
12319,4947,53,1,12.99,12.99
12320,4947,63,2,7.99,15.98
12321,4948,67,2,15.99,31.98
12322,4948,52,1,29.99,29.99
12323,4948,73,2,19.99,39.98
12324,4948,86,1,19.99,19.99
12325,4949,13,2,299.99,599.98
12326,4950,74,2,4.99,9.98
12327,4950,8,1,89.99,89.99
12328,4951,36,1,19.99,19.99
12329,4951,27,2,6.99,13.98
12330,4952,36,1,19.99,19.99
12331,4952,74,2,4.99,9.98
12332,4953,3,2,14.99,29.98
12333,4953,58,3,3.99,11.97
12334,4953,30,2,2.49,4.98
12335,4954,88,3,149.99,449.97
12336,4955,21,2,1.49,2.98
12337,4955,76,1,11.99,11.99
12338,4955,14,2,499.99,999.98
12339,4955,64,2,14.99,29.98
12340,4956,3,1,14.99,14.99
12341,4956,90,2,89.99,179.98
12342,4956,58,3,3.99,11.97
12343,4957,84,1,24.99,24.99
12344,4957,49,2,5.99,11.98
12345,4957,91,1,119.99,119.99
12346,4957,37,3,1.99,5.97
12347,4958,57,2,9.99,19.98
12348,4959,40,3,3.99,11.97
12349,4959,79,2,1799.99,3599.98
12350,4960,66,3,89.99,269.97
12351,4960,22,2,10.99,21.98
12352,4960,56,2,49.99,99.98
12353,4960,71,2,39.99,79.98
12354,4961,98,2,13999.99,27999.98
12355,4962,74,3,4.99,14.97
12356,4963,12,1,2499.99,2499.99
12357,4963,2,1,19.99,19.99
12358,4963,21,1,1.49,1.49
12359,4963,68,3,24.99,74.97
12360,4964,80,1,1399.99,1399.99
12361,4964,56,3,49.99,149.97
12362,4964,27,3,6.99,20.97
12363,4965,2,1,19.99,19.99
12364,4965,6,2,49.99,99.98
12365,4966,91,3,119.99,359.97
12366,4966,46,1,14.99,14.99
12367,4966,21,3,1.49,4.47
12368,4967,32,1,3.49,3.49
12369,4967,44,3,29.99,89.97
12370,4967,68,2,24.99,49.98
12371,4968,53,1,12.99,12.99
12372,4969,31,1,0.79,0.79
12373,4969,79,2,1799.99,3599.98
12374,4969,8,1,89.99,89.99
12375,4970,48,2,7.99,15.98
12376,4971,74,1,4.99,4.99
12377,4972,17,3,12.99,38.97
12378,4972,90,1,89.99,89.99
12379,4972,71,3,39.99,119.97
12380,4973,53,3,12.99,38.97
12381,4973,69,2,3.99,7.98
12382,4974,47,3,49.99,149.97
12383,4974,20,2,4.99,9.98
12384,4974,95,3,8999.99,26999.97
12385,4975,84,3,24.99,74.97
12386,4975,45,3,39.99,119.97
12387,4976,70,1,6.99,6.99
12388,4976,94,1,1499.99,1499.99
12389,4976,26,3,0.99,2.97
12390,4977,25,1,1.29,1.29
12391,4977,52,1,29.99,29.99
12392,4977,41,2,2.49,4.98
12393,4977,1,3,9.99,29.97
12394,4978,14,1,499.99,499.99
12395,4979,98,2,13999.99,27999.98
12396,4979,62,1,5.99,5.99
12397,4980,21,2,1.49,2.98
12398,4980,35,1,2.29,2.29
12399,4980,49,1,5.99,5.99
12400,4980,45,1,39.99,39.99
12401,4981,9,2,69.99,139.98
12402,4981,71,1,39.99,39.99
12403,4981,13,3,299.99,899.97
12404,4981,76,2,11.99,23.98
12405,4982,17,3,12.99,38.97
12406,4983,84,3,24.99,74.97
12407,4983,79,1,1799.99,1799.99
12408,4983,17,3,12.99,38.97
12409,4984,87,3,27.99,83.97
12410,4985,69,1,3.99,3.99
12411,4985,51,1,39.99,39.99
12412,4985,85,3,34.99,104.97
12413,4986,10,3,79.99,239.97
12414,4986,64,3,14.99,44.97
12415,4987,57,3,9.99,29.97
12416,4987,53,1,12.99,12.99
12417,4987,29,3,3.99,11.97
12418,4988,1,1,9.99,9.99
12419,4988,81,3,1099.99,3299.97
12420,4988,39,1,1.99,1.99
12421,4989,10,1,79.99,79.99
12422,4989,19,1,9.99,9.99
12423,4989,18,1,8.99,8.99
12424,4989,9,3,69.99,209.97
12425,4990,42,1,0.99,0.99
12426,4990,19,2,9.99,19.98
12427,4991,50,2,9.99,19.98
12428,4991,45,1,39.99,39.99
12429,4991,85,2,34.99,69.98
12430,4991,94,3,1499.99,4499.97
12431,4992,44,1,29.99,29.99
12432,4992,11,2,1899.99,3799.98
12433,4992,92,3,109.99,329.97
12434,4992,56,1,49.99,49.99
12435,4993,26,2,0.99,1.98
12436,4994,32,2,3.49,6.98
12437,4994,18,3,8.99,26.97
12438,4995,2,3,19.99,59.97
12439,4995,45,3,39.99,119.97
12440,4996,46,3,14.99,44.97
12441,4997,16,1,1.99,1.99
12442,4997,36,2,19.99,39.98
12443,4997,54,2,8.99,17.98
12444,4998,74,1,4.99,4.99
12445,4998,53,1,12.99,12.99
12446,4998,26,1,0.99,0.99
12447,4999,70,1,6.99,6.99
12448,4999,34,3,7.99,23.97
12449,4999,96,3,12999.99,38999.97
12450,4999,50,2,9.99,19.98
12451,5000,6,1,49.99,49.99
12452,5000,43,3,59.99,179.97
12453,5000,85,1,34.99,34.99
12454,5001,26,3,0.99,2.97
12455,5001,41,2,2.49,4.98
12456,5001,61,2,34.99,69.98
12457,5001,28,3,5.49,16.47
12458,5002,71,2,39.99,79.98
12459,5003,1,1,9.99,9.99
12460,5004,78,1,1999.99,1999.99
12461,5004,88,2,149.99,299.98
12462,5004,61,3,34.99,104.97
12463,5005,84,3,24.99,74.97
12464,5006,83,2,29.99,59.98
12465,5006,44,1,29.99,29.99
12466,5006,14,1,499.99,499.99
12467,5007,43,3,59.99,179.97
12468,5007,28,3,5.49,16.47
12469,5008,64,2,14.99,29.98
12470,5008,5,2,8.99,17.98
12471,5008,27,2,6.99,13.98
12472,5008,90,1,89.99,89.99
12473,5009,55,2,6.99,13.98
12474,5009,100,2,129.99,259.98
12475,5009,39,2,1.99,3.98
12476,5010,46,1,14.99,14.99
12477,5010,40,2,3.99,7.98
12478,5010,14,3,499.99,1499.97
12479,5011,8,2,89.99,179.98
12480,5011,76,1,11.99,11.99
12481,5012,55,3,6.99,20.97
12482,5013,21,3,1.49,4.47
12483,5013,30,3,2.49,7.47
12484,5013,17,3,12.99,38.97
12485,5014,58,3,3.99,11.97
12486,5014,25,3,1.29,3.87
12487,5014,6,3,49.99,149.97
12488,5014,23,1,2.99,2.99
12489,5015,92,2,109.99,219.98
12490,5015,14,1,499.99,499.99
12491,5016,22,3,10.99,32.97
12492,5016,80,3,1399.99,4199.97
12493,5016,71,1,39.99,39.99
12494,5016,66,1,89.99,89.99
12495,5017,88,1,149.99,149.99
12496,5017,70,2,6.99,13.98
12497,5018,24,3,14.99,44.97
12498,5018,9,1,69.99,69.99
12499,5018,95,1,8999.99,8999.99
12500,5019,43,1,59.99,59.99
12501,5019,42,3,0.99,2.97
12502,5019,17,2,12.99,25.98
12503,5019,95,1,8999.99,8999.99
12504,5020,7,2,129.99,259.98
12505,5020,98,1,13999.99,13999.99
12506,5020,71,2,39.99,79.98
12507,5020,68,3,24.99,74.97
12508,5021,45,3,39.99,119.97
12509,5021,97,3,10999.99,32999.97
12510,5021,29,2,3.99,7.98
12511,5022,74,1,4.99,4.99
12512,5022,67,3,15.99,47.97
12513,5023,68,2,24.99,49.98
12514,5023,50,2,9.99,19.98
12515,5024,17,1,12.99,12.99
12516,5025,74,2,4.99,9.98
12517,5026,92,1,109.99,109.99
12518,5026,6,3,49.99,149.97
12519,5026,78,1,1999.99,1999.99
12520,5027,65,1,12.99,12.99
12521,5027,87,3,27.99,83.97
12522,5027,28,2,5.49,10.98
12523,5027,41,3,2.49,7.47
12524,5028,81,1,1099.99,1099.99
12525,5028,68,3,24.99,74.97
12526,5029,38,3,5.99,17.97
12527,5029,61,1,34.99,34.99
12528,5029,40,3,3.99,11.97
12529,5029,62,2,5.99,11.98
12530,5030,82,2,1499.99,2999.98
12531,5030,99,3,99.99,299.97
12532,5030,3,1,14.99,14.99
12533,5031,61,2,34.99,69.98
12534,5031,50,3,9.99,29.97
12535,5031,79,1,1799.99,1799.99
12536,5032,22,2,10.99,21.98
12537,5032,28,2,5.49,10.98
12538,5032,8,1,89.99,89.99
12539,5032,66,3,89.99,269.97
12540,5033,35,3,2.29,6.87
12541,5033,69,2,3.99,7.98
12542,5034,32,1,3.49,3.49
12543,5034,66,1,89.99,89.99
12544,5035,1,2,9.99,19.98
12545,5035,69,1,3.99,3.99
12546,5035,61,2,34.99,69.98
12547,5036,27,2,6.99,13.98
12548,5036,75,1,16.99,16.99
12549,5036,13,1,299.99,299.99
12550,5036,100,1,129.99,129.99
12551,5037,31,1,0.79,0.79
12552,5037,14,3,499.99,1499.97
12553,5037,65,1,12.99,12.99
12554,5038,1,1,9.99,9.99
12555,5039,76,1,11.99,11.99
12556,5039,94,2,1499.99,2999.98
12557,5040,45,1,39.99,39.99
12558,5040,44,1,29.99,29.99
12559,5040,67,2,15.99,31.98
12560,5040,90,2,89.99,179.98
12561,5041,15,3,799.99,2399.97
12562,5041,97,2,10999.99,21999.98
12563,5042,37,2,1.99,3.98
12564,5042,40,1,3.99,3.99
12565,5043,92,3,109.99,329.97
12566,5043,46,2,14.99,29.98
12567,5043,72,3,8.99,26.97
12568,5044,7,1,129.99,129.99
12569,5044,72,1,8.99,8.99
12570,5045,72,2,8.99,17.98
12571,5046,82,2,1499.99,2999.98
12572,5047,36,1,19.99,19.99
12573,5047,17,2,12.99,25.98
12574,5047,49,3,5.99,17.97
12575,5048,35,3,2.29,6.87
12576,5048,94,2,1499.99,2999.98
12577,5048,22,3,10.99,32.97
12578,5048,63,3,7.99,23.97
12579,5049,58,1,3.99,3.99
12580,5050,67,2,15.99,31.98
12581,5050,9,3,69.99,209.97
12582,5051,13,2,299.99,599.98
12583,5052,51,2,39.99,79.98
12584,5052,56,2,49.99,99.98
12585,5053,41,3,2.49,7.47
12586,5054,44,1,29.99,29.99
12587,5054,46,3,14.99,44.97
12588,5055,93,3,89.99,269.97
12589,5056,56,1,49.99,49.99
12590,5056,71,1,39.99,39.99
12591,5056,22,2,10.99,21.98
12592,5057,69,1,3.99,3.99
12593,5057,90,2,89.99,179.98
12594,5058,8,1,89.99,89.99
12595,5058,99,1,99.99,99.99
12596,5058,68,2,24.99,49.98
12597,5058,12,2,2499.99,4999.98
12598,5059,41,1,2.49,2.49
12599,5059,20,3,4.99,14.97
12600,5060,40,2,3.99,7.98
12601,5060,70,3,6.99,20.97
12602,5060,21,2,1.49,2.98
12603,5060,63,3,7.99,23.97
12604,5061,88,3,149.99,449.97
12605,5062,6,3,49.99,149.97
12606,5062,47,2,49.99,99.98
12607,5062,91,2,119.99,239.98
12608,5062,28,1,5.49,5.49
12609,5063,69,2,3.99,7.98
12610,5063,63,3,7.99,23.97
12611,5063,29,1,3.99,3.99
12612,5064,8,1,89.99,89.99
12613,5064,38,2,5.99,11.98
12614,5064,87,1,27.99,27.99
12615,5064,28,2,5.49,10.98
12616,5065,57,3,9.99,29.97
12617,5065,2,3,19.99,59.97
12618,5065,26,2,0.99,1.98
12619,5066,84,2,24.99,49.98
12620,5066,81,3,1099.99,3299.97
12621,5067,92,2,109.99,219.98
12622,5067,28,2,5.49,10.98
12623,5067,47,2,49.99,99.98
12624,5068,32,3,3.49,10.47
12625,5068,44,3,29.99,89.97
12626,5068,59,2,4.99,9.98
12627,5068,16,1,1.99,1.99
12628,5069,66,1,89.99,89.99
12629,5069,74,2,4.99,9.98
12630,5069,91,2,119.99,239.98
12631,5070,39,1,1.99,1.99
12632,5071,16,2,1.99,3.98
12633,5071,29,3,3.99,11.97
12634,5071,19,3,9.99,29.97
12635,5072,27,1,6.99,6.99
12636,5072,36,2,19.99,39.98
12637,5072,52,1,29.99,29.99
12638,5073,98,1,13999.99,13999.99
12639,5073,65,3,12.99,38.97
12640,5074,79,2,1799.99,3599.98
12641,5074,4,3,12.99,38.97
12642,5074,85,2,34.99,69.98
12643,5074,40,2,3.99,7.98
12644,5075,35,3,2.29,6.87
12645,5076,52,1,29.99,29.99
12646,5076,55,1,6.99,6.99
12647,5076,30,3,2.49,7.47
12648,5077,56,3,49.99,149.97
12649,5078,34,2,7.99,15.98
12650,5079,51,3,39.99,119.97
12651,5079,83,1,29.99,29.99
12652,5079,85,2,34.99,69.98
12653,5079,32,1,3.49,3.49
12654,5080,13,3,299.99,899.97
12655,5080,1,1,9.99,9.99
12656,5081,15,3,799.99,2399.97
12657,5081,13,2,299.99,599.98
12658,5082,3,2,14.99,29.98
12659,5082,91,3,119.99,359.97
12660,5082,14,1,499.99,499.99
12661,5083,69,2,3.99,7.98
12662,5083,62,2,5.99,11.98
12663,5083,85,1,34.99,34.99
12664,5083,72,3,8.99,26.97
12665,5084,10,3,79.99,239.97
12666,5084,39,2,1.99,3.98
12667,5084,2,1,19.99,19.99
12668,5085,53,3,12.99,38.97
12669,5085,26,3,0.99,2.97
12670,5085,78,2,1999.99,3999.98
12671,5086,62,1,5.99,5.99
12672,5086,27,2,6.99,13.98
12673,5086,58,1,3.99,3.99
12674,5087,62,3,5.99,17.97
12675,5087,97,3,10999.99,32999.97
12676,5088,82,2,1499.99,2999.98
12677,5089,35,3,2.29,6.87
12678,5090,11,1,1899.99,1899.99
12679,5090,3,1,14.99,14.99
12680,5090,70,1,6.99,6.99
12681,5090,22,3,10.99,32.97
12682,5091,68,1,24.99,24.99
12683,5091,4,1,12.99,12.99
12684,5091,73,3,19.99,59.97
12685,5092,99,3,99.99,299.97
12686,5092,13,1,299.99,299.99
12687,5092,67,3,15.99,47.97
12688,5093,79,3,1799.99,5399.97
12689,5093,2,2,19.99,39.98
12690,5093,53,2,12.99,25.98
12691,5093,18,3,8.99,26.97
12692,5094,87,1,27.99,27.99
12693,5094,91,2,119.99,239.98
12694,5094,65,2,12.99,25.98
12695,5094,40,1,3.99,3.99
12696,5095,27,2,6.99,13.98
12697,5096,68,1,24.99,24.99
12698,5097,99,3,99.99,299.97
12699,5097,70,2,6.99,13.98
12700,5097,21,3,1.49,4.47
12701,5097,79,1,1799.99,1799.99
12702,5098,64,1,14.99,14.99
12703,5098,58,3,3.99,11.97
12704,5098,73,3,19.99,59.97
12705,5098,84,2,24.99,49.98
12706,5099,36,2,19.99,39.98
12707,5100,14,1,499.99,499.99
12708,5100,33,3,4.99,14.97
12709,5100,11,3,1899.99,5699.97
12710,5100,19,3,9.99,29.97
12711,5101,31,3,0.79,2.37
12712,5101,56,1,49.99,49.99
12713,5101,79,1,1799.99,1799.99
12714,5101,90,2,89.99,179.98
12715,5102,12,2,2499.99,4999.98
12716,5102,32,1,3.49,3.49
12717,5102,81,2,1099.99,2199.98
12718,5103,4,3,12.99,38.97
12719,5103,86,3,19.99,59.97
12720,5103,85,1,34.99,34.99
12721,5103,60,3,10.99,32.97
12722,5104,60,1,10.99,10.99
12723,5104,94,1,1499.99,1499.99
12724,5105,62,3,5.99,17.97
12725,5105,93,3,89.99,269.97
12726,5105,43,2,59.99,119.98
12727,5106,53,2,12.99,25.98
12728,5106,18,1,8.99,8.99
12729,5106,23,2,2.99,5.98
12730,5107,48,2,7.99,15.98
12731,5107,89,1,79.99,79.99
12732,5108,28,3,5.49,16.47
12733,5108,80,1,1399.99,1399.99
12734,5108,1,2,9.99,19.98
12735,5109,12,1,2499.99,2499.99
12736,5109,14,3,499.99,1499.97
12737,5109,100,2,129.99,259.98
12738,5110,13,3,299.99,899.97
12739,5110,1,2,9.99,19.98
12740,5110,21,3,1.49,4.47
12741,5110,95,2,8999.99,17999.98
12742,5111,17,3,12.99,38.97
12743,5111,8,1,89.99,89.99
12744,5111,61,2,34.99,69.98
12745,5112,8,2,89.99,179.98
12746,5112,11,2,1899.99,3799.98
12747,5112,63,1,7.99,7.99
12748,5112,67,3,15.99,47.97
12749,5113,10,1,79.99,79.99
12750,5113,16,2,1.99,3.98
12751,5114,70,1,6.99,6.99
12752,5114,95,3,8999.99,26999.97
12753,5114,68,3,24.99,74.97
12754,5115,43,3,59.99,179.97
12755,5115,10,1,79.99,79.99
12756,5115,41,2,2.49,4.98
12757,5116,89,2,79.99,159.98
12758,5116,52,2,29.99,59.98
12759,5116,81,3,1099.99,3299.97
12760,5117,62,3,5.99,17.97
12761,5117,34,3,7.99,23.97
12762,5117,69,1,3.99,3.99
12763,5118,64,1,14.99,14.99
12764,5118,68,2,24.99,49.98
12765,5118,96,1,12999.99,12999.99
12766,5118,58,3,3.99,11.97
12767,5119,54,1,8.99,8.99
12768,5119,18,2,8.99,17.98
12769,5119,46,3,14.99,44.97
12770,5119,28,1,5.49,5.49
12771,5120,37,3,1.99,5.97
12772,5120,1,2,9.99,19.98
12773,5120,33,3,4.99,14.97
12774,5121,90,2,89.99,179.98
12775,5121,34,2,7.99,15.98
12776,5121,77,3,5.99,17.97
12777,5122,100,2,129.99,259.98
12778,5123,72,2,8.99,17.98
12779,5124,77,2,5.99,11.98
12780,5125,91,1,119.99,119.99
12781,5126,2,1,19.99,19.99
12782,5126,24,2,14.99,29.98
12783,5127,73,2,19.99,39.98
12784,5127,8,1,89.99,89.99
12785,5127,80,1,1399.99,1399.99
12786,5127,23,2,2.99,5.98
12787,5128,4,2,12.99,25.98
12788,5129,91,1,119.99,119.99
12789,5129,45,1,39.99,39.99
12790,5129,71,3,39.99,119.97
12791,5130,79,1,1799.99,1799.99
12792,5131,6,3,49.99,149.97
12793,5131,91,2,119.99,239.98
12794,5131,9,3,69.99,209.97
12795,5131,8,1,89.99,89.99
12796,5132,1,2,9.99,19.98
12797,5132,12,1,2499.99,2499.99
12798,5132,5,3,8.99,26.97
12799,5133,26,2,0.99,1.98
12800,5133,29,2,3.99,7.98
12801,5133,23,1,2.99,2.99
12802,5133,51,3,39.99,119.97
12803,5134,43,2,59.99,119.98
12804,5134,78,3,1999.99,5999.97
12805,5134,63,3,7.99,23.97
12806,5135,20,2,4.99,9.98
12807,5135,97,1,10999.99,10999.99
12808,5136,98,3,13999.99,41999.97
12809,5136,8,2,89.99,179.98
12810,5136,51,1,39.99,39.99
12811,5137,70,3,6.99,20.97
12812,5137,22,2,10.99,21.98
12813,5137,71,2,39.99,79.98
12814,5137,20,3,4.99,14.97
12815,5138,25,1,1.29,1.29
12816,5138,30,1,2.49,2.49
12817,5139,13,1,299.99,299.99
12818,5139,96,1,12999.99,12999.99
12819,5140,55,3,6.99,20.97
12820,5141,23,1,2.99,2.99
12821,5142,25,2,1.29,2.58
12822,5142,52,1,29.99,29.99
12823,5143,47,1,49.99,49.99
12824,5143,85,2,34.99,69.98
12825,5143,72,3,8.99,26.97
12826,5144,57,1,9.99,9.99
12827,5145,20,2,4.99,9.98
12828,5146,62,3,5.99,17.97
12829,5146,19,2,9.99,19.98
12830,5146,68,3,24.99,74.97
12831,5147,72,2,8.99,17.98
12832,5147,77,2,5.99,11.98
12833,5148,24,2,14.99,29.98
12834,5149,55,3,6.99,20.97
12835,5149,93,1,89.99,89.99
12836,5150,20,1,4.99,4.99
12837,5150,58,3,3.99,11.97
12838,5151,2,1,19.99,19.99
12839,5152,50,1,9.99,9.99
12840,5152,19,2,9.99,19.98
12841,5152,82,3,1499.99,4499.97
12842,5152,77,3,5.99,17.97
12843,5153,7,3,129.99,389.97
12844,5154,24,2,14.99,29.98
12845,5155,91,2,119.99,239.98
12846,5155,52,1,29.99,29.99
12847,5155,39,2,1.99,3.98
12848,5155,58,1,3.99,3.99
12849,5156,64,1,14.99,14.99
12850,5156,63,2,7.99,15.98
12851,5157,42,2,0.99,1.98
12852,5157,57,1,9.99,9.99
12853,5157,71,3,39.99,119.97
12854,5157,4,1,12.99,12.99
12855,5158,82,1,1499.99,1499.99
12856,5158,10,2,79.99,159.98
12857,5158,40,3,3.99,11.97
12858,5159,87,2,27.99,55.98
12859,5159,17,1,12.99,12.99
12860,5159,98,1,13999.99,13999.99
12861,5159,25,3,1.29,3.87
12862,5160,18,1,8.99,8.99
12863,5160,94,2,1499.99,2999.98
12864,5160,69,1,3.99,3.99
12865,5161,60,2,10.99,21.98
12866,5161,8,3,89.99,269.97
12867,5161,21,2,1.49,2.98
12868,5162,89,3,79.99,239.97
12869,5162,84,3,24.99,74.97
12870,5162,41,1,2.49,2.49
12871,5162,38,2,5.99,11.98
12872,5163,100,1,129.99,129.99
12873,5163,69,3,3.99,11.97
12874,5163,62,1,5.99,5.99
12875,5163,32,3,3.49,10.47
12876,5164,68,3,24.99,74.97
12877,5164,81,2,1099.99,2199.98
12878,5164,62,2,5.99,11.98
12879,5164,92,2,109.99,219.98
12880,5165,60,2,10.99,21.98
12881,5166,79,3,1799.99,5399.97
12882,5167,94,1,1499.99,1499.99
12883,5167,66,2,89.99,179.98
12884,5167,9,1,69.99,69.99
12885,5168,55,2,6.99,13.98
12886,5168,20,2,4.99,9.98
12887,5168,97,1,10999.99,10999.99
12888,5169,15,2,799.99,1599.98
12889,5169,12,3,2499.99,7499.97
12890,5169,98,3,13999.99,41999.97
12891,5169,76,3,11.99,35.97
12892,5170,42,2,0.99,1.98
12893,5170,99,1,99.99,99.99
12894,5171,72,3,8.99,26.97
12895,5172,35,3,2.29,6.87
12896,5172,34,1,7.99,7.99
12897,5173,53,2,12.99,25.98
12898,5173,1,2,9.99,19.98
12899,5173,57,2,9.99,19.98
12900,5173,33,3,4.99,14.97
12901,5174,89,1,79.99,79.99
12902,5174,98,3,13999.99,41999.97
12903,5174,36,3,19.99,59.97
12904,5174,13,1,299.99,299.99
12905,5175,22,3,10.99,32.97
12906,5175,25,1,1.29,1.29
12907,5175,13,3,299.99,899.97
12908,5175,51,2,39.99,79.98
12909,5176,68,3,24.99,74.97
12910,5177,75,2,16.99,33.98
12911,5177,85,2,34.99,69.98
12912,5178,68,3,24.99,74.97
12913,5179,26,3,0.99,2.97
12914,5179,43,2,59.99,119.98
12915,5179,27,3,6.99,20.97
12916,5180,15,3,799.99,2399.97
12917,5180,53,3,12.99,38.97
12918,5180,85,1,34.99,34.99
12919,5181,4,2,12.99,25.98
12920,5181,47,2,49.99,99.98
12921,5181,3,1,14.99,14.99
12922,5182,15,2,799.99,1599.98
12923,5182,65,2,12.99,25.98
12924,5183,49,2,5.99,11.98
12925,5183,88,2,149.99,299.98
12926,5183,22,2,10.99,21.98
12927,5183,51,3,39.99,119.97
12928,5184,71,3,39.99,119.97
12929,5184,27,2,6.99,13.98
12930,5184,56,3,49.99,149.97
12931,5184,65,3,12.99,38.97
12932,5185,79,1,1799.99,1799.99
12933,5185,80,3,1399.99,4199.97
12934,5185,45,1,39.99,39.99
12935,5186,58,2,3.99,7.98
12936,5186,94,1,1499.99,1499.99
12937,5186,83,2,29.99,59.98
12938,5186,97,1,10999.99,10999.99
12939,5187,40,3,3.99,11.97
12940,5188,59,1,4.99,4.99
12941,5189,13,1,299.99,299.99
12942,5189,48,2,7.99,15.98
12943,5189,16,3,1.99,5.97
12944,5189,29,1,3.99,3.99
12945,5190,85,2,34.99,69.98
12946,5190,62,3,5.99,17.97
12947,5190,86,1,19.99,19.99
12948,5190,47,3,49.99,149.97
12949,5191,15,1,799.99,799.99
12950,5191,73,2,19.99,39.98
12951,5191,45,2,39.99,79.98
12952,5192,5,2,8.99,17.98
12953,5192,6,1,49.99,49.99
12954,5192,47,3,49.99,149.97
12955,5193,3,2,14.99,29.98
12956,5194,97,2,10999.99,21999.98
12957,5194,32,3,3.49,10.47
12958,5194,11,3,1899.99,5699.97
12959,5195,27,3,6.99,20.97
12960,5195,75,2,16.99,33.98
12961,5195,98,1,13999.99,13999.99
12962,5195,48,3,7.99,23.97
12963,5196,97,3,10999.99,32999.97
12964,5196,89,1,79.99,79.99
12965,5196,72,2,8.99,17.98
12966,5197,60,3,10.99,32.97
12967,5197,23,3,2.99,8.97
12968,5198,71,1,39.99,39.99
12969,5199,55,2,6.99,13.98
12970,5199,26,1,0.99,0.99
12971,5199,53,2,12.99,25.98
12972,5199,77,2,5.99,11.98
12973,5200,58,1,3.99,3.99
12974,5201,4,2,12.99,25.98
12975,5201,67,1,15.99,15.99
12976,5201,19,2,9.99,19.98
12977,5202,85,1,34.99,34.99
12978,5202,14,1,499.99,499.99
12979,5203,33,1,4.99,4.99
12980,5203,77,3,5.99,17.97
12981,5203,5,2,8.99,17.98
12982,5203,83,2,29.99,59.98
12983,5204,62,2,5.99,11.98
12984,5204,86,2,19.99,39.98
12985,5205,11,1,1899.99,1899.99
12986,5206,68,1,24.99,24.99
12987,5206,87,1,27.99,27.99
12988,5206,60,2,10.99,21.98
12989,5207,78,2,1999.99,3999.98
12990,5208,75,1,16.99,16.99
12991,5208,2,1,19.99,19.99
12992,5208,77,3,5.99,17.97
12993,5209,83,3,29.99,89.97
12994,5209,45,3,39.99,119.97
12995,5209,74,3,4.99,14.97
12996,5209,55,1,6.99,6.99
12997,5210,61,3,34.99,104.97
12998,5211,11,1,1899.99,1899.99
12999,5212,44,3,29.99,89.97
13000,5212,98,2,13999.99,27999.98
13001,5213,82,2,1499.99,2999.98
13002,5213,80,2,1399.99,2799.98
13003,5213,94,1,1499.99,1499.99
13004,5213,97,3,10999.99,32999.97
13005,5214,17,3,12.99,38.97
13006,5215,70,2,6.99,13.98
13007,5216,49,2,5.99,11.98
13008,5216,85,3,34.99,104.97
13009,5216,76,2,11.99,23.98
13010,5216,3,1,14.99,14.99
13011,5217,18,2,8.99,17.98
13012,5217,84,1,24.99,24.99
13013,5217,87,2,27.99,55.98
13014,5217,77,3,5.99,17.97
13015,5218,29,2,3.99,7.98
13016,5219,52,2,29.99,59.98
13017,5219,75,2,16.99,33.98
13018,5219,65,1,12.99,12.99
13019,5220,41,3,2.49,7.47
13020,5220,96,3,12999.99,38999.97
13021,5221,69,2,3.99,7.98
13022,5221,48,2,7.99,15.98
13023,5221,45,2,39.99,79.98
13024,5221,70,1,6.99,6.99
13025,5222,14,2,499.99,999.98
13026,5222,29,2,3.99,7.98
13027,5222,54,3,8.99,26.97
13028,5223,77,3,5.99,17.97
13029,5223,89,3,79.99,239.97
13030,5224,14,1,499.99,499.99
13031,5224,19,3,9.99,29.97
13032,5224,8,3,89.99,269.97
13033,5224,51,3,39.99,119.97
13034,5225,68,1,24.99,24.99
13035,5225,90,3,89.99,269.97
13036,5226,98,1,13999.99,13999.99
13037,5226,57,2,9.99,19.98
13038,5227,84,1,24.99,24.99
13039,5227,64,1,14.99,14.99
13040,5227,57,1,9.99,9.99
13041,5227,8,1,89.99,89.99
13042,5228,63,2,7.99,15.98
13043,5228,78,3,1999.99,5999.97
13044,5228,40,2,3.99,7.98
13045,5229,34,2,7.99,15.98
13046,5229,26,3,0.99,2.97
13047,5229,86,2,19.99,39.98
13048,5229,54,3,8.99,26.97
13049,5230,100,2,129.99,259.98
13050,5230,90,2,89.99,179.98
13051,5231,30,3,2.49,7.47
13052,5232,16,2,1.99,3.98
13053,5233,41,2,2.49,4.98
13054,5233,99,3,99.99,299.97
13055,5233,97,2,10999.99,21999.98
13056,5233,8,3,89.99,269.97
13057,5234,17,1,12.99,12.99
13058,5234,31,1,0.79,0.79
13059,5234,59,1,4.99,4.99
13060,5234,77,1,5.99,5.99
13061,5235,4,1,12.99,12.99
13062,5236,29,3,3.99,11.97
13063,5236,73,3,19.99,59.97
13064,5236,20,3,4.99,14.97
13065,5236,15,1,799.99,799.99
13066,5237,10,3,79.99,239.97
13067,5238,85,1,34.99,34.99
13068,5238,86,2,19.99,39.98
13069,5239,27,1,6.99,6.99
13070,5240,24,3,14.99,44.97
13071,5240,46,2,14.99,29.98
13072,5240,48,3,7.99,23.97
13073,5241,64,2,14.99,29.98
13074,5241,23,1,2.99,2.99
13075,5241,66,1,89.99,89.99
13076,5242,87,1,27.99,27.99
13077,5242,58,1,3.99,3.99
13078,5243,77,3,5.99,17.97
13079,5243,27,3,6.99,20.97
13080,5243,92,2,109.99,219.98
13081,5243,34,2,7.99,15.98
13082,5244,62,3,5.99,17.97
13083,5244,8,1,89.99,89.99
13084,5244,96,3,12999.99,38999.97
13085,5245,76,3,11.99,35.97
13086,5246,22,3,10.99,32.97
13087,5246,72,1,8.99,8.99
13088,5246,96,3,12999.99,38999.97
13089,5247,39,1,1.99,1.99
13090,5247,75,2,16.99,33.98
13091,5247,6,3,49.99,149.97
13092,5247,58,1,3.99,3.99
13093,5248,42,2,0.99,1.98
13094,5248,81,2,1099.99,2199.98
13095,5249,45,1,39.99,39.99
13096,5249,3,1,14.99,14.99
13097,5249,89,2,79.99,159.98
13098,5250,5,3,8.99,26.97
13099,5251,21,1,1.49,1.49
13100,5251,1,2,9.99,19.98
13101,5252,15,3,799.99,2399.97
13102,5253,18,3,8.99,26.97
13103,5254,100,3,129.99,389.97
13104,5254,80,1,1399.99,1399.99
13105,5255,18,2,8.99,17.98
13106,5256,37,1,1.99,1.99
13107,5256,3,3,14.99,44.97
13108,5256,33,3,4.99,14.97
13109,5257,27,2,6.99,13.98
13110,5257,29,2,3.99,7.98
13111,5258,29,3,3.99,11.97
13112,5258,14,2,499.99,999.98
13113,5259,87,2,27.99,55.98
13114,5259,49,1,5.99,5.99
13115,5259,55,1,6.99,6.99
13116,5259,74,3,4.99,14.97
13117,5260,93,2,89.99,179.98
13118,5260,29,3,3.99,11.97
13119,5260,16,3,1.99,5.97
13120,5261,95,1,8999.99,8999.99
13121,5261,22,3,10.99,32.97
13122,5262,83,3,29.99,89.97
13123,5262,44,2,29.99,59.98
13124,5263,61,3,34.99,104.97
13125,5264,3,3,14.99,44.97
13126,5265,59,2,4.99,9.98
13127,5265,69,1,3.99,3.99
13128,5265,60,1,10.99,10.99
13129,5265,11,3,1899.99,5699.97
13130,5266,46,3,14.99,44.97
13131,5266,18,2,8.99,17.98
13132,5267,69,3,3.99,11.97
13133,5268,39,1,1.99,1.99
13134,5268,90,1,89.99,89.99
13135,5269,49,1,5.99,5.99
13136,5269,20,1,4.99,4.99
13137,5269,97,1,10999.99,10999.99
13138,5269,69,3,3.99,11.97
13139,5270,92,1,109.99,109.99
13140,5270,68,3,24.99,74.97
13141,5270,58,1,3.99,3.99
13142,5270,5,1,8.99,8.99
13143,5271,19,1,9.99,9.99
13144,5271,74,2,4.99,9.98
13145,5272,7,1,129.99,129.99
13146,5272,88,1,149.99,149.99
13147,5272,96,2,12999.99,25999.98
13148,5273,45,1,39.99,39.99
13149,5273,46,3,14.99,44.97
13150,5273,87,1,27.99,27.99
13151,5273,66,3,89.99,269.97
13152,5274,55,1,6.99,6.99
13153,5275,77,3,5.99,17.97
13154,5275,70,3,6.99,20.97
13155,5275,34,1,7.99,7.99
13156,5276,3,3,14.99,44.97
13157,5276,36,3,19.99,59.97
13158,5276,22,3,10.99,32.97
13159,5277,52,2,29.99,59.98
13160,5277,37,1,1.99,1.99
13161,5277,83,2,29.99,59.98
13162,5277,82,3,1499.99,4499.97
13163,5278,90,1,89.99,89.99
13164,5278,11,3,1899.99,5699.97
13165,5278,66,1,89.99,89.99
13166,5279,4,3,12.99,38.97
13167,5280,53,2,12.99,25.98
13168,5281,36,1,19.99,19.99
13169,5281,71,2,39.99,79.98
13170,5281,54,1,8.99,8.99
13171,5282,100,3,129.99,389.97
13172,5282,96,2,12999.99,25999.98
13173,5283,54,3,8.99,26.97
13174,5283,64,3,14.99,44.97
13175,5283,41,1,2.49,2.49
13176,5283,40,3,3.99,11.97
13177,5284,86,1,19.99,19.99
13178,5284,50,1,9.99,9.99
13179,5284,7,1,129.99,129.99
13180,5284,39,1,1.99,1.99
13181,5285,75,3,16.99,50.97
13182,5285,37,3,1.99,5.97
13183,5285,65,2,12.99,25.98
13184,5286,21,3,1.49,4.47
13185,5286,16,3,1.99,5.97
13186,5286,50,3,9.99,29.97
13187,5287,28,3,5.49,16.47
13188,5287,76,3,11.99,35.97
13189,5288,29,2,3.99,7.98
13190,5288,9,3,69.99,209.97
13191,5288,83,1,29.99,29.99
13192,5289,63,3,7.99,23.97
13193,5289,42,3,0.99,2.97
13194,5289,80,2,1399.99,2799.98
13195,5290,33,2,4.99,9.98
13196,5290,44,2,29.99,59.98
13197,5291,99,1,99.99,99.99
13198,5291,34,2,7.99,15.98
13199,5291,24,1,14.99,14.99
13200,5291,58,2,3.99,7.98
13201,5292,15,1,799.99,799.99
13202,5293,57,1,9.99,9.99
13203,5294,26,2,0.99,1.98
13204,5295,63,2,7.99,15.98
13205,5295,44,2,29.99,59.98
13206,5295,3,2,14.99,29.98
13207,5296,50,2,9.99,19.98
13208,5297,48,2,7.99,15.98
13209,5297,75,3,16.99,50.97
13210,5297,21,3,1.49,4.47
13211,5297,56,3,49.99,149.97
13212,5298,74,3,4.99,14.97
13213,5299,3,2,14.99,29.98
13214,5299,97,2,10999.99,21999.98
13215,5299,25,2,1.29,2.58
13216,5299,50,3,9.99,29.97
13217,5300,29,1,3.99,3.99
13218,5301,34,3,7.99,23.97
13219,5302,41,2,2.49,4.98
13220,5302,68,1,24.99,24.99
13221,5303,68,1,24.99,24.99
13222,5303,40,3,3.99,11.97
13223,5303,16,3,1.99,5.97
13224,5303,85,2,34.99,69.98
13225,5304,69,3,3.99,11.97
13226,5304,53,2,12.99,25.98
13227,5304,46,2,14.99,29.98
13228,5304,13,3,299.99,899.97
13229,5305,79,1,1799.99,1799.99
13230,5305,22,2,10.99,21.98
13231,5306,93,1,89.99,89.99
13232,5306,26,1,0.99,0.99
13233,5306,44,1,29.99,29.99
13234,5306,89,2,79.99,159.98
13235,5307,43,1,59.99,59.99
13236,5308,64,2,14.99,29.98
13237,5308,23,3,2.99,8.97
13238,5308,3,1,14.99,14.99
13239,5308,35,1,2.29,2.29
13240,5309,77,2,5.99,11.98
13241,5310,72,2,8.99,17.98
13242,5311,52,1,29.99,29.99
13243,5312,40,1,3.99,3.99
13244,5313,28,2,5.49,10.98
13245,5314,2,1,19.99,19.99
13246,5314,46,2,14.99,29.98
13247,5314,33,1,4.99,4.99
13248,5314,18,2,8.99,17.98
13249,5315,46,2,14.99,29.98
13250,5316,45,2,39.99,79.98
13251,5316,21,2,1.49,2.98
13252,5316,14,3,499.99,1499.97
13253,5317,4,1,12.99,12.99
13254,5317,75,1,16.99,16.99
13255,5317,96,1,12999.99,12999.99
13256,5318,97,1,10999.99,10999.99
13257,5319,43,1,59.99,59.99
13258,5319,24,1,14.99,14.99
13259,5319,72,1,8.99,8.99
13260,5319,66,3,89.99,269.97
13261,5320,90,2,89.99,179.98
13262,5320,66,2,89.99,179.98
13263,5320,12,1,2499.99,2499.99
13264,5320,73,3,19.99,59.97
13265,5321,70,2,6.99,13.98
13266,5321,78,2,1999.99,3999.98
13267,5322,2,1,19.99,19.99
13268,5323,50,1,9.99,9.99
13269,5324,100,2,129.99,259.98
13270,5324,46,2,14.99,29.98
13271,5325,72,1,8.99,8.99
13272,5325,50,2,9.99,19.98
13273,5325,2,1,19.99,19.99
13274,5325,29,3,3.99,11.97
13275,5326,75,3,16.99,50.97
13276,5326,99,1,99.99,99.99
13277,5326,63,3,7.99,23.97
13278,5327,50,3,9.99,29.97
13279,5327,80,1,1399.99,1399.99
13280,5327,41,2,2.49,4.98
13281,5328,48,1,7.99,7.99
13282,5328,57,3,9.99,29.97
13283,5328,49,1,5.99,5.99
13284,5329,78,1,1999.99,1999.99
13285,5329,30,1,2.49,2.49
13286,5330,44,1,29.99,29.99
13287,5330,22,3,10.99,32.97
13288,5331,15,1,799.99,799.99
13289,5332,73,1,19.99,19.99
13290,5332,1,1,9.99,9.99
13291,5332,22,3,10.99,32.97
13292,5332,5,3,8.99,26.97
13293,5333,32,2,3.49,6.98
13294,5333,96,3,12999.99,38999.97
13295,5333,42,3,0.99,2.97
13296,5334,54,2,8.99,17.98
13297,5334,31,2,0.79,1.58
13298,5334,9,1,69.99,69.99
13299,5335,33,2,4.99,9.98
13300,5335,1,1,9.99,9.99
13301,5335,45,1,39.99,39.99
13302,5335,7,2,129.99,259.98
13303,5336,75,2,16.99,33.98
13304,5336,27,3,6.99,20.97
13305,5337,10,2,79.99,159.98
13306,5337,13,2,299.99,599.98
13307,5337,67,1,15.99,15.99
13308,5338,44,2,29.99,59.98
13309,5338,2,2,19.99,39.98
13310,5339,29,2,3.99,7.98
13311,5339,53,1,12.99,12.99
13312,5339,70,2,6.99,13.98
13313,5339,51,3,39.99,119.97
13314,5340,86,3,19.99,59.97
13315,5340,42,3,0.99,2.97
13316,5340,63,1,7.99,7.99
13317,5340,29,2,3.99,7.98
13318,5341,97,1,10999.99,10999.99
13319,5341,20,2,4.99,9.98
13320,5341,2,3,19.99,59.97
13321,5341,73,2,19.99,39.98
13322,5342,90,1,89.99,89.99
13323,5342,95,2,8999.99,17999.98
13324,5342,5,3,8.99,26.97
13325,5342,48,1,7.99,7.99
13326,5343,35,3,2.29,6.87
13327,5343,84,1,24.99,24.99
13328,5343,98,2,13999.99,27999.98
13329,5344,33,3,4.99,14.97
13330,5345,86,2,19.99,39.98
13331,5346,13,1,299.99,299.99
13332,5346,65,1,12.99,12.99
13333,5347,44,3,29.99,89.97
13334,5347,39,1,1.99,1.99
13335,5347,11,3,1899.99,5699.97
13336,5348,19,3,9.99,29.97
13337,5348,53,3,12.99,38.97
13338,5349,52,1,29.99,29.99
13339,5349,71,2,39.99,79.98
13340,5349,10,2,79.99,159.98
13341,5349,82,3,1499.99,4499.97
13342,5350,78,3,1999.99,5999.97
13343,5351,66,1,89.99,89.99
13344,5351,85,3,34.99,104.97
13345,5352,69,2,3.99,7.98
13346,5352,79,2,1799.99,3599.98
13347,5353,8,1,89.99,89.99
13348,5354,65,2,12.99,25.98
13349,5355,14,3,499.99,1499.97
13350,5356,11,2,1899.99,3799.98
13351,5356,70,3,6.99,20.97
13352,5356,99,2,99.99,199.98
13353,5356,88,1,149.99,149.99
13354,5357,87,1,27.99,27.99
13355,5357,42,3,0.99,2.97
13356,5358,82,2,1499.99,2999.98
13357,5358,24,3,14.99,44.97
13358,5358,36,1,19.99,19.99
13359,5359,51,2,39.99,79.98
13360,5360,59,3,4.99,14.97
13361,5360,65,2,12.99,25.98
13362,5360,90,3,89.99,269.97
13363,5361,75,2,16.99,33.98
13364,5361,49,2,5.99,11.98
13365,5362,63,3,7.99,23.97
13366,5363,91,1,119.99,119.99
13367,5363,80,1,1399.99,1399.99
13368,5364,14,1,499.99,499.99
13369,5364,1,1,9.99,9.99
13370,5364,12,1,2499.99,2499.99
13371,5364,62,2,5.99,11.98
13372,5365,34,1,7.99,7.99
13373,5366,16,3,1.99,5.97
13374,5366,24,3,14.99,44.97
13375,5367,70,2,6.99,13.98
13376,5368,98,2,13999.99,27999.98
13377,5368,95,1,8999.99,8999.99
13378,5368,2,2,19.99,39.98
13379,5369,63,3,7.99,23.97
13380,5369,5,3,8.99,26.97
13381,5369,45,3,39.99,119.97
13382,5370,46,3,14.99,44.97
13383,5371,58,3,3.99,11.97
13384,5372,51,3,39.99,119.97
13385,5373,66,2,89.99,179.98
13386,5373,88,2,149.99,299.98
13387,5374,7,2,129.99,259.98
13388,5374,100,1,129.99,129.99
13389,5374,48,2,7.99,15.98
13390,5375,50,3,9.99,29.97
13391,5375,34,2,7.99,15.98
13392,5375,5,1,8.99,8.99
13393,5375,22,3,10.99,32.97
13394,5376,53,2,12.99,25.98
13395,5376,38,2,5.99,11.98
13396,5376,93,1,89.99,89.99
13397,5376,8,2,89.99,179.98
13398,5377,16,1,1.99,1.99
13399,5377,45,2,39.99,79.98
13400,5378,14,1,499.99,499.99
13401,5378,20,1,4.99,4.99
13402,5378,45,3,39.99,119.97
13403,5379,40,1,3.99,3.99
13404,5379,68,2,24.99,49.98
13405,5379,79,2,1799.99,3599.98
13406,5379,41,2,2.49,4.98
13407,5380,33,1,4.99,4.99
13408,5380,19,3,9.99,29.97
13409,5380,81,3,1099.99,3299.97
13410,5380,23,2,2.99,5.98
13411,5381,11,1,1899.99,1899.99
13412,5381,50,2,9.99,19.98
13413,5381,15,3,799.99,2399.97
13414,5382,53,2,12.99,25.98
13415,5382,52,2,29.99,59.98
13416,5382,67,2,15.99,31.98
13417,5383,37,3,1.99,5.97
13418,5383,9,1,69.99,69.99
13419,5384,3,3,14.99,44.97
13420,5384,46,1,14.99,14.99
13421,5384,71,3,39.99,119.97
13422,5384,35,1,2.29,2.29
13423,5385,10,1,79.99,79.99
13424,5385,60,2,10.99,21.98
13425,5385,43,3,59.99,179.97
13426,5386,75,3,16.99,50.97
13427,5387,74,3,4.99,14.97
13428,5387,56,3,49.99,149.97
13429,5387,77,2,5.99,11.98
13430,5387,59,1,4.99,4.99
13431,5388,88,3,149.99,449.97
13432,5389,4,3,12.99,38.97
13433,5389,69,1,3.99,3.99
13434,5389,67,3,15.99,47.97
13435,5389,45,3,39.99,119.97
13436,5390,48,1,7.99,7.99
13437,5390,14,2,499.99,999.98
13438,5391,14,1,499.99,499.99
13439,5392,81,2,1099.99,2199.98
13440,5392,98,2,13999.99,27999.98
13441,5392,100,2,129.99,259.98
13442,5393,89,2,79.99,159.98
13443,5393,9,2,69.99,139.98
13444,5393,78,1,1999.99,1999.99
13445,5393,36,1,19.99,19.99
13446,5394,37,1,1.99,1.99
13447,5394,72,2,8.99,17.98
13448,5395,45,3,39.99,119.97
13449,5395,39,3,1.99,5.97
13450,5395,65,3,12.99,38.97
13451,5395,73,1,19.99,19.99
13452,5396,24,1,14.99,14.99
13453,5396,79,1,1799.99,1799.99
13454,5397,40,1,3.99,3.99
13455,5397,48,2,7.99,15.98
13456,5397,36,2,19.99,39.98
13457,5397,26,3,0.99,2.97
13458,5398,55,3,6.99,20.97
13459,5399,31,1,0.79,0.79
13460,5399,1,1,9.99,9.99
13461,5400,23,1,2.99,2.99
13462,5400,19,3,9.99,29.97
13463,5401,74,2,4.99,9.98
13464,5401,94,3,1499.99,4499.97
13465,5402,98,3,13999.99,41999.97
13466,5402,22,2,10.99,21.98
13467,5402,43,2,59.99,119.98
13468,5402,89,3,79.99,239.97
13469,5403,35,1,2.29,2.29
13470,5403,94,1,1499.99,1499.99
13471,5403,70,1,6.99,6.99
13472,5404,6,1,49.99,49.99
13473,5405,12,1,2499.99,2499.99
13474,5406,29,3,3.99,11.97
13475,5406,43,3,59.99,179.97
13476,5407,35,1,2.29,2.29
13477,5407,76,3,11.99,35.97
13478,5407,42,1,0.99,0.99
13479,5408,39,2,1.99,3.98
13480,5408,8,2,89.99,179.98
13481,5408,42,3,0.99,2.97
13482,5408,87,1,27.99,27.99
13483,5409,99,3,99.99,299.97
13484,5410,26,3,0.99,2.97
13485,5410,40,1,3.99,3.99
13486,5411,45,2,39.99,79.98
13487,5411,62,3,5.99,17.97
13488,5411,92,1,109.99,109.99
13489,5411,30,3,2.49,7.47
13490,5412,4,3,12.99,38.97
13491,5412,30,3,2.49,7.47
13492,5412,69,1,3.99,3.99
13493,5412,37,1,1.99,1.99
13494,5413,98,2,13999.99,27999.98
13495,5413,86,1,19.99,19.99
13496,5413,81,1,1099.99,1099.99
13497,5413,40,1,3.99,3.99
13498,5414,91,3,119.99,359.97
13499,5414,84,2,24.99,49.98
13500,5415,20,1,4.99,4.99
13501,5415,59,3,4.99,14.97
13502,5416,97,2,10999.99,21999.98
13503,5416,31,3,0.79,2.37
13504,5416,67,1,15.99,15.99
13505,5416,37,3,1.99,5.97
13506,5417,68,3,24.99,74.97
13507,5417,44,2,29.99,59.98
13508,5417,70,3,6.99,20.97
13509,5418,4,3,12.99,38.97
13510,5418,3,2,14.99,29.98
13511,5418,66,3,89.99,269.97
13512,5418,100,1,129.99,129.99
13513,5419,12,1,2499.99,2499.99
13514,5419,79,2,1799.99,3599.98
13515,5419,1,1,9.99,9.99
13516,5419,64,2,14.99,29.98
13517,5420,87,3,27.99,83.97
13518,5420,63,2,7.99,15.98
13519,5420,27,1,6.99,6.99
13520,5421,60,3,10.99,32.97
13521,5421,5,3,8.99,26.97
13522,5421,35,1,2.29,2.29
13523,5421,2,3,19.99,59.97
13524,5422,49,2,5.99,11.98
13525,5422,44,3,29.99,89.97
13526,5423,93,3,89.99,269.97
13527,5424,20,2,4.99,9.98
13528,5424,77,2,5.99,11.98
13529,5424,16,3,1.99,5.97
13530,5424,28,2,5.49,10.98
13531,5425,94,3,1499.99,4499.97
13532,5425,100,2,129.99,259.98
13533,5425,90,3,89.99,269.97
13534,5425,7,2,129.99,259.98
13535,5426,54,1,8.99,8.99
13536,5426,6,1,49.99,49.99
13537,5426,49,2,5.99,11.98
13538,5427,82,2,1499.99,2999.98
13539,5427,94,3,1499.99,4499.97
13540,5427,88,3,149.99,449.97
13541,5428,37,3,1.99,5.97
13542,5428,73,1,19.99,19.99
13543,5428,74,3,4.99,14.97
13544,5428,3,3,14.99,44.97
13545,5429,77,1,5.99,5.99
13546,5430,48,2,7.99,15.98
13547,5430,68,1,24.99,24.99
13548,5430,14,1,499.99,499.99
13549,5430,82,1,1499.99,1499.99
13550,5431,49,1,5.99,5.99
13551,5432,8,1,89.99,89.99
13552,5432,32,3,3.49,10.47
13553,5432,37,3,1.99,5.97
13554,5432,3,2,14.99,29.98
13555,5433,5,1,8.99,8.99
13556,5434,55,1,6.99,6.99
13557,5434,8,1,89.99,89.99
13558,5435,3,1,14.99,14.99
13559,5435,46,2,14.99,29.98
13560,5436,2,2,19.99,39.98
13561,5436,28,1,5.49,5.49
13562,5437,80,1,1399.99,1399.99
13563,5438,36,1,19.99,19.99
13564,5439,77,3,5.99,17.97
13565,5439,80,2,1399.99,2799.98
13566,5439,63,2,7.99,15.98
13567,5440,70,1,6.99,6.99
13568,5440,60,2,10.99,21.98
13569,5441,45,1,39.99,39.99
13570,5441,78,2,1999.99,3999.98
13571,5442,7,1,129.99,129.99
13572,5442,54,2,8.99,17.98
13573,5443,41,2,2.49,4.98
13574,5443,30,2,2.49,4.98
13575,5443,48,2,7.99,15.98
13576,5443,90,3,89.99,269.97
13577,5444,25,3,1.29,3.87
13578,5444,87,2,27.99,55.98
13579,5445,39,2,1.99,3.98
13580,5446,99,3,99.99,299.97
13581,5446,55,3,6.99,20.97
13582,5446,45,3,39.99,119.97
13583,5447,53,1,12.99,12.99
13584,5447,50,3,9.99,29.97
13585,5448,29,1,3.99,3.99
13586,5449,60,3,10.99,32.97
13587,5449,36,2,19.99,39.98
13588,5450,22,1,10.99,10.99
13589,5450,12,3,2499.99,7499.97
13590,5450,66,1,89.99,89.99
13591,5451,70,1,6.99,6.99
13592,5451,10,3,79.99,239.97
13593,5451,84,3,24.99,74.97
13594,5451,80,3,1399.99,4199.97
13595,5452,32,3,3.49,10.47
13596,5452,48,3,7.99,23.97
13597,5453,90,1,89.99,89.99
13598,5453,32,2,3.49,6.98
13599,5453,85,2,34.99,69.98
13600,5453,47,3,49.99,149.97
13601,5454,75,1,16.99,16.99
13602,5455,80,3,1399.99,4199.97
13603,5455,77,3,5.99,17.97
13604,5455,45,3,39.99,119.97
13605,5456,64,3,14.99,44.97
13606,5457,25,1,1.29,1.29
13607,5457,90,1,89.99,89.99
13608,5457,67,3,15.99,47.97
13609,5457,93,1,89.99,89.99
13610,5458,22,1,10.99,10.99
13611,5458,95,3,8999.99,26999.97
13612,5458,31,3,0.79,2.37
13613,5459,35,1,2.29,2.29
13614,5459,94,2,1499.99,2999.98
13615,5459,57,3,9.99,29.97
13616,5459,82,3,1499.99,4499.97
13617,5460,78,2,1999.99,3999.98
13618,5460,15,2,799.99,1599.98
13619,5460,95,1,8999.99,8999.99
13620,5461,45,2,39.99,79.98
13621,5462,57,1,9.99,9.99
13622,5463,53,2,12.99,25.98
13623,5463,58,1,3.99,3.99
13624,5463,5,2,8.99,17.98
13625,5463,90,2,89.99,179.98
13626,5464,91,2,119.99,239.98
13627,5464,1,1,9.99,9.99
13628,5464,70,1,6.99,6.99
13629,5465,98,2,13999.99,27999.98
13630,5465,26,3,0.99,2.97
13631,5466,6,1,49.99,49.99
13632,5466,92,1,109.99,109.99
13633,5467,19,3,9.99,29.97
13634,5467,30,1,2.49,2.49
13635,5467,94,1,1499.99,1499.99
13636,5467,36,1,19.99,19.99
13637,5468,20,2,4.99,9.98
13638,5468,72,2,8.99,17.98
13639,5468,87,2,27.99,55.98
13640,5468,86,2,19.99,39.98
13641,5469,90,1,89.99,89.99
13642,5469,94,2,1499.99,2999.98
13643,5470,36,1,19.99,19.99
13644,5470,12,2,2499.99,4999.98
13645,5471,39,1,1.99,1.99
13646,5471,32,2,3.49,6.98
13647,5472,53,1,12.99,12.99
13648,5472,42,3,0.99,2.97
13649,5472,74,3,4.99,14.97
13650,5472,55,2,6.99,13.98
13651,5473,36,3,19.99,59.97
13652,5473,26,2,0.99,1.98
13653,5474,84,2,24.99,49.98
13654,5474,49,2,5.99,11.98
13655,5474,20,3,4.99,14.97
13656,5474,56,3,49.99,149.97
13657,5475,10,2,79.99,159.98
13658,5475,27,1,6.99,6.99
13659,5475,95,3,8999.99,26999.97
13660,5476,1,3,9.99,29.97
13661,5477,13,1,299.99,299.99
13662,5477,57,3,9.99,29.97
13663,5477,23,1,2.99,2.99
13664,5477,50,2,9.99,19.98
13665,5478,64,3,14.99,44.97
13666,5478,40,2,3.99,7.98
13667,5478,56,1,49.99,49.99
13668,5478,10,1,79.99,79.99
13669,5479,27,1,6.99,6.99
13670,5479,63,1,7.99,7.99
13671,5480,67,3,15.99,47.97
13672,5481,57,1,9.99,9.99
13673,5482,80,1,1399.99,1399.99
13674,5482,49,1,5.99,5.99
13675,5482,60,3,10.99,32.97
13676,5483,68,2,24.99,49.98
13677,5483,92,3,109.99,329.97
13678,5484,82,2,1499.99,2999.98
13679,5484,34,1,7.99,7.99
13680,5485,20,2,4.99,9.98
13681,5485,87,3,27.99,83.97
13682,5486,6,1,49.99,49.99
13683,5487,30,1,2.49,2.49
13684,5487,48,2,7.99,15.98
13685,5487,29,1,3.99,3.99
13686,5487,13,1,299.99,299.99
13687,5488,23,3,2.99,8.97
13688,5488,45,1,39.99,39.99
13689,5488,12,3,2499.99,7499.97
13690,5489,9,3,69.99,209.97
13691,5489,96,1,12999.99,12999.99
13692,5489,87,2,27.99,55.98
13693,5489,42,2,0.99,1.98
13694,5490,45,1,39.99,39.99
13695,5490,29,1,3.99,3.99
13696,5491,37,3,1.99,5.97
13697,5491,28,2,5.49,10.98
13698,5492,14,2,499.99,999.98
13699,5492,44,1,29.99,29.99
13700,5492,85,1,34.99,34.99
13701,5493,60,2,10.99,21.98
13702,5494,51,2,39.99,79.98
13703,5494,78,3,1999.99,5999.97
13704,5494,82,2,1499.99,2999.98
13705,5494,32,1,3.49,3.49
13706,5495,11,1,1899.99,1899.99
13707,5495,96,3,12999.99,38999.97
13708,5495,68,2,24.99,49.98
13709,5495,40,1,3.99,3.99
13710,5496,94,1,1499.99,1499.99
13711,5496,31,3,0.79,2.37
13712,5497,58,3,3.99,11.97
13713,5497,63,2,7.99,15.98
13714,5497,33,1,4.99,4.99
13715,5498,53,3,12.99,38.97
13716,5498,45,1,39.99,39.99
13717,5499,88,2,149.99,299.98
13718,5499,3,2,14.99,29.98
13719,5500,40,1,3.99,3.99
13720,5500,33,1,4.99,4.99
13721,5501,84,3,24.99,74.97
13722,5501,65,2,12.99,25.98
13723,5501,60,1,10.99,10.99
13724,5502,66,2,89.99,179.98
13725,5503,1,2,9.99,19.98
13726,5503,35,3,2.29,6.87
13727,5503,16,3,1.99,5.97
13728,5503,89,2,79.99,159.98
13729,5504,64,1,14.99,14.99
13730,5504,89,3,79.99,239.97
13731,5504,72,1,8.99,8.99
13732,5504,16,3,1.99,5.97
13733,5505,93,1,89.99,89.99
13734,5506,38,1,5.99,5.99
13735,5506,60,2,10.99,21.98
13736,5506,26,1,0.99,0.99
13737,5507,88,2,149.99,299.98
13738,5507,33,1,4.99,4.99
13739,5507,81,1,1099.99,1099.99
13740,5507,58,3,3.99,11.97
13741,5508,40,1,3.99,3.99
13742,5508,69,1,3.99,3.99
13743,5509,64,1,14.99,14.99
13744,5509,27,1,6.99,6.99
13745,5509,75,3,16.99,50.97
13746,5510,18,1,8.99,8.99
13747,5511,10,1,79.99,79.99
13748,5512,46,2,14.99,29.98
13749,5512,34,3,7.99,23.97
13750,5513,84,1,24.99,24.99
13751,5513,61,1,34.99,34.99
13752,5513,32,1,3.49,3.49
13753,5513,56,3,49.99,149.97
13754,5514,58,1,3.99,3.99
13755,5514,86,3,19.99,59.97
13756,5515,55,3,6.99,20.97
13757,5515,35,2,2.29,4.58
13758,5515,45,2,39.99,79.98
13759,5515,22,2,10.99,21.98
13760,5516,83,1,29.99,29.99
13761,5516,57,1,9.99,9.99
13762,5516,78,3,1999.99,5999.97
13763,5516,9,1,69.99,69.99
13764,5517,58,1,3.99,3.99
13765,5518,80,2,1399.99,2799.98
13766,5518,81,1,1099.99,1099.99
13767,5518,7,3,129.99,389.97
13768,5519,89,3,79.99,239.97
13769,5519,22,3,10.99,32.97
13770,5519,78,2,1999.99,3999.98
13771,5519,48,1,7.99,7.99
13772,5520,22,1,10.99,10.99
13773,5520,49,3,5.99,17.97
13774,5520,34,3,7.99,23.97
13775,5520,69,2,3.99,7.98
13776,5521,4,1,12.99,12.99
13777,5521,83,3,29.99,89.97
13778,5521,9,3,69.99,209.97
13779,5522,4,2,12.99,25.98
13780,5522,16,2,1.99,3.98
13781,5522,43,1,59.99,59.99
13782,5522,17,2,12.99,25.98
13783,5523,58,2,3.99,7.98
13784,5523,52,1,29.99,29.99
13785,5523,46,3,14.99,44.97
13786,5524,29,2,3.99,7.98
13787,5524,70,1,6.99,6.99
13788,5524,88,3,149.99,449.97
13789,5524,34,3,7.99,23.97
13790,5525,61,2,34.99,69.98
13791,5525,88,2,149.99,299.98
13792,5525,33,1,4.99,4.99
13793,5525,25,2,1.29,2.58
13794,5526,58,2,3.99,7.98
13795,5527,4,2,12.99,25.98
13796,5528,31,2,0.79,1.58
13797,5529,21,3,1.49,4.47
13798,5529,18,1,8.99,8.99
13799,5529,4,3,12.99,38.97
13800,5529,60,1,10.99,10.99
13801,5530,8,3,89.99,269.97
13802,5530,86,1,19.99,19.99
13803,5531,39,2,1.99,3.98
13804,5531,47,1,49.99,49.99
13805,5531,46,2,14.99,29.98
13806,5531,27,1,6.99,6.99
13807,5532,43,2,59.99,119.98
13808,5532,71,2,39.99,79.98
13809,5533,73,1,19.99,19.99
13810,5533,99,3,99.99,299.97
13811,5534,3,2,14.99,29.98
13812,5534,26,1,0.99,0.99
13813,5534,13,3,299.99,899.97
13814,5534,50,3,9.99,29.97
13815,5535,25,2,1.29,2.58
13816,5535,57,1,9.99,9.99
13817,5535,20,1,4.99,4.99
13818,5535,41,3,2.49,7.47
13819,5536,68,1,24.99,24.99
13820,5536,12,3,2499.99,7499.97
13821,5536,7,1,129.99,129.99
13822,5536,30,3,2.49,7.47
13823,5537,58,2,3.99,7.98
13824,5538,68,2,24.99,49.98
13825,5539,56,2,49.99,99.98
13826,5539,40,3,3.99,11.97
13827,5540,22,3,10.99,32.97
13828,5540,70,2,6.99,13.98
13829,5541,33,1,4.99,4.99
13830,5541,38,1,5.99,5.99
13831,5541,39,2,1.99,3.98
13832,5541,6,2,49.99,99.98
13833,5542,15,3,799.99,2399.97
13834,5542,3,2,14.99,29.98
13835,5543,63,3,7.99,23.97
13836,5543,66,1,89.99,89.99
13837,5543,52,2,29.99,59.98
13838,5544,56,1,49.99,49.99
13839,5545,39,1,1.99,1.99
13840,5546,87,1,27.99,27.99
13841,5546,60,3,10.99,32.97
13842,5547,46,1,14.99,14.99
13843,5547,35,3,2.29,6.87
13844,5547,67,1,15.99,15.99
13845,5547,89,2,79.99,159.98
13846,5548,61,1,34.99,34.99
13847,5548,83,3,29.99,89.97
13848,5548,55,3,6.99,20.97
13849,5548,4,2,12.99,25.98
13850,5549,52,3,29.99,89.97
13851,5549,14,3,499.99,1499.97
13852,5549,34,2,7.99,15.98
13853,5550,1,1,9.99,9.99
13854,5550,80,3,1399.99,4199.97
13855,5550,22,3,10.99,32.97
13856,5550,23,3,2.99,8.97
13857,5551,53,3,12.99,38.97
13858,5552,20,3,4.99,14.97
13859,5552,76,1,11.99,11.99
13860,5552,5,2,8.99,17.98
13861,5552,99,2,99.99,199.98
13862,5553,94,2,1499.99,2999.98
13863,5553,64,2,14.99,29.98
13864,5554,20,1,4.99,4.99
13865,5555,33,3,4.99,14.97
13866,5556,70,2,6.99,13.98
13867,5557,21,3,1.49,4.47
13868,5557,96,1,12999.99,12999.99
13869,5558,63,3,7.99,23.97
13870,5558,64,1,14.99,14.99
13871,5558,69,2,3.99,7.98
13872,5559,17,1,12.99,12.99
13873,5560,64,1,14.99,14.99
13874,5560,89,3,79.99,239.97
13875,5560,63,1,7.99,7.99
13876,5561,41,3,2.49,7.47
13877,5561,54,1,8.99,8.99
13878,5561,71,3,39.99,119.97
13879,5561,95,1,8999.99,8999.99
13880,5562,60,2,10.99,21.98
13881,5563,12,2,2499.99,4999.98
13882,5563,97,2,10999.99,21999.98
13883,5564,33,2,4.99,9.98
13884,5565,53,2,12.99,25.98
13885,5566,83,1,29.99,29.99
13886,5567,11,2,1899.99,3799.98
13887,5568,10,3,79.99,239.97
13888,5569,16,1,1.99,1.99
13889,5569,100,3,129.99,389.97
13890,5569,93,1,89.99,89.99
13891,5570,18,1,8.99,8.99
13892,5571,26,2,0.99,1.98
13893,5571,9,3,69.99,209.97
13894,5571,90,2,89.99,179.98
13895,5571,44,3,29.99,89.97
13896,5572,7,2,129.99,259.98
13897,5572,78,1,1999.99,1999.99
13898,5572,1,3,9.99,29.97
13899,5573,1,1,9.99,9.99
13900,5573,39,1,1.99,1.99
13901,5573,23,3,2.99,8.97
13902,5573,82,3,1499.99,4499.97
13903,5574,24,3,14.99,44.97
13904,5574,81,2,1099.99,2199.98
13905,5574,58,1,3.99,3.99
13906,5574,1,3,9.99,29.97
13907,5575,20,1,4.99,4.99
13908,5575,64,1,14.99,14.99
13909,5576,84,1,24.99,24.99
13910,5576,76,2,11.99,23.98
13911,5576,86,1,19.99,19.99
13912,5576,21,1,1.49,1.49
13913,5577,44,1,29.99,29.99
13914,5577,2,2,19.99,39.98
13915,5577,19,1,9.99,9.99
13916,5578,58,2,3.99,7.98
13917,5578,78,1,1999.99,1999.99
13918,5578,84,3,24.99,74.97
13919,5579,15,1,799.99,799.99
13920,5580,38,2,5.99,11.98
13921,5580,5,3,8.99,26.97
13922,5580,47,2,49.99,99.98
13923,5580,76,1,11.99,11.99
13924,5581,60,3,10.99,32.97
13925,5581,89,1,79.99,79.99
13926,5581,83,1,29.99,29.99
13927,5582,2,3,19.99,59.97
13928,5582,60,3,10.99,32.97
13929,5582,23,2,2.99,5.98
13930,5583,12,3,2499.99,7499.97
13931,5584,57,3,9.99,29.97
13932,5584,22,3,10.99,32.97
13933,5584,12,2,2499.99,4999.98
13934,5584,88,3,149.99,449.97
13935,5585,72,1,8.99,8.99
13936,5585,26,2,0.99,1.98
13937,5585,92,2,109.99,219.98
13938,5585,49,1,5.99,5.99
13939,5586,65,2,12.99,25.98
13940,5586,63,1,7.99,7.99
13941,5586,15,3,799.99,2399.97
13942,5587,64,3,14.99,44.97
13943,5588,34,1,7.99,7.99
13944,5589,4,3,12.99,38.97
13945,5589,35,2,2.29,4.58
13946,5589,98,3,13999.99,41999.97
13947,5590,4,2,12.99,25.98
13948,5591,6,1,49.99,49.99
13949,5591,47,1,49.99,49.99
13950,5591,8,3,89.99,269.97
13951,5591,70,1,6.99,6.99
13952,5592,3,1,14.99,14.99
13953,5593,51,2,39.99,79.98
13954,5593,86,1,19.99,19.99
13955,5594,81,1,1099.99,1099.99
13956,5594,6,1,49.99,49.99
13957,5594,94,3,1499.99,4499.97
13958,5594,14,1,499.99,499.99
13959,5595,75,2,16.99,33.98
13960,5596,3,2,14.99,29.98
13961,5597,60,3,10.99,32.97
13962,5597,84,1,24.99,24.99
13963,5597,40,3,3.99,11.97
13964,5597,61,3,34.99,104.97
13965,5598,14,1,499.99,499.99
13966,5598,33,2,4.99,9.98
13967,5598,30,3,2.49,7.47
13968,5598,29,3,3.99,11.97
13969,5599,84,2,24.99,49.98
13970,5599,46,3,14.99,44.97
13971,5599,25,3,1.29,3.87
13972,5600,90,1,89.99,89.99
13973,5600,17,1,12.99,12.99
13974,5601,89,3,79.99,239.97
13975,5602,85,1,34.99,34.99
13976,5602,19,2,9.99,19.98
13977,5603,80,3,1399.99,4199.97
13978,5603,93,1,89.99,89.99
13979,5603,68,3,24.99,74.97
13980,5604,33,3,4.99,14.97
13981,5605,47,1,49.99,49.99
13982,5606,39,2,1.99,3.98
13983,5606,65,1,12.99,12.99
13984,5606,71,2,39.99,79.98
13985,5607,63,2,7.99,15.98
13986,5608,29,1,3.99,3.99
13987,5608,23,1,2.99,2.99
13988,5608,11,2,1899.99,3799.98
13989,5609,57,2,9.99,19.98
13990,5610,58,2,3.99,7.98
13991,5610,62,1,5.99,5.99
13992,5610,78,1,1999.99,1999.99
13993,5610,30,1,2.49,2.49
13994,5611,94,3,1499.99,4499.97
13995,5612,96,1,12999.99,12999.99
13996,5612,7,3,129.99,389.97
13997,5613,68,1,24.99,24.99
13998,5613,70,1,6.99,6.99
13999,5613,100,1,129.99,129.99
14000,5613,39,2,1.99,3.98
14001,5614,89,1,79.99,79.99
14002,5614,33,2,4.99,9.98
14003,5614,12,2,2499.99,4999.98
14004,5615,67,2,15.99,31.98
14005,5615,24,1,14.99,14.99
14006,5615,15,2,799.99,1599.98
14007,5615,8,1,89.99,89.99
14008,5616,100,2,129.99,259.98
14009,5616,58,3,3.99,11.97
14010,5616,33,2,4.99,9.98
14011,5617,49,1,5.99,5.99
14012,5618,62,2,5.99,11.98
14013,5619,46,2,14.99,29.98
14014,5620,26,2,0.99,1.98
14015,5621,17,3,12.99,38.97
14016,5621,13,2,299.99,599.98
14017,5621,60,3,10.99,32.97
14018,5622,31,3,0.79,2.37
14019,5622,53,2,12.99,25.98
14020,5622,46,2,14.99,29.98
14021,5623,54,2,8.99,17.98
14022,5624,92,3,109.99,329.97
14023,5624,50,2,9.99,19.98
14024,5624,80,2,1399.99,2799.98
14025,5624,87,1,27.99,27.99
14026,5625,67,2,15.99,31.98
14027,5625,58,2,3.99,7.98
14028,5626,94,1,1499.99,1499.99
14029,5626,2,1,19.99,19.99
14030,5627,8,2,89.99,179.98
14031,5627,84,3,24.99,74.97
14032,5628,9,2,69.99,139.98
14033,5628,30,2,2.49,4.98
14034,5629,62,2,5.99,11.98
14035,5629,90,2,89.99,179.98
14036,5629,50,1,9.99,9.99
14037,5629,71,1,39.99,39.99
14038,5630,85,3,34.99,104.97
14039,5630,40,2,3.99,7.98
14040,5630,74,3,4.99,14.97
14041,5631,49,3,5.99,17.97
14042,5631,91,3,119.99,359.97
14043,5632,27,3,6.99,20.97
14044,5633,81,1,1099.99,1099.99
14045,5634,20,3,4.99,14.97
14046,5635,84,2,24.99,49.98
14047,5636,72,3,8.99,26.97
14048,5637,95,1,8999.99,8999.99
14049,5637,10,2,79.99,159.98
14050,5637,61,3,34.99,104.97
14051,5638,98,2,13999.99,27999.98
14052,5638,67,2,15.99,31.98
14053,5639,1,2,9.99,19.98
14054,5639,82,1,1499.99,1499.99
14055,5639,44,1,29.99,29.99
14056,5639,42,1,0.99,0.99
14057,5640,58,3,3.99,11.97
14058,5640,42,1,0.99,0.99
14059,5640,84,2,24.99,49.98
14060,5641,60,3,10.99,32.97
14061,5641,18,2,8.99,17.98
14062,5642,19,2,9.99,19.98
14063,5642,50,3,9.99,29.97
14064,5642,90,3,89.99,269.97
14065,5643,47,1,49.99,49.99
14066,5644,35,1,2.29,2.29
14067,5644,79,2,1799.99,3599.98
14068,5644,3,2,14.99,29.98
14069,5644,22,3,10.99,32.97
14070,5645,82,3,1499.99,4499.97
14071,5645,32,3,3.49,10.47
14072,5645,86,3,19.99,59.97
14073,5645,20,3,4.99,14.97
14074,5646,14,2,499.99,999.98
14075,5647,49,3,5.99,17.97
14076,5647,1,3,9.99,29.97
14077,5647,35,2,2.29,4.58
14078,5647,81,2,1099.99,2199.98
14079,5648,92,3,109.99,329.97
14080,5648,54,3,8.99,26.97
14081,5649,13,2,299.99,599.98
14082,5649,45,1,39.99,39.99
14083,5650,98,2,13999.99,27999.98
14084,5651,62,3,5.99,17.97
14085,5651,63,3,7.99,23.97
14086,5651,71,1,39.99,39.99
14087,5651,4,1,12.99,12.99
14088,5652,34,1,7.99,7.99
14089,5652,28,1,5.49,5.49
14090,5652,8,2,89.99,179.98
14091,5653,23,2,2.99,5.98
14092,5653,52,1,29.99,29.99
14093,5653,92,1,109.99,109.99
14094,5654,89,1,79.99,79.99
14095,5654,34,3,7.99,23.97
14096,5654,92,2,109.99,219.98
14097,5654,1,1,9.99,9.99
14098,5655,46,1,14.99,14.99
14099,5655,31,3,0.79,2.37
14100,5655,15,2,799.99,1599.98
14101,5655,65,1,12.99,12.99
14102,5656,39,1,1.99,1.99
14103,5656,70,1,6.99,6.99
14104,5656,58,2,3.99,7.98
14105,5656,50,3,9.99,29.97
14106,5657,65,1,12.99,12.99
14107,5657,89,3,79.99,239.97
14108,5657,32,3,3.49,10.47
14109,5657,81,2,1099.99,2199.98
14110,5658,15,1,799.99,799.99
14111,5658,43,3,59.99,179.97
14112,5658,14,1,499.99,499.99
14113,5658,8,2,89.99,179.98
14114,5659,5,3,8.99,26.97
14115,5659,85,2,34.99,69.98
14116,5660,95,1,8999.99,8999.99
14117,5660,94,2,1499.99,2999.98
14118,5660,60,3,10.99,32.97
14119,5660,9,3,69.99,209.97
14120,5661,58,3,3.99,11.97
14121,5661,84,1,24.99,24.99
14122,5661,47,3,49.99,149.97
14123,5661,34,1,7.99,7.99
14124,5662,11,1,1899.99,1899.99
14125,5662,69,1,3.99,3.99
14126,5663,97,1,10999.99,10999.99
14127,5663,7,2,129.99,259.98
14128,5663,76,2,11.99,23.98
14129,5663,99,2,99.99,199.98
14130,5664,33,1,4.99,4.99
14131,5664,68,1,24.99,24.99
14132,5664,93,2,89.99,179.98
14133,5665,98,3,13999.99,41999.97
14134,5665,40,3,3.99,11.97
14135,5666,79,3,1799.99,5399.97
14136,5666,3,1,14.99,14.99
14137,5666,81,2,1099.99,2199.98
14138,5667,9,2,69.99,139.98
14139,5668,96,3,12999.99,38999.97
14140,5668,59,3,4.99,14.97
14141,5669,41,3,2.49,7.47
14142,5670,32,2,3.49,6.98
14143,5670,36,3,19.99,59.97
14144,5670,88,3,149.99,449.97
14145,5671,90,3,89.99,269.97
14146,5672,81,2,1099.99,2199.98
14147,5672,38,2,5.99,11.98
14148,5673,48,2,7.99,15.98
14149,5673,61,2,34.99,69.98
14150,5673,49,2,5.99,11.98
14151,5673,2,2,19.99,39.98
14152,5674,4,2,12.99,25.98
14153,5674,98,2,13999.99,27999.98
14154,5674,59,2,4.99,9.98
14155,5675,47,1,49.99,49.99
14156,5675,81,3,1099.99,3299.97
14157,5676,87,1,27.99,27.99
14158,5676,98,1,13999.99,13999.99
14159,5677,23,1,2.99,2.99
14160,5678,38,2,5.99,11.98
14161,5679,7,1,129.99,129.99
14162,5679,44,2,29.99,59.98
14163,5679,77,2,5.99,11.98
14164,5679,17,2,12.99,25.98
14165,5680,36,2,19.99,39.98
14166,5681,70,1,6.99,6.99
14167,5682,35,3,2.29,6.87
14168,5682,32,1,3.49,3.49
14169,5683,13,1,299.99,299.99
14170,5683,59,1,4.99,4.99
14171,5684,35,3,2.29,6.87
14172,5684,90,1,89.99,89.99
14173,5685,8,1,89.99,89.99
14174,5685,93,1,89.99,89.99
14175,5685,6,3,49.99,149.97
14176,5685,15,1,799.99,799.99
14177,5686,34,1,7.99,7.99
14178,5686,6,1,49.99,49.99
14179,5687,31,1,0.79,0.79
14180,5688,16,1,1.99,1.99
14181,5688,71,1,39.99,39.99
14182,5688,18,3,8.99,26.97
14183,5688,49,1,5.99,5.99
14184,5689,99,2,99.99,199.98
14185,5689,60,2,10.99,21.98
14186,5690,43,3,59.99,179.97
14187,5690,8,1,89.99,89.99
14188,5691,65,1,12.99,12.99
14189,5692,4,1,12.99,12.99
14190,5692,5,2,8.99,17.98
14191,5693,50,3,9.99,29.97
14192,5694,47,1,49.99,49.99
14193,5694,71,3,39.99,119.97
14194,5695,31,1,0.79,0.79
14195,5695,71,2,39.99,79.98
14196,5695,100,1,129.99,129.99
14197,5695,67,2,15.99,31.98
14198,5696,1,2,9.99,19.98
14199,5696,67,1,15.99,15.99
14200,5696,45,1,39.99,39.99
14201,5696,31,2,0.79,1.58
14202,5697,77,2,5.99,11.98
14203,5697,9,3,69.99,209.97
14204,5697,54,2,8.99,17.98
14205,5697,50,3,9.99,29.97
14206,5698,84,3,24.99,74.97
14207,5698,57,1,9.99,9.99
14208,5699,37,1,1.99,1.99
14209,5699,93,2,89.99,179.98
14210,5699,91,3,119.99,359.97
14211,5700,72,2,8.99,17.98
14212,5700,5,3,8.99,26.97
14213,5700,95,1,8999.99,8999.99
14214,5701,72,3,8.99,26.97
14215,5702,25,3,1.29,3.87
14216,5702,6,1,49.99,49.99
14217,5702,26,3,0.99,2.97
14218,5702,80,1,1399.99,1399.99
14219,5703,68,1,24.99,24.99
14220,5703,96,2,12999.99,25999.98
14221,5704,53,1,12.99,12.99
14222,5704,70,1,6.99,6.99
14223,5704,20,1,4.99,4.99
14224,5705,99,2,99.99,199.98
14225,5706,13,3,299.99,899.97
14226,5706,41,2,2.49,4.98
14227,5707,58,2,3.99,7.98
14228,5707,21,3,1.49,4.47
14229,5707,6,1,49.99,49.99
14230,5707,76,1,11.99,11.99
14231,5708,97,3,10999.99,32999.97
14232,5708,96,3,12999.99,38999.97
14233,5708,79,1,1799.99,1799.99
14234,5709,3,1,14.99,14.99
14235,5709,48,1,7.99,7.99
14236,5709,57,1,9.99,9.99
14237,5710,98,1,13999.99,13999.99
14238,5710,54,2,8.99,17.98
14239,5710,47,1,49.99,49.99
14240,5711,7,2,129.99,259.98
14241,5711,89,3,79.99,239.97
14242,5712,51,1,39.99,39.99
14243,5712,41,3,2.49,7.47
14244,5713,27,2,6.99,13.98
14245,5713,42,1,0.99,0.99
14246,5713,12,1,2499.99,2499.99
14247,5714,68,1,24.99,24.99
14248,5714,78,1,1999.99,1999.99
14249,5714,25,2,1.29,2.58
14250,5714,5,2,8.99,17.98
14251,5715,12,2,2499.99,4999.98
14252,5715,83,1,29.99,29.99
14253,5715,76,3,11.99,35.97
14254,5716,34,2,7.99,15.98
14255,5717,95,1,8999.99,8999.99
14256,5718,10,3,79.99,239.97
14257,5718,40,1,3.99,3.99
14258,5718,41,1,2.49,2.49
14259,5719,52,3,29.99,89.97
14260,5719,20,3,4.99,14.97
14261,5720,65,3,12.99,38.97
14262,5721,76,1,11.99,11.99
14263,5721,24,3,14.99,44.97
14264,5721,44,2,29.99,59.98
14265,5722,15,1,799.99,799.99
14266,5723,63,2,7.99,15.98
14267,5723,34,2,7.99,15.98
14268,5723,95,1,8999.99,8999.99
14269,5723,100,2,129.99,259.98
14270,5724,89,2,79.99,159.98
14271,5724,4,2,12.99,25.98
14272,5724,9,1,69.99,69.99
14273,5725,20,2,4.99,9.98
14274,5725,74,2,4.99,9.98
14275,5725,77,3,5.99,17.97
14276,5726,72,3,8.99,26.97
14277,5726,36,1,19.99,19.99
14278,5726,79,2,1799.99,3599.98
14279,5727,75,3,16.99,50.97
14280,5727,35,1,2.29,2.29
14281,5727,6,2,49.99,99.98
14282,5728,2,1,19.99,19.99
14283,5729,61,1,34.99,34.99
14284,5729,3,2,14.99,29.98
14285,5729,12,3,2499.99,7499.97
14286,5730,29,1,3.99,3.99
14287,5731,46,2,14.99,29.98
14288,5732,41,3,2.49,7.47
14289,5732,78,2,1999.99,3999.98
14290,5732,79,3,1799.99,5399.97
14291,5733,53,3,12.99,38.97
14292,5733,50,1,9.99,9.99
14293,5733,85,1,34.99,34.99
14294,5734,89,3,79.99,239.97
14295,5734,20,2,4.99,9.98
14296,5734,36,1,19.99,19.99
14297,5734,7,2,129.99,259.98
14298,5735,49,1,5.99,5.99
14299,5735,87,2,27.99,55.98
14300,5736,90,1,89.99,89.99
14301,5736,96,3,12999.99,38999.97
14302,5736,15,2,799.99,1599.98
14303,5737,33,3,4.99,14.97
14304,5737,41,2,2.49,4.98
14305,5737,9,1,69.99,69.99
14306,5738,53,1,12.99,12.99
14307,5738,43,1,59.99,59.99
14308,5739,18,2,8.99,17.98
14309,5739,42,1,0.99,0.99
14310,5739,20,3,4.99,14.97
14311,5740,37,1,1.99,1.99
14312,5740,7,2,129.99,259.98
14313,5740,70,3,6.99,20.97
14314,5741,8,3,89.99,269.97
14315,5741,45,2,39.99,79.98
14316,5742,86,1,19.99,19.99
14317,5742,49,1,5.99,5.99
14318,5742,93,1,89.99,89.99
14319,5742,74,2,4.99,9.98
14320,5743,98,3,13999.99,41999.97
14321,5744,59,3,4.99,14.97
14322,5744,96,2,12999.99,25999.98
14323,5745,4,2,12.99,25.98
14324,5745,52,1,29.99,29.99
14325,5745,89,2,79.99,159.98
14326,5746,95,1,8999.99,8999.99
14327,5746,75,2,16.99,33.98
14328,5746,94,3,1499.99,4499.97
14329,5747,44,2,29.99,59.98
14330,5748,27,2,6.99,13.98
14331,5748,16,2,1.99,3.98
14332,5749,56,2,49.99,99.98
14333,5749,5,3,8.99,26.97
14334,5749,88,2,149.99,299.98
14335,5750,33,1,4.99,4.99
14336,5750,41,2,2.49,4.98
14337,5750,71,1,39.99,39.99
14338,5751,44,2,29.99,59.98
14339,5751,41,3,2.49,7.47
14340,5751,70,3,6.99,20.97
14341,5751,8,1,89.99,89.99
14342,5752,87,3,27.99,83.97
14343,5752,96,1,12999.99,12999.99
14344,5752,99,2,99.99,199.98
14345,5753,33,3,4.99,14.97
14346,5753,27,2,6.99,13.98
14347,5753,28,2,5.49,10.98
14348,5754,74,1,4.99,4.99
14349,5755,28,3,5.49,16.47
14350,5756,39,3,1.99,5.97
14351,5757,62,1,5.99,5.99
14352,5757,63,2,7.99,15.98
14353,5757,4,1,12.99,12.99
14354,5757,55,1,6.99,6.99
14355,5758,93,1,89.99,89.99
14356,5758,99,3,99.99,299.97
14357,5758,87,1,27.99,27.99
14358,5758,56,1,49.99,49.99
14359,5759,28,2,5.49,10.98
14360,5759,14,2,499.99,999.98
14361,5759,26,3,0.99,2.97
14362,5759,38,1,5.99,5.99
14363,5760,92,2,109.99,219.98
14364,5761,18,1,8.99,8.99
14365,5762,79,3,1799.99,5399.97
14366,5762,91,2,119.99,239.98
14367,5763,33,2,4.99,9.98
14368,5763,2,2,19.99,39.98
14369,5763,15,1,799.99,799.99
14370,5764,31,1,0.79,0.79
14371,5764,80,2,1399.99,2799.98
14372,5765,65,3,12.99,38.97
14373,5765,13,1,299.99,299.99
14374,5765,39,2,1.99,3.98
14375,5765,66,1,89.99,89.99
14376,5766,71,1,39.99,39.99
14377,5767,90,3,89.99,269.97
14378,5767,49,2,5.99,11.98
14379,5767,46,3,14.99,44.97
14380,5768,4,1,12.99,12.99
14381,5768,95,3,8999.99,26999.97
14382,5768,34,3,7.99,23.97
14383,5769,91,3,119.99,359.97
14384,5769,8,2,89.99,179.98
14385,5769,57,1,9.99,9.99
14386,5769,2,1,19.99,19.99
14387,5770,80,1,1399.99,1399.99
14388,5771,79,1,1799.99,1799.99
14389,5772,63,2,7.99,15.98
14390,5772,20,1,4.99,4.99
14391,5773,48,3,7.99,23.97
14392,5773,79,3,1799.99,5399.97
14393,5774,54,2,8.99,17.98
14394,5774,38,1,5.99,5.99
14395,5774,19,2,9.99,19.98
14396,5774,73,2,19.99,39.98
14397,5775,57,2,9.99,19.98
14398,5775,38,1,5.99,5.99
14399,5776,54,2,8.99,17.98
14400,5776,100,1,129.99,129.99
14401,5777,43,1,59.99,59.99
14402,5778,9,1,69.99,69.99
14403,5778,3,1,14.99,14.99
14404,5778,6,1,49.99,49.99
14405,5778,97,3,10999.99,32999.97
14406,5779,27,2,6.99,13.98
14407,5779,45,2,39.99,79.98
14408,5779,36,2,19.99,39.98
14409,5780,14,2,499.99,999.98
14410,5780,43,2,59.99,119.98
14411,5780,34,2,7.99,15.98
14412,5780,52,1,29.99,29.99
14413,5781,39,3,1.99,5.97
14414,5781,29,1,3.99,3.99
14415,5781,86,1,19.99,19.99
14416,5782,11,1,1899.99,1899.99
14417,5782,46,1,14.99,14.99
14418,5782,51,1,39.99,39.99
14419,5783,46,1,14.99,14.99
14420,5783,86,3,19.99,59.97
14421,5783,68,2,24.99,49.98
14422,5783,59,2,4.99,9.98
14423,5784,37,1,1.99,1.99
14424,5785,19,1,9.99,9.99
14425,5785,47,1,49.99,49.99
14426,5786,100,3,129.99,389.97
14427,5787,45,3,39.99,119.97
14428,5787,35,3,2.29,6.87
14429,5788,43,2,59.99,119.98
14430,5788,13,1,299.99,299.99
14431,5789,22,3,10.99,32.97
14432,5789,100,2,129.99,259.98
14433,5789,12,1,2499.99,2499.99
14434,5789,46,3,14.99,44.97
14435,5790,14,3,499.99,1499.97
14436,5790,49,1,5.99,5.99
14437,5790,70,3,6.99,20.97
14438,5791,12,2,2499.99,4999.98
14439,5791,11,3,1899.99,5699.97
14440,5792,46,2,14.99,29.98
14441,5792,43,2,59.99,119.98
14442,5793,40,2,3.99,7.98
14443,5793,55,3,6.99,20.97
14444,5794,95,3,8999.99,26999.97
14445,5794,67,2,15.99,31.98
14446,5794,14,2,499.99,999.98
14447,5795,65,2,12.99,25.98
14448,5795,45,1,39.99,39.99
14449,5795,43,3,59.99,179.97
14450,5795,27,2,6.99,13.98
14451,5796,9,2,69.99,139.98
14452,5796,32,3,3.49,10.47
14453,5796,39,1,1.99,1.99
14454,5796,59,3,4.99,14.97
14455,5797,83,1,29.99,29.99
14456,5798,1,3,9.99,29.97
14457,5798,96,2,12999.99,25999.98
14458,5798,57,3,9.99,29.97
14459,5799,25,2,1.29,2.58
14460,5799,78,2,1999.99,3999.98
14461,5799,96,3,12999.99,38999.97
14462,5800,45,1,39.99,39.99
14463,5800,35,2,2.29,4.58
14464,5800,78,2,1999.99,3999.98
14465,5800,76,2,11.99,23.98
14466,5801,20,1,4.99,4.99
14467,5802,55,2,6.99,13.98
14468,5802,89,3,79.99,239.97
14469,5803,36,1,19.99,19.99
14470,5803,75,1,16.99,16.99
14471,5803,72,1,8.99,8.99
14472,5803,76,2,11.99,23.98
14473,5804,60,2,10.99,21.98
14474,5804,94,1,1499.99,1499.99
14475,5804,36,2,19.99,39.98
14476,5804,82,2,1499.99,2999.98
14477,5805,43,1,59.99,59.99
14478,5805,58,1,3.99,3.99
14479,5805,20,2,4.99,9.98
14480,5805,57,3,9.99,29.97
14481,5806,15,2,799.99,1599.98
14482,5806,22,2,10.99,21.98
14483,5806,98,2,13999.99,27999.98
14484,5807,59,2,4.99,9.98
14485,5807,75,2,16.99,33.98
14486,5807,56,3,49.99,149.97
14487,5808,81,2,1099.99,2199.98
14488,5808,64,1,14.99,14.99
14489,5808,50,2,9.99,19.98
14490,5809,27,1,6.99,6.99
14491,5810,69,3,3.99,11.97
14492,5810,61,1,34.99,34.99
14493,5810,27,3,6.99,20.97
14494,5811,49,1,5.99,5.99
14495,5811,89,3,79.99,239.97
14496,5812,71,1,39.99,39.99
14497,5812,59,3,4.99,14.97
14498,5813,43,3,59.99,179.97
14499,5813,56,2,49.99,99.98
14500,5813,80,2,1399.99,2799.98
14501,5813,49,3,5.99,17.97
14502,5814,97,3,10999.99,32999.97
14503,5814,25,1,1.29,1.29
14504,5814,87,2,27.99,55.98
14505,5815,54,1,8.99,8.99
14506,5815,58,3,3.99,11.97
14507,5815,92,2,109.99,219.98
14508,5815,94,2,1499.99,2999.98
14509,5816,30,3,2.49,7.47
14510,5817,37,2,1.99,3.98
14511,5818,53,1,12.99,12.99
14512,5818,30,2,2.49,4.98
14513,5818,35,1,2.29,2.29
14514,5818,67,2,15.99,31.98
14515,5819,39,3,1.99,5.97
14516,5819,43,3,59.99,179.97
14517,5820,65,2,12.99,25.98
14518,5821,48,2,7.99,15.98
14519,5821,31,3,0.79,2.37
14520,5821,80,2,1399.99,2799.98
14521,5821,12,1,2499.99,2499.99
14522,5822,49,2,5.99,11.98
14523,5822,91,3,119.99,359.97
14524,5823,15,3,799.99,2399.97
14525,5823,51,2,39.99,79.98
14526,5824,83,2,29.99,59.98
14527,5825,58,3,3.99,11.97
14528,5826,73,1,19.99,19.99
14529,5826,36,2,19.99,39.98
14530,5826,79,2,1799.99,3599.98
14531,5826,99,3,99.99,299.97
14532,5827,96,3,12999.99,38999.97
14533,5827,78,2,1999.99,3999.98
14534,5827,33,1,4.99,4.99
14535,5828,51,3,39.99,119.97
14536,5828,70,3,6.99,20.97
14537,5828,8,2,89.99,179.98
14538,5829,36,1,19.99,19.99
14539,5829,19,2,9.99,19.98
14540,5829,38,1,5.99,5.99
14541,5830,82,3,1499.99,4499.97
14542,5831,29,2,3.99,7.98
14543,5831,23,2,2.99,5.98
14544,5831,94,3,1499.99,4499.97
14545,5831,51,2,39.99,79.98
14546,5832,15,2,799.99,1599.98
14547,5832,73,1,19.99,19.99
14548,5832,6,3,49.99,149.97
14549,5832,17,2,12.99,25.98
14550,5833,86,3,19.99,59.97
14551,5833,13,1,299.99,299.99
14552,5833,93,3,89.99,269.97
14553,5834,100,1,129.99,129.99
14554,5834,16,1,1.99,1.99
14555,5835,70,3,6.99,20.97
14556,5836,99,2,99.99,199.98
14557,5836,91,3,119.99,359.97
14558,5836,38,3,5.99,17.97
14559,5836,98,2,13999.99,27999.98
14560,5837,41,1,2.49,2.49
14561,5838,25,3,1.29,3.87
14562,5838,76,1,11.99,11.99
14563,5838,72,3,8.99,26.97
14564,5839,35,2,2.29,4.58
14565,5839,17,1,12.99,12.99
14566,5839,100,1,129.99,129.99
14567,5840,46,2,14.99,29.98
14568,5840,81,1,1099.99,1099.99
14569,5841,6,3,49.99,149.97
14570,5841,92,2,109.99,219.98
14571,5841,34,2,7.99,15.98
14572,5841,32,1,3.49,3.49
14573,5842,79,3,1799.99,5399.97
14574,5843,69,3,3.99,11.97
14575,5843,64,1,14.99,14.99
14576,5843,59,3,4.99,14.97
14577,5844,50,1,9.99,9.99
14578,5844,57,1,9.99,9.99
14579,5844,37,3,1.99,5.97
14580,5844,35,2,2.29,4.58
14581,5845,52,1,29.99,29.99
14582,5845,6,2,49.99,99.98
14583,5845,82,3,1499.99,4499.97
14584,5846,72,1,8.99,8.99
14585,5846,12,3,2499.99,7499.97
14586,5846,41,3,2.49,7.47
14587,5846,71,2,39.99,79.98
14588,5847,89,3,79.99,239.97
14589,5847,40,2,3.99,7.98
14590,5847,45,1,39.99,39.99
14591,5847,49,2,5.99,11.98
14592,5848,41,2,2.49,4.98
14593,5848,83,3,29.99,89.97
14594,5849,81,1,1099.99,1099.99
14595,5849,65,1,12.99,12.99
14596,5849,34,1,7.99,7.99
14597,5850,67,2,15.99,31.98
14598,5850,100,1,129.99,129.99
14599,5851,26,3,0.99,2.97
14600,5851,70,2,6.99,13.98
14601,5851,45,1,39.99,39.99
14602,5851,53,2,12.99,25.98
14603,5852,59,2,4.99,9.98
14604,5852,28,2,5.49,10.98
14605,5852,8,1,89.99,89.99
14606,5853,92,1,109.99,109.99
14607,5854,71,3,39.99,119.97
14608,5854,9,3,69.99,209.97
14609,5854,97,1,10999.99,10999.99
14610,5854,52,3,29.99,89.97
14611,5855,53,3,12.99,38.97
14612,5855,50,3,9.99,29.97
14613,5855,82,1,1499.99,1499.99
14614,5856,20,2,4.99,9.98
14615,5856,37,1,1.99,1.99
14616,5856,2,1,19.99,19.99
14617,5856,36,1,19.99,19.99
14618,5857,64,2,14.99,29.98
14619,5857,70,2,6.99,13.98
14620,5858,85,1,34.99,34.99
14621,5858,6,2,49.99,99.98
14622,5859,37,3,1.99,5.97
14623,5859,9,3,69.99,209.97
14624,5860,15,3,799.99,2399.97
14625,5860,70,2,6.99,13.98
14626,5860,22,2,10.99,21.98
14627,5861,20,1,4.99,4.99
14628,5861,45,3,39.99,119.97
14629,5861,21,1,1.49,1.49
14630,5861,49,3,5.99,17.97
14631,5862,71,2,39.99,79.98
14632,5862,21,3,1.49,4.47
14633,5862,24,2,14.99,29.98
14634,5862,54,2,8.99,17.98
14635,5863,7,1,129.99,129.99
14636,5863,33,3,4.99,14.97
14637,5863,88,2,149.99,299.98
14638,5863,82,2,1499.99,2999.98
14639,5864,26,1,0.99,0.99
14640,5864,2,2,19.99,39.98
14641,5864,24,2,14.99,29.98
14642,5865,45,2,39.99,79.98
14643,5866,37,2,1.99,3.98
14644,5866,80,2,1399.99,2799.98
14645,5866,11,1,1899.99,1899.99
14646,5866,20,1,4.99,4.99
14647,5867,18,2,8.99,17.98
14648,5867,58,2,3.99,7.98
14649,5867,27,3,6.99,20.97
14650,5868,85,2,34.99,69.98
14651,5868,40,3,3.99,11.97
14652,5869,31,2,0.79,1.58
14653,5869,68,1,24.99,24.99
14654,5869,28,3,5.49,16.47
14655,5870,99,2,99.99,199.98
14656,5870,10,3,79.99,239.97
14657,5870,97,1,10999.99,10999.99
14658,5870,27,3,6.99,20.97
14659,5871,12,1,2499.99,2499.99
14660,5871,87,3,27.99,83.97
14661,5872,54,1,8.99,8.99
14662,5872,81,2,1099.99,2199.98
14663,5873,89,3,79.99,239.97
14664,5873,47,2,49.99,99.98
14665,5873,3,3,14.99,44.97
14666,5873,13,3,299.99,899.97
14667,5874,59,2,4.99,9.98
14668,5874,31,1,0.79,0.79
14669,5874,47,1,49.99,49.99
14670,5875,54,3,8.99,26.97
14671,5875,78,1,1999.99,1999.99
14672,5875,17,3,12.99,38.97
14673,5875,46,3,14.99,44.97
14674,5876,60,3,10.99,32.97
14675,5877,49,2,5.99,11.98
14676,5877,5,2,8.99,17.98
14677,5877,7,3,129.99,389.97
14678,5877,56,2,49.99,99.98
14679,5878,41,3,2.49,7.47
14680,5879,79,3,1799.99,5399.97
14681,5879,91,3,119.99,359.97
14682,5879,99,1,99.99,99.99
14683,5879,12,3,2499.99,7499.97
14684,5880,36,1,19.99,19.99
14685,5880,49,3,5.99,17.97
14686,5880,40,1,3.99,3.99
14687,5880,14,3,499.99,1499.97
14688,5881,66,1,89.99,89.99
14689,5881,54,3,8.99,26.97
14690,5881,16,1,1.99,1.99
14691,5881,21,3,1.49,4.47
14692,5882,62,2,5.99,11.98
14693,5882,96,2,12999.99,25999.98
14694,5883,3,2,14.99,29.98
14695,5883,72,2,8.99,17.98
14696,5883,75,3,16.99,50.97
14697,5883,20,3,4.99,14.97
14698,5884,98,2,13999.99,27999.98
14699,5885,17,2,12.99,25.98
14700,5885,99,3,99.99,299.97
14701,5886,79,3,1799.99,5399.97
14702,5886,90,2,89.99,179.98
14703,5886,16,3,1.99,5.97
14704,5887,26,1,0.99,0.99
14705,5887,56,1,49.99,49.99
14706,5888,1,1,9.99,9.99
14707,5888,42,3,0.99,2.97
14708,5889,54,3,8.99,26.97
14709,5889,19,1,9.99,9.99
14710,5889,99,1,99.99,99.99
14711,5889,64,2,14.99,29.98
14712,5890,18,2,8.99,17.98
14713,5890,36,3,19.99,59.97
14714,5890,19,1,9.99,9.99
14715,5891,13,2,299.99,599.98
14716,5891,58,2,3.99,7.98
14717,5891,73,1,19.99,19.99
14718,5892,12,2,2499.99,4999.98
14719,5892,66,2,89.99,179.98
14720,5893,89,3,79.99,239.97
14721,5893,91,3,119.99,359.97
14722,5894,44,3,29.99,89.97
14723,5894,80,3,1399.99,4199.97
14724,5894,39,2,1.99,3.98
14725,5894,57,1,9.99,9.99
14726,5895,69,1,3.99,3.99
14727,5895,43,3,59.99,179.97
14728,5895,58,1,3.99,3.99
14729,5896,38,2,5.99,11.98
14730,5896,66,2,89.99,179.98
14731,5896,73,2,19.99,39.98
14732,5896,90,3,89.99,269.97
14733,5897,52,3,29.99,89.97
14734,5897,71,2,39.99,79.98
14735,5898,45,2,39.99,79.98
14736,5898,12,2,2499.99,4999.98
14737,5899,29,3,3.99,11.97
14738,5899,99,2,99.99,199.98
14739,5899,32,3,3.49,10.47
14740,5899,60,2,10.99,21.98
14741,5900,68,3,24.99,74.97
14742,5900,3,3,14.99,44.97
14743,5900,19,3,9.99,29.97
14744,5900,12,2,2499.99,4999.98
14745,5901,6,1,49.99,49.99
14746,5901,36,3,19.99,59.97
14747,5901,55,1,6.99,6.99
14748,5902,50,1,9.99,9.99
14749,5903,87,2,27.99,55.98
14750,5903,10,1,79.99,79.99
14751,5903,90,1,89.99,89.99
14752,5904,49,2,5.99,11.98
14753,5904,93,2,89.99,179.98
14754,5905,67,1,15.99,15.99
14755,5905,44,2,29.99,59.98
14756,5906,17,1,12.99,12.99
14757,5906,34,2,7.99,15.98
14758,5906,16,1,1.99,1.99
14759,5907,86,3,19.99,59.97
14760,5907,55,1,6.99,6.99
14761,5907,42,1,0.99,0.99
14762,5908,4,2,12.99,25.98
14763,5909,54,1,8.99,8.99
14764,5910,14,3,499.99,1499.97
14765,5910,68,3,24.99,74.97
14766,5911,34,3,7.99,23.97
14767,5912,5,3,8.99,26.97
14768,5912,24,3,14.99,44.97
14769,5912,100,3,129.99,389.97
14770,5913,46,1,14.99,14.99
14771,5914,53,2,12.99,25.98
14772,5914,25,1,1.29,1.29
14773,5915,2,1,19.99,19.99
14774,5915,71,1,39.99,39.99
14775,5915,80,1,1399.99,1399.99
14776,5916,15,3,799.99,2399.97
14777,5916,76,1,11.99,11.99
14778,5916,55,1,6.99,6.99
14779,5916,97,1,10999.99,10999.99
14780,5917,75,2,16.99,33.98
14781,5918,85,3,34.99,104.97
14782,5918,8,2,89.99,179.98
14783,5919,5,1,8.99,8.99
14784,5919,60,2,10.99,21.98
14785,5919,50,3,9.99,29.97
14786,5919,39,1,1.99,1.99
14787,5920,9,2,69.99,139.98
14788,5920,48,2,7.99,15.98
14789,5921,50,3,9.99,29.97
14790,5922,26,1,0.99,0.99
14791,5923,74,2,4.99,9.98
14792,5923,79,2,1799.99,3599.98
14793,5923,44,3,29.99,89.97
14794,5924,76,2,11.99,23.98
14795,5924,61,2,34.99,69.98
14796,5924,72,1,8.99,8.99
14797,5925,91,1,119.99,119.99
14798,5926,100,2,129.99,259.98
14799,5927,20,2,4.99,9.98
14800,5927,57,2,9.99,19.98
14801,5927,9,3,69.99,209.97
14802,5927,61,1,34.99,34.99
14803,5928,61,3,34.99,104.97
14804,5929,4,1,12.99,12.99
14805,5929,80,1,1399.99,1399.99
14806,5929,10,1,79.99,79.99
14807,5929,33,1,4.99,4.99
14808,5930,67,1,15.99,15.99
14809,5930,69,3,3.99,11.97
14810,5930,65,2,12.99,25.98
14811,5930,71,3,39.99,119.97
14812,5931,87,3,27.99,83.97
14813,5932,24,1,14.99,14.99
14814,5932,87,1,27.99,27.99
14815,5932,76,2,11.99,23.98
14816,5932,88,3,149.99,449.97
14817,5933,17,3,12.99,38.97
14818,5933,77,2,5.99,11.98
14819,5934,58,1,3.99,3.99
14820,5934,5,3,8.99,26.97
14821,5935,86,3,19.99,59.97
14822,5935,75,3,16.99,50.97
14823,5936,46,3,14.99,44.97
14824,5936,88,3,149.99,449.97
14825,5937,8,2,89.99,179.98
14826,5938,90,2,89.99,179.98
14827,5939,38,2,5.99,11.98
14828,5940,92,2,109.99,219.98
14829,5940,95,3,8999.99,26999.97
14830,5940,67,3,15.99,47.97
14831,5940,54,2,8.99,17.98
14832,5941,1,1,9.99,9.99
14833,5941,77,3,5.99,17.97
14834,5941,28,1,5.49,5.49
14835,5942,75,2,16.99,33.98
14836,5942,1,3,9.99,29.97
14837,5942,19,2,9.99,19.98
14838,5942,98,1,13999.99,13999.99
14839,5943,69,2,3.99,7.98
14840,5943,46,1,14.99,14.99
14841,5944,10,3,79.99,239.97
14842,5944,68,3,24.99,74.97
14843,5945,9,2,69.99,139.98
14844,5945,76,1,11.99,11.99
14845,5946,20,3,4.99,14.97
14846,5946,86,3,19.99,59.97
14847,5946,28,2,5.49,10.98
14848,5947,16,2,1.99,3.98
14849,5947,60,2,10.99,21.98
14850,5947,39,2,1.99,3.98
14851,5948,45,1,39.99,39.99
14852,5948,31,2,0.79,1.58
14853,5948,20,2,4.99,9.98
14854,5949,33,2,4.99,9.98
14855,5949,21,3,1.49,4.47
14856,5949,35,2,2.29,4.58
14857,5949,56,1,49.99,49.99
14858,5950,3,2,14.99,29.98
14859,5950,78,2,1999.99,3999.98
14860,5951,25,3,1.29,3.87
14861,5951,62,3,5.99,17.97
14862,5952,71,1,39.99,39.99
14863,5952,32,3,3.49,10.47
14864,5953,34,2,7.99,15.98
14865,5953,7,2,129.99,259.98
14866,5954,11,3,1899.99,5699.97
14867,5954,37,3,1.99,5.97
14868,5954,77,3,5.99,17.97
14869,5954,63,3,7.99,23.97
14870,5955,62,3,5.99,17.97
14871,5955,48,1,7.99,7.99
14872,5956,61,1,34.99,34.99
14873,5956,30,2,2.49,4.98
14874,5957,94,2,1499.99,2999.98
14875,5957,14,1,499.99,499.99
14876,5957,17,1,12.99,12.99
14877,5957,62,3,5.99,17.97
14878,5958,59,3,4.99,14.97
14879,5959,59,3,4.99,14.97
14880,5959,36,3,19.99,59.97
14881,5959,67,1,15.99,15.99
14882,5959,20,1,4.99,4.99
14883,5960,24,3,14.99,44.97
14884,5961,66,2,89.99,179.98
14885,5961,79,3,1799.99,5399.97
14886,5961,20,2,4.99,9.98
14887,5962,71,2,39.99,79.98
14888,5962,93,1,89.99,89.99
14889,5962,61,1,34.99,34.99
14890,5963,58,2,3.99,7.98
14891,5963,57,1,9.99,9.99
14892,5963,50,2,9.99,19.98
14893,5964,56,1,49.99,49.99
14894,5965,85,3,34.99,104.97
14895,5965,89,3,79.99,239.97
14896,5965,53,2,12.99,25.98
14897,5966,90,1,89.99,89.99
14898,5966,16,3,1.99,5.97
14899,5967,21,3,1.49,4.47
14900,5967,15,2,799.99,1599.98
14901,5967,11,1,1899.99,1899.99
14902,5967,44,1,29.99,29.99
14903,5968,67,1,15.99,15.99
14904,5968,28,1,5.49,5.49
14905,5968,41,2,2.49,4.98
14906,5968,31,1,0.79,0.79
14907,5969,34,1,7.99,7.99
14908,5969,26,1,0.99,0.99
14909,5970,55,3,6.99,20.97
14910,5970,6,3,49.99,149.97
14911,5971,100,2,129.99,259.98
14912,5972,71,1,39.99,39.99
14913,5973,29,2,3.99,7.98
14914,5974,58,3,3.99,11.97
14915,5974,45,1,39.99,39.99
14916,5974,69,2,3.99,7.98
14917,5974,75,2,16.99,33.98
14918,5975,36,3,19.99,59.97
14919,5975,44,3,29.99,89.97
14920,5975,79,1,1799.99,1799.99
14921,5975,45,3,39.99,119.97
14922,5976,15,2,799.99,1599.98
14923,5976,17,3,12.99,38.97
14924,5976,45,2,39.99,79.98
14925,5976,81,3,1099.99,3299.97
14926,5977,60,3,10.99,32.97
14927,5977,64,1,14.99,14.99
14928,5977,6,3,49.99,149.97
14929,5977,62,3,5.99,17.97
14930,5978,30,2,2.49,4.98
14931,5979,98,3,13999.99,41999.97
14932,5980,18,1,8.99,8.99
14933,5980,61,3,34.99,104.97
14934,5981,44,3,29.99,89.97
14935,5981,90,3,89.99,269.97
14936,5981,11,2,1899.99,3799.98
14937,5982,22,2,10.99,21.98
14938,5982,79,3,1799.99,5399.97
14939,5982,49,2,5.99,11.98
14940,5982,76,1,11.99,11.99
14941,5983,95,2,8999.99,17999.98
14942,5983,31,3,0.79,2.37
14943,5984,43,1,59.99,59.99
14944,5984,93,2,89.99,179.98
14945,5984,35,1,2.29,2.29
14946,5985,47,3,49.99,149.97
14947,5986,1,3,9.99,29.97
14948,5986,71,3,39.99,119.97
14949,5987,53,1,12.99,12.99
14950,5987,68,1,24.99,24.99
14951,5987,84,1,24.99,24.99
14952,5988,24,1,14.99,14.99
14953,5988,51,2,39.99,79.98
14954,5988,94,1,1499.99,1499.99
14955,5988,72,3,8.99,26.97
14956,5989,15,3,799.99,2399.97
14957,5990,5,1,8.99,8.99
14958,5990,57,3,9.99,29.97
14959,5990,11,2,1899.99,3799.98
14960,5990,35,1,2.29,2.29
14961,5991,39,2,1.99,3.98
14962,5992,27,3,6.99,20.97
14963,5992,32,2,3.49,6.98
14964,5993,46,2,14.99,29.98
14965,5993,5,3,8.99,26.97
14966,5993,42,1,0.99,0.99
14967,5993,21,3,1.49,4.47
14968,5994,1,3,9.99,29.97
14969,5995,90,2,89.99,179.98
14970,5996,42,1,0.99,0.99
14971,5996,51,1,39.99,39.99
14972,5996,36,1,19.99,19.99
14973,5996,61,1,34.99,34.99
14974,5997,32,2,3.49,6.98
14975,5997,72,2,8.99,17.98
14976,5997,64,2,14.99,29.98
14977,5997,76,3,11.99,35.97
14978,5998,93,1,89.99,89.99
14979,5998,83,2,29.99,59.98
14980,5998,3,2,14.99,29.98
14981,5998,18,1,8.99,8.99
14982,5999,39,3,1.99,5.97
14983,5999,64,3,14.99,44.97
14984,6000,64,3,14.99,44.97
14985,6000,46,3,14.99,44.97
14986,6001,23,1,2.99,2.99
14987,6002,61,2,34.99,69.98
14988,6002,93,1,89.99,89.99
14989,6002,62,2,5.99,11.98
14990,6002,38,3,5.99,17.97
14991,6003,13,2,299.99,599.98
14992,6003,47,3,49.99,149.97
14993,6003,77,1,5.99,5.99
14994,6004,46,3,14.99,44.97
14995,6004,95,1,8999.99,8999.99
14996,6004,68,3,24.99,74.97
14997,6005,11,3,1899.99,5699.97
14998,6005,32,2,3.49,6.98
14999,6005,63,2,7.99,15.98
15000,6005,40,2,3.99,7.98
15001,6006,59,1,4.99,4.99
15002,6007,80,3,1399.99,4199.97
15003,6007,17,1,12.99,12.99
15004,6008,67,2,15.99,31.98
15005,6008,53,1,12.99,12.99
15006,6008,45,3,39.99,119.97
15007,6008,83,1,29.99,29.99
15008,6009,91,3,119.99,359.97
15009,6010,8,2,89.99,179.98
15010,6010,78,2,1999.99,3999.98
15011,6011,94,2,1499.99,2999.98
15012,6011,33,1,4.99,4.99
15013,6011,71,2,39.99,79.98
15014,6011,19,1,9.99,9.99
15015,6012,65,2,12.99,25.98
15016,6012,69,1,3.99,3.99
15017,6012,33,3,4.99,14.97
15018,6013,99,3,99.99,299.97
15019,6013,27,1,6.99,6.99
15020,6013,16,2,1.99,3.98
15021,6013,97,3,10999.99,32999.97
15022,6014,14,3,499.99,1499.97
15023,6015,40,2,3.99,7.98
15024,6015,80,3,1399.99,4199.97
15025,6016,77,3,5.99,17.97
15026,6017,82,2,1499.99,2999.98
15027,6017,92,1,109.99,109.99
15028,6018,76,2,11.99,23.98
15029,6018,42,1,0.99,0.99
15030,6018,12,1,2499.99,2499.99
15031,6019,55,2,6.99,13.98
15032,6019,40,3,3.99,11.97
15033,6020,100,3,129.99,389.97
15034,6020,9,1,69.99,69.99
15035,6020,36,3,19.99,59.97
15036,6020,4,2,12.99,25.98
15037,6021,24,1,14.99,14.99
15038,6022,100,1,129.99,129.99
15039,6022,13,2,299.99,599.98
15040,6023,44,3,29.99,89.97
15041,6024,42,3,0.99,2.97
15042,6024,53,2,12.99,25.98
15043,6024,27,2,6.99,13.98
15044,6025,35,2,2.29,4.58
15045,6025,99,1,99.99,99.99
15046,6026,42,1,0.99,0.99
15047,6026,77,1,5.99,5.99
15048,6026,87,2,27.99,55.98
15049,6026,80,2,1399.99,2799.98
15050,6027,49,1,5.99,5.99
15051,6028,86,3,19.99,59.97
15052,6028,71,3,39.99,119.97
15053,6028,4,2,12.99,25.98
15054,6028,74,2,4.99,9.98
15055,6029,2,3,19.99,59.97
15056,6029,54,3,8.99,26.97
15057,6030,3,3,14.99,44.97
15058,6030,29,1,3.99,3.99
15059,6031,5,3,8.99,26.97
15060,6031,16,1,1.99,1.99
15061,6031,19,2,9.99,19.98
15062,6031,45,1,39.99,39.99
15063,6032,53,2,12.99,25.98
15064,6032,1,2,9.99,19.98
15065,6033,54,1,8.99,8.99
15066,6033,47,2,49.99,99.98
15067,6034,31,2,0.79,1.58
15068,6034,92,3,109.99,329.97
15069,6034,25,3,1.29,3.87
15070,6034,62,3,5.99,17.97
15071,6035,7,1,129.99,129.99
15072,6035,76,3,11.99,35.97
15073,6036,77,1,5.99,5.99
15074,6037,22,3,10.99,32.97
15075,6038,30,3,2.49,7.47
15076,6039,83,1,29.99,29.99
15077,6039,69,2,3.99,7.98
15078,6040,3,2,14.99,29.98
15079,6041,74,1,4.99,4.99
15080,6041,54,2,8.99,17.98
15081,6041,59,1,4.99,4.99
15082,6042,71,3,39.99,119.97
15083,6042,28,1,5.49,5.49
15084,6042,62,3,5.99,17.97
15085,6042,29,3,3.99,11.97
15086,6043,71,2,39.99,79.98
15087,6043,94,2,1499.99,2999.98
15088,6043,58,1,3.99,3.99
15089,6044,13,1,299.99,299.99
15090,6044,19,1,9.99,9.99
15091,6045,84,3,24.99,74.97
15092,6045,72,3,8.99,26.97
15093,6045,4,1,12.99,12.99
15094,6046,23,3,2.99,8.97
15095,6046,40,1,3.99,3.99
15096,6047,34,3,7.99,23.97
15097,6047,64,1,14.99,14.99
15098,6048,12,2,2499.99,4999.98
15099,6048,91,2,119.99,239.98
15100,6049,90,2,89.99,179.98
15101,6049,53,3,12.99,38.97
15102,6050,1,1,9.99,9.99
15103,6051,5,1,8.99,8.99
15104,6051,79,2,1799.99,3599.98
15105,6052,34,1,7.99,7.99
15106,6052,33,2,4.99,9.98
15107,6052,20,2,4.99,9.98
15108,6053,36,1,19.99,19.99
15109,6053,35,1,2.29,2.29
15110,6054,96,3,12999.99,38999.97
15111,6054,2,2,19.99,39.98
15112,6054,59,1,4.99,4.99
15113,6054,67,3,15.99,47.97
15114,6055,37,3,1.99,5.97
15115,6055,93,1,89.99,89.99
15116,6056,47,3,49.99,149.97
15117,6056,55,3,6.99,20.97
15118,6056,77,2,5.99,11.98
15119,6057,66,3,89.99,269.97
15120,6057,14,1,499.99,499.99
15121,6058,57,3,9.99,29.97
15122,6058,62,2,5.99,11.98
15123,6058,64,1,14.99,14.99
15124,6059,47,2,49.99,99.98
15125,6060,7,3,129.99,389.97
15126,6060,29,2,3.99,7.98
15127,6061,87,3,27.99,83.97
15128,6061,61,1,34.99,34.99
15129,6061,35,1,2.29,2.29
15130,6062,15,3,799.99,2399.97
15131,6062,47,2,49.99,99.98
15132,6063,26,1,0.99,0.99
15133,6063,85,2,34.99,69.98
15134,6063,11,2,1899.99,3799.98
15135,6064,28,2,5.49,10.98
15136,6065,67,3,15.99,47.97
15137,6065,98,3,13999.99,41999.97
15138,6065,53,3,12.99,38.97
15139,6065,66,1,89.99,89.99
15140,6066,56,1,49.99,49.99
15141,6066,11,1,1899.99,1899.99
15142,6066,8,2,89.99,179.98
15143,6066,96,1,12999.99,12999.99
15144,6067,94,1,1499.99,1499.99
15145,6067,62,3,5.99,17.97
15146,6067,44,1,29.99,29.99
15147,6068,55,1,6.99,6.99
15148,6068,11,1,1899.99,1899.99
15149,6068,1,1,9.99,9.99
15150,6069,11,2,1899.99,3799.98
15151,6070,78,3,1999.99,5999.97
15152,6070,32,3,3.49,10.47
15153,6070,66,2,89.99,179.98
15154,6071,1,1,9.99,9.99
15155,6072,38,1,5.99,5.99
15156,6072,19,2,9.99,19.98
15157,6072,12,3,2499.99,7499.97
15158,6073,7,3,129.99,389.97
15159,6073,43,1,59.99,59.99
15160,6073,49,2,5.99,11.98
15161,6073,18,1,8.99,8.99
15162,6074,5,2,8.99,17.98
15163,6074,25,1,1.29,1.29
15164,6075,56,2,49.99,99.98
15165,6076,96,3,12999.99,38999.97
15166,6077,64,1,14.99,14.99
15167,6078,28,2,5.49,10.98
15168,6078,98,3,13999.99,41999.97
15169,6078,7,1,129.99,129.99
15170,6078,87,2,27.99,55.98
15171,6079,90,2,89.99,179.98
15172,6079,86,1,19.99,19.99
15173,6079,69,3,3.99,11.97
15174,6080,62,1,5.99,5.99
15175,6081,73,3,19.99,59.97
15176,6081,61,2,34.99,69.98
15177,6082,3,1,14.99,14.99
15178,6082,74,2,4.99,9.98
15179,6083,95,2,8999.99,17999.98
15180,6083,67,3,15.99,47.97
15181,6083,13,1,299.99,299.99
15182,6084,59,3,4.99,14.97
15183,6084,42,2,0.99,1.98
15184,6084,2,1,19.99,19.99
15185,6084,12,3,2499.99,7499.97
15186,6085,13,3,299.99,899.97
15187,6085,75,1,16.99,16.99
15188,6086,55,2,6.99,13.98
15189,6086,85,1,34.99,34.99
15190,6086,1,2,9.99,19.98
15191,6087,17,2,12.99,25.98
15192,6088,37,3,1.99,5.97
15193,6088,38,3,5.99,17.97
15194,6089,41,1,2.49,2.49
15195,6089,85,2,34.99,69.98
15196,6089,79,3,1799.99,5399.97
15197,6090,51,3,39.99,119.97
15198,6090,82,3,1499.99,4499.97
15199,6090,98,2,13999.99,27999.98
15200,6090,61,2,34.99,69.98
15201,6091,7,3,129.99,389.97
15202,6092,6,1,49.99,49.99
15203,6092,11,1,1899.99,1899.99
15204,6092,79,1,1799.99,1799.99
15205,6093,100,1,129.99,129.99
15206,6093,25,1,1.29,1.29
15207,6093,77,1,5.99,5.99
15208,6093,41,1,2.49,2.49
15209,6094,85,3,34.99,104.97
15210,6094,1,3,9.99,29.97
15211,6094,50,2,9.99,19.98
15212,6095,18,3,8.99,26.97
15213,6096,34,2,7.99,15.98
15214,6096,72,2,8.99,17.98
15215,6097,52,2,29.99,59.98
15216,6097,54,1,8.99,8.99
15217,6097,56,1,49.99,49.99
15218,6098,30,2,2.49,4.98
15219,6098,38,3,5.99,17.97
15220,6099,61,3,34.99,104.97
15221,6099,56,3,49.99,149.97
15222,6099,30,2,2.49,4.98
15223,6100,15,1,799.99,799.99
15224,6100,74,1,4.99,4.99
15225,6100,93,3,89.99,269.97
15226,6101,100,3,129.99,389.97
15227,6101,38,3,5.99,17.97
15228,6101,56,1,49.99,49.99
15229,6102,47,2,49.99,99.98
15230,6102,72,3,8.99,26.97
15231,6102,36,2,19.99,39.98
15232,6102,38,1,5.99,5.99
15233,6103,80,3,1399.99,4199.97
15234,6104,79,2,1799.99,3599.98
15235,6104,33,2,4.99,9.98
15236,6105,4,1,12.99,12.99
15237,6105,11,3,1899.99,5699.97
15238,6105,83,1,29.99,29.99
15239,6105,57,3,9.99,29.97
15240,6106,7,3,129.99,389.97
15241,6106,54,1,8.99,8.99
15242,6106,48,2,7.99,15.98
15243,6106,6,2,49.99,99.98
15244,6107,100,1,129.99,129.99
15245,6107,5,2,8.99,17.98
15246,6107,51,2,39.99,79.98
15247,6107,38,1,5.99,5.99
15248,6108,11,3,1899.99,5699.97
15249,6109,56,2,49.99,99.98
15250,6109,64,1,14.99,14.99
15251,6109,9,1,69.99,69.99
15252,6110,100,2,129.99,259.98
15253,6110,92,1,109.99,109.99
15254,6110,3,2,14.99,29.98
15255,6110,46,1,14.99,14.99
15256,6111,72,2,8.99,17.98
15257,6112,3,1,14.99,14.99
15258,6112,7,3,129.99,389.97
15259,6112,76,1,11.99,11.99
15260,6112,90,3,89.99,269.97
15261,6113,17,2,12.99,25.98
15262,6114,90,2,89.99,179.98
15263,6114,12,2,2499.99,4999.98
15264,6114,22,1,10.99,10.99
15265,6115,78,1,1999.99,1999.99
15266,6115,37,2,1.99,3.98
15267,6115,26,2,0.99,1.98
15268,6116,29,2,3.99,7.98
15269,6116,33,1,4.99,4.99
15270,6116,10,1,79.99,79.99
15271,6117,57,3,9.99,29.97
15272,6117,40,3,3.99,11.97
15273,6117,70,1,6.99,6.99
15274,6117,22,1,10.99,10.99
15275,6118,68,3,24.99,74.97
15276,6119,3,3,14.99,44.97
15277,6119,33,3,4.99,14.97
15278,6119,25,1,1.29,1.29
15279,6119,92,1,109.99,109.99
15280,6120,79,1,1799.99,1799.99
15281,6120,67,3,15.99,47.97
15282,6120,17,2,12.99,25.98
15283,6121,93,2,89.99,179.98
15284,6121,40,1,3.99,3.99
15285,6122,72,1,8.99,8.99
15286,6123,18,2,8.99,17.98
15287,6123,13,2,299.99,599.98
15288,6123,53,2,12.99,25.98
15289,6124,30,1,2.49,2.49
15290,6124,95,3,8999.99,26999.97
15291,6125,50,3,9.99,29.97
15292,6125,40,2,3.99,7.98
15293,6125,68,2,24.99,49.98
15294,6126,2,1,19.99,19.99
15295,6126,81,1,1099.99,1099.99
15296,6126,57,1,9.99,9.99
15297,6126,4,3,12.99,38.97
15298,6127,99,3,99.99,299.97
15299,6128,39,2,1.99,3.98
15300,6128,14,3,499.99,1499.97
15301,6129,24,3,14.99,44.97
15302,6129,68,3,24.99,74.97
15303,6129,78,2,1999.99,3999.98
15304,6129,98,1,13999.99,13999.99
15305,6130,41,2,2.49,4.98
15306,6131,24,2,14.99,29.98
15307,6131,25,1,1.29,1.29
15308,6131,63,2,7.99,15.98
15309,6131,68,2,24.99,49.98
15310,6132,58,2,3.99,7.98
15311,6132,47,2,49.99,99.98
15312,6133,49,2,5.99,11.98
15313,6134,23,3,2.99,8.97
15314,6134,12,2,2499.99,4999.98
15315,6135,84,3,24.99,74.97
15316,6135,68,3,24.99,74.97
15317,6135,100,2,129.99,259.98
15318,6136,81,3,1099.99,3299.97
15319,6136,49,2,5.99,11.98
15320,6137,69,1,3.99,3.99
15321,6137,95,1,8999.99,8999.99
15322,6138,34,3,7.99,23.97
15323,6138,60,2,10.99,21.98
15324,6138,17,3,12.99,38.97
15325,6139,63,3,7.99,23.97
15326,6139,78,3,1999.99,5999.97
15327,6140,69,3,3.99,11.97
15328,6140,74,3,4.99,14.97
15329,6141,50,1,9.99,9.99
15330,6142,95,3,8999.99,26999.97
15331,6142,64,1,14.99,14.99
15332,6142,74,1,4.99,4.99
15333,6142,89,3,79.99,239.97
15334,6143,78,3,1999.99,5999.97
15335,6143,57,1,9.99,9.99
15336,6144,84,2,24.99,49.98
15337,6145,70,3,6.99,20.97
15338,6145,29,2,3.99,7.98
15339,6145,100,3,129.99,389.97
15340,6145,32,2,3.49,6.98
15341,6146,37,2,1.99,3.98
15342,6146,41,2,2.49,4.98
15343,6147,14,3,499.99,1499.97
15344,6147,52,2,29.99,59.98
15345,6148,40,1,3.99,3.99
15346,6149,29,3,3.99,11.97
15347,6150,63,3,7.99,23.97
15348,6150,70,3,6.99,20.97
15349,6151,77,3,5.99,17.97
15350,6151,69,2,3.99,7.98
15351,6151,26,3,0.99,2.97
15352,6151,75,1,16.99,16.99
15353,6152,13,1,299.99,299.99
15354,6152,14,3,499.99,1499.97
15355,6152,57,2,9.99,19.98
15356,6153,2,2,19.99,39.98
15357,6153,91,1,119.99,119.99
15358,6153,3,1,14.99,14.99
15359,6153,41,2,2.49,4.98
15360,6154,83,3,29.99,89.97
15361,6154,43,2,59.99,119.98
15362,6155,57,3,9.99,29.97
15363,6155,46,1,14.99,14.99
15364,6155,18,3,8.99,26.97
15365,6155,97,3,10999.99,32999.97
15366,6156,87,3,27.99,83.97
15367,6156,6,3,49.99,149.97
15368,6156,82,3,1499.99,4499.97
15369,6157,42,2,0.99,1.98
15370,6157,9,3,69.99,209.97
15371,6157,66,1,89.99,89.99
15372,6157,99,2,99.99,199.98
15373,6158,52,1,29.99,29.99
15374,6158,98,3,13999.99,41999.97
15375,6158,84,2,24.99,49.98
15376,6159,80,2,1399.99,2799.98
15377,6159,29,1,3.99,3.99
15378,6159,56,3,49.99,149.97
15379,6159,34,3,7.99,23.97
15380,6160,36,3,19.99,59.97
15381,6161,93,3,89.99,269.97
15382,6161,91,3,119.99,359.97
15383,6161,48,1,7.99,7.99
15384,6162,93,2,89.99,179.98
15385,6162,74,3,4.99,14.97
15386,6163,94,1,1499.99,1499.99
15387,6163,45,2,39.99,79.98
15388,6163,10,2,79.99,159.98
15389,6164,66,2,89.99,179.98
15390,6164,28,1,5.49,5.49
15391,6165,38,2,5.99,11.98
15392,6165,48,1,7.99,7.99
15393,6166,60,1,10.99,10.99
15394,6166,2,1,19.99,19.99
15395,6166,14,1,499.99,499.99
15396,6167,35,1,2.29,2.29
15397,6167,43,2,59.99,119.98
15398,6167,11,3,1899.99,5699.97
15399,6167,22,2,10.99,21.98
15400,6168,51,1,39.99,39.99
15401,6169,33,3,4.99,14.97
15402,6169,30,1,2.49,2.49
15403,6169,67,3,15.99,47.97
15404,6169,60,3,10.99,32.97
15405,6170,69,2,3.99,7.98
15406,6170,59,2,4.99,9.98
15407,6171,65,1,12.99,12.99
15408,6171,38,3,5.99,17.97
15409,6171,25,1,1.29,1.29
15410,6171,99,3,99.99,299.97
15411,6172,12,3,2499.99,7499.97
15412,6172,73,2,19.99,39.98
15413,6173,10,3,79.99,239.97
15414,6173,14,2,499.99,999.98
15415,6173,66,1,89.99,89.99
15416,6174,87,1,27.99,27.99
15417,6175,26,2,0.99,1.98
15418,6175,71,1,39.99,39.99
15419,6176,61,1,34.99,34.99
15420,6177,37,3,1.99,5.97
15421,6177,7,3,129.99,389.97
15422,6178,99,2,99.99,199.98
15423,6178,77,2,5.99,11.98
15424,6179,48,3,7.99,23.97
15425,6179,32,2,3.49,6.98
15426,6179,49,2,5.99,11.98
15427,6180,49,1,5.99,5.99
15428,6180,30,2,2.49,4.98
15429,6180,8,2,89.99,179.98
15430,6181,47,2,49.99,99.98
15431,6181,83,3,29.99,89.97
15432,6181,16,1,1.99,1.99
15433,6181,61,1,34.99,34.99
15434,6182,81,2,1099.99,2199.98
15435,6182,96,3,12999.99,38999.97
15436,6182,86,2,19.99,39.98
15437,6183,41,1,2.49,2.49
15438,6183,43,2,59.99,119.98
15439,6183,19,3,9.99,29.97
15440,6184,14,3,499.99,1499.97
15441,6184,26,1,0.99,0.99
15442,6185,97,1,10999.99,10999.99
15443,6185,14,1,499.99,499.99
15444,6185,49,3,5.99,17.97
15445,6186,83,1,29.99,29.99
15446,6186,69,2,3.99,7.98
15447,6187,8,1,89.99,89.99
15448,6188,7,1,129.99,129.99
15449,6188,38,3,5.99,17.97
15450,6189,26,3,0.99,2.97
15451,6189,69,2,3.99,7.98
15452,6189,59,1,4.99,4.99
15453,6190,55,2,6.99,13.98
15454,6190,96,1,12999.99,12999.99
15455,6191,9,3,69.99,209.97
15456,6191,53,3,12.99,38.97
15457,6191,97,2,10999.99,21999.98
15458,6192,99,3,99.99,299.97
15459,6192,8,1,89.99,89.99
15460,6193,1,1,9.99,9.99
15461,6194,64,2,14.99,29.98
15462,6194,66,3,89.99,269.97
15463,6194,68,1,24.99,24.99
15464,6194,75,2,16.99,33.98
15465,6195,2,2,19.99,39.98
15466,6196,55,3,6.99,20.97
15467,6196,59,1,4.99,4.99
15468,6196,90,1,89.99,89.99
15469,6197,48,1,7.99,7.99
15470,6198,83,2,29.99,59.98
15471,6198,81,2,1099.99,2199.98
15472,6198,36,1,19.99,19.99
15473,6199,84,2,24.99,49.98
15474,6199,76,1,11.99,11.99
15475,6200,92,2,109.99,219.98
15476,6200,32,1,3.49,3.49
15477,6200,53,1,12.99,12.99
15478,6200,96,2,12999.99,25999.98
15479,6201,5,3,8.99,26.97
15480,6202,79,3,1799.99,5399.97
15481,6202,46,2,14.99,29.98
15482,6202,36,2,19.99,39.98
15483,6202,50,3,9.99,29.97
15484,6203,56,2,49.99,99.98
15485,6204,24,3,14.99,44.97
15486,6204,15,1,799.99,799.99
15487,6205,82,3,1499.99,4499.97
15488,6205,23,3,2.99,8.97
15489,6205,71,2,39.99,79.98
15490,6206,15,1,799.99,799.99
15491,6207,66,3,89.99,269.97
15492,6207,24,2,14.99,29.98
15493,6207,59,2,4.99,9.98
15494,6207,80,3,1399.99,4199.97
15495,6208,18,3,8.99,26.97
15496,6208,2,3,19.99,59.97
15497,6208,42,3,0.99,2.97
15498,6208,60,2,10.99,21.98
15499,6209,89,3,79.99,239.97
15500,6209,76,1,11.99,11.99
15501,6209,19,1,9.99,9.99
15502,6210,31,3,0.79,2.37
15503,6210,72,2,8.99,17.98
15504,6210,14,1,499.99,499.99
15505,6210,84,1,24.99,24.99
15506,6211,51,3,39.99,119.97
15507,6211,59,1,4.99,4.99
15508,6211,49,1,5.99,5.99
15509,6212,12,2,2499.99,4999.98
15510,6212,72,2,8.99,17.98
15511,6213,77,2,5.99,11.98
15512,6214,47,3,49.99,149.97
15513,6214,86,2,19.99,39.98
15514,6215,1,1,9.99,9.99
15515,6215,26,3,0.99,2.97
15516,6215,83,1,29.99,29.99
15517,6216,95,1,8999.99,8999.99
15518,6216,44,3,29.99,89.97
15519,6216,73,3,19.99,59.97
15520,6216,38,3,5.99,17.97
15521,6217,89,3,79.99,239.97
15522,6217,73,3,19.99,59.97
15523,6218,39,3,1.99,5.97
15524,6218,40,1,3.99,3.99
15525,6218,51,3,39.99,119.97
15526,6218,65,2,12.99,25.98
15527,6219,74,3,4.99,14.97
15528,6219,94,2,1499.99,2999.98
15529,6219,84,2,24.99,49.98
15530,6220,80,2,1399.99,2799.98
15531,6220,4,3,12.99,38.97
15532,6220,100,2,129.99,259.98
15533,6220,12,1,2499.99,2499.99
15534,6221,89,1,79.99,79.99
15535,6222,100,1,129.99,129.99
15536,6222,12,2,2499.99,4999.98
15537,6222,4,2,12.99,25.98
15538,6222,85,3,34.99,104.97
15539,6223,25,1,1.29,1.29
15540,6223,42,2,0.99,1.98
15541,6223,64,3,14.99,44.97
15542,6223,53,2,12.99,25.98
15543,6224,47,3,49.99,149.97
15544,6225,31,2,0.79,1.58
15545,6226,64,1,14.99,14.99
15546,6227,14,2,499.99,999.98
15547,6227,53,3,12.99,38.97
15548,6227,88,1,149.99,149.99
15549,6228,25,2,1.29,2.58
15550,6228,35,1,2.29,2.29
15551,6229,39,3,1.99,5.97
15552,6229,97,1,10999.99,10999.99
15553,6229,51,2,39.99,79.98
15554,6229,26,2,0.99,1.98
15555,6230,11,3,1899.99,5699.97
15556,6231,55,2,6.99,13.98
15557,6232,74,2,4.99,9.98
15558,6232,19,3,9.99,29.97
15559,6232,30,2,2.49,4.98
15560,6233,29,2,3.99,7.98
15561,6233,28,1,5.49,5.49
15562,6234,16,2,1.99,3.98
15563,6234,38,2,5.99,11.98
15564,6235,56,2,49.99,99.98
15565,6235,37,2,1.99,3.98
15566,6235,57,3,9.99,29.97
15567,6236,82,1,1499.99,1499.99
15568,6236,83,1,29.99,29.99
15569,6236,8,3,89.99,269.97
15570,6236,2,2,19.99,39.98
15571,6237,30,2,2.49,4.98
15572,6238,74,2,4.99,9.98
15573,6238,9,3,69.99,209.97
15574,6238,41,2,2.49,4.98
15575,6238,3,2,14.99,29.98
15576,6239,31,3,0.79,2.37
15577,6240,83,1,29.99,29.99
15578,6240,48,1,7.99,7.99
15579,6241,84,1,24.99,24.99
15580,6241,85,1,34.99,34.99
15581,6241,38,2,5.99,11.98
15582,6242,64,3,14.99,44.97
15583,6242,100,2,129.99,259.98
15584,6242,42,2,0.99,1.98
15585,6242,70,3,6.99,20.97
15586,6243,7,2,129.99,259.98
15587,6244,87,2,27.99,55.98
15588,6244,53,2,12.99,25.98
15589,6244,79,1,1799.99,1799.99
15590,6244,20,2,4.99,9.98
15591,6245,13,3,299.99,899.97
15592,6245,53,3,12.99,38.97
15593,6246,96,3,12999.99,38999.97
15594,6246,28,2,5.49,10.98
15595,6247,61,1,34.99,34.99
15596,6247,10,1,79.99,79.99
15597,6247,11,3,1899.99,5699.97
15598,6247,18,2,8.99,17.98
15599,6248,6,2,49.99,99.98
15600,6249,13,1,299.99,299.99
15601,6249,37,3,1.99,5.97
15602,6249,94,1,1499.99,1499.99
15603,6249,6,3,49.99,149.97
15604,6250,77,1,5.99,5.99
15605,6250,71,1,39.99,39.99
15606,6251,33,2,4.99,9.98
15607,6252,73,1,19.99,19.99
15608,6252,32,3,3.49,10.47
15609,6252,30,2,2.49,4.98
15610,6252,85,2,34.99,69.98
15611,6253,43,3,59.99,179.97
15612,6253,27,1,6.99,6.99
15613,6253,64,3,14.99,44.97
15614,6254,51,2,39.99,79.98
15615,6254,20,2,4.99,9.98
15616,6255,7,2,129.99,259.98
15617,6255,65,3,12.99,38.97
15618,6255,22,1,10.99,10.99
15619,6255,15,2,799.99,1599.98
15620,6256,95,1,8999.99,8999.99
15621,6256,74,3,4.99,14.97
15622,6257,34,2,7.99,15.98
15623,6258,74,1,4.99,4.99
15624,6259,14,1,499.99,499.99
15625,6259,62,2,5.99,11.98
15626,6259,18,2,8.99,17.98
15627,6259,28,2,5.49,10.98
15628,6260,10,2,79.99,159.98
15629,6261,29,3,3.99,11.97
15630,6261,4,1,12.99,12.99
15631,6261,75,2,16.99,33.98
15632,6261,30,2,2.49,4.98
15633,6262,80,3,1399.99,4199.97
15634,6262,63,2,7.99,15.98
15635,6262,44,3,29.99,89.97
15636,6263,55,3,6.99,20.97
15637,6263,61,1,34.99,34.99
15638,6264,16,1,1.99,1.99
15639,6265,35,1,2.29,2.29
15640,6265,32,2,3.49,6.98
15641,6266,29,2,3.99,7.98
15642,6266,71,3,39.99,119.97
15643,6266,70,3,6.99,20.97
15644,6267,39,2,1.99,3.98
15645,6267,98,2,13999.99,27999.98
15646,6267,28,1,5.49,5.49
15647,6267,76,1,11.99,11.99
15648,6268,97,3,10999.99,32999.97
15649,6268,99,2,99.99,199.98
15650,6269,41,3,2.49,7.47
15651,6269,76,2,11.99,23.98
15652,6269,81,3,1099.99,3299.97
15653,6269,10,3,79.99,239.97
15654,6270,86,1,19.99,19.99
15655,6270,10,2,79.99,159.98
15656,6270,88,3,149.99,449.97
15657,6271,14,2,499.99,999.98
15658,6272,27,1,6.99,6.99
15659,6272,36,2,19.99,39.98
15660,6272,24,2,14.99,29.98
15661,6273,88,3,149.99,449.97
15662,6273,63,1,7.99,7.99
15663,6273,58,3,3.99,11.97
15664,6274,47,1,49.99,49.99
15665,6275,91,3,119.99,359.97
15666,6275,33,3,4.99,14.97
15667,6276,10,3,79.99,239.97
15668,6277,65,2,12.99,25.98
15669,6277,79,1,1799.99,1799.99
15670,6277,37,1,1.99,1.99
15671,6278,61,3,34.99,104.97
15672,6278,5,1,8.99,8.99
15673,6279,84,1,24.99,24.99
15674,6279,10,3,79.99,239.97
15675,6280,92,3,109.99,329.97
15676,6280,61,3,34.99,104.97
15677,6280,24,3,14.99,44.97
15678,6281,59,1,4.99,4.99
15679,6281,64,2,14.99,29.98
15680,6282,23,3,2.99,8.97
15681,6282,48,1,7.99,7.99
15682,6282,56,3,49.99,149.97
15683,6283,70,2,6.99,13.98
15684,6283,23,2,2.99,5.98
15685,6283,80,2,1399.99,2799.98
15686,6283,36,1,19.99,19.99
15687,6284,18,1,8.99,8.99
15688,6285,41,2,2.49,4.98
15689,6285,36,1,19.99,19.99
15690,6285,88,1,149.99,149.99
15691,6286,14,1,499.99,499.99
15692,6286,77,2,5.99,11.98
15693,6286,72,1,8.99,8.99
15694,6286,67,2,15.99,31.98
15695,6287,85,3,34.99,104.97
15696,6287,13,2,299.99,599.98
15697,6288,79,1,1799.99,1799.99
15698,6288,57,3,9.99,29.97
15699,6288,75,1,16.99,16.99
15700,6289,63,2,7.99,15.98
15701,6289,57,1,9.99,9.99
15702,6289,88,1,149.99,149.99
15703,6289,90,2,89.99,179.98
15704,6290,24,1,14.99,14.99
15705,6290,28,2,5.49,10.98
15706,6290,79,3,1799.99,5399.97
15707,6290,91,3,119.99,359.97
15708,6291,35,1,2.29,2.29
15709,6291,34,1,7.99,7.99
15710,6292,76,1,11.99,11.99
15711,6292,35,2,2.29,4.58
15712,6293,39,2,1.99,3.98
15713,6293,54,3,8.99,26.97
15714,6293,69,3,3.99,11.97
15715,6294,59,2,4.99,9.98
15716,6294,34,2,7.99,15.98
15717,6295,83,1,29.99,29.99
15718,6295,10,3,79.99,239.97
15719,6295,63,1,7.99,7.99
15720,6295,70,1,6.99,6.99
15721,6296,15,1,799.99,799.99
15722,6296,96,3,12999.99,38999.97
15723,6296,8,1,89.99,89.99
15724,6296,4,2,12.99,25.98
15725,6297,59,3,4.99,14.97
15726,6297,82,2,1499.99,2999.98
15727,6298,16,2,1.99,3.98
15728,6299,72,3,8.99,26.97
15729,6300,8,3,89.99,269.97
15730,6300,84,3,24.99,74.97
15731,6300,70,3,6.99,20.97
15732,6301,87,1,27.99,27.99
15733,6302,66,3,89.99,269.97
15734,6303,72,2,8.99,17.98
15735,6303,96,2,12999.99,25999.98
15736,6304,98,1,13999.99,13999.99
15737,6304,28,1,5.49,5.49
15738,6304,35,3,2.29,6.87
15739,6304,42,2,0.99,1.98
15740,6305,28,3,5.49,16.47
15741,6305,98,2,13999.99,27999.98
15742,6305,3,2,14.99,29.98
15743,6305,67,3,15.99,47.97
15744,6306,11,1,1899.99,1899.99
15745,6306,81,2,1099.99,2199.98
15746,6307,5,2,8.99,17.98
15747,6307,43,3,59.99,179.97
15748,6307,1,1,9.99,9.99
15749,6307,87,3,27.99,83.97
15750,6308,81,1,1099.99,1099.99
15751,6309,42,3,0.99,2.97
15752,6310,85,2,34.99,69.98
15753,6311,77,1,5.99,5.99
15754,6311,37,3,1.99,5.97
15755,6311,59,2,4.99,9.98
15756,6311,96,3,12999.99,38999.97
15757,6312,65,3,12.99,38.97
15758,6313,55,2,6.99,13.98
15759,6313,53,1,12.99,12.99
15760,6313,84,3,24.99,74.97
15761,6313,58,1,3.99,3.99
15762,6314,67,2,15.99,31.98
15763,6314,41,2,2.49,4.98
15764,6315,37,1,1.99,1.99
15765,6315,99,2,99.99,199.98
15766,6315,36,2,19.99,39.98
15767,6316,57,1,9.99,9.99
15768,6316,33,2,4.99,9.98
15769,6317,88,1,149.99,149.99
15770,6318,38,2,5.99,11.98
15771,6318,57,1,9.99,9.99
15772,6319,71,2,39.99,79.98
15773,6320,30,2,2.49,4.98
15774,6321,47,1,49.99,49.99
15775,6321,20,1,4.99,4.99
15776,6321,60,3,10.99,32.97
15777,6321,74,2,4.99,9.98
15778,6322,81,1,1099.99,1099.99
15779,6322,87,3,27.99,83.97
15780,6322,54,1,8.99,8.99
15781,6323,21,1,1.49,1.49
15782,6323,18,2,8.99,17.98
15783,6324,45,3,39.99,119.97
15784,6324,51,2,39.99,79.98
15785,6324,24,1,14.99,14.99
15786,6325,70,1,6.99,6.99
15787,6326,9,2,69.99,139.98
15788,6326,96,2,12999.99,25999.98
15789,6326,39,2,1.99,3.98
15790,6326,54,1,8.99,8.99
15791,6327,9,1,69.99,69.99
15792,6328,32,1,3.49,3.49
15793,6328,94,2,1499.99,2999.98
15794,6328,48,3,7.99,23.97
15795,6328,100,3,129.99,389.97
15796,6329,2,1,19.99,19.99
15797,6329,45,1,39.99,39.99
15798,6330,73,2,19.99,39.98
15799,6330,31,3,0.79,2.37
15800,6330,22,1,10.99,10.99
15801,6331,23,1,2.99,2.99
15802,6331,10,3,79.99,239.97
15803,6332,49,3,5.99,17.97
15804,6332,19,2,9.99,19.98
15805,6333,10,3,79.99,239.97
15806,6334,7,1,129.99,129.99
15807,6335,9,1,69.99,69.99
15808,6335,33,3,4.99,14.97
15809,6335,98,1,13999.99,13999.99
15810,6335,40,1,3.99,3.99
15811,6336,50,3,9.99,29.97
15812,6336,43,2,59.99,119.98
15813,6337,81,2,1099.99,2199.98
15814,6338,84,3,24.99,74.97
15815,6339,38,2,5.99,11.98
15816,6340,17,3,12.99,38.97
15817,6340,23,1,2.99,2.99
15818,6340,29,1,3.99,3.99
15819,6340,31,2,0.79,1.58
15820,6341,79,3,1799.99,5399.97
15821,6342,99,3,99.99,299.97
15822,6342,92,1,109.99,109.99
15823,6342,2,3,19.99,59.97
15824,6343,51,3,39.99,119.97
15825,6343,99,3,99.99,299.97
15826,6344,48,1,7.99,7.99
15827,6345,78,1,1999.99,1999.99
15828,6345,86,3,19.99,59.97
15829,6346,13,2,299.99,599.98
15830,6347,65,2,12.99,25.98
15831,6348,61,3,34.99,104.97
15832,6349,79,2,1799.99,3599.98
15833,6349,43,3,59.99,179.97
15834,6349,74,3,4.99,14.97
15835,6349,24,2,14.99,29.98
15836,6350,93,2,89.99,179.98
15837,6351,87,1,27.99,27.99
15838,6351,92,3,109.99,329.97
15839,6351,80,1,1399.99,1399.99
15840,6351,13,1,299.99,299.99
15841,6352,36,2,19.99,39.98
15842,6352,45,3,39.99,119.97
15843,6352,77,3,5.99,17.97
15844,6352,3,1,14.99,14.99
15845,6353,62,2,5.99,11.98
15846,6354,42,1,0.99,0.99
15847,6354,90,1,89.99,89.99
15848,6354,53,2,12.99,25.98
15849,6355,85,3,34.99,104.97
15850,6355,20,2,4.99,9.98
15851,6355,83,1,29.99,29.99
15852,6355,6,3,49.99,149.97
15853,6356,8,1,89.99,89.99
15854,6356,4,3,12.99,38.97
15855,6356,36,1,19.99,19.99
15856,6356,99,2,99.99,199.98
15857,6357,39,2,1.99,3.98
15858,6358,18,2,8.99,17.98
15859,6358,13,2,299.99,599.98
15860,6359,82,3,1499.99,4499.97
15861,6359,32,2,3.49,6.98
15862,6360,14,2,499.99,999.98
15863,6361,59,3,4.99,14.97
15864,6361,80,3,1399.99,4199.97
15865,6361,28,1,5.49,5.49
15866,6361,60,3,10.99,32.97
15867,6362,89,1,79.99,79.99
15868,6362,28,3,5.49,16.47
15869,6363,77,2,5.99,11.98
15870,6363,30,1,2.49,2.49
15871,6363,95,2,8999.99,17999.98
15872,6364,76,1,11.99,11.99
15873,6364,46,3,14.99,44.97
15874,6364,50,2,9.99,19.98
15875,6365,77,3,5.99,17.97
15876,6365,70,3,6.99,20.97
15877,6365,82,3,1499.99,4499.97
15878,6365,14,1,499.99,499.99
15879,6366,48,1,7.99,7.99
15880,6366,17,3,12.99,38.97
15881,6366,91,1,119.99,119.99
15882,6367,74,2,4.99,9.98
15883,6367,85,1,34.99,34.99
15884,6367,27,3,6.99,20.97
15885,6368,6,3,49.99,149.97
15886,6368,20,3,4.99,14.97
15887,6368,18,1,8.99,8.99
15888,6368,78,1,1999.99,1999.99
15889,6369,33,1,4.99,4.99
15890,6369,93,3,89.99,269.97
15891,6369,9,1,69.99,69.99
15892,6370,57,3,9.99,29.97
15893,6371,21,3,1.49,4.47
15894,6371,71,1,39.99,39.99
15895,6372,22,3,10.99,32.97
15896,6373,33,3,4.99,14.97
15897,6374,73,2,19.99,39.98
15898,6374,33,3,4.99,14.97
15899,6374,90,1,89.99,89.99
15900,6374,98,1,13999.99,13999.99
15901,6375,87,1,27.99,27.99
15902,6376,85,2,34.99,69.98
15903,6377,12,1,2499.99,2499.99
15904,6377,56,2,49.99,99.98
15905,6377,89,3,79.99,239.97
15906,6377,48,1,7.99,7.99
15907,6378,24,1,14.99,14.99
15908,6378,15,1,799.99,799.99
15909,6379,52,3,29.99,89.97
15910,6379,13,3,299.99,899.97
15911,6380,60,3,10.99,32.97
15912,6380,22,3,10.99,32.97
15913,6381,2,2,19.99,39.98
15914,6381,94,2,1499.99,2999.98
15915,6382,36,3,19.99,59.97
15916,6382,85,1,34.99,34.99
15917,6382,94,1,1499.99,1499.99
15918,6382,96,1,12999.99,12999.99
15919,6383,55,2,6.99,13.98
15920,6384,43,3,59.99,179.97
15921,6385,6,2,49.99,99.98
15922,6386,13,3,299.99,899.97
15923,6386,28,1,5.49,5.49
15924,6386,80,2,1399.99,2799.98
15925,6387,31,3,0.79,2.37
15926,6388,30,3,2.49,7.47
15927,6388,26,1,0.99,0.99
15928,6388,94,1,1499.99,1499.99
15929,6388,76,2,11.99,23.98
15930,6389,12,3,2499.99,7499.97
15931,6389,85,2,34.99,69.98
15932,6389,72,2,8.99,17.98
15933,6390,53,1,12.99,12.99
15934,6390,3,2,14.99,29.98
15935,6390,26,1,0.99,0.99
15936,6390,14,3,499.99,1499.97
15937,6391,81,1,1099.99,1099.99
15938,6392,44,2,29.99,59.98
15939,6392,13,2,299.99,599.98
15940,6392,10,1,79.99,79.99
15941,6392,23,3,2.99,8.97
15942,6393,6,3,49.99,149.97
15943,6393,66,2,89.99,179.98
15944,6393,63,3,7.99,23.97
15945,6393,96,1,12999.99,12999.99
15946,6394,28,1,5.49,5.49
15947,6394,62,2,5.99,11.98
15948,6394,48,3,7.99,23.97
15949,6394,20,1,4.99,4.99
15950,6395,28,1,5.49,5.49
15951,6395,43,2,59.99,119.98
15952,6395,87,2,27.99,55.98
15953,6396,21,1,1.49,1.49
15954,6397,50,1,9.99,9.99
15955,6398,87,3,27.99,83.97
15956,6398,66,2,89.99,179.98
15957,6399,79,1,1799.99,1799.99
15958,6399,94,1,1499.99,1499.99
15959,6399,95,3,8999.99,26999.97
15960,6399,18,1,8.99,8.99
15961,6400,24,3,14.99,44.97
15962,6400,18,2,8.99,17.98
15963,6400,15,3,799.99,2399.97
15964,6401,68,1,24.99,24.99
15965,6401,74,2,4.99,9.98
15966,6402,74,1,4.99,4.99
15967,6402,51,3,39.99,119.97
15968,6403,38,1,5.99,5.99
15969,6403,92,2,109.99,219.98
15970,6404,25,3,1.29,3.87
15971,6404,27,2,6.99,13.98
15972,6404,6,2,49.99,99.98
15973,6404,21,2,1.49,2.98
15974,6405,95,3,8999.99,26999.97
15975,6405,29,1,3.99,3.99
15976,6405,85,2,34.99,69.98
15977,6406,55,3,6.99,20.97
15978,6406,52,2,29.99,59.98
15979,6406,66,3,89.99,269.97
15980,6406,96,2,12999.99,25999.98
15981,6407,21,2,1.49,2.98
15982,6407,34,1,7.99,7.99
15983,6408,94,3,1499.99,4499.97
15984,6408,59,3,4.99,14.97
15985,6408,18,3,8.99,26.97
15986,6409,29,3,3.99,11.97
15987,6409,54,2,8.99,17.98
15988,6409,32,3,3.49,10.47
15989,6410,15,2,799.99,1599.98
15990,6411,36,1,19.99,19.99
15991,6411,29,2,3.99,7.98
15992,6411,78,2,1999.99,3999.98
15993,6411,31,2,0.79,1.58
15994,6412,84,1,24.99,24.99
15995,6412,23,2,2.99,5.98
15996,6412,5,2,8.99,17.98
15997,6412,80,1,1399.99,1399.99
15998,6413,100,2,129.99,259.98
15999,6413,18,1,8.99,8.99
16000,6414,60,3,10.99,32.97
16001,6414,67,2,15.99,31.98
16002,6414,95,3,8999.99,26999.97
16003,6415,56,3,49.99,149.97
16004,6415,96,2,12999.99,25999.98
16005,6416,13,3,299.99,899.97
16006,6416,85,2,34.99,69.98
16007,6416,76,2,11.99,23.98
16008,6416,52,1,29.99,29.99
16009,6417,59,2,4.99,9.98
16010,6417,64,3,14.99,44.97
16011,6417,21,1,1.49,1.49
16012,6418,16,3,1.99,5.97
16013,6418,62,1,5.99,5.99
16014,6419,19,2,9.99,19.98
16015,6420,29,3,3.99,11.97
16016,6420,61,2,34.99,69.98
16017,6420,19,1,9.99,9.99
16018,6420,80,1,1399.99,1399.99
16019,6421,29,2,3.99,7.98
16020,6421,89,2,79.99,159.98
16021,6422,100,3,129.99,389.97
16022,6422,42,3,0.99,2.97
16023,6423,35,3,2.29,6.87
16024,6424,70,3,6.99,20.97
16025,6424,47,1,49.99,49.99
16026,6425,6,1,49.99,49.99
16027,6425,42,1,0.99,0.99
16028,6425,44,2,29.99,59.98
16029,6425,8,1,89.99,89.99
16030,6426,88,3,149.99,449.97
16031,6426,3,1,14.99,14.99
16032,6426,94,2,1499.99,2999.98
16033,6427,15,3,799.99,2399.97
16034,6427,93,3,89.99,269.97
16035,6427,32,2,3.49,6.98
16036,6427,94,1,1499.99,1499.99
16037,6428,34,3,7.99,23.97
16038,6428,8,2,89.99,179.98
16039,6428,97,1,10999.99,10999.99
16040,6429,47,1,49.99,49.99
16041,6429,89,1,79.99,79.99
16042,6430,63,3,7.99,23.97
16043,6430,74,3,4.99,14.97
16044,6430,36,1,19.99,19.99
16045,6431,16,1,1.99,1.99
16046,6431,31,1,0.79,0.79
16047,6431,77,1,5.99,5.99
16048,6432,20,1,4.99,4.99
16049,6432,14,2,499.99,999.98
16050,6433,75,2,16.99,33.98
16051,6433,48,3,7.99,23.97
16052,6433,21,3,1.49,4.47
16053,6433,30,3,2.49,7.47
16054,6434,6,3,49.99,149.97
16055,6434,1,3,9.99,29.97
16056,6435,37,3,1.99,5.97
16057,6435,85,3,34.99,104.97
16058,6436,47,3,49.99,149.97
16059,6436,92,3,109.99,329.97
16060,6436,98,2,13999.99,27999.98
16061,6437,50,1,9.99,9.99
16062,6437,75,1,16.99,16.99
16063,6438,7,2,129.99,259.98
16064,6438,91,2,119.99,239.98
16065,6438,57,2,9.99,19.98
16066,6438,50,1,9.99,9.99
16067,6439,37,3,1.99,5.97
16068,6440,44,2,29.99,59.98
16069,6440,18,2,8.99,17.98
16070,6440,46,3,14.99,44.97
16071,6440,9,3,69.99,209.97
16072,6441,54,3,8.99,26.97
16073,6442,31,2,0.79,1.58
16074,6442,73,3,19.99,59.97
16075,6442,12,2,2499.99,4999.98
16076,6443,87,2,27.99,55.98
16077,6443,40,3,3.99,11.97
16078,6443,8,1,89.99,89.99
16079,6443,89,3,79.99,239.97
16080,6444,74,3,4.99,14.97
16081,6444,91,2,119.99,239.98
16082,6444,84,3,24.99,74.97
16083,6445,95,1,8999.99,8999.99
16084,6445,9,2,69.99,139.98
16085,6445,87,1,27.99,27.99
16086,6446,84,3,24.99,74.97
16087,6446,42,3,0.99,2.97
16088,6446,2,3,19.99,59.97
16089,6447,9,1,69.99,69.99
16090,6447,84,1,24.99,24.99
16091,6447,74,1,4.99,4.99
16092,6448,64,3,14.99,44.97
16093,6448,13,3,299.99,899.97
16094,6448,7,3,129.99,389.97
16095,6449,75,1,16.99,16.99
16096,6449,9,2,69.99,139.98
16097,6449,25,3,1.29,3.87
16098,6449,44,2,29.99,59.98
16099,6450,74,1,4.99,4.99
16100,6451,62,3,5.99,17.97
16101,6451,13,3,299.99,899.97
16102,6451,64,3,14.99,44.97
16103,6452,61,2,34.99,69.98
16104,6453,86,2,19.99,39.98
16105,6454,25,3,1.29,3.87
16106,6455,57,3,9.99,29.97
16107,6456,23,3,2.99,8.97
16108,6456,26,1,0.99,0.99
16109,6457,74,2,4.99,9.98
16110,6457,21,2,1.49,2.98
16111,6457,8,1,89.99,89.99
16112,6457,44,3,29.99,89.97
16113,6458,29,1,3.99,3.99
16114,6458,62,3,5.99,17.97
16115,6458,50,3,9.99,29.97
16116,6459,11,2,1899.99,3799.98
16117,6460,54,2,8.99,17.98
16118,6460,35,1,2.29,2.29
16119,6460,44,2,29.99,59.98
16120,6461,13,2,299.99,599.98
16121,6462,31,1,0.79,0.79
16122,6462,60,2,10.99,21.98
16123,6462,3,2,14.99,29.98
16124,6463,46,2,14.99,29.98
16125,6464,9,3,69.99,209.97
16126,6464,53,1,12.99,12.99
16127,6464,91,3,119.99,359.97
16128,6465,65,1,12.99,12.99
16129,6465,91,3,119.99,359.97
16130,6465,23,2,2.99,5.98
16131,6465,69,1,3.99,3.99
16132,6466,1,3,9.99,29.97
16133,6466,84,1,24.99,24.99
16134,6466,53,3,12.99,38.97
16135,6466,79,3,1799.99,5399.97
16136,6467,88,2,149.99,299.98
16137,6468,22,2,10.99,21.98
16138,6468,87,2,27.99,55.98
16139,6468,65,3,12.99,38.97
16140,6468,4,1,12.99,12.99
16141,6469,35,1,2.29,2.29
16142,6469,75,1,16.99,16.99
16143,6469,48,2,7.99,15.98
16144,6470,40,3,3.99,11.97
16145,6470,21,1,1.49,1.49
16146,6471,41,1,2.49,2.49
16147,6471,39,2,1.99,3.98
16148,6471,11,1,1899.99,1899.99
16149,6471,14,2,499.99,999.98
16150,6472,7,1,129.99,129.99
16151,6472,49,2,5.99,11.98
16152,6472,35,1,2.29,2.29
16153,6473,32,1,3.49,3.49
16154,6473,80,3,1399.99,4199.97
16155,6473,27,1,6.99,6.99
16156,6473,99,3,99.99,299.97
16157,6474,31,2,0.79,1.58
16158,6474,64,1,14.99,14.99
16159,6474,50,2,9.99,19.98
16160,6474,5,3,8.99,26.97
16161,6475,65,1,12.99,12.99
16162,6475,61,1,34.99,34.99
16163,6475,56,2,49.99,99.98
16164,6475,63,2,7.99,15.98
16165,6476,67,1,15.99,15.99
16166,6476,49,2,5.99,11.98
16167,6476,3,2,14.99,29.98
16168,6477,25,1,1.29,1.29
16169,6477,28,2,5.49,10.98
16170,6478,15,2,799.99,1599.98
16171,6478,33,2,4.99,9.98
16172,6479,71,1,39.99,39.99
16173,6480,66,2,89.99,179.98
16174,6480,45,2,39.99,79.98
16175,6480,46,1,14.99,14.99
16176,6481,37,1,1.99,1.99
16177,6481,29,3,3.99,11.97
16178,6481,82,2,1499.99,2999.98
16179,6481,63,3,7.99,23.97
16180,6482,25,1,1.29,1.29
16181,6482,24,2,14.99,29.98
16182,6482,49,2,5.99,11.98
16183,6482,22,1,10.99,10.99
16184,6483,35,2,2.29,4.58
16185,6483,42,2,0.99,1.98
16186,6483,98,3,13999.99,41999.97
16187,6483,57,3,9.99,29.97
16188,6484,36,2,19.99,39.98
16189,6485,84,3,24.99,74.97
16190,6486,18,2,8.99,17.98
16191,6487,3,1,14.99,14.99
16192,6487,29,1,3.99,3.99
16193,6488,86,3,19.99,59.97
16194,6489,74,2,4.99,9.98
16195,6489,7,1,129.99,129.99
16196,6490,83,2,29.99,59.98
16197,6490,51,3,39.99,119.97
16198,6490,64,1,14.99,14.99
16199,6490,69,1,3.99,3.99
16200,6491,69,2,3.99,7.98
16201,6491,40,3,3.99,11.97
16202,6491,70,3,6.99,20.97
16203,6491,30,1,2.49,2.49
16204,6492,50,2,9.99,19.98
16205,6493,69,3,3.99,11.97
16206,6493,73,3,19.99,59.97
16207,6494,25,1,1.29,1.29
16208,6494,60,3,10.99,32.97
16209,6495,87,3,27.99,83.97
16210,6495,32,2,3.49,6.98
16211,6495,23,2,2.99,5.98
16212,6495,19,1,9.99,9.99
16213,6496,34,3,7.99,23.97
16214,6496,58,2,3.99,7.98
16215,6497,90,1,89.99,89.99
16216,6497,81,2,1099.99,2199.98
16217,6498,55,3,6.99,20.97
16218,6498,75,1,16.99,16.99
16219,6498,24,1,14.99,14.99
16220,6498,46,2,14.99,29.98
16221,6499,94,2,1499.99,2999.98
16222,6500,100,2,129.99,259.98
16223,6500,45,2,39.99,79.98
16224,6500,1,2,9.99,19.98
16225,6501,100,2,129.99,259.98
16226,6501,94,1,1499.99,1499.99
16227,6501,99,3,99.99,299.97
16228,6502,48,3,7.99,23.97
16229,6502,65,3,12.99,38.97
16230,6502,1,1,9.99,9.99
16231,6503,5,2,8.99,17.98
16232,6503,79,3,1799.99,5399.97
16233,6503,34,2,7.99,15.98
16234,6503,36,1,19.99,19.99
16235,6504,50,3,9.99,29.97
16236,6504,49,2,5.99,11.98
16237,6505,81,3,1099.99,3299.97
16238,6506,27,2,6.99,13.98
16239,6507,43,1,59.99,59.99
16240,6507,68,2,24.99,49.98
16241,6508,14,2,499.99,999.98
16242,6508,49,2,5.99,11.98
16243,6508,43,2,59.99,119.98
16244,6508,35,1,2.29,2.29
16245,6509,49,2,5.99,11.98
16246,6509,72,1,8.99,8.99
16247,6509,61,1,34.99,34.99
16248,6509,68,2,24.99,49.98
16249,6510,13,1,299.99,299.99
16250,6511,25,1,1.29,1.29
16251,6511,87,2,27.99,55.98
16252,6512,13,3,299.99,899.97
16253,6512,92,2,109.99,219.98
16254,6513,20,2,4.99,9.98
16255,6513,62,2,5.99,11.98
16256,6513,54,2,8.99,17.98
16257,6514,14,2,499.99,999.98
16258,6515,10,3,79.99,239.97
16259,6515,41,2,2.49,4.98
16260,6515,3,1,14.99,14.99
16261,6515,7,2,129.99,259.98
16262,6516,16,2,1.99,3.98
16263,6516,12,2,2499.99,4999.98
16264,6516,98,3,13999.99,41999.97
16265,6517,80,1,1399.99,1399.99
16266,6518,66,2,89.99,179.98
16267,6518,21,3,1.49,4.47
16268,6518,93,2,89.99,179.98
16269,6519,15,1,799.99,799.99
16270,6520,53,3,12.99,38.97
16271,6521,57,3,9.99,29.97
16272,6521,13,2,299.99,599.98
16273,6521,64,3,14.99,44.97
16274,6521,89,1,79.99,79.99
16275,6522,34,2,7.99,15.98
16276,6522,97,3,10999.99,32999.97
16277,6523,68,3,24.99,74.97
16278,6523,41,1,2.49,2.49
16279,6523,86,3,19.99,59.97
16280,6524,52,1,29.99,29.99
16281,6524,25,2,1.29,2.58
16282,6524,96,1,12999.99,12999.99
16283,6524,53,1,12.99,12.99
16284,6525,84,3,24.99,74.97
16285,6525,29,2,3.99,7.98
16286,6526,26,2,0.99,1.98
16287,6526,97,1,10999.99,10999.99
16288,6526,63,1,7.99,7.99
16289,6527,55,2,6.99,13.98
16290,6527,76,2,11.99,23.98
16291,6527,54,1,8.99,8.99
16292,6527,20,1,4.99,4.99
16293,6528,15,1,799.99,799.99
16294,6529,44,3,29.99,89.97
16295,6530,87,1,27.99,27.99
16296,6530,22,2,10.99,21.98
16297,6530,10,1,79.99,79.99
16298,6530,34,2,7.99,15.98
16299,6531,30,3,2.49,7.47
16300,6531,72,3,8.99,26.97
16301,6531,62,1,5.99,5.99
16302,6531,73,2,19.99,39.98
16303,6532,46,2,14.99,29.98
16304,6532,61,1,34.99,34.99
16305,6533,79,1,1799.99,1799.99
16306,6533,82,3,1499.99,4499.97
16307,6534,20,1,4.99,4.99
16308,6534,15,3,799.99,2399.97
16309,6535,7,1,129.99,129.99
16310,6535,72,1,8.99,8.99
16311,6535,71,2,39.99,79.98
16312,6536,68,3,24.99,74.97
16313,6536,12,3,2499.99,7499.97
16314,6536,66,3,89.99,269.97
16315,6536,79,1,1799.99,1799.99
16316,6537,44,1,29.99,29.99
16317,6538,37,2,1.99,3.98
16318,6538,63,3,7.99,23.97
16319,6538,14,2,499.99,999.98
16320,6539,97,2,10999.99,21999.98
16321,6539,72,3,8.99,26.97
16322,6539,50,2,9.99,19.98
16323,6540,64,3,14.99,44.97
16324,6540,55,3,6.99,20.97
16325,6540,35,3,2.29,6.87
16326,6541,7,2,129.99,259.98
16327,6541,56,2,49.99,99.98
16328,6541,4,2,12.99,25.98
16329,6542,42,2,0.99,1.98
16330,6542,76,2,11.99,23.98
16331,6542,31,2,0.79,1.58
16332,6543,42,2,0.99,1.98
16333,6543,78,1,1999.99,1999.99
16334,6543,75,3,16.99,50.97
16335,6544,64,1,14.99,14.99
16336,6544,23,1,2.99,2.99
16337,6544,95,2,8999.99,17999.98
16338,6545,46,1,14.99,14.99
16339,6545,14,3,499.99,1499.97
16340,6545,48,3,7.99,23.97
16341,6546,17,3,12.99,38.97
16342,6547,94,1,1499.99,1499.99
16343,6547,56,3,49.99,149.97
16344,6547,88,1,149.99,149.99
16345,6548,41,3,2.49,7.47
16346,6549,6,1,49.99,49.99
16347,6550,2,1,19.99,19.99
16348,6550,96,2,12999.99,25999.98
16349,6550,66,1,89.99,89.99
16350,6551,3,3,14.99,44.97
16351,6551,13,1,299.99,299.99
16352,6551,89,1,79.99,79.99
16353,6551,66,1,89.99,89.99
16354,6552,71,3,39.99,119.97
16355,6552,49,1,5.99,5.99
16356,6553,74,3,4.99,14.97
16357,6553,18,3,8.99,26.97
16358,6553,77,3,5.99,17.97
16359,6553,47,2,49.99,99.98
16360,6554,58,1,3.99,3.99
16361,6555,76,1,11.99,11.99
16362,6555,84,2,24.99,49.98
16363,6556,50,1,9.99,9.99
16364,6557,84,2,24.99,49.98
16365,6558,30,1,2.49,2.49
16366,6559,73,3,19.99,59.97
16367,6559,78,3,1999.99,5999.97
16368,6560,59,3,4.99,14.97
16369,6560,6,3,49.99,149.97
16370,6561,21,1,1.49,1.49
16371,6561,47,3,49.99,149.97
16372,6561,62,1,5.99,5.99
16373,6562,93,3,89.99,269.97
16374,6562,100,3,129.99,389.97
16375,6562,12,2,2499.99,4999.98
16376,6563,54,1,8.99,8.99
16377,6563,33,2,4.99,9.98
16378,6563,14,1,499.99,499.99
16379,6564,90,1,89.99,89.99
16380,6564,65,3,12.99,38.97
16381,6565,98,1,13999.99,13999.99
16382,6565,69,2,3.99,7.98
16383,6565,73,2,19.99,39.98
16384,6565,23,2,2.99,5.98
16385,6566,85,3,34.99,104.97
16386,6566,20,2,4.99,9.98
16387,6566,15,2,799.99,1599.98
16388,6567,52,3,29.99,89.97
16389,6567,25,2,1.29,2.58
16390,6567,26,2,0.99,1.98
16391,6567,96,1,12999.99,12999.99
16392,6568,52,1,29.99,29.99
16393,6568,81,1,1099.99,1099.99
16394,6568,66,1,89.99,89.99
16395,6569,90,2,89.99,179.98
16396,6569,34,3,7.99,23.97
16397,6570,67,1,15.99,15.99
16398,6571,71,2,39.99,79.98
16399,6571,70,1,6.99,6.99
16400,6572,8,3,89.99,269.97
16401,6572,70,3,6.99,20.97
16402,6572,29,1,3.99,3.99
16403,6573,50,2,9.99,19.98
16404,6573,34,2,7.99,15.98
16405,6574,94,1,1499.99,1499.99
16406,6574,68,3,24.99,74.97
16407,6574,75,3,16.99,50.97
16408,6574,81,2,1099.99,2199.98
16409,6575,92,2,109.99,219.98
16410,6575,76,2,11.99,23.98
16411,6575,82,1,1499.99,1499.99
16412,6576,73,3,19.99,59.97
16413,6576,99,2,99.99,199.98
16414,6577,97,3,10999.99,32999.97
16415,6577,76,3,11.99,35.97
16416,6578,27,1,6.99,6.99
16417,6578,72,2,8.99,17.98
16418,6578,13,3,299.99,899.97
16419,6578,33,1,4.99,4.99
16420,6579,74,3,4.99,14.97
16421,6579,69,1,3.99,3.99
16422,6579,7,2,129.99,259.98
16423,6580,76,3,11.99,35.97
16424,6580,45,3,39.99,119.97
16425,6581,51,3,39.99,119.97
16426,6581,42,1,0.99,0.99
16427,6582,38,1,5.99,5.99
16428,6582,25,3,1.29,3.87
16429,6582,82,2,1499.99,2999.98
16430,6582,97,2,10999.99,21999.98
16431,6583,32,1,3.49,3.49
16432,6583,1,3,9.99,29.97
16433,6584,3,1,14.99,14.99
16434,6584,88,3,149.99,449.97
16435,6584,36,1,19.99,19.99
16436,6585,44,1,29.99,29.99
16437,6585,81,3,1099.99,3299.97
16438,6585,41,2,2.49,4.98
16439,6585,89,1,79.99,79.99
16440,6586,100,1,129.99,129.99
16441,6586,17,2,12.99,25.98
16442,6587,30,1,2.49,2.49
16443,6587,56,1,49.99,49.99
16444,6587,44,1,29.99,29.99
16445,6588,70,1,6.99,6.99
16446,6589,94,1,1499.99,1499.99
16447,6589,42,3,0.99,2.97
16448,6590,58,3,3.99,11.97
16449,6590,91,1,119.99,119.99
16450,6590,14,2,499.99,999.98
16451,6590,71,2,39.99,79.98
16452,6591,42,3,0.99,2.97
16453,6591,35,3,2.29,6.87
16454,6592,91,3,119.99,359.97
16455,6592,79,1,1799.99,1799.99
16456,6592,56,2,49.99,99.98
16457,6592,51,3,39.99,119.97
16458,6593,81,3,1099.99,3299.97
16459,6593,68,1,24.99,24.99
16460,6593,25,1,1.29,1.29
16461,6593,50,2,9.99,19.98
16462,6594,52,2,29.99,59.98
16463,6594,87,3,27.99,83.97
16464,6595,94,2,1499.99,2999.98
16465,6595,15,2,799.99,1599.98
16466,6595,14,2,499.99,999.98
16467,6595,71,2,39.99,79.98
16468,6596,6,1,49.99,49.99
16469,6596,29,2,3.99,7.98
16470,6596,55,3,6.99,20.97
16471,6597,33,2,4.99,9.98
16472,6597,59,3,4.99,14.97
16473,6598,52,2,29.99,59.98
16474,6598,87,3,27.99,83.97
16475,6599,31,1,0.79,0.79
16476,6600,93,2,89.99,179.98
16477,6601,69,1,3.99,3.99
16478,6601,86,2,19.99,39.98
16479,6601,89,1,79.99,79.99
16480,6601,97,3,10999.99,32999.97
16481,6602,30,2,2.49,4.98
16482,6603,5,3,8.99,26.97
16483,6603,61,1,34.99,34.99
16484,6603,40,2,3.99,7.98
16485,6604,17,1,12.99,12.99
16486,6604,61,1,34.99,34.99
16487,6604,74,2,4.99,9.98
16488,6604,72,2,8.99,17.98
16489,6605,49,1,5.99,5.99
16490,6606,49,2,5.99,11.98
16491,6606,13,2,299.99,599.98
16492,6607,62,3,5.99,17.97
16493,6607,60,3,10.99,32.97
16494,6607,83,3,29.99,89.97
16495,6607,71,3,39.99,119.97
16496,6608,61,2,34.99,69.98
16497,6609,10,3,79.99,239.97
16498,6609,63,1,7.99,7.99
16499,6609,28,2,5.49,10.98
16500,6609,51,2,39.99,79.98
16501,6610,37,1,1.99,1.99
16502,6610,17,2,12.99,25.98
16503,6610,81,3,1099.99,3299.97
16504,6611,62,2,5.99,11.98
16505,6611,51,1,39.99,39.99
16506,6611,100,3,129.99,389.97
16507,6611,8,2,89.99,179.98
16508,6612,62,3,5.99,17.97
16509,6613,69,2,3.99,7.98
16510,6614,35,1,2.29,2.29
16511,6614,38,1,5.99,5.99
16512,6615,81,1,1099.99,1099.99
16513,6615,38,1,5.99,5.99
16514,6615,79,3,1799.99,5399.97
16515,6616,63,2,7.99,15.98
16516,6616,44,3,29.99,89.97
16517,6617,95,3,8999.99,26999.97
16518,6617,97,1,10999.99,10999.99
16519,6617,48,3,7.99,23.97
16520,6618,91,1,119.99,119.99
16521,6618,67,3,15.99,47.97
16522,6618,11,1,1899.99,1899.99
16523,6619,75,1,16.99,16.99
16524,6619,18,3,8.99,26.97
16525,6620,64,2,14.99,29.98
16526,6620,34,3,7.99,23.97
16527,6620,43,2,59.99,119.98
16528,6620,38,3,5.99,17.97
16529,6621,83,3,29.99,89.97
16530,6622,79,3,1799.99,5399.97
16531,6622,85,3,34.99,104.97
16532,6622,45,1,39.99,39.99
16533,6623,69,1,3.99,3.99
16534,6623,15,3,799.99,2399.97
16535,6623,79,3,1799.99,5399.97
16536,6624,72,1,8.99,8.99
16537,6625,63,1,7.99,7.99
16538,6625,29,1,3.99,3.99
16539,6625,98,2,13999.99,27999.98
16540,6625,88,3,149.99,449.97
16541,6626,100,2,129.99,259.98
16542,6626,44,1,29.99,29.99
16543,6627,23,2,2.99,5.98
16544,6627,77,3,5.99,17.97
16545,6628,27,2,6.99,13.98
16546,6628,39,1,1.99,1.99
16547,6628,72,2,8.99,17.98
16548,6628,23,3,2.99,8.97
16549,6629,72,2,8.99,17.98
16550,6630,77,1,5.99,5.99
16551,6631,31,2,0.79,1.58
16552,6631,44,2,29.99,59.98
16553,6631,23,3,2.99,8.97
16554,6631,92,3,109.99,329.97
16555,6632,23,3,2.99,8.97
16556,6632,33,2,4.99,9.98
16557,6632,95,1,8999.99,8999.99
16558,6632,68,2,24.99,49.98
16559,6633,88,3,149.99,449.97
16560,6633,49,3,5.99,17.97
16561,6633,65,3,12.99,38.97
16562,6634,41,1,2.49,2.49
16563,6634,30,2,2.49,4.98
16564,6634,31,3,0.79,2.37
16565,6635,80,2,1399.99,2799.98
16566,6636,17,3,12.99,38.97
16567,6636,64,3,14.99,44.97
16568,6636,66,1,89.99,89.99
16569,6636,97,3,10999.99,32999.97
16570,6637,20,3,4.99,14.97
16571,6638,85,3,34.99,104.97
16572,6639,80,1,1399.99,1399.99
16573,6639,57,3,9.99,29.97
16574,6640,94,2,1499.99,2999.98
16575,6640,21,3,1.49,4.47
16576,6640,75,3,16.99,50.97
16577,6641,81,1,1099.99,1099.99
16578,6641,24,3,14.99,44.97
16579,6641,13,3,299.99,899.97
16580,6641,1,2,9.99,19.98
16581,6642,99,2,99.99,199.98
16582,6642,23,3,2.99,8.97
16583,6643,98,1,13999.99,13999.99
16584,6643,57,1,9.99,9.99
16585,6644,66,1,89.99,89.99
16586,6645,61,3,34.99,104.97
16587,6645,85,1,34.99,34.99
16588,6645,64,2,14.99,29.98
16589,6645,37,2,1.99,3.98
16590,6646,52,3,29.99,89.97
16591,6647,3,2,14.99,29.98
16592,6647,40,1,3.99,3.99
16593,6647,63,1,7.99,7.99
16594,6648,100,2,129.99,259.98
16595,6648,90,2,89.99,179.98
16596,6648,46,3,14.99,44.97
16597,6649,90,2,89.99,179.98
16598,6649,51,3,39.99,119.97
16599,6649,82,3,1499.99,4499.97
16600,6649,36,1,19.99,19.99
16601,6650,43,3,59.99,179.97
16602,6650,15,2,799.99,1599.98
16603,6650,22,2,10.99,21.98
16604,6650,9,2,69.99,139.98
16605,6651,2,3,19.99,59.97
16606,6651,6,1,49.99,49.99
16607,6651,38,3,5.99,17.97
16608,6652,22,2,10.99,21.98
16609,6653,73,1,19.99,19.99
16610,6653,33,2,4.99,9.98
16611,6653,45,1,39.99,39.99
16612,6653,63,3,7.99,23.97
16613,6654,95,2,8999.99,17999.98
16614,6654,84,2,24.99,49.98
16615,6654,47,2,49.99,99.98
16616,6655,5,2,8.99,17.98
16617,6656,22,3,10.99,32.97
16618,6656,1,2,9.99,19.98
16619,6656,17,1,12.99,12.99
16620,6657,82,1,1499.99,1499.99
16621,6657,51,1,39.99,39.99
16622,6658,88,2,149.99,299.98
16623,6659,82,2,1499.99,2999.98
16624,6659,16,2,1.99,3.98
16625,6659,98,3,13999.99,41999.97
16626,6659,19,3,9.99,29.97
16627,6660,68,2,24.99,49.98
16628,6660,7,3,129.99,389.97
16629,6661,33,3,4.99,14.97
16630,6661,71,2,39.99,79.98
16631,6661,26,1,0.99,0.99
16632,6661,34,2,7.99,15.98
16633,6662,32,3,3.49,10.47
16634,6662,15,3,799.99,2399.97
16635,6663,3,3,14.99,44.97
16636,6663,26,1,0.99,0.99
16637,6663,75,1,16.99,16.99
16638,6663,61,2,34.99,69.98
16639,6664,52,3,29.99,89.97
16640,6665,53,3,12.99,38.97
16641,6665,56,1,49.99,49.99
16642,6666,63,1,7.99,7.99
16643,6666,71,2,39.99,79.98
16644,6667,94,1,1499.99,1499.99
16645,6668,85,2,34.99,69.98
16646,6668,17,2,12.99,25.98
16647,6668,94,1,1499.99,1499.99
16648,6669,78,2,1999.99,3999.98
16649,6670,47,1,49.99,49.99
16650,6671,22,1,10.99,10.99
16651,6671,100,1,129.99,129.99
16652,6671,67,3,15.99,47.97
16653,6672,71,1,39.99,39.99
16654,6672,91,1,119.99,119.99
16655,6672,27,2,6.99,13.98
16656,6672,4,1,12.99,12.99
16657,6673,72,1,8.99,8.99
16658,6673,46,2,14.99,29.98
16659,6673,93,1,89.99,89.99
16660,6673,70,2,6.99,13.98
16661,6674,7,3,129.99,389.97
16662,6674,34,3,7.99,23.97
16663,6674,68,3,24.99,74.97
16664,6674,40,3,3.99,11.97
16665,6675,59,1,4.99,4.99
16666,6675,75,3,16.99,50.97
16667,6675,66,1,89.99,89.99
16668,6676,47,2,49.99,99.98
16669,6677,95,3,8999.99,26999.97
16670,6677,42,3,0.99,2.97
16671,6677,77,3,5.99,17.97
16672,6677,38,3,5.99,17.97
16673,6678,49,1,5.99,5.99
16674,6679,30,2,2.49,4.98
16675,6679,100,3,129.99,389.97
16676,6679,64,2,14.99,29.98
16677,6679,67,1,15.99,15.99
16678,6680,68,1,24.99,24.99
16679,6680,89,2,79.99,159.98
16680,6680,21,3,1.49,4.47
16681,6681,51,1,39.99,39.99
16682,6681,25,3,1.29,3.87
16683,6682,31,3,0.79,2.37
16684,6682,16,2,1.99,3.98
16685,6682,44,2,29.99,59.98
16686,6683,8,1,89.99,89.99
16687,6684,75,3,16.99,50.97
16688,6685,72,2,8.99,17.98
16689,6685,12,3,2499.99,7499.97
16690,6685,79,2,1799.99,3599.98
16691,6686,34,2,7.99,15.98
16692,6687,53,1,12.99,12.99
16693,6687,70,1,6.99,6.99
16694,6687,91,1,119.99,119.99
16695,6688,28,1,5.49,5.49
16696,6688,96,2,12999.99,25999.98
16697,6688,74,1,4.99,4.99
16698,6689,83,2,29.99,59.98
16699,6689,73,3,19.99,59.97
16700,6689,100,3,129.99,389.97
16701,6690,41,2,2.49,4.98
16702,6691,84,3,24.99,74.97
16703,6691,27,3,6.99,20.97
16704,6691,43,3,59.99,179.97
16705,6692,16,1,1.99,1.99
16706,6693,30,1,2.49,2.49
16707,6694,85,1,34.99,34.99
16708,6694,89,2,79.99,159.98
16709,6694,42,2,0.99,1.98
16710,6694,32,1,3.49,3.49
16711,6695,28,3,5.49,16.47
16712,6695,27,3,6.99,20.97
16713,6696,53,1,12.99,12.99
16714,6696,85,2,34.99,69.98
16715,6697,47,3,49.99,149.97
16716,6697,56,2,49.99,99.98
16717,6697,53,2,12.99,25.98
16718,6698,61,1,34.99,34.99
16719,6699,71,3,39.99,119.97
16720,6700,26,1,0.99,0.99
16721,6700,45,1,39.99,39.99
16722,6700,12,2,2499.99,4999.98
16723,6701,55,3,6.99,20.97
16724,6701,19,3,9.99,29.97
16725,6701,26,3,0.99,2.97
16726,6701,42,1,0.99,0.99
16727,6702,45,2,39.99,79.98
16728,6703,26,3,0.99,2.97
16729,6703,29,3,3.99,11.97
16730,6703,24,1,14.99,14.99
16731,6703,82,1,1499.99,1499.99
16732,6704,37,3,1.99,5.97
16733,6704,83,3,29.99,89.97
16734,6705,8,1,89.99,89.99
16735,6705,64,3,14.99,44.97
16736,6706,91,3,119.99,359.97
16737,6706,2,1,19.99,19.99
16738,6706,80,1,1399.99,1399.99
16739,6706,67,1,15.99,15.99
16740,6707,71,3,39.99,119.97
16741,6707,7,1,129.99,129.99
16742,6707,88,2,149.99,299.98
16743,6707,16,1,1.99,1.99
16744,6708,68,2,24.99,49.98
16745,6708,24,3,14.99,44.97
16746,6708,66,1,89.99,89.99
16747,6708,98,3,13999.99,41999.97
16748,6709,82,1,1499.99,1499.99
16749,6710,16,2,1.99,3.98
16750,6710,62,2,5.99,11.98
16751,6710,45,1,39.99,39.99
16752,6711,38,3,5.99,17.97
16753,6711,100,2,129.99,259.98
16754,6711,85,3,34.99,104.97
16755,6712,43,2,59.99,119.98
16756,6712,20,2,4.99,9.98
16757,6712,97,1,10999.99,10999.99
16758,6713,31,3,0.79,2.37
16759,6714,18,2,8.99,17.98
16760,6715,39,3,1.99,5.97
16761,6715,72,3,8.99,26.97
16762,6715,50,1,9.99,9.99
16763,6716,46,3,14.99,44.97
16764,6716,54,2,8.99,17.98
16765,6716,3,3,14.99,44.97
16766,6717,80,1,1399.99,1399.99
16767,6717,48,1,7.99,7.99
16768,6718,36,1,19.99,19.99
16769,6719,3,1,14.99,14.99
16770,6720,45,2,39.99,79.98
16771,6721,33,1,4.99,4.99
16772,6721,73,3,19.99,59.97
16773,6721,93,1,89.99,89.99
16774,6722,33,3,4.99,14.97
16775,6722,82,3,1499.99,4499.97
16776,6722,11,1,1899.99,1899.99
16777,6722,8,2,89.99,179.98
16778,6723,65,3,12.99,38.97
16779,6723,34,2,7.99,15.98
16780,6723,15,2,799.99,1599.98
16781,6724,23,2,2.99,5.98
16782,6724,70,1,6.99,6.99
16783,6724,10,2,79.99,159.98
16784,6724,21,1,1.49,1.49
16785,6725,83,1,29.99,29.99
16786,6726,79,2,1799.99,3599.98
16787,6726,13,3,299.99,899.97
16788,6726,98,1,13999.99,13999.99
16789,6727,3,3,14.99,44.97
16790,6727,93,3,89.99,269.97
16791,6727,52,3,29.99,89.97
16792,6727,59,2,4.99,9.98
16793,6728,72,1,8.99,8.99
16794,6728,13,2,299.99,599.98
16795,6728,11,1,1899.99,1899.99
16796,6729,73,2,19.99,39.98
16797,6729,34,3,7.99,23.97
16798,6729,11,3,1899.99,5699.97
16799,6730,84,2,24.99,49.98
16800,6731,98,2,13999.99,27999.98
16801,6731,59,3,4.99,14.97
16802,6731,58,2,3.99,7.98
16803,6732,68,3,24.99,74.97
16804,6733,68,1,24.99,24.99
16805,6734,71,2,39.99,79.98
16806,6735,23,1,2.99,2.99
16807,6735,66,3,89.99,269.97
16808,6735,58,3,3.99,11.97
16809,6736,90,1,89.99,89.99
16810,6736,33,3,4.99,14.97
16811,6736,69,2,3.99,7.98
16812,6736,55,3,6.99,20.97
16813,6737,93,2,89.99,179.98
16814,6737,44,2,29.99,59.98
16815,6738,33,1,4.99,4.99
16816,6738,49,2,5.99,11.98
16817,6738,38,3,5.99,17.97
16818,6739,22,2,10.99,21.98
16819,6739,88,1,149.99,149.99
16820,6739,50,1,9.99,9.99
16821,6740,86,2,19.99,39.98
16822,6741,98,3,13999.99,41999.97
16823,6741,21,1,1.49,1.49
16824,6741,3,3,14.99,44.97
16825,6742,65,1,12.99,12.99
16826,6743,44,3,29.99,89.97
16827,6743,33,3,4.99,14.97
16828,6744,93,2,89.99,179.98
16829,6744,94,3,1499.99,4499.97
16830,6745,32,2,3.49,6.98
16831,6745,85,2,34.99,69.98
16832,6746,17,2,12.99,25.98
16833,6747,31,3,0.79,2.37
16834,6747,80,1,1399.99,1399.99
16835,6747,27,1,6.99,6.99
16836,6748,49,3,5.99,17.97
16837,6748,59,2,4.99,9.98
16838,6749,73,3,19.99,59.97
16839,6749,26,3,0.99,2.97
16840,6750,97,1,10999.99,10999.99
16841,6750,96,2,12999.99,25999.98
16842,6750,91,3,119.99,359.97
16843,6751,73,1,19.99,19.99
16844,6751,6,1,49.99,49.99
16845,6751,76,1,11.99,11.99
16846,6752,36,1,19.99,19.99
16847,6752,78,3,1999.99,5999.97
16848,6753,74,1,4.99,4.99
16849,6753,56,2,49.99,99.98
16850,6754,87,3,27.99,83.97
16851,6754,9,2,69.99,139.98
16852,6754,10,2,79.99,159.98
16853,6754,37,2,1.99,3.98
16854,6755,15,2,799.99,1599.98
16855,6756,50,1,9.99,9.99
16856,6756,1,1,9.99,9.99
16857,6757,87,3,27.99,83.97
16858,6758,77,2,5.99,11.98
16859,6758,52,1,29.99,29.99
16860,6758,31,1,0.79,0.79
16861,6759,4,2,12.99,25.98
16862,6759,27,1,6.99,6.99
16863,6760,34,2,7.99,15.98
16864,6760,18,1,8.99,8.99
16865,6760,91,3,119.99,359.97
16866,6761,20,3,4.99,14.97
16867,6761,92,3,109.99,329.97
16868,6761,65,3,12.99,38.97
16869,6761,52,2,29.99,59.98
16870,6762,38,2,5.99,11.98
16871,6763,38,3,5.99,17.97
16872,6763,57,1,9.99,9.99
16873,6763,66,2,89.99,179.98
16874,6764,81,2,1099.99,2199.98
16875,6764,15,1,799.99,799.99
16876,6765,90,1,89.99,89.99
16877,6766,82,1,1499.99,1499.99
16878,6766,61,3,34.99,104.97
16879,6766,98,2,13999.99,27999.98
16880,6767,70,2,6.99,13.98
16881,6767,68,3,24.99,74.97
16882,6767,38,2,5.99,11.98
16883,6767,45,3,39.99,119.97
16884,6768,1,2,9.99,19.98
16885,6768,83,3,29.99,89.97
16886,6769,81,2,1099.99,2199.98
16887,6770,27,1,6.99,6.99
16888,6770,56,3,49.99,149.97
16889,6770,92,1,109.99,109.99
16890,6771,90,1,89.99,89.99
16891,6771,83,1,29.99,29.99
16892,6772,40,1,3.99,3.99
16893,6772,34,2,7.99,15.98
16894,6772,90,1,89.99,89.99
16895,6772,44,3,29.99,89.97
16896,6773,59,1,4.99,4.99
16897,6773,36,1,19.99,19.99
16898,6773,43,3,59.99,179.97
16899,6774,54,1,8.99,8.99
16900,6774,15,1,799.99,799.99
16901,6774,25,2,1.29,2.58
16902,6774,26,2,0.99,1.98
16903,6775,32,3,3.49,10.47
16904,6776,98,2,13999.99,27999.98
16905,6776,74,2,4.99,9.98
16906,6776,57,2,9.99,19.98
16907,6776,30,1,2.49,2.49
16908,6777,48,3,7.99,23.97
16909,6777,17,2,12.99,25.98
16910,6778,74,2,4.99,9.98
16911,6779,87,2,27.99,55.98
16912,6779,9,1,69.99,69.99
16913,6779,6,1,49.99,49.99
16914,6779,95,1,8999.99,8999.99
16915,6780,3,1,14.99,14.99
16916,6780,99,1,99.99,99.99
16917,6780,72,3,8.99,26.97
16918,6780,34,1,7.99,7.99
16919,6781,20,3,4.99,14.97
16920,6781,3,1,14.99,14.99
16921,6781,88,2,149.99,299.98
16922,6782,24,2,14.99,29.98
16923,6782,61,1,34.99,34.99
16924,6783,36,2,19.99,39.98
16925,6783,81,2,1099.99,2199.98
16926,6783,52,1,29.99,29.99
16927,6783,97,1,10999.99,10999.99
16928,6784,58,1,3.99,3.99
16929,6784,71,2,39.99,79.98
16930,6785,78,2,1999.99,3999.98
16931,6785,83,1,29.99,29.99
16932,6785,50,1,9.99,9.99
16933,6786,52,3,29.99,89.97
16934,6786,44,2,29.99,59.98
16935,6786,56,3,49.99,149.97
16936,6787,14,1,499.99,499.99
16937,6787,22,2,10.99,21.98
16938,6787,94,2,1499.99,2999.98
16939,6788,33,2,4.99,9.98
16940,6788,48,2,7.99,15.98
16941,6788,25,2,1.29,2.58
16942,6788,44,1,29.99,29.99
16943,6789,90,2,89.99,179.98
16944,6789,51,2,39.99,79.98
16945,6789,35,1,2.29,2.29
16946,6789,99,1,99.99,99.99
16947,6790,67,3,15.99,47.97
16948,6790,93,1,89.99,89.99
16949,6790,2,3,19.99,59.97
16950,6791,78,3,1999.99,5999.97
16951,6791,27,3,6.99,20.97
16952,6791,80,3,1399.99,4199.97
16953,6791,35,1,2.29,2.29
16954,6792,79,1,1799.99,1799.99
16955,6792,40,1,3.99,3.99
16956,6792,15,2,799.99,1599.98
16957,6792,10,1,79.99,79.99
16958,6793,24,2,14.99,29.98
16959,6793,10,2,79.99,159.98
16960,6794,48,2,7.99,15.98
16961,6795,50,1,9.99,9.99
16962,6795,69,2,3.99,7.98
16963,6795,25,1,1.29,1.29
16964,6796,61,3,34.99,104.97
16965,6797,73,3,19.99,59.97
16966,6798,87,2,27.99,55.98
16967,6799,19,3,9.99,29.97
16968,6800,31,2,0.79,1.58
16969,6800,62,3,5.99,17.97
16970,6800,50,3,9.99,29.97
16971,6801,76,1,11.99,11.99
16972,6801,19,2,9.99,19.98
16973,6802,31,3,0.79,2.37
16974,6802,1,3,9.99,29.97
16975,6802,64,2,14.99,29.98
16976,6803,2,1,19.99,19.99
16977,6803,46,3,14.99,44.97
16978,6803,29,2,3.99,7.98
16979,6804,53,1,12.99,12.99
16980,6805,45,3,39.99,119.97
16981,6805,3,3,14.99,44.97
16982,6805,60,2,10.99,21.98
16983,6806,8,2,89.99,179.98
16984,6807,80,3,1399.99,4199.97
16985,6807,14,2,499.99,999.98
16986,6808,98,2,13999.99,27999.98
16987,6808,3,2,14.99,29.98
16988,6808,29,2,3.99,7.98
16989,6808,42,1,0.99,0.99
16990,6809,48,1,7.99,7.99
16991,6809,39,2,1.99,3.98
16992,6809,32,3,3.49,10.47
16993,6810,15,2,799.99,1599.98
16994,6810,78,2,1999.99,3999.98
16995,6811,84,1,24.99,24.99
16996,6812,12,3,2499.99,7499.97
16997,6812,28,1,5.49,5.49
16998,6812,88,1,149.99,149.99
16999,6812,86,2,19.99,39.98
17000,6813,3,3,14.99,44.97
17001,6813,65,1,12.99,12.99
17002,6813,14,3,499.99,1499.97
17003,6813,67,2,15.99,31.98
17004,6814,65,3,12.99,38.97
17005,6814,72,1,8.99,8.99
17006,6814,83,2,29.99,59.98
17007,6814,46,1,14.99,14.99
17008,6815,82,2,1499.99,2999.98
17009,6815,41,2,2.49,4.98
17010,6815,7,2,129.99,259.98
17011,6815,46,1,14.99,14.99
17012,6816,21,1,1.49,1.49
17013,6817,84,3,24.99,74.97
17014,6817,5,2,8.99,17.98
17015,6817,8,3,89.99,269.97
17016,6817,15,1,799.99,799.99
17017,6818,2,3,19.99,59.97
17018,6818,67,2,15.99,31.98
17019,6819,13,3,299.99,899.97
17020,6820,2,1,19.99,19.99
17021,6821,91,2,119.99,239.98
17022,6821,57,3,9.99,29.97
17023,6821,78,2,1999.99,3999.98
17024,6822,32,1,3.49,3.49
17025,6823,100,1,129.99,129.99
17026,6823,95,2,8999.99,17999.98
17027,6824,43,3,59.99,179.97
17028,6824,23,2,2.99,5.98
17029,6825,60,2,10.99,21.98
17030,6825,67,1,15.99,15.99
17031,6826,45,1,39.99,39.99
17032,6826,65,1,12.99,12.99
17033,6826,86,3,19.99,59.97
17034,6826,34,2,7.99,15.98
17035,6827,9,2,69.99,139.98
17036,6827,14,3,499.99,1499.97
17037,6827,38,1,5.99,5.99
17038,6828,30,1,2.49,2.49
17039,6828,7,2,129.99,259.98
17040,6828,72,3,8.99,26.97
17041,6829,12,2,2499.99,4999.98
17042,6829,10,1,79.99,79.99
17043,6830,37,2,1.99,3.98
17044,6830,65,3,12.99,38.97
17045,6830,13,1,299.99,299.99
17046,6831,57,3,9.99,29.97
17047,6831,35,1,2.29,2.29
17048,6832,20,1,4.99,4.99
17049,6833,89,2,79.99,159.98
17050,6834,21,3,1.49,4.47
17051,6834,23,1,2.99,2.99
17052,6834,79,3,1799.99,5399.97
17053,6835,69,1,3.99,3.99
17054,6835,3,2,14.99,29.98
17055,6836,80,3,1399.99,4199.97
17056,6836,88,1,149.99,149.99
17057,6836,86,1,19.99,19.99
17058,6837,43,3,59.99,179.97
17059,6837,30,3,2.49,7.47
17060,6838,72,3,8.99,26.97
17061,6838,39,2,1.99,3.98
17062,6838,88,1,149.99,149.99
17063,6839,72,2,8.99,17.98
17064,6840,61,2,34.99,69.98
17065,6840,36,2,19.99,39.98
17066,6841,21,2,1.49,2.98
17067,6841,72,2,8.99,17.98
17068,6841,56,3,49.99,149.97
17069,6842,74,2,4.99,9.98
17070,6843,91,3,119.99,359.97
17071,6843,63,3,7.99,23.97
17072,6844,45,2,39.99,79.98
17073,6844,59,3,4.99,14.97
17074,6844,10,2,79.99,159.98
17075,6844,100,2,129.99,259.98
17076,6845,60,3,10.99,32.97
17077,6845,4,1,12.99,12.99
17078,6845,28,1,5.49,5.49
17079,6845,45,2,39.99,79.98
17080,6846,18,1,8.99,8.99
17081,6846,92,3,109.99,329.97
17082,6846,73,3,19.99,59.97
17083,6847,78,1,1999.99,1999.99
17084,6847,99,2,99.99,199.98
17085,6847,29,1,3.99,3.99
17086,6847,35,3,2.29,6.87
17087,6848,26,1,0.99,0.99
17088,6848,2,1,19.99,19.99
17089,6848,27,3,6.99,20.97
17090,6849,79,3,1799.99,5399.97
17091,6849,100,3,129.99,389.97
17092,6849,5,1,8.99,8.99
17093,6849,66,2,89.99,179.98
17094,6850,37,1,1.99,1.99
17095,6850,2,3,19.99,59.97
17096,6850,90,1,89.99,89.99
17097,6851,60,1,10.99,10.99
17098,6851,22,3,10.99,32.97
17099,6851,78,2,1999.99,3999.98
17100,6852,14,3,499.99,1499.97
17101,6852,82,3,1499.99,4499.97
17102,6852,45,1,39.99,39.99
17103,6852,95,2,8999.99,17999.98
17104,6853,56,3,49.99,149.97
17105,6853,90,3,89.99,269.97
17106,6853,67,3,15.99,47.97
17107,6854,44,3,29.99,89.97
17108,6855,80,1,1399.99,1399.99
17109,6855,12,3,2499.99,7499.97
17110,6855,26,3,0.99,2.97
17111,6855,22,1,10.99,10.99
17112,6856,78,1,1999.99,1999.99
17113,6856,30,1,2.49,2.49
17114,6856,29,1,3.99,3.99
17115,6856,27,1,6.99,6.99
17116,6857,13,2,299.99,599.98
17117,6857,78,1,1999.99,1999.99
17118,6857,81,3,1099.99,3299.97
17119,6857,37,3,1.99,5.97
17120,6858,58,3,3.99,11.97
17121,6858,28,1,5.49,5.49
17122,6858,2,1,19.99,19.99
17123,6858,22,1,10.99,10.99
17124,6859,75,3,16.99,50.97
17125,6859,94,1,1499.99,1499.99
17126,6860,41,1,2.49,2.49
17127,6860,82,3,1499.99,4499.97
17128,6861,49,1,5.99,5.99
17129,6861,42,3,0.99,2.97
17130,6862,52,2,29.99,59.98
17131,6862,19,3,9.99,29.97
17132,6863,95,1,8999.99,8999.99
17133,6863,7,3,129.99,389.97
17134,6864,22,3,10.99,32.97
17135,6864,30,1,2.49,2.49
17136,6865,6,2,49.99,99.98
17137,6866,14,1,499.99,499.99
17138,6866,82,2,1499.99,2999.98
17139,6866,17,2,12.99,25.98
17140,6866,45,1,39.99,39.99
17141,6867,39,2,1.99,3.98
17142,6868,45,3,39.99,119.97
17143,6868,90,3,89.99,269.97
17144,6868,25,1,1.29,1.29
17145,6869,52,3,29.99,89.97
17146,6870,56,3,49.99,149.97
17147,6870,12,2,2499.99,4999.98
17148,6870,63,2,7.99,15.98
17149,6870,90,2,89.99,179.98
17150,6871,55,1,6.99,6.99
17151,6871,5,1,8.99,8.99
17152,6871,66,1,89.99,89.99
17153,6871,31,1,0.79,0.79
17154,6872,74,1,4.99,4.99
17155,6872,22,3,10.99,32.97
17156,6872,35,3,2.29,6.87
17157,6872,14,1,499.99,499.99
17158,6873,87,2,27.99,55.98
17159,6873,30,2,2.49,4.98
17160,6873,40,1,3.99,3.99
17161,6874,99,1,99.99,99.99
17162,6874,24,1,14.99,14.99
17163,6874,74,1,4.99,4.99
17164,6874,51,2,39.99,79.98
17165,6875,61,2,34.99,69.98
17166,6876,15,3,799.99,2399.97
17167,6877,93,2,89.99,179.98
17168,6877,4,1,12.99,12.99
17169,6877,46,2,14.99,29.98
17170,6877,35,1,2.29,2.29
17171,6878,24,3,14.99,44.97
17172,6878,88,3,149.99,449.97
17173,6879,56,2,49.99,99.98
17174,6879,100,3,129.99,389.97
17175,6879,7,2,129.99,259.98
17176,6880,33,3,4.99,14.97
17177,6880,84,1,24.99,24.99
17178,6880,54,1,8.99,8.99
17179,6881,77,3,5.99,17.97
17180,6882,10,1,79.99,79.99
17181,6882,63,2,7.99,15.98
17182,6882,35,3,2.29,6.87
17183,6883,94,3,1499.99,4499.97
17184,6883,70,2,6.99,13.98
17185,6883,74,3,4.99,14.97
17186,6883,3,1,14.99,14.99
17187,6884,4,3,12.99,38.97
17188,6884,44,3,29.99,89.97
17189,6884,59,3,4.99,14.97
17190,6884,78,2,1999.99,3999.98
17191,6885,39,1,1.99,1.99
17192,6886,95,3,8999.99,26999.97
17193,6887,56,3,49.99,149.97
17194,6887,39,1,1.99,1.99
17195,6888,21,1,1.49,1.49
17196,6888,73,1,19.99,19.99
17197,6889,3,1,14.99,14.99
17198,6889,98,1,13999.99,13999.99
17199,6889,95,3,8999.99,26999.97
17200,6889,65,3,12.99,38.97
17201,6890,17,3,12.99,38.97
17202,6890,32,1,3.49,3.49
17203,6891,40,1,3.99,3.99
17204,6891,45,1,39.99,39.99
17205,6891,13,3,299.99,899.97
17206,6891,57,3,9.99,29.97
17207,6892,16,1,1.99,1.99
17208,6892,55,2,6.99,13.98
17209,6892,90,2,89.99,179.98
17210,6892,40,2,3.99,7.98
17211,6893,13,3,299.99,899.97
17212,6893,84,1,24.99,24.99
17213,6894,88,1,149.99,149.99
17214,6894,94,2,1499.99,2999.98
17215,6894,37,2,1.99,3.98
17216,6895,17,3,12.99,38.97
17217,6895,9,2,69.99,139.98
17218,6896,10,2,79.99,159.98
17219,6896,37,2,1.99,3.98
17220,6897,47,1,49.99,49.99
17221,6897,22,3,10.99,32.97
17222,6898,73,2,19.99,39.98
17223,6898,16,2,1.99,3.98
17224,6899,76,2,11.99,23.98
17225,6899,89,2,79.99,159.98
17226,6899,41,2,2.49,4.98
17227,6899,88,2,149.99,299.98
17228,6900,59,1,4.99,4.99
17229,6901,20,1,4.99,4.99
17230,6901,70,1,6.99,6.99
17231,6901,44,3,29.99,89.97
17232,6902,79,1,1799.99,1799.99
17233,6903,11,2,1899.99,3799.98
17234,6903,85,3,34.99,104.97
17235,6904,75,2,16.99,33.98
17236,6904,6,2,49.99,99.98
17237,6905,60,1,10.99,10.99
17238,6906,19,1,9.99,9.99
17239,6906,60,2,10.99,21.98
17240,6907,3,3,14.99,44.97
17241,6907,55,2,6.99,13.98
17242,6907,96,1,12999.99,12999.99
17243,6908,80,2,1399.99,2799.98
17244,6908,28,2,5.49,10.98
17245,6909,29,1,3.99,3.99
17246,6909,54,3,8.99,26.97
17247,6910,25,2,1.29,2.58
17248,6911,64,2,14.99,29.98
17249,6911,26,1,0.99,0.99
17250,6911,43,3,59.99,179.97
17251,6911,63,2,7.99,15.98
17252,6912,77,2,5.99,11.98
17253,6912,46,1,14.99,14.99
17254,6913,49,3,5.99,17.97
17255,6913,36,2,19.99,39.98
17256,6913,73,3,19.99,59.97
17257,6914,2,3,19.99,59.97
17258,6914,72,1,8.99,8.99
17259,6915,53,3,12.99,38.97
17260,6915,38,2,5.99,11.98
17261,6916,49,2,5.99,11.98
17262,6916,22,3,10.99,32.97
17263,6917,24,3,14.99,44.97
17264,6917,99,1,99.99,99.99
17265,6918,77,2,5.99,11.98
17266,6918,65,3,12.99,38.97
17267,6918,69,3,3.99,11.97
17268,6918,72,2,8.99,17.98
17269,6919,97,1,10999.99,10999.99
17270,6920,11,2,1899.99,3799.98
17271,6920,75,1,16.99,16.99
17272,6920,10,2,79.99,159.98
17273,6921,68,3,24.99,74.97
17274,6921,65,2,12.99,25.98
17275,6921,98,2,13999.99,27999.98
17276,6922,12,2,2499.99,4999.98
17277,6923,65,3,12.99,38.97
17278,6923,89,3,79.99,239.97
17279,6923,1,3,9.99,29.97
17280,6923,92,3,109.99,329.97
17281,6924,25,1,1.29,1.29
17282,6924,75,3,16.99,50.97
17283,6924,55,1,6.99,6.99
17284,6925,9,1,69.99,69.99
17285,6926,91,3,119.99,359.97
17286,6926,54,3,8.99,26.97
17287,6926,86,1,19.99,19.99
17288,6927,49,3,5.99,17.97
17289,6927,8,2,89.99,179.98
17290,6928,30,3,2.49,7.47
17291,6928,35,3,2.29,6.87
17292,6929,94,2,1499.99,2999.98
17293,6929,12,1,2499.99,2499.99
17294,6929,79,1,1799.99,1799.99
17295,6930,58,1,3.99,3.99
17296,6930,98,1,13999.99,13999.99
17297,6930,84,1,24.99,24.99
17298,6930,82,1,1499.99,1499.99
17299,6931,82,1,1499.99,1499.99
17300,6932,93,1,89.99,89.99
17301,6932,10,3,79.99,239.97
17302,6932,5,1,8.99,8.99
17303,6932,50,1,9.99,9.99
17304,6933,55,2,6.99,13.98
17305,6933,54,1,8.99,8.99
17306,6933,8,2,89.99,179.98
17307,6933,43,1,59.99,59.99
17308,6934,14,3,499.99,1499.97
17309,6934,71,3,39.99,119.97
17310,6935,39,1,1.99,1.99
17311,6935,50,1,9.99,9.99
17312,6936,61,2,34.99,69.98
17313,6936,70,2,6.99,13.98
17314,6936,91,1,119.99,119.99
17315,6937,72,3,8.99,26.97
17316,6937,93,3,89.99,269.97
17317,6938,53,3,12.99,38.97
17318,6938,59,3,4.99,14.97
17319,6938,83,3,29.99,89.97
17320,6939,58,1,3.99,3.99
17321,6939,12,1,2499.99,2499.99
17322,6939,13,1,299.99,299.99
17323,6940,45,2,39.99,79.98
17324,6940,15,2,799.99,1599.98
17325,6940,60,1,10.99,10.99
17326,6940,92,2,109.99,219.98
17327,6941,29,2,3.99,7.98
17328,6941,4,1,12.99,12.99
17329,6942,82,2,1499.99,2999.98
17330,6942,30,3,2.49,7.47
17331,6943,37,3,1.99,5.97
17332,6943,12,1,2499.99,2499.99
17333,6943,86,2,19.99,39.98
17334,6943,55,1,6.99,6.99
17335,6944,3,1,14.99,14.99
17336,6944,55,1,6.99,6.99
17337,6944,17,1,12.99,12.99
17338,6945,60,1,10.99,10.99
17339,6945,86,2,19.99,39.98
17340,6945,71,3,39.99,119.97
17341,6945,4,1,12.99,12.99
17342,6946,94,2,1499.99,2999.98
17343,6946,61,2,34.99,69.98
17344,6946,57,1,9.99,9.99
17345,6947,81,2,1099.99,2199.98
17346,6947,61,2,34.99,69.98
17347,6947,54,1,8.99,8.99
17348,6948,76,3,11.99,35.97
17349,6949,67,2,15.99,31.98
17350,6950,74,2,4.99,9.98
17351,6950,54,1,8.99,8.99
17352,6950,11,3,1899.99,5699.97
17353,6950,43,1,59.99,59.99
17354,6951,22,3,10.99,32.97
17355,6951,74,2,4.99,9.98
17356,6952,9,3,69.99,209.97
17357,6952,18,2,8.99,17.98
17358,6952,47,3,49.99,149.97
17359,6953,99,2,99.99,199.98
17360,6954,16,2,1.99,3.98
17361,6954,100,1,129.99,129.99
17362,6954,8,3,89.99,269.97
17363,6954,66,2,89.99,179.98
17364,6955,56,3,49.99,149.97
17365,6955,73,1,19.99,19.99
17366,6955,42,3,0.99,2.97
17367,6955,27,2,6.99,13.98
17368,6956,55,3,6.99,20.97
17369,6956,49,1,5.99,5.99
17370,6956,62,1,5.99,5.99
17371,6957,94,1,1499.99,1499.99
17372,6957,29,1,3.99,3.99
17373,6957,44,1,29.99,29.99
17374,6958,44,2,29.99,59.98
17375,6958,68,3,24.99,74.97
17376,6958,22,1,10.99,10.99
17377,6959,23,3,2.99,8.97
17378,6960,84,3,24.99,74.97
17379,6960,40,2,3.99,7.98
17380,6960,13,1,299.99,299.99
17381,6961,74,1,4.99,4.99
17382,6961,97,2,10999.99,21999.98
17383,6961,75,2,16.99,33.98
17384,6962,86,3,19.99,59.97
17385,6962,36,3,19.99,59.97
17386,6963,47,1,49.99,49.99
17387,6963,30,2,2.49,4.98
17388,6963,21,2,1.49,2.98
17389,6963,34,1,7.99,7.99
17390,6964,81,2,1099.99,2199.98
17391,6964,8,3,89.99,269.97
17392,6964,50,1,9.99,9.99
17393,6964,73,2,19.99,39.98
17394,6965,57,2,9.99,19.98
17395,6965,38,2,5.99,11.98
17396,6966,49,1,5.99,5.99
17397,6967,67,1,15.99,15.99
17398,6968,36,1,19.99,19.99
17399,6968,24,3,14.99,44.97
17400,6968,31,1,0.79,0.79
17401,6968,66,3,89.99,269.97
17402,6969,34,2,7.99,15.98
17403,6969,67,3,15.99,47.97
17404,6969,35,2,2.29,4.58
17405,6969,43,2,59.99,119.98
17406,6970,75,1,16.99,16.99
17407,6971,98,2,13999.99,27999.98
17408,6971,95,1,8999.99,8999.99
17409,6971,64,1,14.99,14.99
17410,6972,74,3,4.99,14.97
17411,6972,17,1,12.99,12.99
17412,6973,50,1,9.99,9.99
17413,6973,74,3,4.99,14.97
17414,6974,69,1,3.99,3.99
17415,6975,58,2,3.99,7.98
17416,6976,15,2,799.99,1599.98
17417,6976,69,3,3.99,11.97
17418,6976,79,1,1799.99,1799.99
17419,6977,99,1,99.99,99.99
17420,6977,18,2,8.99,17.98
17421,6977,57,3,9.99,29.97
17422,6978,21,2,1.49,2.98
17423,6979,46,1,14.99,14.99
17424,6979,16,1,1.99,1.99
17425,6979,7,3,129.99,389.97
17426,6980,5,1,8.99,8.99
17427,6981,38,1,5.99,5.99
17428,6981,52,3,29.99,89.97
17429,6981,4,2,12.99,25.98
17430,6982,49,2,5.99,11.98
17431,6982,95,2,8999.99,17999.98
17432,6982,66,1,89.99,89.99
17433,6982,48,2,7.99,15.98
17434,6983,14,2,499.99,999.98
17435,6984,58,1,3.99,3.99
17436,6984,67,3,15.99,47.97
17437,6985,68,3,24.99,74.97
17438,6985,71,3,39.99,119.97
17439,6986,46,3,14.99,44.97
17440,6986,100,1,129.99,129.99
17441,6986,65,2,12.99,25.98
17442,6987,83,3,29.99,89.97
17443,6987,20,2,4.99,9.98
17444,6988,76,2,11.99,23.98
17445,6988,82,3,1499.99,4499.97
17446,6988,99,1,99.99,99.99
17447,6989,54,1,8.99,8.99
17448,6989,30,1,2.49,2.49
17449,6989,21,1,1.49,1.49
17450,6990,40,1,3.99,3.99
17451,6990,1,1,9.99,9.99
17452,6990,6,1,49.99,49.99
17453,6991,14,3,499.99,1499.97
17454,6991,42,2,0.99,1.98
17455,6991,29,1,3.99,3.99
17456,6991,52,1,29.99,29.99
17457,6992,33,2,4.99,9.98
17458,6992,70,1,6.99,6.99
17459,6993,100,3,129.99,389.97
17460,6993,14,2,499.99,999.98
17461,6993,40,1,3.99,3.99
17462,6994,71,3,39.99,119.97
17463,6994,78,3,1999.99,5999.97
17464,6994,61,1,34.99,34.99
17465,6995,67,2,15.99,31.98
17466,6995,87,2,27.99,55.98
17467,6995,16,1,1.99,1.99
17468,6995,33,3,4.99,14.97
17469,6996,94,1,1499.99,1499.99
17470,6997,35,2,2.29,4.58
17471,6998,73,2,19.99,39.98
17472,6998,80,1,1399.99,1399.99
17473,6998,89,1,79.99,79.99
17474,6998,4,1,12.99,12.99
17475,6999,49,1,5.99,5.99
17476,6999,30,3,2.49,7.47
17477,6999,97,1,10999.99,10999.99
17478,7000,4,1,12.99,12.99
17479,7000,68,1,24.99,24.99
17480,7000,9,3,69.99,209.97
17481,7001,81,3,1099.99,3299.97
17482,7002,37,2,1.99,3.98
17483,7003,2,2,19.99,39.98
17484,7003,63,2,7.99,15.98
17485,7003,69,1,3.99,3.99
17486,7003,34,3,7.99,23.97
17487,7004,35,3,2.29,6.87
17488,7004,50,1,9.99,9.99
17489,7004,72,2,8.99,17.98
17490,7005,86,1,19.99,19.99
17491,7005,15,2,799.99,1599.98
17492,7005,23,1,2.99,2.99
17493,7005,88,2,149.99,299.98
17494,7006,47,2,49.99,99.98
17495,7006,66,3,89.99,269.97
17496,7007,78,1,1999.99,1999.99
17497,7008,39,3,1.99,5.97
17498,7009,56,3,49.99,149.97
17499,7009,35,2,2.29,4.58
17500,7009,31,2,0.79,1.58
17501,7010,82,3,1499.99,4499.97
17502,7010,55,3,6.99,20.97
17503,7010,93,3,89.99,269.97
17504,7010,15,1,799.99,799.99
17505,7011,6,2,49.99,99.98
17506,7011,34,3,7.99,23.97
17507,7011,47,2,49.99,99.98
17508,7011,38,3,5.99,17.97
17509,7012,8,3,89.99,269.97
17510,7013,38,3,5.99,17.97
17511,7014,88,2,149.99,299.98
17512,7015,73,1,19.99,19.99
17513,7015,5,1,8.99,8.99
17514,7015,46,2,14.99,29.98
17515,7015,35,2,2.29,4.58
17516,7016,65,1,12.99,12.99
17517,7016,20,2,4.99,9.98
17518,7017,72,1,8.99,8.99
17519,7017,81,2,1099.99,2199.98
17520,7018,24,2,14.99,29.98
17521,7019,92,2,109.99,219.98
17522,7019,38,1,5.99,5.99
17523,7020,92,2,109.99,219.98
17524,7020,81,1,1099.99,1099.99
17525,7020,47,1,49.99,49.99
17526,7020,41,1,2.49,2.49
17527,7021,94,3,1499.99,4499.97
17528,7021,100,1,129.99,129.99
17529,7022,89,3,79.99,239.97
17530,7022,26,3,0.99,2.97
17531,7022,65,3,12.99,38.97
17532,7023,85,3,34.99,104.97
17533,7023,88,3,149.99,449.97
17534,7023,39,2,1.99,3.98
17535,7023,19,2,9.99,19.98
17536,7024,37,1,1.99,1.99
17537,7024,69,1,3.99,3.99
17538,7024,43,2,59.99,119.98
17539,7024,90,1,89.99,89.99
17540,7025,72,2,8.99,17.98
17541,7025,83,3,29.99,89.97
17542,7025,38,1,5.99,5.99
17543,7025,6,3,49.99,149.97
17544,7026,56,3,49.99,149.97
17545,7026,98,2,13999.99,27999.98
17546,7027,41,2,2.49,4.98
17547,7027,32,3,3.49,10.47
17548,7028,100,2,129.99,259.98
17549,7028,80,3,1399.99,4199.97
17550,7029,97,2,10999.99,21999.98
17551,7029,67,3,15.99,47.97
17552,7030,47,3,49.99,149.97
17553,7030,28,1,5.49,5.49
17554,7030,42,2,0.99,1.98
17555,7030,23,3,2.99,8.97
17556,7031,30,3,2.49,7.47
17557,7031,70,3,6.99,20.97
17558,7031,27,3,6.99,20.97
17559,7032,68,3,24.99,74.97
17560,7032,21,3,1.49,4.47
17561,7033,69,3,3.99,11.97
17562,7033,26,2,0.99,1.98
17563,7034,30,3,2.49,7.47
17564,7034,13,1,299.99,299.99
17565,7034,34,3,7.99,23.97
17566,7034,46,1,14.99,14.99
17567,7035,92,2,109.99,219.98
17568,7035,63,3,7.99,23.97
17569,7035,47,2,49.99,99.98
17570,7036,96,3,12999.99,38999.97
17571,7036,63,2,7.99,15.98
17572,7037,1,2,9.99,19.98
17573,7037,96,1,12999.99,12999.99
17574,7037,52,1,29.99,29.99
17575,7037,28,2,5.49,10.98
17576,7038,30,3,2.49,7.47
17577,7039,80,2,1399.99,2799.98
17578,7040,88,2,149.99,299.98
17579,7041,24,2,14.99,29.98
17580,7041,31,1,0.79,0.79
17581,7041,82,2,1499.99,2999.98
17582,7042,54,1,8.99,8.99
17583,7042,6,2,49.99,99.98
17584,7042,96,2,12999.99,25999.98
17585,7043,80,1,1399.99,1399.99
17586,7043,46,2,14.99,29.98
17587,7044,96,2,12999.99,25999.98
17588,7045,24,2,14.99,29.98
17589,7046,76,3,11.99,35.97
17590,7046,4,1,12.99,12.99
17591,7046,7,3,129.99,389.97
17592,7047,87,1,27.99,27.99
17593,7047,68,1,24.99,24.99
17594,7047,31,1,0.79,0.79
17595,7048,18,3,8.99,26.97
17596,7048,28,2,5.49,10.98
17597,7048,59,3,4.99,14.97
17598,7049,68,1,24.99,24.99
17599,7050,82,3,1499.99,4499.97
17600,7050,69,3,3.99,11.97
17601,7051,31,3,0.79,2.37
17602,7051,92,3,109.99,329.97
17603,7051,27,1,6.99,6.99
17604,7051,88,2,149.99,299.98
17605,7052,49,3,5.99,17.97
17606,7052,9,3,69.99,209.97
17607,7053,4,3,12.99,38.97
17608,7054,91,1,119.99,119.99
17609,7054,82,3,1499.99,4499.97
17610,7055,49,1,5.99,5.99
17611,7055,29,1,3.99,3.99
17612,7055,32,2,3.49,6.98
17613,7056,88,3,149.99,449.97
17614,7056,59,1,4.99,4.99
17615,7056,7,3,129.99,389.97
17616,7056,79,3,1799.99,5399.97
17617,7057,9,2,69.99,139.98
17618,7057,98,1,13999.99,13999.99
17619,7058,42,1,0.99,0.99
17620,7058,18,2,8.99,17.98
17621,7058,75,2,16.99,33.98
17622,7059,3,1,14.99,14.99
17623,7059,7,2,129.99,259.98
17624,7059,12,1,2499.99,2499.99
17625,7059,87,1,27.99,27.99
17626,7060,71,3,39.99,119.97
17627,7060,89,1,79.99,79.99
17628,7061,16,2,1.99,3.98
17629,7061,81,3,1099.99,3299.97
17630,7061,88,2,149.99,299.98
17631,7061,89,1,79.99,79.99
17632,7062,51,3,39.99,119.97
17633,7063,40,1,3.99,3.99
17634,7063,63,1,7.99,7.99
17635,7064,31,3,0.79,2.37
17636,7065,87,1,27.99,27.99
17637,7066,31,2,0.79,1.58
17638,7066,42,1,0.99,0.99
17639,7066,64,3,14.99,44.97
17640,7067,88,3,149.99,449.97
17641,7067,79,3,1799.99,5399.97
17642,7068,57,3,9.99,29.97
17643,7068,73,2,19.99,39.98
17644,7068,85,1,34.99,34.99
17645,7069,33,3,4.99,14.97
17646,7069,99,2,99.99,199.98
17647,7069,96,1,12999.99,12999.99
17648,7070,86,3,19.99,59.97
17649,7071,24,2,14.99,29.98
17650,7072,22,1,10.99,10.99
17651,7072,34,1,7.99,7.99
17652,7072,35,2,2.29,4.58
17653,7073,60,2,10.99,21.98
17654,7074,66,3,89.99,269.97
17655,7074,23,2,2.99,5.98
17656,7075,35,1,2.29,2.29
17657,7076,35,1,2.29,2.29
17658,7077,10,2,79.99,159.98
17659,7077,3,3,14.99,44.97
17660,7077,96,2,12999.99,25999.98
17661,7078,90,1,89.99,89.99
17662,7078,64,1,14.99,14.99
17663,7078,84,3,24.99,74.97
17664,7079,25,3,1.29,3.87
17665,7079,40,2,3.99,7.98
17666,7080,80,1,1399.99,1399.99
17667,7080,10,3,79.99,239.97
17668,7080,61,1,34.99,34.99
17669,7080,40,3,3.99,11.97
17670,7081,94,1,1499.99,1499.99
17671,7081,1,2,9.99,19.98
17672,7082,9,2,69.99,139.98
17673,7082,4,1,12.99,12.99
17674,7083,24,1,14.99,14.99
17675,7083,6,3,49.99,149.97
17676,7083,60,2,10.99,21.98
17677,7083,13,3,299.99,899.97
17678,7084,85,2,34.99,69.98
17679,7084,97,2,10999.99,21999.98
17680,7084,49,1,5.99,5.99
17681,7085,37,2,1.99,3.98
17682,7086,97,2,10999.99,21999.98
17683,7086,54,2,8.99,17.98
17684,7087,20,2,4.99,9.98
17685,7087,15,1,799.99,799.99
17686,7087,77,1,5.99,5.99
17687,7088,58,2,3.99,7.98
17688,7088,21,2,1.49,2.98
17689,7089,20,1,4.99,4.99
17690,7089,96,3,12999.99,38999.97
17691,7090,27,3,6.99,20.97
17692,7090,34,1,7.99,7.99
17693,7091,8,1,89.99,89.99
17694,7091,86,2,19.99,39.98
17695,7091,81,3,1099.99,3299.97
17696,7092,15,1,799.99,799.99
17697,7092,49,3,5.99,17.97
17698,7092,93,1,89.99,89.99
17699,7093,72,3,8.99,26.97
17700,7093,30,2,2.49,4.98
17701,7093,17,2,12.99,25.98
17702,7094,100,2,129.99,259.98
17703,7094,4,1,12.99,12.99
17704,7094,97,2,10999.99,21999.98
17705,7095,23,1,2.99,2.99
17706,7095,43,2,59.99,119.98
17707,7095,27,2,6.99,13.98
17708,7095,31,2,0.79,1.58
17709,7096,72,2,8.99,17.98
17710,7096,90,1,89.99,89.99
17711,7097,78,2,1999.99,3999.98
17712,7097,99,2,99.99,199.98
17713,7097,88,3,149.99,449.97
17714,7097,26,1,0.99,0.99
17715,7098,15,3,799.99,2399.97
17716,7098,86,2,19.99,39.98
17717,7098,80,3,1399.99,4199.97
17718,7098,97,2,10999.99,21999.98
17719,7099,58,3,3.99,11.97
17720,7099,19,1,9.99,9.99
17721,7099,8,3,89.99,269.97
17722,7100,9,1,69.99,69.99
17723,7100,84,1,24.99,24.99
17724,7100,64,2,14.99,29.98
17725,7100,79,2,1799.99,3599.98
17726,7101,5,1,8.99,8.99
17727,7101,22,2,10.99,21.98
17728,7102,42,1,0.99,0.99
17729,7102,50,1,9.99,9.99
17730,7102,75,3,16.99,50.97
17731,7103,79,3,1799.99,5399.97
17732,7104,16,1,1.99,1.99
17733,7104,51,1,39.99,39.99
17734,7104,12,2,2499.99,4999.98
17735,7104,89,2,79.99,159.98
17736,7105,59,3,4.99,14.97
17737,7105,41,3,2.49,7.47
17738,7105,80,3,1399.99,4199.97
17739,7106,47,1,49.99,49.99
17740,7106,15,2,799.99,1599.98
17741,7106,78,1,1999.99,1999.99
17742,7107,38,2,5.99,11.98
17743,7107,76,2,11.99,23.98
17744,7107,51,2,39.99,79.98
17745,7107,40,3,3.99,11.97
17746,7108,91,2,119.99,239.98
17747,7108,21,3,1.49,4.47
17748,7108,13,3,299.99,899.97
17749,7109,36,1,19.99,19.99
17750,7110,47,1,49.99,49.99
17751,7111,44,1,29.99,29.99
17752,7111,32,3,3.49,10.47
17753,7112,92,2,109.99,219.98
17754,7112,21,1,1.49,1.49
17755,7112,94,3,1499.99,4499.97
17756,7113,89,1,79.99,79.99
17757,7113,77,3,5.99,17.97
17758,7113,68,3,24.99,74.97
17759,7113,99,3,99.99,299.97
17760,7114,88,1,149.99,149.99
17761,7114,26,2,0.99,1.98
17762,7114,63,2,7.99,15.98
17763,7115,83,2,29.99,59.98
17764,7115,36,2,19.99,39.98
17765,7115,59,3,4.99,14.97
17766,7115,19,3,9.99,29.97
17767,7116,33,2,4.99,9.98
17768,7116,6,2,49.99,99.98
17769,7116,1,3,9.99,29.97
17770,7116,82,3,1499.99,4499.97
17771,7117,20,2,4.99,9.98
17772,7117,53,2,12.99,25.98
17773,7117,46,3,14.99,44.97
17774,7118,13,1,299.99,299.99
17775,7119,53,2,12.99,25.98
17776,7119,98,2,13999.99,27999.98
17777,7119,67,3,15.99,47.97
17778,7119,28,2,5.49,10.98
17779,7120,67,1,15.99,15.99
17780,7120,50,3,9.99,29.97
17781,7121,52,1,29.99,29.99
17782,7121,28,3,5.49,16.47
17783,7122,56,2,49.99,99.98
17784,7122,61,1,34.99,34.99
17785,7122,36,3,19.99,59.97
17786,7122,23,1,2.99,2.99
17787,7123,11,1,1899.99,1899.99
17788,7123,62,2,5.99,11.98
17789,7123,78,1,1999.99,1999.99
17790,7123,56,3,49.99,149.97
17791,7124,2,2,19.99,39.98
17792,7124,98,3,13999.99,41999.97
17793,7124,76,2,11.99,23.98
17794,7125,31,3,0.79,2.37
17795,7125,72,2,8.99,17.98
17796,7126,23,1,2.99,2.99
17797,7126,25,1,1.29,1.29
17798,7127,51,1,39.99,39.99
17799,7127,39,1,1.99,1.99
17800,7127,23,3,2.99,8.97
17801,7127,15,3,799.99,2399.97
17802,7128,37,3,1.99,5.97
17803,7128,49,2,5.99,11.98
17804,7128,66,3,89.99,269.97
17805,7129,89,2,79.99,159.98
17806,7129,62,3,5.99,17.97
17807,7129,40,1,3.99,3.99
17808,7130,81,2,1099.99,2199.98
17809,7130,4,1,12.99,12.99
17810,7130,43,3,59.99,179.97
17811,7130,27,3,6.99,20.97
17812,7131,67,1,15.99,15.99
17813,7131,65,3,12.99,38.97
17814,7131,98,3,13999.99,41999.97
17815,7132,76,1,11.99,11.99
17816,7132,42,1,0.99,0.99
17817,7132,51,1,39.99,39.99
17818,7132,43,1,59.99,59.99
17819,7133,65,1,12.99,12.99
17820,7133,88,3,149.99,449.97
17821,7133,78,3,1999.99,5999.97
17822,7134,59,2,4.99,9.98
17823,7134,41,2,2.49,4.98
17824,7135,59,2,4.99,9.98
17825,7135,75,3,16.99,50.97
17826,7135,36,1,19.99,19.99
17827,7135,35,2,2.29,4.58
17828,7136,50,2,9.99,19.98
17829,7136,10,3,79.99,239.97
17830,7137,60,1,10.99,10.99
17831,7137,54,3,8.99,26.97
17832,7138,81,1,1099.99,1099.99
17833,7138,97,2,10999.99,21999.98
17834,7138,38,3,5.99,17.97
17835,7139,72,1,8.99,8.99
17836,7139,48,3,7.99,23.97
17837,7139,59,3,4.99,14.97
17838,7139,36,1,19.99,19.99
17839,7140,48,3,7.99,23.97
17840,7140,84,1,24.99,24.99
17841,7141,30,3,2.49,7.47
17842,7141,67,3,15.99,47.97
17843,7141,42,3,0.99,2.97
17844,7142,56,1,49.99,49.99
17845,7143,16,2,1.99,3.98
17846,7143,99,1,99.99,99.99
17847,7144,41,2,2.49,4.98
17848,7144,33,1,4.99,4.99
17849,7144,56,2,49.99,99.98
17850,7144,26,1,0.99,0.99
17851,7145,6,2,49.99,99.98
17852,7145,26,2,0.99,1.98
17853,7146,34,1,7.99,7.99
17854,7147,13,3,299.99,899.97
17855,7147,43,2,59.99,119.98
17856,7148,92,1,109.99,109.99
17857,7148,91,3,119.99,359.97
17858,7148,95,1,8999.99,8999.99
17859,7149,12,3,2499.99,7499.97
17860,7149,50,1,9.99,9.99
17861,7150,64,2,14.99,29.98
17862,7150,47,2,49.99,99.98
17863,7151,95,3,8999.99,26999.97
17864,7151,69,2,3.99,7.98
17865,7152,33,1,4.99,4.99
17866,7152,42,2,0.99,1.98
17867,7152,59,2,4.99,9.98
17868,7153,15,2,799.99,1599.98
17869,7154,38,2,5.99,11.98
17870,7154,29,2,3.99,7.98
17871,7155,76,2,11.99,23.98
17872,7155,47,2,49.99,99.98
17873,7155,44,1,29.99,29.99
17874,7155,82,2,1499.99,2999.98
17875,7156,49,1,5.99,5.99
17876,7156,64,3,14.99,44.97
17877,7156,65,3,12.99,38.97
17878,7156,27,2,6.99,13.98
17879,7157,33,3,4.99,14.97
17880,7157,53,1,12.99,12.99
17881,7157,44,2,29.99,59.98
17882,7157,39,1,1.99,1.99
17883,7158,56,1,49.99,49.99
17884,7158,23,2,2.99,5.98
17885,7159,27,1,6.99,6.99
17886,7160,68,3,24.99,74.97
17887,7160,95,2,8999.99,17999.98
17888,7161,83,3,29.99,89.97
17889,7161,35,2,2.29,4.58
17890,7162,68,1,24.99,24.99
17891,7162,80,1,1399.99,1399.99
17892,7162,8,1,89.99,89.99
17893,7163,44,2,29.99,59.98
17894,7163,13,1,299.99,299.99
17895,7163,27,2,6.99,13.98
17896,7164,45,2,39.99,79.98
17897,7164,59,3,4.99,14.97
17898,7164,96,1,12999.99,12999.99
17899,7164,24,2,14.99,29.98
17900,7165,39,1,1.99,1.99
17901,7165,64,3,14.99,44.97
17902,7165,15,2,799.99,1599.98
17903,7166,31,3,0.79,2.37
17904,7166,78,2,1999.99,3999.98
17905,7166,67,2,15.99,31.98
17906,7167,49,1,5.99,5.99
17907,7167,23,3,2.99,8.97
17908,7167,74,2,4.99,9.98
17909,7168,73,1,19.99,19.99
17910,7169,55,2,6.99,13.98
17911,7170,67,2,15.99,31.98
17912,7171,26,1,0.99,0.99
17913,7171,67,1,15.99,15.99
17914,7172,62,2,5.99,11.98
17915,7172,35,1,2.29,2.29
17916,7172,97,1,10999.99,10999.99
17917,7173,92,1,109.99,109.99
17918,7173,97,1,10999.99,10999.99
17919,7173,88,1,149.99,149.99
17920,7174,5,3,8.99,26.97
17921,7174,45,2,39.99,79.98
17922,7174,10,1,79.99,79.99
17923,7175,8,1,89.99,89.99
17924,7175,24,2,14.99,29.98
17925,7175,35,3,2.29,6.87
17926,7176,69,1,3.99,3.99
17927,7177,80,2,1399.99,2799.98
17928,7177,36,3,19.99,59.97
17929,7177,24,3,14.99,44.97
17930,7177,71,1,39.99,39.99
17931,7178,89,3,79.99,239.97
17932,7179,31,3,0.79,2.37
17933,7179,83,1,29.99,29.99
17934,7179,12,2,2499.99,4999.98
17935,7179,4,1,12.99,12.99
17936,7180,50,2,9.99,19.98
17937,7180,28,1,5.49,5.49
17938,7181,70,2,6.99,13.98
17939,7181,84,1,24.99,24.99
17940,7181,58,2,3.99,7.98
17941,7182,59,3,4.99,14.97
17942,7182,97,2,10999.99,21999.98
17943,7182,1,1,9.99,9.99
17944,7182,19,2,9.99,19.98
17945,7183,72,1,8.99,8.99
17946,7183,48,3,7.99,23.97
17947,7183,75,2,16.99,33.98
17948,7183,46,3,14.99,44.97
17949,7184,79,2,1799.99,3599.98
17950,7184,47,1,49.99,49.99
17951,7185,84,1,24.99,24.99
17952,7185,74,3,4.99,14.97
17953,7185,11,2,1899.99,3799.98
17954,7185,93,3,89.99,269.97
17955,7186,61,2,34.99,69.98
17956,7186,26,1,0.99,0.99
17957,7186,54,3,8.99,26.97
17958,7186,67,1,15.99,15.99
17959,7187,53,1,12.99,12.99
17960,7187,92,1,109.99,109.99
17961,7187,9,1,69.99,69.99
17962,7188,97,2,10999.99,21999.98
17963,7188,92,2,109.99,219.98
17964,7188,64,2,14.99,29.98
17965,7189,25,1,1.29,1.29
17966,7189,1,2,9.99,19.98
17967,7190,16,2,1.99,3.98
17968,7191,2,2,19.99,39.98
17969,7191,9,3,69.99,209.97
17970,7192,76,2,11.99,23.98
17971,7193,71,1,39.99,39.99
17972,7193,7,2,129.99,259.98
17973,7193,90,1,89.99,89.99
17974,7194,43,2,59.99,119.98
17975,7194,17,1,12.99,12.99
17976,7194,76,1,11.99,11.99
17977,7195,81,2,1099.99,2199.98
17978,7195,76,3,11.99,35.97
17979,7195,40,1,3.99,3.99
17980,7195,47,2,49.99,99.98
17981,7196,94,2,1499.99,2999.98
17982,7197,74,3,4.99,14.97
17983,7198,25,3,1.29,3.87
17984,7198,76,1,11.99,11.99
17985,7198,36,1,19.99,19.99
17986,7198,27,1,6.99,6.99
17987,7199,58,3,3.99,11.97
17988,7200,54,3,8.99,26.97
17989,7200,97,2,10999.99,21999.98
17990,7200,93,2,89.99,179.98
17991,7201,91,2,119.99,239.98
17992,7201,30,3,2.49,7.47
17993,7202,31,1,0.79,0.79
17994,7202,90,2,89.99,179.98
17995,7203,68,1,24.99,24.99
17996,7203,12,3,2499.99,7499.97
17997,7204,95,1,8999.99,8999.99
17998,7204,71,2,39.99,79.98
17999,7205,35,3,2.29,6.87
18000,7206,93,1,89.99,89.99
18001,7206,92,1,109.99,109.99
18002,7207,36,2,19.99,39.98
18003,7207,69,1,3.99,3.99
18004,7207,60,2,10.99,21.98
18005,7207,87,1,27.99,27.99
18006,7208,91,2,119.99,239.98
18007,7209,74,3,4.99,14.97
18008,7209,85,2,34.99,69.98
18009,7209,9,2,69.99,139.98
18010,7209,69,1,3.99,3.99
18011,7210,63,1,7.99,7.99
18012,7210,62,1,5.99,5.99
18013,7211,28,1,5.49,5.49
18014,7211,26,2,0.99,1.98
18015,7211,82,3,1499.99,4499.97
18016,7211,57,2,9.99,19.98
18017,7212,18,1,8.99,8.99
18018,7212,26,2,0.99,1.98
18019,7212,91,3,119.99,359.97
18020,7213,98,3,13999.99,41999.97
18021,7214,30,2,2.49,4.98
18022,7214,4,2,12.99,25.98
18023,7214,11,1,1899.99,1899.99
18024,7215,52,3,29.99,89.97
18025,7216,3,1,14.99,14.99
18026,7216,31,2,0.79,1.58
18027,7216,96,3,12999.99,38999.97
18028,7216,88,1,149.99,149.99
18029,7217,82,3,1499.99,4499.97
18030,7217,31,1,0.79,0.79
18031,7218,69,3,3.99,11.97
18032,7218,80,2,1399.99,2799.98
18033,7218,91,2,119.99,239.98
18034,7218,92,2,109.99,219.98
18035,7219,17,3,12.99,38.97
18036,7219,18,1,8.99,8.99
18037,7220,66,3,89.99,269.97
18038,7220,25,1,1.29,1.29
18039,7220,74,1,4.99,4.99
18040,7220,43,2,59.99,119.98
18041,7221,33,2,4.99,9.98
18042,7221,19,2,9.99,19.98
18043,7222,87,3,27.99,83.97
18044,7223,67,1,15.99,15.99
18045,7223,35,3,2.29,6.87
18046,7224,95,3,8999.99,26999.97
18047,7224,68,1,24.99,24.99
18048,7224,71,3,39.99,119.97
18049,7224,44,3,29.99,89.97
18050,7225,29,3,3.99,11.97
18051,7225,46,3,14.99,44.97
18052,7225,78,1,1999.99,1999.99
18053,7226,66,2,89.99,179.98
18054,7226,5,1,8.99,8.99
18055,7226,6,2,49.99,99.98
18056,7226,37,2,1.99,3.98
18057,7227,68,1,24.99,24.99
18058,7227,88,2,149.99,299.98
18059,7227,20,1,4.99,4.99
18060,7228,53,1,12.99,12.99
18061,7228,40,3,3.99,11.97
18062,7228,67,3,15.99,47.97
18063,7228,82,3,1499.99,4499.97
18064,7229,2,3,19.99,59.97
18065,7229,67,3,15.99,47.97
18066,7230,11,1,1899.99,1899.99
18067,7230,10,1,79.99,79.99
18068,7230,55,1,6.99,6.99
18069,7231,50,3,9.99,29.97
18070,7231,15,1,799.99,799.99
18071,7231,65,3,12.99,38.97
18072,7231,71,2,39.99,79.98
18073,7232,45,3,39.99,119.97
18074,7232,83,1,29.99,29.99
18075,7232,100,2,129.99,259.98
18076,7233,24,2,14.99,29.98
18077,7234,23,1,2.99,2.99
18078,7234,15,3,799.99,2399.97
18079,7234,9,1,69.99,69.99
18080,7235,28,3,5.49,16.47
18081,7235,82,3,1499.99,4499.97
18082,7235,77,3,5.99,17.97
18083,7236,21,3,1.49,4.47
18084,7236,33,2,4.99,9.98
18085,7237,12,3,2499.99,7499.97
18086,7237,14,2,499.99,999.98
18087,7237,77,1,5.99,5.99
18088,7237,1,3,9.99,29.97
18089,7238,14,1,499.99,499.99
18090,7238,68,2,24.99,49.98
18091,7238,23,3,2.99,8.97
18092,7238,86,2,19.99,39.98
18093,7239,40,2,3.99,7.98
18094,7240,33,1,4.99,4.99
18095,7240,88,2,149.99,299.98
18096,7240,50,1,9.99,9.99
18097,7241,37,2,1.99,3.98
18098,7241,58,3,3.99,11.97
18099,7241,93,3,89.99,269.97
18100,7242,39,1,1.99,1.99
18101,7243,48,3,7.99,23.97
18102,7244,3,1,14.99,14.99
18103,7245,55,3,6.99,20.97
18104,7245,63,3,7.99,23.97
18105,7246,63,3,7.99,23.97
18106,7246,65,2,12.99,25.98
18107,7246,61,3,34.99,104.97
18108,7246,68,1,24.99,24.99
18109,7247,20,2,4.99,9.98
18110,7248,84,2,24.99,49.98
18111,7248,2,1,19.99,19.99
18112,7248,97,3,10999.99,32999.97
18113,7249,4,2,12.99,25.98
18114,7249,53,2,12.99,25.98
18115,7250,85,1,34.99,34.99
18116,7250,90,1,89.99,89.99
18117,7251,94,2,1499.99,2999.98
18118,7251,82,3,1499.99,4499.97
18119,7252,94,1,1499.99,1499.99
18120,7252,83,1,29.99,29.99
18121,7253,60,2,10.99,21.98
18122,7253,62,1,5.99,5.99
18123,7253,23,1,2.99,2.99
18124,7253,8,3,89.99,269.97
18125,7254,48,2,7.99,15.98
18126,7254,72,3,8.99,26.97
18127,7254,93,3,89.99,269.97
18128,7255,57,1,9.99,9.99
18129,7255,70,3,6.99,20.97
18130,7255,15,1,799.99,799.99
18131,7255,97,1,10999.99,10999.99
18132,7256,21,1,1.49,1.49
18133,7256,88,2,149.99,299.98
18134,7256,40,3,3.99,11.97
18135,7257,49,2,5.99,11.98
18136,7257,50,2,9.99,19.98
18137,7257,90,3,89.99,269.97
18138,7257,6,3,49.99,149.97
18139,7258,11,1,1899.99,1899.99
18140,7258,56,3,49.99,149.97
18141,7259,67,2,15.99,31.98
18142,7259,14,1,499.99,499.99
18143,7260,48,2,7.99,15.98
18144,7260,32,3,3.49,10.47
18145,7260,54,3,8.99,26.97
18146,7261,93,1,89.99,89.99
18147,7261,43,3,59.99,179.97
18148,7262,70,2,6.99,13.98
18149,7262,37,1,1.99,1.99
18150,7262,4,3,12.99,38.97
18151,7262,75,2,16.99,33.98
18152,7263,19,3,9.99,29.97
18153,7263,56,2,49.99,99.98
18154,7263,75,3,16.99,50.97
18155,7263,90,2,89.99,179.98
18156,7264,86,3,19.99,59.97
18157,7265,74,1,4.99,4.99
18158,7265,78,1,1999.99,1999.99
18159,7265,3,2,14.99,29.98
18160,7266,42,3,0.99,2.97
18161,7266,33,3,4.99,14.97
18162,7266,60,1,10.99,10.99
18163,7267,32,2,3.49,6.98
18164,7268,46,2,14.99,29.98
18165,7268,54,1,8.99,8.99
18166,7268,51,2,39.99,79.98
18167,7269,2,1,19.99,19.99
18168,7269,10,3,79.99,239.97
18169,7270,9,1,69.99,69.99
18170,7270,59,2,4.99,9.98
18171,7271,60,3,10.99,32.97
18172,7272,93,2,89.99,179.98
18173,7272,91,3,119.99,359.97
18174,7272,49,3,5.99,17.97
18175,7272,75,3,16.99,50.97
18176,7273,59,3,4.99,14.97
18177,7273,66,3,89.99,269.97
18178,7273,60,1,10.99,10.99
18179,7273,48,1,7.99,7.99
18180,7274,49,3,5.99,17.97
18181,7275,74,3,4.99,14.97
18182,7275,30,3,2.49,7.47
18183,7275,9,1,69.99,69.99
18184,7275,92,1,109.99,109.99
18185,7276,70,2,6.99,13.98
18186,7276,87,2,27.99,55.98
18187,7276,8,3,89.99,269.97
18188,7277,100,3,129.99,389.97
18189,7277,61,2,34.99,69.98
18190,7277,45,3,39.99,119.97
18191,7277,98,2,13999.99,27999.98
18192,7278,23,1,2.99,2.99
18193,7278,7,2,129.99,259.98
18194,7278,97,2,10999.99,21999.98
18195,7278,47,1,49.99,49.99
18196,7279,26,1,0.99,0.99
18197,7280,41,1,2.49,2.49
18198,7280,82,1,1499.99,1499.99
18199,7280,51,2,39.99,79.98
18200,7281,61,3,34.99,104.97
18201,7282,90,3,89.99,269.97
18202,7283,64,2,14.99,29.98
18203,7283,17,1,12.99,12.99
18204,7283,16,1,1.99,1.99
18205,7283,56,2,49.99,99.98
18206,7284,28,2,5.49,10.98
18207,7284,8,2,89.99,179.98
18208,7284,58,1,3.99,3.99
18209,7284,97,2,10999.99,21999.98
18210,7285,96,3,12999.99,38999.97
18211,7286,42,3,0.99,2.97
18212,7286,56,3,49.99,149.97
18213,7287,64,2,14.99,29.98
18214,7287,42,2,0.99,1.98
18215,7288,55,3,6.99,20.97
18216,7288,85,1,34.99,34.99
18217,7288,19,1,9.99,9.99
18218,7289,86,1,19.99,19.99
18219,7290,24,1,14.99,14.99
18220,7291,33,1,4.99,4.99
18221,7291,66,2,89.99,179.98
18222,7291,86,1,19.99,19.99
18223,7292,74,2,4.99,9.98
18224,7293,99,1,99.99,99.99
18225,7294,96,3,12999.99,38999.97
18226,7294,6,2,49.99,99.98
18227,7295,49,2,5.99,11.98
18228,7295,21,2,1.49,2.98
18229,7296,9,2,69.99,139.98
18230,7296,67,1,15.99,15.99
18231,7297,5,2,8.99,17.98
18232,7297,86,1,19.99,19.99
18233,7297,77,1,5.99,5.99
18234,7297,100,3,129.99,389.97
18235,7298,33,2,4.99,9.98
18236,7298,64,3,14.99,44.97
18237,7298,38,3,5.99,17.97
18238,7298,98,2,13999.99,27999.98
18239,7299,99,3,99.99,299.97
18240,7299,84,1,24.99,24.99
18241,7299,98,3,13999.99,41999.97
18242,7299,80,1,1399.99,1399.99
18243,7300,1,3,9.99,29.97
18244,7300,89,2,79.99,159.98
18245,7301,54,2,8.99,17.98
18246,7301,80,1,1399.99,1399.99
18247,7301,47,2,49.99,99.98
18248,7302,1,3,9.99,29.97
18249,7303,9,3,69.99,209.97
18250,7303,38,3,5.99,17.97
18251,7303,82,3,1499.99,4499.97
18252,7304,47,3,49.99,149.97
18253,7304,56,1,49.99,49.99
18254,7305,52,2,29.99,59.98
18255,7305,29,3,3.99,11.97
18256,7306,52,1,29.99,29.99
18257,7306,84,3,24.99,74.97
18258,7307,87,3,27.99,83.97
18259,7307,70,1,6.99,6.99
18260,7308,59,1,4.99,4.99
18261,7308,54,1,8.99,8.99
18262,7309,50,2,9.99,19.98
18263,7309,89,1,79.99,79.99
18264,7310,45,1,39.99,39.99
18265,7310,59,2,4.99,9.98
18266,7310,98,3,13999.99,41999.97
18267,7310,5,1,8.99,8.99
18268,7311,94,2,1499.99,2999.98
18269,7311,54,1,8.99,8.99
18270,7312,7,1,129.99,129.99
18271,7312,52,2,29.99,59.98
18272,7312,56,3,49.99,149.97
18273,7312,50,2,9.99,19.98
18274,7313,85,1,34.99,34.99
18275,7314,63,2,7.99,15.98
18276,7314,40,2,3.99,7.98
18277,7314,98,3,13999.99,41999.97
18278,7315,68,1,24.99,24.99
18279,7315,99,2,99.99,199.98
18280,7316,13,1,299.99,299.99
18281,7316,24,3,14.99,44.97
18282,7316,17,3,12.99,38.97
18283,7316,27,1,6.99,6.99
18284,7317,5,2,8.99,17.98
18285,7317,89,3,79.99,239.97
18286,7317,91,3,119.99,359.97
18287,7318,46,1,14.99,14.99
18288,7319,75,1,16.99,16.99
18289,7320,73,2,19.99,39.98
18290,7320,99,2,99.99,199.98
18291,7320,24,1,14.99,14.99
18292,7321,7,1,129.99,129.99
18293,7321,77,3,5.99,17.97
18294,7321,22,2,10.99,21.98
18295,7322,48,2,7.99,15.98
18296,7323,44,1,29.99,29.99
18297,7323,5,3,8.99,26.97
18298,7323,96,3,12999.99,38999.97
18299,7324,19,2,9.99,19.98
18300,7324,33,2,4.99,9.98
18301,7324,11,2,1899.99,3799.98
18302,7324,80,1,1399.99,1399.99
18303,7325,18,3,8.99,26.97
18304,7325,31,1,0.79,0.79
18305,7325,8,3,89.99,269.97
18306,7325,20,3,4.99,14.97
18307,7326,30,1,2.49,2.49
18308,7327,64,1,14.99,14.99
18309,7327,34,1,7.99,7.99
18310,7328,21,2,1.49,2.98
18311,7328,67,3,15.99,47.97
18312,7328,78,2,1999.99,3999.98
18313,7328,15,2,799.99,1599.98
18314,7329,7,1,129.99,129.99
18315,7330,94,2,1499.99,2999.98
18316,7330,61,1,34.99,34.99
18317,7330,56,3,49.99,149.97
18318,7331,98,2,13999.99,27999.98
18319,7331,5,2,8.99,17.98
18320,7332,80,1,1399.99,1399.99
18321,7333,43,3,59.99,179.97
18322,7333,2,2,19.99,39.98
18323,7333,70,2,6.99,13.98
18324,7333,96,1,12999.99,12999.99
18325,7334,13,1,299.99,299.99
18326,7335,53,1,12.99,12.99
18327,7335,27,3,6.99,20.97
18328,7335,3,3,14.99,44.97
18329,7336,22,3,10.99,32.97
18330,7337,94,3,1499.99,4499.97
18331,7337,1,1,9.99,9.99
18332,7337,25,1,1.29,1.29
18333,7337,16,3,1.99,5.97
18334,7338,39,1,1.99,1.99
18335,7338,95,3,8999.99,26999.97
18336,7339,85,3,34.99,104.97
18337,7340,32,1,3.49,3.49
18338,7341,56,3,49.99,149.97
18339,7342,99,3,99.99,299.97
18340,7342,11,2,1899.99,3799.98
18341,7342,27,3,6.99,20.97
18342,7342,85,2,34.99,69.98
18343,7343,28,1,5.49,5.49
18344,7343,13,3,299.99,899.97
18345,7344,90,3,89.99,269.97
18346,7344,12,2,2499.99,4999.98
18347,7345,85,1,34.99,34.99
18348,7345,13,1,299.99,299.99
18349,7345,55,2,6.99,13.98
18350,7346,27,2,6.99,13.98
18351,7346,1,1,9.99,9.99
18352,7346,100,2,129.99,259.98
18353,7346,12,3,2499.99,7499.97
18354,7347,35,3,2.29,6.87
18355,7347,55,3,6.99,20.97
18356,7347,90,3,89.99,269.97
18357,7348,47,2,49.99,99.98
18358,7348,7,1,129.99,129.99
18359,7348,15,3,799.99,2399.97
18360,7348,27,2,6.99,13.98
18361,7349,36,3,19.99,59.97
18362,7349,22,2,10.99,21.98
18363,7350,26,1,0.99,0.99
18364,7350,48,3,7.99,23.97
18365,7350,84,1,24.99,24.99
18366,7351,96,2,12999.99,25999.98
18367,7351,16,3,1.99,5.97
18368,7352,99,3,99.99,299.97
18369,7353,86,2,19.99,39.98
18370,7353,14,2,499.99,999.98
18371,7354,99,1,99.99,99.99
18372,7354,83,3,29.99,89.97
18373,7354,67,1,15.99,15.99
18374,7355,76,2,11.99,23.98
18375,7356,79,2,1799.99,3599.98
18376,7356,20,2,4.99,9.98
18377,7356,74,3,4.99,14.97
18378,7357,9,1,69.99,69.99
18379,7357,100,3,129.99,389.97
18380,7357,50,3,9.99,29.97
18381,7357,3,2,14.99,29.98
18382,7358,89,3,79.99,239.97
18383,7359,75,3,16.99,50.97
18384,7359,26,3,0.99,2.97
18385,7359,42,1,0.99,0.99
18386,7359,59,1,4.99,4.99
18387,7360,40,3,3.99,11.97
18388,7360,79,1,1799.99,1799.99
18389,7360,43,3,59.99,179.97
18390,7360,34,2,7.99,15.98
18391,7361,63,3,7.99,23.97
18392,7361,72,1,8.99,8.99
18393,7361,99,3,99.99,299.97
18394,7361,65,1,12.99,12.99
18395,7362,54,3,8.99,26.97
18396,7362,6,3,49.99,149.97
18397,7362,90,3,89.99,269.97
18398,7362,33,3,4.99,14.97
18399,7363,40,1,3.99,3.99
18400,7364,18,1,8.99,8.99
18401,7364,63,2,7.99,15.98
18402,7365,91,3,119.99,359.97
18403,7365,54,1,8.99,8.99
18404,7366,62,2,5.99,11.98
18405,7366,68,3,24.99,74.97
18406,7367,2,3,19.99,59.97
18407,7367,92,1,109.99,109.99
18408,7367,82,2,1499.99,2999.98
18409,7368,35,2,2.29,4.58
18410,7369,8,3,89.99,269.97
18411,7369,100,3,129.99,389.97
18412,7369,23,3,2.99,8.97
18413,7369,93,2,89.99,179.98
18414,7370,3,1,14.99,14.99
18415,7370,79,1,1799.99,1799.99
18416,7370,27,1,6.99,6.99
18417,7370,85,3,34.99,104.97
18418,7371,86,1,19.99,19.99
18419,7371,67,1,15.99,15.99
18420,7372,46,3,14.99,44.97
18421,7372,48,3,7.99,23.97
18422,7372,38,1,5.99,5.99
18423,7373,2,3,19.99,59.97
18424,7373,40,1,3.99,3.99
18425,7373,60,1,10.99,10.99
18426,7373,22,2,10.99,21.98
18427,7374,62,1,5.99,5.99
18428,7375,9,2,69.99,139.98
18429,7375,8,1,89.99,89.99
18430,7376,93,1,89.99,89.99
18431,7376,81,2,1099.99,2199.98
18432,7376,25,1,1.29,1.29
18433,7376,98,2,13999.99,27999.98
18434,7377,68,1,24.99,24.99
18435,7377,43,2,59.99,119.98
18436,7377,28,1,5.49,5.49
18437,7378,24,1,14.99,14.99
18438,7378,51,1,39.99,39.99
18439,7378,68,3,24.99,74.97
18440,7379,76,1,11.99,11.99
18441,7379,27,2,6.99,13.98
18442,7379,35,3,2.29,6.87
18443,7379,32,1,3.49,3.49
18444,7380,71,2,39.99,79.98
18445,7381,24,1,14.99,14.99
18446,7381,100,1,129.99,129.99
18447,7381,76,1,11.99,11.99
18448,7382,52,1,29.99,29.99
18449,7382,56,3,49.99,149.97
18450,7382,87,2,27.99,55.98
18451,7382,46,2,14.99,29.98
18452,7383,15,2,799.99,1599.98
18453,7383,34,2,7.99,15.98
18454,7383,45,2,39.99,79.98
18455,7383,66,1,89.99,89.99
18456,7384,16,2,1.99,3.98
18457,7385,11,1,1899.99,1899.99
18458,7385,98,1,13999.99,13999.99
18459,7385,86,2,19.99,39.98
18460,7385,38,2,5.99,11.98
18461,7386,8,2,89.99,179.98
18462,7386,79,3,1799.99,5399.97
18463,7386,71,2,39.99,79.98
18464,7387,86,2,19.99,39.98
18465,7387,89,3,79.99,239.97
18466,7388,21,1,1.49,1.49
18467,7388,10,2,79.99,159.98
18468,7389,37,1,1.99,1.99
18469,7390,5,1,8.99,8.99
18470,7390,11,1,1899.99,1899.99
18471,7390,3,3,14.99,44.97
18472,7390,16,2,1.99,3.98
18473,7391,22,3,10.99,32.97
18474,7392,31,1,0.79,0.79
18475,7392,57,2,9.99,19.98
18476,7392,17,2,12.99,25.98
18477,7393,25,2,1.29,2.58
18478,7393,28,1,5.49,5.49
18479,7394,77,1,5.99,5.99
18480,7394,78,2,1999.99,3999.98
18481,7394,9,1,69.99,69.99
18482,7394,1,3,9.99,29.97
18483,7395,55,2,6.99,13.98
18484,7395,45,2,39.99,79.98
18485,7396,43,2,59.99,119.98
18486,7396,88,3,149.99,449.97
18487,7396,22,1,10.99,10.99
18488,7396,56,1,49.99,49.99
18489,7397,2,2,19.99,39.98
18490,7397,4,2,12.99,25.98
18491,7398,77,2,5.99,11.98
18492,7398,86,2,19.99,39.98
18493,7398,82,3,1499.99,4499.97
18494,7399,65,2,12.99,25.98
18495,7399,3,2,14.99,29.98
18496,7399,78,3,1999.99,5999.97
18497,7399,27,1,6.99,6.99
18498,7400,83,3,29.99,89.97
18499,7400,68,3,24.99,74.97
18500,7400,52,3,29.99,89.97
18501,7401,29,1,3.99,3.99
18502,7402,77,2,5.99,11.98
18503,7402,3,3,14.99,44.97
18504,7402,61,3,34.99,104.97
18505,7402,80,2,1399.99,2799.98
18506,7403,12,2,2499.99,4999.98
18507,7403,14,3,499.99,1499.97
18508,7403,64,1,14.99,14.99
18509,7403,75,1,16.99,16.99
18510,7404,30,1,2.49,2.49
18511,7404,27,1,6.99,6.99
18512,7404,9,1,69.99,69.99
18513,7404,89,2,79.99,159.98
18514,7405,75,1,16.99,16.99
18515,7406,92,1,109.99,109.99
18516,7407,23,2,2.99,5.98
18517,7407,74,2,4.99,9.98
18518,7407,67,2,15.99,31.98
18519,7407,73,2,19.99,39.98
18520,7408,60,1,10.99,10.99
18521,7408,91,2,119.99,239.98
18522,7408,32,1,3.49,3.49
18523,7408,88,2,149.99,299.98
18524,7409,11,3,1899.99,5699.97
18525,7409,82,1,1499.99,1499.99
18526,7409,9,2,69.99,139.98
18527,7410,7,3,129.99,389.97
18528,7410,60,2,10.99,21.98
18529,7410,25,1,1.29,1.29
18530,7411,31,3,0.79,2.37
18531,7411,92,3,109.99,329.97
18532,7412,35,1,2.29,2.29
18533,7412,56,3,49.99,149.97
18534,7412,37,3,1.99,5.97
18535,7413,21,3,1.49,4.47
18536,7413,5,1,8.99,8.99
18537,7414,17,3,12.99,38.97
18538,7414,98,3,13999.99,41999.97
18539,7414,74,2,4.99,9.98
18540,7414,57,2,9.99,19.98
18541,7415,33,2,4.99,9.98
18542,7415,80,2,1399.99,2799.98
18543,7415,75,1,16.99,16.99
18544,7415,30,2,2.49,4.98
18545,7416,49,2,5.99,11.98
18546,7416,48,2,7.99,15.98
18547,7416,29,3,3.99,11.97
18548,7416,52,1,29.99,29.99
18549,7417,97,3,10999.99,32999.97
18550,7417,73,2,19.99,39.98
18551,7418,33,2,4.99,9.98
18552,7419,71,3,39.99,119.97
18553,7419,76,3,11.99,35.97
18554,7419,84,3,24.99,74.97
18555,7419,70,1,6.99,6.99
18556,7420,82,1,1499.99,1499.99
18557,7421,71,1,39.99,39.99
18558,7421,22,2,10.99,21.98
18559,7421,24,2,14.99,29.98
18560,7422,87,2,27.99,55.98
18561,7422,13,2,299.99,599.98
18562,7422,60,1,10.99,10.99
18563,7423,98,1,13999.99,13999.99
18564,7424,15,1,799.99,799.99
18565,7424,18,3,8.99,26.97
18566,7424,22,1,10.99,10.99
18567,7424,84,1,24.99,24.99
18568,7425,57,3,9.99,29.97
18569,7425,99,2,99.99,199.98
18570,7425,29,3,3.99,11.97
18571,7426,16,3,1.99,5.97
18572,7426,50,2,9.99,19.98
18573,7427,79,1,1799.99,1799.99
18574,7427,67,3,15.99,47.97
18575,7427,27,1,6.99,6.99
18576,7428,97,1,10999.99,10999.99
18577,7428,70,2,6.99,13.98
18578,7428,25,2,1.29,2.58
18579,7429,41,1,2.49,2.49
18580,7429,24,2,14.99,29.98
18581,7430,47,3,49.99,149.97
18582,7430,96,2,12999.99,25999.98
18583,7431,10,1,79.99,79.99
18584,7431,31,1,0.79,0.79
18585,7431,15,3,799.99,2399.97
18586,7431,59,1,4.99,4.99
18587,7432,55,3,6.99,20.97
18588,7433,33,2,4.99,9.98
18589,7433,48,1,7.99,7.99
18590,7434,46,3,14.99,44.97
18591,7434,97,3,10999.99,32999.97
18592,7434,26,1,0.99,0.99
18593,7435,71,1,39.99,39.99
18594,7435,56,1,49.99,49.99
18595,7435,95,2,8999.99,17999.98
18596,7436,47,1,49.99,49.99
18597,7436,50,2,9.99,19.98
18598,7436,25,3,1.29,3.87
18599,7437,80,2,1399.99,2799.98
18600,7437,14,1,499.99,499.99
18601,7437,7,3,129.99,389.97
18602,7438,58,2,3.99,7.98
18603,7438,17,2,12.99,25.98
18604,7439,63,2,7.99,15.98
18605,7439,34,1,7.99,7.99
18606,7440,36,3,19.99,59.97
18607,7440,41,3,2.49,7.47
18608,7440,18,2,8.99,17.98
18609,7440,59,2,4.99,9.98
18610,7441,89,3,79.99,239.97
18611,7442,17,3,12.99,38.97
18612,7442,5,2,8.99,17.98
18613,7442,54,3,8.99,26.97
18614,7442,58,2,3.99,7.98
18615,7443,76,3,11.99,35.97
18616,7444,45,2,39.99,79.98
18617,7444,33,2,4.99,9.98
18618,7444,7,1,129.99,129.99
18619,7445,79,3,1799.99,5399.97
18620,7445,29,2,3.99,7.98
18621,7445,73,2,19.99,39.98
18622,7446,17,2,12.99,25.98
18623,7446,37,3,1.99,5.97
18624,7446,99,2,99.99,199.98
18625,7446,63,1,7.99,7.99
18626,7447,93,1,89.99,89.99
18627,7447,57,1,9.99,9.99
18628,7447,44,3,29.99,89.97
18629,7447,33,3,4.99,14.97
18630,7448,51,1,39.99,39.99
18631,7448,38,1,5.99,5.99
18632,7448,64,1,14.99,14.99
18633,7449,65,3,12.99,38.97
18634,7449,32,1,3.49,3.49
18635,7449,25,3,1.29,3.87
18636,7449,1,3,9.99,29.97
18637,7450,19,1,9.99,9.99
18638,7450,2,1,19.99,19.99
18639,7450,48,2,7.99,15.98
18640,7450,68,1,24.99,24.99
18641,7451,24,1,14.99,14.99
18642,7451,89,3,79.99,239.97
18643,7451,98,3,13999.99,41999.97
18644,7452,35,2,2.29,4.58
18645,7453,71,1,39.99,39.99
18646,7454,5,2,8.99,17.98
18647,7455,17,2,12.99,25.98
18648,7455,73,1,19.99,19.99
18649,7455,60,3,10.99,32.97
18650,7456,17,3,12.99,38.97
18651,7456,25,1,1.29,1.29
18652,7456,81,2,1099.99,2199.98
18653,7456,100,3,129.99,389.97
18654,7457,4,2,12.99,25.98
18655,7457,97,3,10999.99,32999.97
18656,7457,89,1,79.99,79.99
18657,7458,15,3,799.99,2399.97
18658,7459,9,1,69.99,69.99
18659,7459,3,1,14.99,14.99
18660,7460,33,1,4.99,4.99
18661,7461,37,3,1.99,5.97
18662,7461,50,1,9.99,9.99
18663,7461,76,1,11.99,11.99
18664,7461,25,3,1.29,3.87
18665,7462,28,3,5.49,16.47
18666,7463,85,1,34.99,34.99
18667,7463,28,2,5.49,10.98
18668,7463,41,3,2.49,7.47
18669,7463,9,2,69.99,139.98
18670,7464,18,1,8.99,8.99
18671,7464,55,3,6.99,20.97
18672,7465,85,2,34.99,69.98
18673,7465,45,1,39.99,39.99
18674,7466,21,2,1.49,2.98
18675,7466,85,1,34.99,34.99
18676,7466,86,2,19.99,39.98
18677,7466,65,3,12.99,38.97
18678,7467,53,3,12.99,38.97
18679,7467,51,3,39.99,119.97
18680,7468,22,1,10.99,10.99
18681,7469,53,2,12.99,25.98
18682,7469,96,3,12999.99,38999.97
18683,7470,24,3,14.99,44.97
18684,7470,59,3,4.99,14.97
18685,7470,5,3,8.99,26.97
18686,7470,79,1,1799.99,1799.99
18687,7471,55,1,6.99,6.99
18688,7471,24,2,14.99,29.98
18689,7471,69,3,3.99,11.97
18690,7472,18,1,8.99,8.99
18691,7472,1,2,9.99,19.98
18692,7472,61,2,34.99,69.98
18693,7472,76,3,11.99,35.97
18694,7473,57,3,9.99,29.97
18695,7473,34,2,7.99,15.98
18696,7473,29,3,3.99,11.97
18697,7473,97,2,10999.99,21999.98
18698,7474,58,1,3.99,3.99
18699,7474,71,3,39.99,119.97
18700,7475,60,3,10.99,32.97
18701,7475,74,3,4.99,14.97
18702,7475,40,1,3.99,3.99
18703,7476,33,2,4.99,9.98
18704,7477,35,3,2.29,6.87
18705,7478,68,2,24.99,49.98
18706,7478,97,2,10999.99,21999.98
18707,7479,59,1,4.99,4.99
18708,7479,53,3,12.99,38.97
18709,7479,62,2,5.99,11.98
18710,7479,17,1,12.99,12.99
18711,7480,87,1,27.99,27.99
18712,7480,88,3,149.99,449.97
18713,7480,84,3,24.99,74.97
18714,7480,47,3,49.99,149.97
18715,7481,10,1,79.99,79.99
18716,7481,97,3,10999.99,32999.97
18717,7481,25,3,1.29,3.87
18718,7481,45,2,39.99,79.98
18719,7482,39,1,1.99,1.99
18720,7482,55,3,6.99,20.97
18721,7482,89,3,79.99,239.97
18722,7483,79,3,1799.99,5399.97
18723,7483,41,1,2.49,2.49
18724,7484,68,2,24.99,49.98
18725,7484,36,1,19.99,19.99
18726,7484,10,1,79.99,79.99
18727,7485,97,3,10999.99,32999.97
18728,7485,13,2,299.99,599.98
18729,7485,65,3,12.99,38.97
18730,7486,14,2,499.99,999.98
18731,7486,9,2,69.99,139.98
18732,7486,4,3,12.99,38.97
18733,7487,14,2,499.99,999.98
18734,7487,75,2,16.99,33.98
18735,7488,77,2,5.99,11.98
18736,7488,62,1,5.99,5.99
18737,7488,67,3,15.99,47.97
18738,7488,72,1,8.99,8.99
18739,7489,70,1,6.99,6.99
18740,7489,29,1,3.99,3.99
18741,7489,15,1,799.99,799.99
18742,7490,77,2,5.99,11.98
18743,7491,4,2,12.99,25.98
18744,7491,80,1,1399.99,1399.99
18745,7491,24,2,14.99,29.98
18746,7492,88,1,149.99,149.99
18747,7492,33,1,4.99,4.99
18748,7492,61,2,34.99,69.98
18749,7492,21,2,1.49,2.98
18750,7493,80,3,1399.99,4199.97
18751,7494,59,3,4.99,14.97
18752,7494,88,1,149.99,149.99
18753,7494,73,2,19.99,39.98
18754,7494,51,3,39.99,119.97
18755,7495,74,3,4.99,14.97
18756,7495,70,1,6.99,6.99
18757,7495,37,2,1.99,3.98
18758,7495,32,3,3.49,10.47
18759,7496,81,2,1099.99,2199.98
18760,7496,65,3,12.99,38.97
18761,7496,1,2,9.99,19.98
18762,7496,33,3,4.99,14.97
18763,7497,50,3,9.99,29.97
18764,7497,97,3,10999.99,32999.97
18765,7497,64,2,14.99,29.98
18766,7497,62,3,5.99,17.97
18767,7498,31,2,0.79,1.58
18768,7498,34,2,7.99,15.98
18769,7498,68,2,24.99,49.98
18770,7499,62,2,5.99,11.98
18771,7499,76,1,11.99,11.99
18772,7499,91,1,119.99,119.99
18773,7500,76,3,11.99,35.97
18774,7500,100,1,129.99,129.99
18775,7500,44,2,29.99,59.98
18776,7500,16,2,1.99,3.98
18777,7501,20,1,4.99,4.99
18778,7501,91,1,119.99,119.99
18779,7501,41,1,2.49,2.49
18780,7501,5,3,8.99,26.97
18781,7502,50,3,9.99,29.97
18782,7503,43,1,59.99,59.99
18783,7503,86,2,19.99,39.98
18784,7504,12,3,2499.99,7499.97
18785,7504,26,2,0.99,1.98
18786,7504,50,3,9.99,29.97
18787,7505,54,1,8.99,8.99
18788,7505,35,2,2.29,4.58
18789,7506,65,1,12.99,12.99
18790,7507,76,2,11.99,23.98
18791,7507,54,3,8.99,26.97
18792,7507,97,2,10999.99,21999.98
18793,7508,70,3,6.99,20.97
18794,7509,47,2,49.99,99.98
18795,7509,3,2,14.99,29.98
18796,7509,90,2,89.99,179.98
18797,7509,6,3,49.99,149.97
18798,7510,77,2,5.99,11.98
18799,7511,59,3,4.99,14.97
18800,7511,87,2,27.99,55.98
18801,7511,12,3,2499.99,7499.97
18802,7512,95,3,8999.99,26999.97
18803,7512,18,3,8.99,26.97
18804,7513,70,2,6.99,13.98
18805,7513,19,1,9.99,9.99
18806,7513,56,2,49.99,99.98
18807,7513,87,3,27.99,83.97
18808,7514,56,2,49.99,99.98
18809,7515,100,3,129.99,389.97
18810,7515,16,3,1.99,5.97
18811,7515,49,1,5.99,5.99
18812,7515,62,3,5.99,17.97
18813,7516,43,2,59.99,119.98
18814,7516,88,3,149.99,449.97
18815,7516,91,1,119.99,119.99
18816,7517,60,2,10.99,21.98
18817,7517,86,3,19.99,59.97
18818,7517,81,1,1099.99,1099.99
18819,7517,68,1,24.99,24.99
18820,7518,86,1,19.99,19.99
18821,7518,48,2,7.99,15.98
18822,7518,38,3,5.99,17.97
18823,7518,18,3,8.99,26.97
18824,7519,90,3,89.99,269.97
18825,7519,59,1,4.99,4.99
18826,7520,1,1,9.99,9.99
18827,7520,8,1,89.99,89.99
18828,7520,36,2,19.99,39.98
18829,7521,77,1,5.99,5.99
18830,7522,98,3,13999.99,41999.97
18831,7522,81,2,1099.99,2199.98
18832,7522,6,1,49.99,49.99
18833,7523,3,1,14.99,14.99
18834,7523,44,3,29.99,89.97
18835,7524,79,3,1799.99,5399.97
18836,7524,32,1,3.49,3.49
18837,7525,24,2,14.99,29.98
18838,7526,6,1,49.99,49.99
18839,7526,15,2,799.99,1599.98
18840,7526,34,1,7.99,7.99
18841,7527,20,3,4.99,14.97
18842,7527,28,3,5.49,16.47
18843,7527,58,1,3.99,3.99
18844,7527,37,3,1.99,5.97
18845,7528,69,2,3.99,7.98
18846,7528,79,2,1799.99,3599.98
18847,7529,74,2,4.99,9.98
18848,7529,51,2,39.99,79.98
18849,7530,2,1,19.99,19.99
18850,7530,78,2,1999.99,3999.98
18851,7531,96,3,12999.99,38999.97
18852,7531,12,1,2499.99,2499.99
18853,7532,56,1,49.99,49.99
18854,7533,20,2,4.99,9.98
18855,7533,61,3,34.99,104.97
18856,7534,7,3,129.99,389.97
18857,7535,26,1,0.99,0.99
18858,7535,10,1,79.99,79.99
18859,7536,97,3,10999.99,32999.97
18860,7536,25,3,1.29,3.87
18861,7537,21,2,1.49,2.98
18862,7537,67,3,15.99,47.97
18863,7538,16,2,1.99,3.98
18864,7538,60,2,10.99,21.98
18865,7538,80,2,1399.99,2799.98
18866,7539,9,1,69.99,69.99
18867,7540,69,1,3.99,3.99
18868,7540,59,3,4.99,14.97
18869,7541,31,2,0.79,1.58
18870,7541,80,2,1399.99,2799.98
18871,7541,55,2,6.99,13.98
18872,7541,87,3,27.99,83.97
18873,7542,23,3,2.99,8.97
18874,7542,96,3,12999.99,38999.97
18875,7542,27,3,6.99,20.97
18876,7543,23,1,2.99,2.99
18877,7544,9,3,69.99,209.97
18878,7544,86,3,19.99,59.97
18879,7544,32,3,3.49,10.47
18880,7545,70,1,6.99,6.99
18881,7545,79,2,1799.99,3599.98
18882,7545,21,3,1.49,4.47
18883,7545,34,3,7.99,23.97
18884,7546,91,1,119.99,119.99
18885,7546,41,1,2.49,2.49
18886,7546,53,3,12.99,38.97
18887,7546,19,2,9.99,19.98
18888,7547,98,3,13999.99,41999.97
18889,7547,72,3,8.99,26.97
18890,7547,86,3,19.99,59.97
18891,7548,64,1,14.99,14.99
18892,7548,6,2,49.99,99.98
18893,7549,49,1,5.99,5.99
18894,7549,82,1,1499.99,1499.99
18895,7550,45,1,39.99,39.99
18896,7550,2,2,19.99,39.98
18897,7551,16,1,1.99,1.99
18898,7551,87,1,27.99,27.99
18899,7552,97,3,10999.99,32999.97
18900,7552,91,2,119.99,239.98
18901,7553,25,1,1.29,1.29
18902,7553,66,1,89.99,89.99
18903,7554,65,2,12.99,25.98
18904,7555,98,1,13999.99,13999.99
18905,7555,29,2,3.99,7.98
18906,7555,30,3,2.49,7.47
18907,7556,95,2,8999.99,17999.98
18908,7557,85,3,34.99,104.97
18909,7557,73,1,19.99,19.99
18910,7557,70,3,6.99,20.97
18911,7558,17,2,12.99,25.98
18912,7559,60,2,10.99,21.98
18913,7559,12,3,2499.99,7499.97
18914,7559,75,2,16.99,33.98
18915,7559,94,3,1499.99,4499.97
18916,7560,78,1,1999.99,1999.99
18917,7560,85,3,34.99,104.97
18918,7560,73,1,19.99,19.99
18919,7560,97,1,10999.99,10999.99
18920,7561,71,3,39.99,119.97
18921,7561,31,1,0.79,0.79
18922,7562,14,1,499.99,499.99
18923,7562,59,2,4.99,9.98
18924,7562,74,1,4.99,4.99
18925,7563,28,3,5.49,16.47
18926,7564,36,2,19.99,39.98
18927,7564,88,3,149.99,449.97
18928,7565,45,3,39.99,119.97
18929,7565,65,3,12.99,38.97
18930,7565,85,1,34.99,34.99
18931,7566,64,1,14.99,14.99
18932,7566,14,2,499.99,999.98
18933,7567,32,2,3.49,6.98
18934,7568,89,1,79.99,79.99
18935,7568,66,3,89.99,269.97
18936,7568,27,1,6.99,6.99
18937,7569,55,1,6.99,6.99
18938,7569,100,2,129.99,259.98
18939,7569,90,2,89.99,179.98
18940,7569,72,3,8.99,26.97
18941,7570,61,2,34.99,69.98
18942,7570,48,2,7.99,15.98
18943,7570,83,1,29.99,29.99
18944,7571,42,2,0.99,1.98
18945,7571,57,2,9.99,19.98
18946,7571,93,3,89.99,269.97
18947,7572,70,3,6.99,20.97
18948,7572,88,1,149.99,149.99
18949,7572,27,3,6.99,20.97
18950,7573,72,3,8.99,26.97
18951,7573,2,1,19.99,19.99
18952,7574,79,3,1799.99,5399.97
18953,7574,54,3,8.99,26.97
18954,7574,20,1,4.99,4.99
18955,7574,6,2,49.99,99.98
18956,7575,32,2,3.49,6.98
18957,7576,56,3,49.99,149.97
18958,7576,78,2,1999.99,3999.98
18959,7577,77,3,5.99,17.97
18960,7578,35,3,2.29,6.87
18961,7579,23,3,2.99,8.97
18962,7579,46,1,14.99,14.99
18963,7579,15,3,799.99,2399.97
18964,7579,31,1,0.79,0.79
18965,7580,57,1,9.99,9.99
18966,7580,4,1,12.99,12.99
18967,7580,22,3,10.99,32.97
18968,7580,29,1,3.99,3.99
18969,7581,10,3,79.99,239.97
18970,7581,9,1,69.99,69.99
18971,7581,59,1,4.99,4.99
18972,7581,70,3,6.99,20.97
18973,7582,83,2,29.99,59.98
18974,7583,82,2,1499.99,2999.98
18975,7584,76,3,11.99,35.97
18976,7584,97,1,10999.99,10999.99
18977,7585,47,1,49.99,49.99
18978,7585,41,3,2.49,7.47
18979,7585,38,1,5.99,5.99
18980,7586,72,2,8.99,17.98
18981,7587,4,2,12.99,25.98
18982,7588,49,1,5.99,5.99
18983,7588,43,2,59.99,119.98
18984,7588,64,1,14.99,14.99
18985,7589,58,1,3.99,3.99
18986,7589,23,2,2.99,5.98
18987,7589,5,1,8.99,8.99
18988,7590,18,2,8.99,17.98
18989,7590,86,2,19.99,39.98
18990,7590,39,3,1.99,5.97
18991,7591,23,3,2.99,8.97
18992,7591,51,2,39.99,79.98
18993,7591,82,2,1499.99,2999.98
18994,7591,27,2,6.99,13.98
18995,7592,63,3,7.99,23.97
18996,7592,24,3,14.99,44.97
18997,7592,48,3,7.99,23.97
18998,7593,63,3,7.99,23.97
18999,7593,69,1,3.99,3.99
19000,7593,54,1,8.99,8.99
19001,7594,41,3,2.49,7.47
19002,7594,92,2,109.99,219.98
19003,7594,62,2,5.99,11.98
19004,7594,22,1,10.99,10.99
19005,7595,48,1,7.99,7.99
19006,7595,23,1,2.99,2.99
19007,7595,55,3,6.99,20.97
19008,7595,87,1,27.99,27.99
19009,7596,70,1,6.99,6.99
19010,7596,8,3,89.99,269.97
19011,7596,88,1,149.99,149.99
19012,7597,89,2,79.99,159.98
19013,7597,18,1,8.99,8.99
19014,7598,20,1,4.99,4.99
19015,7598,88,1,149.99,149.99
19016,7598,9,1,69.99,69.99
19017,7598,35,2,2.29,4.58
19018,7599,7,1,129.99,129.99
19019,7599,81,1,1099.99,1099.99
19020,7600,49,2,5.99,11.98
19021,7600,35,3,2.29,6.87
19022,7600,1,2,9.99,19.98
19023,7600,15,2,799.99,1599.98
19024,7601,2,2,19.99,39.98
19025,7601,93,2,89.99,179.98
19026,7602,29,2,3.99,7.98
19027,7602,83,1,29.99,29.99
19028,7603,8,3,89.99,269.97
19029,7603,67,2,15.99,31.98
19030,7603,53,1,12.99,12.99
19031,7604,9,1,69.99,69.99
19032,7605,54,2,8.99,17.98
19033,7605,60,1,10.99,10.99
19034,7606,88,3,149.99,449.97
19035,7606,61,2,34.99,69.98
19036,7606,29,3,3.99,11.97
19037,7607,92,2,109.99,219.98
19038,7607,70,3,6.99,20.97
19039,7607,26,1,0.99,0.99
19040,7607,62,2,5.99,11.98
19041,7608,95,1,8999.99,8999.99
19042,7608,50,2,9.99,19.98
19043,7608,34,2,7.99,15.98
19044,7608,49,2,5.99,11.98
19045,7609,42,1,0.99,0.99
19046,7609,29,2,3.99,7.98
19047,7610,33,3,4.99,14.97
19048,7611,5,3,8.99,26.97
19049,7611,34,2,7.99,15.98
19050,7611,3,1,14.99,14.99
19051,7612,11,2,1899.99,3799.98
19052,7612,43,1,59.99,59.99
19053,7612,98,1,13999.99,13999.99
19054,7612,38,1,5.99,5.99
19055,7613,95,1,8999.99,8999.99
19056,7613,74,2,4.99,9.98
19057,7613,55,3,6.99,20.97
19058,7614,96,3,12999.99,38999.97
19059,7615,67,3,15.99,47.97
19060,7616,10,2,79.99,159.98
19061,7617,16,1,1.99,1.99
19062,7617,58,1,3.99,3.99
19063,7617,13,2,299.99,599.98
19064,7617,15,2,799.99,1599.98
19065,7618,11,1,1899.99,1899.99
19066,7618,97,3,10999.99,32999.97
19067,7619,97,2,10999.99,21999.98
19068,7619,17,2,12.99,25.98
19069,7620,61,3,34.99,104.97
19070,7620,68,2,24.99,49.98
19071,7621,3,1,14.99,14.99
19072,7621,39,2,1.99,3.98
19073,7621,74,2,4.99,9.98
19074,7622,80,1,1399.99,1399.99
19075,7622,33,1,4.99,4.99
19076,7622,35,2,2.29,4.58
19077,7622,96,1,12999.99,12999.99
19078,7623,50,3,9.99,29.97
19079,7623,99,3,99.99,299.97
19080,7624,22,2,10.99,21.98
19081,7625,32,2,3.49,6.98
19082,7625,46,3,14.99,44.97
19083,7625,24,1,14.99,14.99
19084,7625,94,2,1499.99,2999.98
19085,7626,29,1,3.99,3.99
19086,7626,32,3,3.49,10.47
19087,7627,68,2,24.99,49.98
19088,7627,23,2,2.99,5.98
19089,7628,89,3,79.99,239.97
19090,7629,43,2,59.99,119.98
19091,7630,69,1,3.99,3.99
19092,7631,29,3,3.99,11.97
19093,7632,88,3,149.99,449.97
19094,7633,2,3,19.99,59.97
19095,7633,96,3,12999.99,38999.97
19096,7633,64,2,14.99,29.98
19097,7634,32,1,3.49,3.49
19098,7634,85,3,34.99,104.97
19099,7635,38,3,5.99,17.97
19100,7635,61,3,34.99,104.97
19101,7636,62,2,5.99,11.98
19102,7636,37,2,1.99,3.98
19103,7637,81,2,1099.99,2199.98
19104,7637,11,1,1899.99,1899.99
19105,7637,97,2,10999.99,21999.98
19106,7637,39,2,1.99,3.98
19107,7638,83,2,29.99,59.98
19108,7638,36,3,19.99,59.97
19109,7638,87,1,27.99,27.99
19110,7638,46,3,14.99,44.97
19111,7639,95,2,8999.99,17999.98
19112,7639,59,1,4.99,4.99
19113,7639,54,2,8.99,17.98
19114,7640,76,2,11.99,23.98
19115,7640,41,3,2.49,7.47
19116,7640,3,3,14.99,44.97
19117,7641,81,2,1099.99,2199.98
19118,7641,97,1,10999.99,10999.99
19119,7641,15,3,799.99,2399.97
19120,7642,45,2,39.99,79.98
19121,7642,40,1,3.99,3.99
19122,7643,47,1,49.99,49.99
19123,7644,18,1,8.99,8.99
19124,7644,8,3,89.99,269.97
19125,7645,15,1,799.99,799.99
19126,7646,5,3,8.99,26.97
19127,7646,69,3,3.99,11.97
19128,7646,93,2,89.99,179.98
19129,7647,100,1,129.99,129.99
19130,7647,1,3,9.99,29.97
19131,7647,20,3,4.99,14.97
19132,7647,44,3,29.99,89.97
19133,7648,30,1,2.49,2.49
19134,7648,85,2,34.99,69.98
19135,7648,98,3,13999.99,41999.97
19136,7648,39,3,1.99,5.97
19137,7649,15,2,799.99,1599.98
19138,7649,75,1,16.99,16.99
19139,7650,57,1,9.99,9.99
19140,7650,23,3,2.99,8.97
19141,7650,34,3,7.99,23.97
19142,7650,13,2,299.99,599.98
19143,7651,51,3,39.99,119.97
19144,7652,56,1,49.99,49.99
19145,7652,31,2,0.79,1.58
19146,7652,14,3,499.99,1499.97
19147,7652,53,2,12.99,25.98
19148,7653,44,1,29.99,29.99
19149,7653,46,3,14.99,44.97
19150,7653,63,3,7.99,23.97
19151,7654,73,3,19.99,59.97
19152,7654,82,1,1499.99,1499.99
19153,7655,5,1,8.99,8.99
19154,7655,84,2,24.99,49.98
19155,7655,3,1,14.99,14.99
19156,7655,70,2,6.99,13.98
19157,7656,97,3,10999.99,32999.97
19158,7657,44,2,29.99,59.98
19159,7657,84,1,24.99,24.99
19160,7657,96,1,12999.99,12999.99
19161,7658,76,3,11.99,35.97
19162,7659,35,3,2.29,6.87
19163,7659,86,2,19.99,39.98
19164,7659,73,2,19.99,39.98
19165,7659,47,1,49.99,49.99
19166,7660,64,2,14.99,29.98
19167,7660,7,1,129.99,129.99
19168,7661,3,3,14.99,44.97
19169,7661,69,2,3.99,7.98
19170,7662,77,1,5.99,5.99
19171,7662,39,3,1.99,5.97
19172,7663,34,3,7.99,23.97
19173,7663,81,3,1099.99,3299.97
19174,7664,93,3,89.99,269.97
19175,7665,13,2,299.99,599.98
19176,7666,92,2,109.99,219.98
19177,7666,72,1,8.99,8.99
19178,7667,84,1,24.99,24.99
19179,7667,76,2,11.99,23.98
19180,7667,97,2,10999.99,21999.98
19181,7667,8,1,89.99,89.99
19182,7668,12,1,2499.99,2499.99
19183,7668,70,3,6.99,20.97
19184,7668,74,2,4.99,9.98
19185,7668,30,2,2.49,4.98
19186,7669,41,3,2.49,7.47
19187,7669,5,2,8.99,17.98
19188,7669,24,1,14.99,14.99
19189,7670,18,1,8.99,8.99
19190,7670,13,1,299.99,299.99
19191,7670,49,3,5.99,17.97
19192,7671,19,1,9.99,9.99
19193,7671,28,1,5.49,5.49
19194,7671,1,3,9.99,29.97
19195,7672,90,3,89.99,269.97
19196,7672,30,1,2.49,2.49
19197,7673,49,2,5.99,11.98
19198,7673,79,2,1799.99,3599.98
19199,7673,55,1,6.99,6.99
19200,7673,39,2,1.99,3.98
19201,7674,14,3,499.99,1499.97
19202,7675,62,2,5.99,11.98
19203,7675,69,1,3.99,3.99
19204,7675,15,3,799.99,2399.97
19205,7675,80,1,1399.99,1399.99
19206,7676,45,3,39.99,119.97
19207,7676,15,2,799.99,1599.98
19208,7676,7,3,129.99,389.97
19209,7676,58,1,3.99,3.99
19210,7677,15,2,799.99,1599.98
19211,7677,45,1,39.99,39.99
19212,7678,7,2,129.99,259.98
19213,7679,86,1,19.99,19.99
19214,7679,93,3,89.99,269.97
19215,7679,91,2,119.99,239.98
19216,7679,41,3,2.49,7.47
19217,7680,52,3,29.99,89.97
19218,7680,53,2,12.99,25.98
19219,7681,33,1,4.99,4.99
19220,7681,90,3,89.99,269.97
19221,7682,30,3,2.49,7.47
19222,7682,96,2,12999.99,25999.98
19223,7683,78,2,1999.99,3999.98
19224,7683,74,3,4.99,14.97
19225,7684,2,3,19.99,59.97
19226,7684,43,3,59.99,179.97
19227,7684,81,3,1099.99,3299.97
19228,7684,100,1,129.99,129.99
19229,7685,29,2,3.99,7.98
19230,7685,13,1,299.99,299.99
19231,7685,62,1,5.99,5.99
19232,7685,4,2,12.99,25.98
19233,7686,95,2,8999.99,17999.98
19234,7686,28,2,5.49,10.98
19235,7686,51,1,39.99,39.99
19236,7686,30,1,2.49,2.49
19237,7687,95,3,8999.99,26999.97
19238,7688,89,3,79.99,239.97
19239,7688,98,1,13999.99,13999.99
19240,7689,18,2,8.99,17.98
19241,7689,95,2,8999.99,17999.98
19242,7689,38,1,5.99,5.99
19243,7689,92,3,109.99,329.97
19244,7690,52,2,29.99,59.98
19245,7690,25,3,1.29,3.87
19246,7691,8,2,89.99,179.98
19247,7691,30,2,2.49,4.98
19248,7691,13,1,299.99,299.99
19249,7692,32,1,3.49,3.49
19250,7692,51,2,39.99,79.98
19251,7692,94,2,1499.99,2999.98
19252,7693,98,1,13999.99,13999.99
19253,7693,11,1,1899.99,1899.99
19254,7693,24,2,14.99,29.98
19255,7694,77,1,5.99,5.99
19256,7695,52,1,29.99,29.99
19257,7696,90,1,89.99,89.99
19258,7696,52,1,29.99,29.99
19259,7696,36,1,19.99,19.99
19260,7696,94,3,1499.99,4499.97
19261,7697,23,2,2.99,5.98
19262,7697,98,3,13999.99,41999.97
19263,7697,66,2,89.99,179.98
19264,7697,10,2,79.99,159.98
19265,7698,9,3,69.99,209.97
19266,7698,16,3,1.99,5.97
19267,7699,19,1,9.99,9.99
19268,7699,21,1,1.49,1.49
19269,7699,48,2,7.99,15.98
19270,7700,82,3,1499.99,4499.97
19271,7700,46,3,14.99,44.97
19272,7700,86,3,19.99,59.97
19273,7700,100,2,129.99,259.98
19274,7701,71,2,39.99,79.98
19275,7702,18,2,8.99,17.98
19276,7702,98,3,13999.99,41999.97
19277,7703,46,2,14.99,29.98
19278,7704,69,2,3.99,7.98
19279,7704,99,1,99.99,99.99
19280,7704,2,1,19.99,19.99
19281,7705,99,2,99.99,199.98
19282,7705,55,3,6.99,20.97
19283,7705,10,2,79.99,159.98
19284,7705,90,3,89.99,269.97
19285,7706,47,1,49.99,49.99
19286,7707,66,2,89.99,179.98
19287,7708,90,3,89.99,269.97
19288,7708,44,2,29.99,59.98
19289,7708,87,3,27.99,83.97
19290,7709,60,2,10.99,21.98
19291,7709,69,2,3.99,7.98
19292,7709,3,2,14.99,29.98
19293,7710,2,3,19.99,59.97
19294,7710,82,3,1499.99,4499.97
19295,7710,43,3,59.99,179.97
19296,7711,91,2,119.99,239.98
19297,7711,29,2,3.99,7.98
19298,7711,63,3,7.99,23.97
19299,7711,19,1,9.99,9.99
19300,7712,50,3,9.99,29.97
19301,7712,20,3,4.99,14.97
19302,7712,66,1,89.99,89.99
19303,7713,9,3,69.99,209.97
19304,7713,36,2,19.99,39.98
19305,7714,75,2,16.99,33.98
19306,7714,58,1,3.99,3.99
19307,7715,87,2,27.99,55.98
19308,7715,28,1,5.49,5.49
19309,7716,52,1,29.99,29.99
19310,7717,53,2,12.99,25.98
19311,7717,29,2,3.99,7.98
19312,7718,98,1,13999.99,13999.99
19313,7718,71,3,39.99,119.97
19314,7719,84,3,24.99,74.97
19315,7719,88,3,149.99,449.97
19316,7719,55,3,6.99,20.97
19317,7719,13,1,299.99,299.99
19318,7720,97,1,10999.99,10999.99
19319,7720,90,3,89.99,269.97
19320,7721,11,1,1899.99,1899.99
19321,7721,10,3,79.99,239.97
19322,7721,73,1,19.99,19.99
19323,7722,82,1,1499.99,1499.99
19324,7722,43,3,59.99,179.97
19325,7722,59,1,4.99,4.99
19326,7723,95,2,8999.99,17999.98
19327,7723,42,2,0.99,1.98
19328,7723,97,2,10999.99,21999.98
19329,7724,48,2,7.99,15.98
19330,7724,16,2,1.99,3.98
19331,7724,36,2,19.99,39.98
19332,7725,39,2,1.99,3.98
19333,7725,67,2,15.99,31.98
19334,7725,77,2,5.99,11.98
19335,7726,66,3,89.99,269.97
19336,7726,50,1,9.99,9.99
19337,7727,53,1,12.99,12.99
19338,7727,64,1,14.99,14.99
19339,7727,26,3,0.99,2.97
19340,7728,82,3,1499.99,4499.97
19341,7728,21,3,1.49,4.47
19342,7728,59,2,4.99,9.98
19343,7728,45,3,39.99,119.97
19344,7729,91,1,119.99,119.99
19345,7729,76,2,11.99,23.98
19346,7729,1,3,9.99,29.97
19347,7729,30,2,2.49,4.98
19348,7730,28,3,5.49,16.47
19349,7730,90,2,89.99,179.98
19350,7731,87,1,27.99,27.99
19351,7731,55,1,6.99,6.99
19352,7731,9,2,69.99,139.98
19353,7731,18,3,8.99,26.97
19354,7732,14,2,499.99,999.98
19355,7732,33,3,4.99,14.97
19356,7732,34,2,7.99,15.98
19357,7732,26,2,0.99,1.98
19358,7733,100,1,129.99,129.99
19359,7733,13,2,299.99,599.98
19360,7733,41,3,2.49,7.47
19361,7734,46,3,14.99,44.97
19362,7734,83,2,29.99,59.98
19363,7734,86,3,19.99,59.97
19364,7734,61,3,34.99,104.97
19365,7735,94,2,1499.99,2999.98
19366,7735,41,1,2.49,2.49
19367,7735,6,1,49.99,49.99
19368,7736,22,2,10.99,21.98
19369,7737,63,2,7.99,15.98
19370,7737,90,2,89.99,179.98
19371,7737,43,2,59.99,119.98
19372,7737,18,2,8.99,17.98
19373,7738,20,2,4.99,9.98
19374,7738,46,2,14.99,29.98
19375,7738,22,3,10.99,32.97
19376,7738,73,3,19.99,59.97
19377,7739,2,2,19.99,39.98
19378,7739,44,1,29.99,29.99
19379,7739,51,2,39.99,79.98
19380,7740,95,3,8999.99,26999.97
19381,7740,5,3,8.99,26.97
19382,7740,83,2,29.99,59.98
19383,7740,29,1,3.99,3.99
19384,7741,88,1,149.99,149.99
19385,7741,65,3,12.99,38.97
19386,7742,91,1,119.99,119.99
19387,7742,17,1,12.99,12.99
19388,7742,57,3,9.99,29.97
19389,7742,26,1,0.99,0.99
19390,7743,43,1,59.99,59.99
19391,7743,83,2,29.99,59.98
19392,7743,55,3,6.99,20.97
19393,7744,82,1,1499.99,1499.99
19394,7744,74,3,4.99,14.97
19395,7745,96,1,12999.99,12999.99
19396,7745,35,3,2.29,6.87
19397,7746,92,1,109.99,109.99
19398,7747,5,2,8.99,17.98
19399,7747,17,2,12.99,25.98
19400,7747,25,1,1.29,1.29
19401,7748,89,1,79.99,79.99
19402,7748,83,1,29.99,29.99
19403,7748,34,1,7.99,7.99
19404,7749,13,2,299.99,599.98
19405,7749,72,1,8.99,8.99
19406,7749,90,1,89.99,89.99
19407,7749,7,1,129.99,129.99
19408,7750,82,1,1499.99,1499.99
19409,7751,51,3,39.99,119.97
19410,7752,61,2,34.99,69.98
19411,7752,31,1,0.79,0.79
19412,7753,31,3,0.79,2.37
19413,7753,80,1,1399.99,1399.99
19414,7754,97,1,10999.99,10999.99
19415,7755,66,1,89.99,89.99
19416,7755,18,1,8.99,8.99
19417,7756,71,1,39.99,39.99
19418,7756,13,3,299.99,899.97
19419,7757,25,1,1.29,1.29
19420,7757,60,1,10.99,10.99
19421,7758,75,2,16.99,33.98
19422,7758,14,1,499.99,499.99
19423,7758,83,3,29.99,89.97
19424,7759,79,2,1799.99,3599.98
19425,7759,85,1,34.99,34.99
19426,7760,6,2,49.99,99.98
19427,7761,37,3,1.99,5.97
19428,7761,18,3,8.99,26.97
19429,7761,20,3,4.99,14.97
19430,7761,80,3,1399.99,4199.97
19431,7762,78,2,1999.99,3999.98
19432,7762,100,3,129.99,389.97
19433,7762,89,3,79.99,239.97
19434,7762,2,2,19.99,39.98
19435,7763,83,2,29.99,59.98
19436,7763,59,1,4.99,4.99
19437,7763,8,2,89.99,179.98
19438,7763,15,1,799.99,799.99
19439,7764,6,1,49.99,49.99
19440,7764,37,2,1.99,3.98
19441,7764,11,3,1899.99,5699.97
19442,7765,38,1,5.99,5.99
19443,7765,12,2,2499.99,4999.98
19444,7766,51,3,39.99,119.97
19445,7766,76,2,11.99,23.98
19446,7767,87,1,27.99,27.99
19447,7767,6,3,49.99,149.97
19448,7767,35,1,2.29,2.29
19449,7767,31,2,0.79,1.58
19450,7768,79,2,1799.99,3599.98
19451,7768,8,2,89.99,179.98
19452,7769,24,2,14.99,29.98
19453,7769,47,2,49.99,99.98
19454,7769,20,1,4.99,4.99
19455,7769,59,3,4.99,14.97
19456,7770,53,1,12.99,12.99
19457,7771,11,3,1899.99,5699.97
19458,7771,28,2,5.49,10.98
19459,7771,88,2,149.99,299.98
19460,7772,63,3,7.99,23.97
19461,7772,91,2,119.99,239.98
19462,7773,39,3,1.99,5.97
19463,7774,42,1,0.99,0.99
19464,7775,78,1,1999.99,1999.99
19465,7775,5,2,8.99,17.98
19466,7775,10,3,79.99,239.97
19467,7775,1,3,9.99,29.97
19468,7776,93,3,89.99,269.97
19469,7776,17,2,12.99,25.98
19470,7776,8,2,89.99,179.98
19471,7777,74,2,4.99,9.98
19472,7777,65,1,12.99,12.99
19473,7777,58,3,3.99,11.97
19474,7777,78,2,1999.99,3999.98
19475,7778,30,3,2.49,7.47
19476,7778,80,1,1399.99,1399.99
19477,7778,6,3,49.99,149.97
19478,7778,47,1,49.99,49.99
19479,7779,81,3,1099.99,3299.97
19480,7779,77,3,5.99,17.97
19481,7779,71,1,39.99,39.99
19482,7779,100,3,129.99,389.97
19483,7780,1,1,9.99,9.99
19484,7780,70,2,6.99,13.98
19485,7780,81,2,1099.99,2199.98
19486,7780,77,2,5.99,11.98
19487,7781,50,1,9.99,9.99
19488,7781,66,1,89.99,89.99
19489,7782,45,2,39.99,79.98
19490,7782,85,3,34.99,104.97
19491,7783,17,3,12.99,38.97
19492,7783,4,1,12.99,12.99
19493,7783,19,2,9.99,19.98
19494,7783,84,1,24.99,24.99
19495,7784,62,1,5.99,5.99
19496,7784,67,2,15.99,31.98
19497,7784,30,1,2.49,2.49
19498,7785,17,1,12.99,12.99
19499,7785,76,1,11.99,11.99
19500,7785,21,2,1.49,2.98
19501,7785,90,3,89.99,269.97
19502,7786,55,2,6.99,13.98
19503,7787,65,1,12.99,12.99
19504,7788,43,1,59.99,59.99
19505,7788,51,3,39.99,119.97
19506,7788,69,1,3.99,3.99
19507,7788,64,3,14.99,44.97
19508,7789,76,1,11.99,11.99
19509,7789,27,2,6.99,13.98
19510,7790,9,2,69.99,139.98
19511,7790,43,3,59.99,179.97
19512,7790,66,2,89.99,179.98
19513,7790,78,1,1999.99,1999.99
19514,7791,75,1,16.99,16.99
19515,7791,31,1,0.79,0.79
19516,7792,26,1,0.99,0.99
19517,7792,99,2,99.99,199.98
19518,7793,52,1,29.99,29.99
19519,7793,34,1,7.99,7.99
19520,7793,50,1,9.99,9.99
19521,7794,29,2,3.99,7.98
19522,7795,84,1,24.99,24.99
19523,7795,54,3,8.99,26.97
19524,7795,48,3,7.99,23.97
19525,7795,77,2,5.99,11.98
19526,7796,68,1,24.99,24.99
19527,7796,77,1,5.99,5.99
19528,7796,4,2,12.99,25.98
19529,7796,55,3,6.99,20.97
19530,7797,15,2,799.99,1599.98
19531,7797,34,1,7.99,7.99
19532,7797,98,3,13999.99,41999.97
19533,7797,96,1,12999.99,12999.99
19534,7798,65,1,12.99,12.99
19535,7798,96,1,12999.99,12999.99
19536,7798,77,3,5.99,17.97
19537,7799,19,2,9.99,19.98
19538,7799,70,3,6.99,20.97
19539,7800,9,1,69.99,69.99
19540,7801,15,2,799.99,1599.98
19541,7801,21,3,1.49,4.47
19542,7801,65,1,12.99,12.99
19543,7801,6,2,49.99,99.98
19544,7802,1,1,9.99,9.99
19545,7802,72,3,8.99,26.97
19546,7803,74,2,4.99,9.98
19547,7804,82,3,1499.99,4499.97
19548,7805,77,3,5.99,17.97
19549,7806,98,1,13999.99,13999.99
19550,7807,82,1,1499.99,1499.99
19551,7807,75,1,16.99,16.99
19552,7807,49,1,5.99,5.99
19553,7807,73,3,19.99,59.97
19554,7808,11,1,1899.99,1899.99
19555,7808,69,2,3.99,7.98
19556,7808,98,1,13999.99,13999.99
19557,7808,53,3,12.99,38.97
19558,7809,27,3,6.99,20.97
19559,7809,93,3,89.99,269.97
19560,7809,35,1,2.29,2.29
19561,7810,80,3,1399.99,4199.97
19562,7810,7,2,129.99,259.98
19563,7811,47,2,49.99,99.98
19564,7811,36,2,19.99,39.98
19565,7812,10,1,79.99,79.99
19566,7813,91,2,119.99,239.98
19567,7813,58,1,3.99,3.99
19568,7813,62,2,5.99,11.98
19569,7813,78,1,1999.99,1999.99
19570,7814,100,2,129.99,259.98
19571,7815,60,3,10.99,32.97
19572,7815,25,1,1.29,1.29
19573,7815,66,3,89.99,269.97
19574,7816,45,1,39.99,39.99
19575,7816,72,2,8.99,17.98
19576,7816,88,2,149.99,299.98
19577,7817,33,1,4.99,4.99
19578,7817,12,1,2499.99,2499.99
19579,7817,96,1,12999.99,12999.99
19580,7818,19,1,9.99,9.99
19581,7818,65,3,12.99,38.97
19582,7818,100,3,129.99,389.97
19583,7818,29,3,3.99,11.97
19584,7819,82,2,1499.99,2999.98
19585,7820,33,2,4.99,9.98
19586,7820,72,2,8.99,17.98
19587,7821,56,1,49.99,49.99
19588,7821,33,1,4.99,4.99
19589,7821,92,1,109.99,109.99
19590,7821,98,1,13999.99,13999.99
19591,7822,83,1,29.99,29.99
19592,7822,47,3,49.99,149.97
19593,7822,51,2,39.99,79.98
19594,7823,46,1,14.99,14.99
19595,7823,92,3,109.99,329.97
19596,7824,38,2,5.99,11.98
19597,7824,70,3,6.99,20.97
19598,7825,90,3,89.99,269.97
19599,7826,69,3,3.99,11.97
19600,7827,34,2,7.99,15.98
19601,7827,40,3,3.99,11.97
19602,7828,88,3,149.99,449.97
19603,7829,24,2,14.99,29.98
19604,7829,91,2,119.99,239.98
19605,7829,83,3,29.99,89.97
19606,7830,13,2,299.99,599.98
19607,7830,34,1,7.99,7.99
19608,7830,89,2,79.99,159.98
19609,7830,99,3,99.99,299.97
19610,7831,71,2,39.99,79.98
19611,7831,58,1,3.99,3.99
19612,7832,26,3,0.99,2.97
19613,7832,97,2,10999.99,21999.98
19614,7833,17,1,12.99,12.99
19615,7833,41,1,2.49,2.49
19616,7833,35,2,2.29,4.58
19617,7834,11,2,1899.99,3799.98
19618,7834,17,3,12.99,38.97
19619,7835,61,1,34.99,34.99
19620,7836,14,1,499.99,499.99
19621,7836,35,3,2.29,6.87
19622,7836,26,3,0.99,2.97
19623,7837,33,2,4.99,9.98
19624,7837,17,2,12.99,25.98
19625,7837,60,2,10.99,21.98
19626,7838,98,2,13999.99,27999.98
19627,7838,8,1,89.99,89.99
19628,7838,92,3,109.99,329.97
19629,7838,66,1,89.99,89.99
19630,7839,77,1,5.99,5.99
19631,7840,3,3,14.99,44.97
19632,7840,87,1,27.99,27.99
19633,7841,54,3,8.99,26.97
19634,7841,88,1,149.99,149.99
19635,7841,62,3,5.99,17.97
19636,7842,86,3,19.99,59.97
19637,7842,8,1,89.99,89.99
19638,7842,41,2,2.49,4.98
19639,7843,56,3,49.99,149.97
19640,7843,45,2,39.99,79.98
19641,7844,69,3,3.99,11.97
19642,7844,90,2,89.99,179.98
19643,7845,13,2,299.99,599.98
19644,7845,84,3,24.99,74.97
19645,7845,47,3,49.99,149.97
19646,7845,36,1,19.99,19.99
19647,7846,83,1,29.99,29.99
19648,7847,95,3,8999.99,26999.97
19649,7848,55,2,6.99,13.98
19650,7849,73,2,19.99,39.98
19651,7849,99,2,99.99,199.98
19652,7850,16,2,1.99,3.98
19653,7850,73,1,19.99,19.99
19654,7851,29,3,3.99,11.97
19655,7851,62,2,5.99,11.98
19656,7851,28,1,5.49,5.49
19657,7852,2,2,19.99,39.98
19658,7853,43,3,59.99,179.97
19659,7854,9,2,69.99,139.98
19660,7854,67,3,15.99,47.97
19661,7854,85,2,34.99,69.98
19662,7854,19,2,9.99,19.98
19663,7855,55,3,6.99,20.97
19664,7856,51,3,39.99,119.97
19665,7857,85,3,34.99,104.97
19666,7857,80,3,1399.99,4199.97
19667,7857,20,3,4.99,14.97
19668,7858,61,1,34.99,34.99
19669,7859,23,2,2.99,5.98
19670,7860,8,3,89.99,269.97
19671,7860,41,2,2.49,4.98
19672,7860,42,1,0.99,0.99
19673,7860,22,2,10.99,21.98
19674,7861,46,1,14.99,14.99
19675,7861,24,2,14.99,29.98
19676,7861,97,3,10999.99,32999.97
19677,7861,10,1,79.99,79.99
19678,7862,51,1,39.99,39.99
19679,7863,59,2,4.99,9.98
19680,7863,72,2,8.99,17.98
19681,7864,29,2,3.99,7.98
19682,7864,31,2,0.79,1.58
19683,7864,91,2,119.99,239.98
19684,7865,72,3,8.99,26.97
19685,7865,3,1,14.99,14.99
19686,7865,63,2,7.99,15.98
19687,7865,76,3,11.99,35.97
19688,7866,46,2,14.99,29.98
19689,7866,44,1,29.99,29.99
19690,7866,26,2,0.99,1.98
19691,7866,8,3,89.99,269.97
19692,7867,37,3,1.99,5.97
19693,7867,38,1,5.99,5.99
19694,7868,74,3,4.99,14.97
19695,7868,78,2,1999.99,3999.98
19696,7868,29,1,3.99,3.99
19697,7868,59,3,4.99,14.97
19698,7869,66,3,89.99,269.97
19699,7869,26,3,0.99,2.97
19700,7870,18,2,8.99,17.98
19701,7870,25,1,1.29,1.29
19702,7870,68,1,24.99,24.99
19703,7871,82,3,1499.99,4499.97
19704,7871,87,1,27.99,27.99
19705,7871,75,2,16.99,33.98
19706,7872,37,3,1.99,5.97
19707,7872,15,2,799.99,1599.98
19708,7872,98,3,13999.99,41999.97
19709,7872,11,3,1899.99,5699.97
19710,7873,50,2,9.99,19.98
19711,7873,22,3,10.99,32.97
19712,7873,12,2,2499.99,4999.98
19713,7874,58,3,3.99,11.97
19714,7874,99,2,99.99,199.98
19715,7874,3,3,14.99,44.97
19716,7874,20,1,4.99,4.99
19717,7875,55,1,6.99,6.99
19718,7875,75,1,16.99,16.99
19719,7875,49,3,5.99,17.97
19720,7876,84,3,24.99,74.97
19721,7876,14,2,499.99,999.98
19722,7877,24,3,14.99,44.97
19723,7877,94,1,1499.99,1499.99
19724,7877,14,1,499.99,499.99
19725,7878,44,1,29.99,29.99
19726,7878,61,1,34.99,34.99
19727,7879,57,3,9.99,29.97
19728,7879,71,2,39.99,79.98
19729,7880,95,1,8999.99,8999.99
19730,7880,38,1,5.99,5.99
19731,7881,11,3,1899.99,5699.97
19732,7881,99,3,99.99,299.97
19733,7882,15,2,799.99,1599.98
19734,7882,42,3,0.99,2.97
19735,7883,34,1,7.99,7.99
19736,7884,86,2,19.99,39.98
19737,7884,80,1,1399.99,1399.99
19738,7884,30,2,2.49,4.98
19739,7884,100,1,129.99,129.99
19740,7885,30,2,2.49,4.98
19741,7886,35,1,2.29,2.29
19742,7886,66,1,89.99,89.99
19743,7886,62,3,5.99,17.97
19744,7886,60,2,10.99,21.98
19745,7887,42,3,0.99,2.97
19746,7887,59,3,4.99,14.97
19747,7887,73,2,19.99,39.98
19748,7887,15,1,799.99,799.99
19749,7888,10,3,79.99,239.97
19750,7888,48,1,7.99,7.99
19751,7888,75,3,16.99,50.97
19752,7888,44,1,29.99,29.99
19753,7889,21,1,1.49,1.49
19754,7889,53,1,12.99,12.99
19755,7889,34,1,7.99,7.99
19756,7889,74,1,4.99,4.99
19757,7890,49,2,5.99,11.98
19758,7891,71,2,39.99,79.98
19759,7892,35,2,2.29,4.58
19760,7892,60,2,10.99,21.98
19761,7892,78,1,1999.99,1999.99
19762,7892,90,2,89.99,179.98
19763,7893,13,3,299.99,899.97
19764,7893,15,3,799.99,2399.97
19765,7894,66,1,89.99,89.99
19766,7895,31,3,0.79,2.37
19767,7896,46,2,14.99,29.98
19768,7896,31,3,0.79,2.37
19769,7896,60,2,10.99,21.98
19770,7897,55,2,6.99,13.98
19771,7898,14,1,499.99,499.99
19772,7898,90,1,89.99,89.99
19773,7898,86,3,19.99,59.97
19774,7898,45,3,39.99,119.97
19775,7899,35,1,2.29,2.29
19776,7899,31,3,0.79,2.37
19777,7899,45,1,39.99,39.99
19778,7900,42,3,0.99,2.97
19779,7900,45,2,39.99,79.98
19780,7900,73,1,19.99,19.99
19781,7900,80,2,1399.99,2799.98
19782,7901,49,3,5.99,17.97
19783,7901,66,3,89.99,269.97
19784,7901,59,2,4.99,9.98
19785,7902,95,2,8999.99,17999.98
19786,7903,9,2,69.99,139.98
19787,7904,78,2,1999.99,3999.98
19788,7905,11,3,1899.99,5699.97
19789,7906,56,3,49.99,149.97
19790,7906,86,1,19.99,19.99
19791,7906,53,3,12.99,38.97
19792,7906,52,2,29.99,59.98
19793,7907,25,3,1.29,3.87
19794,7907,90,1,89.99,89.99
19795,7908,8,1,89.99,89.99
19796,7908,85,1,34.99,34.99
19797,7909,67,2,15.99,31.98
19798,7910,3,3,14.99,44.97
19799,7911,68,3,24.99,74.97
19800,7912,22,1,10.99,10.99
19801,7913,63,2,7.99,15.98
19802,7913,5,2,8.99,17.98
19803,7913,27,3,6.99,20.97
19804,7913,4,2,12.99,25.98
19805,7914,12,3,2499.99,7499.97
19806,7914,68,3,24.99,74.97
19807,7914,56,3,49.99,149.97
19808,7915,25,2,1.29,2.58
19809,7915,66,2,89.99,179.98
19810,7915,28,2,5.49,10.98
19811,7915,99,2,99.99,199.98
19812,7916,12,1,2499.99,2499.99
19813,7917,76,1,11.99,11.99
19814,7917,39,2,1.99,3.98
19815,7917,91,3,119.99,359.97
19816,7918,71,1,39.99,39.99
19817,7918,1,2,9.99,19.98
19818,7919,13,1,299.99,299.99
19819,7919,71,1,39.99,39.99
19820,7920,19,1,9.99,9.99
19821,7920,97,3,10999.99,32999.97
19822,7921,94,3,1499.99,4499.97
19823,7921,98,2,13999.99,27999.98
19824,7921,71,3,39.99,119.97
19825,7921,16,1,1.99,1.99
19826,7922,89,1,79.99,79.99
19827,7922,25,2,1.29,2.58
19828,7922,15,3,799.99,2399.97
19829,7923,21,2,1.49,2.98
19830,7923,51,1,39.99,39.99
19831,7924,9,1,69.99,69.99
19832,7925,91,3,119.99,359.97
19833,7925,55,1,6.99,6.99
19834,7925,78,3,1999.99,5999.97
19835,7926,71,2,39.99,79.98
19836,7927,52,1,29.99,29.99
19837,7927,75,2,16.99,33.98
19838,7927,59,3,4.99,14.97
19839,7928,7,3,129.99,389.97
19840,7928,67,2,15.99,31.98
19841,7928,29,1,3.99,3.99
19842,7928,57,1,9.99,9.99
19843,7929,34,3,7.99,23.97
19844,7929,4,1,12.99,12.99
19845,7929,96,2,12999.99,25999.98
19846,7930,8,3,89.99,269.97
19847,7931,81,1,1099.99,1099.99
19848,7931,25,3,1.29,3.87
19849,7932,22,3,10.99,32.97
19850,7932,55,3,6.99,20.97
19851,7932,4,3,12.99,38.97
19852,7932,62,1,5.99,5.99
19853,7933,17,3,12.99,38.97
19854,7933,67,2,15.99,31.98
19855,7933,60,1,10.99,10.99
19856,7934,30,2,2.49,4.98
19857,7934,67,3,15.99,47.97
19858,7934,3,1,14.99,14.99
19859,7934,16,3,1.99,5.97
19860,7935,37,3,1.99,5.97
19861,7935,75,1,16.99,16.99
19862,7936,22,2,10.99,21.98
19863,7936,93,1,89.99,89.99
19864,7936,65,1,12.99,12.99
19865,7936,72,1,8.99,8.99
19866,7937,22,1,10.99,10.99
19867,7937,54,2,8.99,17.98
19868,7937,66,3,89.99,269.97
19869,7938,48,3,7.99,23.97
19870,7938,61,2,34.99,69.98
19871,7938,84,2,24.99,49.98
19872,7939,7,1,129.99,129.99
19873,7940,65,2,12.99,25.98
19874,7941,21,3,1.49,4.47
19875,7941,30,1,2.49,2.49
19876,7941,85,3,34.99,104.97
19877,7941,10,3,79.99,239.97
19878,7942,37,2,1.99,3.98
19879,7943,13,1,299.99,299.99
19880,7943,43,3,59.99,179.97
19881,7943,5,3,8.99,26.97
19882,7944,5,2,8.99,17.98
19883,7944,35,3,2.29,6.87
19884,7945,31,1,0.79,0.79
19885,7945,86,1,19.99,19.99
19886,7945,14,2,499.99,999.98
19887,7945,38,3,5.99,17.97
19888,7946,96,1,12999.99,12999.99
19889,7946,41,3,2.49,7.47
19890,7946,5,1,8.99,8.99
19891,7947,35,1,2.29,2.29
19892,7948,3,1,14.99,14.99
19893,7948,23,3,2.99,8.97
19894,7948,12,3,2499.99,7499.97
19895,7948,55,2,6.99,13.98
19896,7949,52,3,29.99,89.97
19897,7949,99,2,99.99,199.98
19898,7949,48,1,7.99,7.99
19899,7950,52,2,29.99,59.98
19900,7950,96,2,12999.99,25999.98
19901,7951,54,3,8.99,26.97
19902,7952,40,3,3.99,11.97
19903,7952,24,3,14.99,44.97
19904,7953,85,2,34.99,69.98
19905,7953,72,2,8.99,17.98
19906,7953,12,3,2499.99,7499.97
19907,7953,45,1,39.99,39.99
19908,7954,63,1,7.99,7.99
19909,7954,62,1,5.99,5.99
19910,7954,88,2,149.99,299.98
19911,7954,40,2,3.99,7.98
19912,7955,48,1,7.99,7.99
19913,7955,73,1,19.99,19.99
19914,7955,49,1,5.99,5.99
19915,7955,26,2,0.99,1.98
19916,7956,19,2,9.99,19.98
19917,7957,69,3,3.99,11.97
19918,7957,27,1,6.99,6.99
19919,7958,97,3,10999.99,32999.97
19920,7959,19,2,9.99,19.98
19921,7959,63,1,7.99,7.99
19922,7960,34,3,7.99,23.97
19923,7960,94,1,1499.99,1499.99
19924,7960,14,1,499.99,499.99
19925,7961,79,2,1799.99,3599.98
19926,7962,1,1,9.99,9.99
19927,7962,63,2,7.99,15.98
19928,7963,94,1,1499.99,1499.99
19929,7963,88,1,149.99,149.99
19930,7963,64,3,14.99,44.97
19931,7963,2,1,19.99,19.99
19932,7964,58,3,3.99,11.97
19933,7964,8,1,89.99,89.99
19934,7964,43,1,59.99,59.99
19935,7964,60,1,10.99,10.99
19936,7965,32,2,3.49,6.98
19937,7965,100,3,129.99,389.97
19938,7966,19,2,9.99,19.98
19939,7966,5,2,8.99,17.98
19940,7966,84,2,24.99,49.98
19941,7966,53,1,12.99,12.99
19942,7967,11,3,1899.99,5699.97
19943,7967,7,1,129.99,129.99
19944,7967,66,1,89.99,89.99
19945,7968,19,1,9.99,9.99
19946,7968,71,1,39.99,39.99
19947,7968,72,1,8.99,8.99
19948,7969,41,1,2.49,2.49
19949,7969,76,1,11.99,11.99
19950,7970,7,1,129.99,129.99
19951,7970,34,2,7.99,15.98
19952,7971,46,2,14.99,29.98
19953,7971,56,1,49.99,49.99
19954,7971,1,2,9.99,19.98
19955,7971,41,2,2.49,4.98
19956,7972,67,2,15.99,31.98
19957,7972,98,1,13999.99,13999.99
19958,7973,66,3,89.99,269.97
19959,7974,28,2,5.49,10.98
19960,7974,2,1,19.99,19.99
19961,7974,83,2,29.99,59.98
19962,7975,17,2,12.99,25.98
19963,7975,64,1,14.99,14.99
19964,7975,94,2,1499.99,2999.98
19965,7976,1,1,9.99,9.99
19966,7977,54,3,8.99,26.97
19967,7978,27,2,6.99,13.98
19968,7978,22,1,10.99,10.99
19969,7978,20,1,4.99,4.99
19970,7978,38,3,5.99,17.97
19971,7979,88,2,149.99,299.98
19972,7980,9,2,69.99,139.98
19973,7980,80,3,1399.99,4199.97
19974,7981,53,3,12.99,38.97
19975,7982,1,2,9.99,19.98
19976,7982,99,1,99.99,99.99
19977,7982,66,1,89.99,89.99
19978,7983,92,3,109.99,329.97
19979,7983,50,2,9.99,19.98
19980,7984,25,3,1.29,3.87
19981,7984,6,1,49.99,49.99
19982,7984,96,2,12999.99,25999.98
19983,7984,33,2,4.99,9.98
19984,7985,45,1,39.99,39.99
19985,7985,46,3,14.99,44.97
19986,7985,19,1,9.99,9.99
19987,7985,64,1,14.99,14.99
19988,7986,83,3,29.99,89.97
19989,7986,59,1,4.99,4.99
19990,7986,66,2,89.99,179.98
19991,7986,15,1,799.99,799.99
19992,7987,5,3,8.99,26.97
19993,7988,19,1,9.99,9.99
19994,7988,77,1,5.99,5.99
19995,7988,35,3,2.29,6.87
19996,7989,78,2,1999.99,3999.98
19997,7989,76,3,11.99,35.97
19998,7989,73,3,19.99,59.97
19999,7989,87,1,27.99,27.99
20000,7990,37,2,1.99,3.98
20001,7990,44,2,29.99,59.98
20002,7990,64,2,14.99,29.98
20003,7991,93,3,89.99,269.97
20004,7991,76,1,11.99,11.99
20005,7991,28,2,5.49,10.98
20006,7991,62,1,5.99,5.99
20007,7992,51,3,39.99,119.97
20008,7993,61,3,34.99,104.97
20009,7993,5,1,8.99,8.99
20010,7993,10,1,79.99,79.99
20011,7993,24,3,14.99,44.97
20012,7994,33,1,4.99,4.99
20013,7994,79,3,1799.99,5399.97
20014,7994,10,2,79.99,159.98
20015,7994,78,1,1999.99,1999.99
20016,7995,75,1,16.99,16.99
20017,7996,84,2,24.99,49.98
20018,7996,44,3,29.99,89.97
20019,7996,6,1,49.99,49.99
20020,7996,75,3,16.99,50.97
20021,7997,53,1,12.99,12.99
20022,7998,32,3,3.49,10.47
20023,7998,70,1,6.99,6.99
20024,7999,12,2,2499.99,4999.98
20025,7999,94,2,1499.99,2999.98
20026,7999,62,3,5.99,17.97
20027,8000,2,3,19.99,59.97
20028,8000,37,2,1.99,3.98
20029,8000,88,1,149.99,149.99
20030,8000,14,1,499.99,499.99
20031,8001,60,2,10.99,21.98
20032,8001,91,1,119.99,119.99
20033,8001,89,3,79.99,239.97
20034,8002,11,1,1899.99,1899.99
20035,8002,5,3,8.99,26.97
20036,8003,40,1,3.99,3.99
20037,8003,66,2,89.99,179.98
20038,8003,9,1,69.99,69.99
20039,8003,11,2,1899.99,3799.98
20040,8004,82,3,1499.99,4499.97
20041,8005,38,3,5.99,17.97
20042,8006,40,1,3.99,3.99
20043,8006,43,3,59.99,179.97
20044,8006,77,3,5.99,17.97
20045,8006,56,3,49.99,149.97
20046,8007,91,2,119.99,239.98
20047,8007,85,1,34.99,34.99
20048,8007,74,1,4.99,4.99
20049,8007,65,3,12.99,38.97
20050,8008,47,2,49.99,99.98
20051,8008,32,2,3.49,6.98
20052,8008,9,2,69.99,139.98
20053,8008,20,1,4.99,4.99
20054,8009,81,3,1099.99,3299.97
20055,8009,17,3,12.99,38.97
20056,8009,36,3,19.99,59.97
20057,8009,76,2,11.99,23.98
20058,8010,83,1,29.99,29.99
20059,8010,5,2,8.99,17.98
20060,8011,96,2,12999.99,25999.98
20061,8011,52,1,29.99,29.99
20062,8011,44,1,29.99,29.99
20063,8012,84,2,24.99,49.98
20064,8013,19,3,9.99,29.97
20065,8013,100,3,129.99,389.97
20066,8013,52,3,29.99,89.97
20067,8013,50,1,9.99,9.99
20068,8014,75,2,16.99,33.98
20069,8014,11,1,1899.99,1899.99
20070,8014,33,1,4.99,4.99
20071,8014,60,3,10.99,32.97
20072,8015,30,2,2.49,4.98
20073,8015,33,1,4.99,4.99
20074,8015,79,1,1799.99,1799.99
20075,8015,40,2,3.99,7.98
20076,8016,40,3,3.99,11.97
20077,8017,97,1,10999.99,10999.99
20078,8017,83,2,29.99,59.98
20079,8018,73,3,19.99,59.97
20080,8018,74,3,4.99,14.97
20081,8019,43,3,59.99,179.97
20082,8019,98,1,13999.99,13999.99
20083,8019,39,3,1.99,5.97
20084,8019,95,3,8999.99,26999.97
20085,8020,100,3,129.99,389.97
20086,8021,69,3,3.99,11.97
20087,8021,59,1,4.99,4.99
20088,8022,55,3,6.99,20.97
20089,8022,51,3,39.99,119.97
20090,8022,91,1,119.99,119.99
20091,8023,61,1,34.99,34.99
20092,8023,35,3,2.29,6.87
20093,8023,77,3,5.99,17.97
20094,8023,51,2,39.99,79.98
20095,8024,35,2,2.29,4.58
20096,8024,100,2,129.99,259.98
20097,8024,83,3,29.99,89.97
20098,8024,14,1,499.99,499.99
20099,8025,16,2,1.99,3.98
20100,8025,52,3,29.99,89.97
20101,8025,4,1,12.99,12.99
20102,8026,88,1,149.99,149.99
20103,8027,94,2,1499.99,2999.98
20104,8027,15,2,799.99,1599.98
20105,8027,69,2,3.99,7.98
20106,8028,79,1,1799.99,1799.99
20107,8029,46,2,14.99,29.98
20108,8030,8,1,89.99,89.99
20109,8030,47,3,49.99,149.97
20110,8030,71,2,39.99,79.98
20111,8031,90,1,89.99,89.99
20112,8031,18,1,8.99,8.99
20113,8031,82,1,1499.99,1499.99
20114,8032,20,2,4.99,9.98
20115,8032,64,3,14.99,44.97
20116,8032,94,2,1499.99,2999.98
20117,8032,7,3,129.99,389.97
20118,8033,25,2,1.29,2.58
20119,8033,13,3,299.99,899.97
20120,8033,1,3,9.99,29.97
20121,8033,59,2,4.99,9.98
20122,8034,77,2,5.99,11.98
20123,8034,98,3,13999.99,41999.97
20124,8034,38,3,5.99,17.97
20125,8035,33,2,4.99,9.98
20126,8035,35,3,2.29,6.87
20127,8035,67,2,15.99,31.98
20128,8035,71,3,39.99,119.97
20129,8036,16,1,1.99,1.99
20130,8036,55,3,6.99,20.97
20131,8036,65,2,12.99,25.98
20132,8037,57,2,9.99,19.98
20133,8038,39,2,1.99,3.98
20134,8038,85,2,34.99,69.98
20135,8038,73,2,19.99,39.98
20136,8039,45,2,39.99,79.98
20137,8040,87,3,27.99,83.97
20138,8040,3,1,14.99,14.99
20139,8040,10,2,79.99,159.98
20140,8040,57,2,9.99,19.98
20141,8041,74,2,4.99,9.98
20142,8041,42,3,0.99,2.97
20143,8041,52,1,29.99,29.99
20144,8042,26,3,0.99,2.97
20145,8042,69,2,3.99,7.98
20146,8042,49,1,5.99,5.99
20147,8042,53,2,12.99,25.98
20148,8043,13,2,299.99,599.98
20149,8043,36,3,19.99,59.97
20150,8043,97,3,10999.99,32999.97
20151,8043,58,3,3.99,11.97
20152,8044,8,1,89.99,89.99
20153,8044,29,3,3.99,11.97
20154,8044,70,1,6.99,6.99
20155,8045,14,2,499.99,999.98
20156,8045,40,1,3.99,3.99
20157,8045,12,1,2499.99,2499.99
20158,8046,16,2,1.99,3.98
20159,8047,18,2,8.99,17.98
20160,8048,64,3,14.99,44.97
20161,8049,98,2,13999.99,27999.98
20162,8049,11,3,1899.99,5699.97
20163,8050,16,1,1.99,1.99
20164,8050,9,2,69.99,139.98
20165,8050,37,3,1.99,5.97
20166,8051,16,3,1.99,5.97
20167,8052,11,1,1899.99,1899.99
20168,8052,1,3,9.99,29.97
20169,8053,44,3,29.99,89.97
20170,8053,24,1,14.99,14.99
20171,8053,2,1,19.99,19.99
20172,8054,55,3,6.99,20.97
20173,8055,41,2,2.49,4.98
20174,8056,86,2,19.99,39.98
20175,8057,42,3,0.99,2.97
20176,8058,76,1,11.99,11.99
20177,8058,30,1,2.49,2.49
20178,8058,28,3,5.49,16.47
20179,8059,36,2,19.99,39.98
20180,8059,96,3,12999.99,38999.97
20181,8060,56,1,49.99,49.99
20182,8060,54,1,8.99,8.99
20183,8061,29,1,3.99,3.99
20184,8061,72,3,8.99,26.97
20185,8061,53,1,12.99,12.99
20186,8062,89,3,79.99,239.97
20187,8062,59,2,4.99,9.98
20188,8062,70,1,6.99,6.99
20189,8062,45,1,39.99,39.99
20190,8063,4,3,12.99,38.97
20191,8063,81,3,1099.99,3299.97
20192,8063,70,3,6.99,20.97
20193,8064,41,3,2.49,7.47
20194,8064,88,2,149.99,299.98
20195,8064,45,3,39.99,119.97
20196,8065,85,1,34.99,34.99
20197,8065,91,2,119.99,239.98
20198,8065,100,3,129.99,389.97
20199,8066,49,1,5.99,5.99
20200,8066,36,3,19.99,59.97
20201,8066,27,3,6.99,20.97
20202,8066,80,1,1399.99,1399.99
20203,8067,63,3,7.99,23.97
20204,8068,80,2,1399.99,2799.98
20205,8069,9,3,69.99,209.97
20206,8069,38,3,5.99,17.97
20207,8069,11,3,1899.99,5699.97
20208,8070,79,1,1799.99,1799.99
20209,8071,13,1,299.99,299.99
20210,8071,98,2,13999.99,27999.98
20211,8071,90,2,89.99,179.98
20212,8071,28,1,5.49,5.49
20213,8072,89,1,79.99,79.99
20214,8072,85,2,34.99,69.98
20215,8073,80,2,1399.99,2799.98
20216,8073,99,2,99.99,199.98
20217,8073,79,1,1799.99,1799.99
20218,8073,38,2,5.99,11.98
20219,8074,87,3,27.99,83.97
20220,8075,4,2,12.99,25.98
20221,8075,95,2,8999.99,17999.98
20222,8075,10,1,79.99,79.99
20223,8076,47,1,49.99,49.99
20224,8076,18,3,8.99,26.97
20225,8076,61,1,34.99,34.99
20226,8076,10,3,79.99,239.97
20227,8077,91,1,119.99,119.99
20228,8077,39,1,1.99,1.99
20229,8077,70,3,6.99,20.97
20230,8077,27,2,6.99,13.98
20231,8078,63,3,7.99,23.97
20232,8078,74,2,4.99,9.98
20233,8078,49,3,5.99,17.97
20234,8078,97,3,10999.99,32999.97
20235,8079,54,2,8.99,17.98
20236,8079,47,3,49.99,149.97
20237,8079,17,1,12.99,12.99
20238,8079,64,2,14.99,29.98
20239,8080,71,2,39.99,79.98
20240,8081,6,2,49.99,99.98
20241,8081,91,1,119.99,119.99
20242,8081,7,1,129.99,129.99
20243,8082,88,2,149.99,299.98
20244,8082,54,3,8.99,26.97
20245,8082,86,3,19.99,59.97
20246,8082,24,2,14.99,29.98
20247,8083,96,3,12999.99,38999.97
20248,8083,71,1,39.99,39.99
20249,8083,70,2,6.99,13.98
20250,8083,7,3,129.99,389.97
20251,8084,10,1,79.99,79.99
20252,8085,84,2,24.99,49.98
20253,8085,44,3,29.99,89.97
20254,8086,81,1,1099.99,1099.99
20255,8086,4,3,12.99,38.97
20256,8087,45,3,39.99,119.97
20257,8087,99,3,99.99,299.97
20258,8088,62,2,5.99,11.98
20259,8088,37,2,1.99,3.98
20260,8088,53,3,12.99,38.97
20261,8089,86,2,19.99,39.98
20262,8089,84,1,24.99,24.99
20263,8089,64,3,14.99,44.97
20264,8090,74,3,4.99,14.97
20265,8090,53,2,12.99,25.98
20266,8091,60,1,10.99,10.99
20267,8092,6,3,49.99,149.97
20268,8092,55,2,6.99,13.98
20269,8092,58,1,3.99,3.99
20270,8092,69,3,3.99,11.97
20271,8093,3,1,14.99,14.99
20272,8094,90,1,89.99,89.99
20273,8094,69,3,3.99,11.97
20274,8095,60,2,10.99,21.98
20275,8096,55,2,6.99,13.98
20276,8096,22,2,10.99,21.98
20277,8096,7,2,129.99,259.98
20278,8096,42,1,0.99,0.99
20279,8097,18,3,8.99,26.97
20280,8097,24,1,14.99,14.99
20281,8097,6,2,49.99,99.98
20282,8097,78,3,1999.99,5999.97
20283,8098,62,1,5.99,5.99
20284,8098,88,2,149.99,299.98
20285,8098,53,2,12.99,25.98
20286,8098,97,1,10999.99,10999.99
20287,8099,5,1,8.99,8.99
20288,8100,99,1,99.99,99.99
20289,8100,10,2,79.99,159.98
20290,8100,40,1,3.99,3.99
20291,8100,66,2,89.99,179.98
20292,8101,50,2,9.99,19.98
20293,8101,7,3,129.99,389.97
20294,8102,27,3,6.99,20.97
20295,8103,96,3,12999.99,38999.97
20296,8104,66,2,89.99,179.98
20297,8104,73,3,19.99,59.97
20298,8105,28,2,5.49,10.98
20299,8105,41,1,2.49,2.49
20300,8106,76,1,11.99,11.99
20301,8106,69,3,3.99,11.97
20302,8107,5,1,8.99,8.99
20303,8107,91,1,119.99,119.99
20304,8108,72,1,8.99,8.99
20305,8109,63,1,7.99,7.99
20306,8109,87,3,27.99,83.97
20307,8109,94,3,1499.99,4499.97
20308,8109,76,2,11.99,23.98
20309,8110,66,2,89.99,179.98
20310,8111,23,2,2.99,5.98
20311,8112,60,2,10.99,21.98
20312,8113,89,1,79.99,79.99
20313,8113,70,3,6.99,20.97
20314,8114,93,3,89.99,269.97
20315,8114,39,3,1.99,5.97
20316,8115,1,1,9.99,9.99
20317,8116,12,1,2499.99,2499.99
20318,8116,72,3,8.99,26.97
20319,8116,63,3,7.99,23.97
20320,8116,58,2,3.99,7.98
20321,8117,11,2,1899.99,3799.98
20322,8117,8,1,89.99,89.99
20323,8117,62,2,5.99,11.98
20324,8118,69,3,3.99,11.97
20325,8118,79,3,1799.99,5399.97
20326,8119,98,1,13999.99,13999.99
20327,8119,34,3,7.99,23.97
20328,8120,100,2,129.99,259.98
20329,8121,15,2,799.99,1599.98
20330,8121,98,1,13999.99,13999.99
20331,8122,96,1,12999.99,12999.99
20332,8122,79,3,1799.99,5399.97
20333,8122,57,1,9.99,9.99
20334,8123,36,3,19.99,59.97
20335,8124,76,1,11.99,11.99
20336,8125,89,1,79.99,79.99
20337,8126,4,1,12.99,12.99
20338,8126,25,2,1.29,2.58
20339,8126,18,1,8.99,8.99
20340,8126,60,1,10.99,10.99
20341,8127,91,3,119.99,359.97
20342,8127,51,1,39.99,39.99
20343,8128,96,2,12999.99,25999.98
20344,8129,58,1,3.99,3.99
20345,8129,71,3,39.99,119.97
20346,8129,42,2,0.99,1.98
20347,8129,69,1,3.99,3.99
20348,8130,24,3,14.99,44.97
20349,8130,26,3,0.99,2.97
20350,8130,33,2,4.99,9.98
20351,8131,29,3,3.99,11.97
20352,8131,22,2,10.99,21.98
20353,8132,30,2,2.49,4.98
20354,8133,30,1,2.49,2.49
20355,8133,37,3,1.99,5.97
20356,8133,58,3,3.99,11.97
20357,8134,18,3,8.99,26.97
20358,8135,63,3,7.99,23.97
20359,8135,14,3,499.99,1499.97
20360,8135,59,2,4.99,9.98
20361,8135,68,3,24.99,74.97
20362,8136,6,3,49.99,149.97
20363,8136,87,2,27.99,55.98
20364,8136,94,1,1499.99,1499.99
20365,8136,89,3,79.99,239.97
20366,8137,51,2,39.99,79.98
20367,8137,82,3,1499.99,4499.97
20368,8137,61,3,34.99,104.97
20369,8138,13,2,299.99,599.98
20370,8138,26,2,0.99,1.98
20371,8138,71,3,39.99,119.97
20372,8138,38,1,5.99,5.99
20373,8139,47,3,49.99,149.97
20374,8139,2,2,19.99,39.98
20375,8139,23,2,2.99,5.98
20376,8140,36,3,19.99,59.97
20377,8140,5,1,8.99,8.99
20378,8140,39,1,1.99,1.99
20379,8140,6,2,49.99,99.98
20380,8141,49,2,5.99,11.98
20381,8141,63,3,7.99,23.97
20382,8141,10,3,79.99,239.97
20383,8142,45,3,39.99,119.97
20384,8142,4,3,12.99,38.97
20385,8142,74,2,4.99,9.98
20386,8142,58,1,3.99,3.99
20387,8143,70,3,6.99,20.97
20388,8144,46,1,14.99,14.99
20389,8144,51,1,39.99,39.99
20390,8144,65,3,12.99,38.97
20391,8144,30,1,2.49,2.49
20392,8145,51,3,39.99,119.97
20393,8145,10,3,79.99,239.97
20394,8145,35,1,2.29,2.29
20395,8145,76,2,11.99,23.98
20396,8146,34,1,7.99,7.99
20397,8147,49,1,5.99,5.99
20398,8147,48,3,7.99,23.97
20399,8147,23,3,2.99,8.97
20400,8148,80,2,1399.99,2799.98
20401,8148,54,2,8.99,17.98
20402,8149,7,3,129.99,389.97
20403,8149,89,1,79.99,79.99
20404,8150,70,2,6.99,13.98
20405,8150,67,2,15.99,31.98
20406,8150,33,3,4.99,14.97
20407,8151,67,3,15.99,47.97
20408,8152,45,2,39.99,79.98
20409,8152,54,1,8.99,8.99
20410,8153,89,1,79.99,79.99
20411,8153,72,2,8.99,17.98
20412,8153,79,2,1799.99,3599.98
20413,8153,25,3,1.29,3.87
20414,8154,13,3,299.99,899.97
20415,8155,6,1,49.99,49.99
20416,8155,64,1,14.99,14.99
20417,8156,1,1,9.99,9.99
20418,8156,15,1,799.99,799.99
20419,8156,24,3,14.99,44.97
20420,8156,64,3,14.99,44.97
20421,8157,46,3,14.99,44.97
20422,8157,73,3,19.99,59.97
20423,8158,48,2,7.99,15.98
20424,8158,93,3,89.99,269.97
20425,8159,22,2,10.99,21.98
20426,8159,6,3,49.99,149.97
20427,8159,41,2,2.49,4.98
20428,8160,81,3,1099.99,3299.97
20429,8160,97,1,10999.99,10999.99
20430,8161,89,1,79.99,79.99
20431,8161,56,3,49.99,149.97
20432,8161,39,2,1.99,3.98
20433,8161,87,1,27.99,27.99
20434,8162,82,1,1499.99,1499.99
20435,8163,43,1,59.99,59.99
20436,8163,58,3,3.99,11.97
20437,8163,50,1,9.99,9.99
20438,8164,52,1,29.99,29.99
20439,8164,47,3,49.99,149.97
20440,8164,37,3,1.99,5.97
20441,8164,42,3,0.99,2.97
20442,8165,87,1,27.99,27.99
20443,8165,55,1,6.99,6.99
20444,8166,24,3,14.99,44.97
20445,8166,47,1,49.99,49.99
20446,8166,43,2,59.99,119.98
20447,8167,24,2,14.99,29.98
20448,8167,95,2,8999.99,17999.98
20449,8167,5,1,8.99,8.99
20450,8167,4,2,12.99,25.98
20451,8168,62,2,5.99,11.98
20452,8168,88,3,149.99,449.97
20453,8169,55,3,6.99,20.97
20454,8170,54,2,8.99,17.98
20455,8170,52,1,29.99,29.99
20456,8170,76,3,11.99,35.97
20457,8171,60,1,10.99,10.99
20458,8171,3,1,14.99,14.99
20459,8172,38,1,5.99,5.99
20460,8172,54,3,8.99,26.97
20461,8172,49,2,5.99,11.98
20462,8173,55,3,6.99,20.97
20463,8173,35,1,2.29,2.29
20464,8173,44,1,29.99,29.99
20465,8173,73,1,19.99,19.99
20466,8174,59,1,4.99,4.99
20467,8174,70,2,6.99,13.98
20468,8174,64,3,14.99,44.97
20469,8175,29,1,3.99,3.99
20470,8175,38,3,5.99,17.97
20471,8176,64,3,14.99,44.97
20472,8177,8,2,89.99,179.98
20473,8177,14,2,499.99,999.98
20474,8177,69,2,3.99,7.98
20475,8178,62,2,5.99,11.98
20476,8178,53,1,12.99,12.99
20477,8178,84,1,24.99,24.99
20478,8179,47,3,49.99,149.97
20479,8179,5,3,8.99,26.97
20480,8179,75,1,16.99,16.99
20481,8179,14,3,499.99,1499.97
20482,8180,36,2,19.99,39.98
20483,8181,68,3,24.99,74.97
20484,8181,39,2,1.99,3.98
20485,8181,70,2,6.99,13.98
20486,8182,59,3,4.99,14.97
20487,8183,79,2,1799.99,3599.98
20488,8183,57,3,9.99,29.97
20489,8183,61,1,34.99,34.99
20490,8183,21,2,1.49,2.98
20491,8184,62,1,5.99,5.99
20492,8185,89,3,79.99,239.97
20493,8185,92,2,109.99,219.98
20494,8186,13,1,299.99,299.99
20495,8186,82,3,1499.99,4499.97
20496,8186,18,1,8.99,8.99
20497,8187,47,3,49.99,149.97
20498,8187,14,1,499.99,499.99
20499,8188,99,3,99.99,299.97
20500,8188,81,2,1099.99,2199.98
20501,8188,28,3,5.49,16.47
20502,8188,35,3,2.29,6.87
20503,8189,73,2,19.99,39.98
20504,8189,42,2,0.99,1.98
20505,8190,18,2,8.99,17.98
20506,8190,55,3,6.99,20.97
20507,8190,26,3,0.99,2.97
20508,8190,35,3,2.29,6.87
20509,8191,12,3,2499.99,7499.97
20510,8192,32,2,3.49,6.98
20511,8193,64,3,14.99,44.97
20512,8193,83,2,29.99,59.98
20513,8193,46,1,14.99,14.99
20514,8194,28,2,5.49,10.98
20515,8194,89,3,79.99,239.97
20516,8194,10,2,79.99,159.98
20517,8195,84,2,24.99,49.98
20518,8196,49,1,5.99,5.99
20519,8196,25,3,1.29,3.87
20520,8196,4,1,12.99,12.99
20521,8197,10,1,79.99,79.99
20522,8198,57,3,9.99,29.97
20523,8198,61,2,34.99,69.98
20524,8198,83,3,29.99,89.97
20525,8199,52,3,29.99,89.97
20526,8199,1,2,9.99,19.98
20527,8199,16,3,1.99,5.97
20528,8199,67,2,15.99,31.98
20529,8200,21,3,1.49,4.47
20530,8200,10,1,79.99,79.99
20531,8201,43,1,59.99,59.99
20532,8202,73,1,19.99,19.99
20533,8202,8,1,89.99,89.99
20534,8203,21,3,1.49,4.47
20535,8203,98,3,13999.99,41999.97
20536,8203,38,3,5.99,17.97
20537,8204,3,3,14.99,44.97
20538,8205,66,1,89.99,89.99
20539,8205,46,3,14.99,44.97
20540,8205,24,2,14.99,29.98
20541,8205,40,1,3.99,3.99
20542,8206,41,3,2.49,7.47
20543,8206,87,2,27.99,55.98
20544,8206,51,1,39.99,39.99
20545,8206,52,3,29.99,89.97
20546,8207,54,3,8.99,26.97
20547,8207,88,3,149.99,449.97
20548,8208,64,1,14.99,14.99
20549,8208,66,2,89.99,179.98
20550,8208,78,1,1999.99,1999.99
20551,8208,59,3,4.99,14.97
20552,8209,38,3,5.99,17.97
20553,8209,32,3,3.49,10.47
20554,8210,13,3,299.99,899.97
20555,8211,32,2,3.49,6.98
20556,8212,7,1,129.99,129.99
20557,8212,31,1,0.79,0.79
20558,8212,59,1,4.99,4.99
20559,8212,19,2,9.99,19.98
20560,8213,72,1,8.99,8.99
20561,8213,88,1,149.99,149.99
20562,8213,79,2,1799.99,3599.98
20563,8213,44,1,29.99,29.99
20564,8214,36,3,19.99,59.97
20565,8215,4,2,12.99,25.98
20566,8216,63,1,7.99,7.99
20567,8216,28,2,5.49,10.98
20568,8216,82,2,1499.99,2999.98
20569,8216,29,3,3.99,11.97
20570,8217,66,2,89.99,179.98
20571,8217,8,1,89.99,89.99
20572,8217,84,1,24.99,24.99
20573,8218,1,3,9.99,29.97
20574,8218,39,3,1.99,5.97
20575,8218,61,1,34.99,34.99
20576,8219,89,2,79.99,159.98
20577,8219,57,2,9.99,19.98
20578,8219,4,2,12.99,25.98
20579,8219,29,1,3.99,3.99
20580,8220,88,1,149.99,149.99
20581,8220,17,1,12.99,12.99
20582,8221,22,1,10.99,10.99
20583,8221,63,2,7.99,15.98
20584,8222,77,3,5.99,17.97
20585,8223,49,1,5.99,5.99
20586,8223,15,3,799.99,2399.97
20587,8224,56,2,49.99,99.98
20588,8224,82,2,1499.99,2999.98
20589,8225,41,1,2.49,2.49
20590,8225,64,1,14.99,14.99
20591,8225,53,1,12.99,12.99
20592,8225,19,2,9.99,19.98
20593,8226,72,3,8.99,26.97
20594,8226,17,3,12.99,38.97
20595,8226,3,2,14.99,29.98
20596,8226,29,1,3.99,3.99
20597,8227,60,2,10.99,21.98
20598,8227,98,1,13999.99,13999.99
20599,8228,58,1,3.99,3.99
20600,8228,20,2,4.99,9.98
20601,8228,100,3,129.99,389.97
20602,8228,53,2,12.99,25.98
20603,8229,5,3,8.99,26.97
20604,8229,34,2,7.99,15.98
20605,8230,38,1,5.99,5.99
20606,8230,89,3,79.99,239.97
20607,8231,31,3,0.79,2.37
20608,8231,33,1,4.99,4.99
20609,8232,61,2,34.99,69.98
20610,8232,98,2,13999.99,27999.98
20611,8232,77,3,5.99,17.97
20612,8232,75,1,16.99,16.99
20613,8233,39,2,1.99,3.98
20614,8233,82,2,1499.99,2999.98
20615,8234,23,2,2.99,5.98
20616,8234,50,3,9.99,29.97
20617,8235,99,1,99.99,99.99
20618,8235,33,2,4.99,9.98
20619,8235,66,3,89.99,269.97
20620,8236,95,3,8999.99,26999.97
20621,8236,77,1,5.99,5.99
20622,8237,57,1,9.99,9.99
20623,8237,28,1,5.49,5.49
20624,8238,100,3,129.99,389.97
20625,8238,67,2,15.99,31.98
20626,8238,34,1,7.99,7.99
20627,8239,67,3,15.99,47.97
20628,8239,23,1,2.99,2.99
20629,8239,8,1,89.99,89.99
20630,8240,6,3,49.99,149.97
20631,8240,91,1,119.99,119.99
20632,8240,87,2,27.99,55.98
20633,8241,5,3,8.99,26.97
20634,8242,59,1,4.99,4.99
20635,8242,38,3,5.99,17.97
20636,8242,50,3,9.99,29.97
20637,8242,8,3,89.99,269.97
20638,8243,19,1,9.99,9.99
20639,8244,46,1,14.99,14.99
20640,8244,51,1,39.99,39.99
20641,8245,37,3,1.99,5.97
20642,8245,90,2,89.99,179.98
20643,8245,98,2,13999.99,27999.98
20644,8245,75,2,16.99,33.98
20645,8246,35,1,2.29,2.29
20646,8246,7,1,129.99,129.99
20647,8246,38,1,5.99,5.99
20648,8247,51,2,39.99,79.98
20649,8247,68,2,24.99,49.98
20650,8248,69,1,3.99,3.99
20651,8248,68,2,24.99,49.98
20652,8249,31,3,0.79,2.37
20653,8249,87,3,27.99,83.97
20654,8249,95,3,8999.99,26999.97
20655,8250,5,1,8.99,8.99
20656,8250,17,2,12.99,25.98
20657,8250,69,1,3.99,3.99
20658,8250,2,3,19.99,59.97
20659,8251,2,3,19.99,59.97
20660,8251,84,3,24.99,74.97
20661,8252,41,2,2.49,4.98
20662,8253,2,2,19.99,39.98
20663,8254,53,3,12.99,38.97
20664,8254,21,3,1.49,4.47
20665,8254,66,3,89.99,269.97
20666,8254,7,1,129.99,129.99
20667,8255,39,1,1.99,1.99
20668,8255,58,3,3.99,11.97
20669,8255,90,2,89.99,179.98
20670,8255,73,1,19.99,19.99
20671,8256,81,3,1099.99,3299.97
20672,8257,45,3,39.99,119.97
20673,8257,73,3,19.99,59.97
20674,8257,16,1,1.99,1.99
20675,8257,23,3,2.99,8.97
20676,8258,16,3,1.99,5.97
20677,8258,48,2,7.99,15.98
20678,8258,74,3,4.99,14.97
20679,8259,69,1,3.99,3.99
20680,8259,24,2,14.99,29.98
20681,8260,29,1,3.99,3.99
20682,8260,46,2,14.99,29.98
20683,8261,100,3,129.99,389.97
20684,8262,23,3,2.99,8.97
20685,8262,22,3,10.99,32.97
20686,8262,65,1,12.99,12.99
20687,8262,35,3,2.29,6.87
20688,8263,79,3,1799.99,5399.97
20689,8263,76,3,11.99,35.97
20690,8263,2,2,19.99,39.98
20691,8264,1,2,9.99,19.98
20692,8264,79,3,1799.99,5399.97
20693,8265,13,2,299.99,599.98
20694,8266,47,3,49.99,149.97
20695,8267,75,3,16.99,50.97
20696,8267,81,3,1099.99,3299.97
20697,8268,35,3,2.29,6.87
20698,8268,13,1,299.99,299.99
20699,8268,42,3,0.99,2.97
20700,8269,17,3,12.99,38.97
20701,8269,73,3,19.99,59.97
20702,8269,84,1,24.99,24.99
20703,8270,80,2,1399.99,2799.98
20704,8270,5,3,8.99,26.97
20705,8270,51,1,39.99,39.99
20706,8270,2,2,19.99,39.98
20707,8271,84,1,24.99,24.99
20708,8271,8,3,89.99,269.97
20709,8271,28,3,5.49,16.47
20710,8272,70,1,6.99,6.99
20711,8272,98,1,13999.99,13999.99
20712,8273,66,2,89.99,179.98
20713,8273,59,2,4.99,9.98
20714,8274,96,1,12999.99,12999.99
20715,8274,33,1,4.99,4.99
20716,8274,26,1,0.99,0.99
20717,8275,15,2,799.99,1599.98
20718,8275,66,2,89.99,179.98
20719,8276,54,1,8.99,8.99
20720,8276,31,2,0.79,1.58
20721,8276,65,1,12.99,12.99
20722,8277,43,3,59.99,179.97
20723,8277,76,3,11.99,35.97
20724,8277,84,2,24.99,49.98
20725,8277,77,3,5.99,17.97
20726,8278,71,3,39.99,119.97
20727,8279,85,2,34.99,69.98
20728,8279,17,3,12.99,38.97
20729,8280,70,2,6.99,13.98
20730,8280,71,3,39.99,119.97
20731,8280,3,3,14.99,44.97
20732,8281,31,1,0.79,0.79
20733,8282,56,1,49.99,49.99
20734,8282,43,2,59.99,119.98
20735,8282,7,1,129.99,129.99
20736,8282,99,1,99.99,99.99
20737,8283,97,1,10999.99,10999.99
20738,8283,84,2,24.99,49.98
20739,8283,75,3,16.99,50.97
20740,8284,100,2,129.99,259.98
20741,8284,25,2,1.29,2.58
20742,8284,79,1,1799.99,1799.99
20743,8284,9,3,69.99,209.97
20744,8285,22,1,10.99,10.99
20745,8285,56,1,49.99,49.99
20746,8285,54,2,8.99,17.98
20747,8285,65,1,12.99,12.99
20748,8286,37,2,1.99,3.98
20749,8287,41,1,2.49,2.49
20750,8288,22,1,10.99,10.99
20751,8288,39,3,1.99,5.97
20752,8288,15,3,799.99,2399.97
20753,8289,84,1,24.99,24.99
20754,8289,52,2,29.99,59.98
20755,8290,19,3,9.99,29.97
20756,8290,63,1,7.99,7.99
20757,8291,30,2,2.49,4.98
20758,8291,66,2,89.99,179.98
20759,8292,33,3,4.99,14.97
20760,8293,42,1,0.99,0.99
20761,8293,97,2,10999.99,21999.98
20762,8294,70,1,6.99,6.99
20763,8294,93,2,89.99,179.98
20764,8294,99,2,99.99,199.98
20765,8294,11,1,1899.99,1899.99
20766,8295,49,2,5.99,11.98
20767,8295,55,3,6.99,20.97
20768,8296,45,2,39.99,79.98
20769,8296,99,1,99.99,99.99
20770,8296,84,2,24.99,49.98
20771,8296,10,1,79.99,79.99
20772,8297,31,1,0.79,0.79
20773,8297,89,3,79.99,239.97
20774,8297,64,3,14.99,44.97
20775,8297,82,3,1499.99,4499.97
20776,8298,1,3,9.99,29.97
20777,8298,91,1,119.99,119.99
20778,8298,5,3,8.99,26.97
20779,8298,74,3,4.99,14.97
20780,8299,37,2,1.99,3.98
20781,8299,82,1,1499.99,1499.99
20782,8300,94,2,1499.99,2999.98
20783,8301,83,2,29.99,59.98
20784,8301,27,3,6.99,20.97
20785,8302,30,1,2.49,2.49
20786,8302,31,2,0.79,1.58
20787,8302,83,2,29.99,59.98
20788,8302,72,1,8.99,8.99
20789,8303,61,1,34.99,34.99
20790,8303,4,3,12.99,38.97
20791,8303,78,2,1999.99,3999.98
20792,8304,76,3,11.99,35.97
20793,8304,65,2,12.99,25.98
20794,8305,3,1,14.99,14.99
20795,8305,52,3,29.99,89.97
20796,8306,11,1,1899.99,1899.99
20797,8307,26,3,0.99,2.97
20798,8307,16,1,1.99,1.99
20799,8307,82,2,1499.99,2999.98
20800,8307,66,2,89.99,179.98
20801,8308,43,1,59.99,59.99
20802,8308,65,3,12.99,38.97
20803,8308,71,3,39.99,119.97
20804,8309,27,3,6.99,20.97
20805,8309,7,3,129.99,389.97
20806,8309,76,2,11.99,23.98
20807,8310,75,3,16.99,50.97
20808,8311,90,2,89.99,179.98
20809,8311,83,1,29.99,29.99
20810,8311,72,1,8.99,8.99
20811,8312,92,2,109.99,219.98
20812,8312,79,1,1799.99,1799.99
20813,8313,41,3,2.49,7.47
20814,8313,40,1,3.99,3.99
20815,8313,9,2,69.99,139.98
20816,8314,62,1,5.99,5.99
20817,8314,54,1,8.99,8.99
20818,8314,69,1,3.99,3.99
20819,8315,49,3,5.99,17.97
20820,8315,90,3,89.99,269.97
20821,8316,93,2,89.99,179.98
20822,8316,49,2,5.99,11.98
20823,8316,85,3,34.99,104.97
20824,8317,82,3,1499.99,4499.97
20825,8317,84,3,24.99,74.97
20826,8317,77,1,5.99,5.99
20827,8317,79,2,1799.99,3599.98
20828,8318,16,3,1.99,5.97
20829,8319,50,3,9.99,29.97
20830,8319,9,2,69.99,139.98
20831,8319,15,2,799.99,1599.98
20832,8320,95,2,8999.99,17999.98
20833,8320,29,3,3.99,11.97
20834,8321,77,1,5.99,5.99
20835,8322,18,3,8.99,26.97
20836,8323,67,1,15.99,15.99
20837,8323,47,2,49.99,99.98
20838,8323,44,1,29.99,29.99
20839,8323,48,2,7.99,15.98
20840,8324,39,2,1.99,3.98
20841,8324,70,2,6.99,13.98
20842,8324,84,2,24.99,49.98
20843,8325,15,3,799.99,2399.97
20844,8326,65,2,12.99,25.98
20845,8326,9,3,69.99,209.97
20846,8327,59,1,4.99,4.99
20847,8327,61,1,34.99,34.99
20848,8327,69,3,3.99,11.97
20849,8328,21,2,1.49,2.98
20850,8328,1,3,9.99,29.97
20851,8329,38,2,5.99,11.98
20852,8329,33,2,4.99,9.98
20853,8329,90,3,89.99,269.97
20854,8330,36,1,19.99,19.99
20855,8330,45,2,39.99,79.98
20856,8331,92,2,109.99,219.98
20857,8331,72,3,8.99,26.97
20858,8331,44,2,29.99,59.98
20859,8331,19,1,9.99,9.99
20860,8332,72,2,8.99,17.98
20861,8332,65,3,12.99,38.97
20862,8332,21,2,1.49,2.98
20863,8332,84,3,24.99,74.97
20864,8333,25,2,1.29,2.58
20865,8333,55,1,6.99,6.99
20866,8333,95,3,8999.99,26999.97
20867,8334,42,2,0.99,1.98
20868,8334,17,2,12.99,25.98
20869,8334,47,1,49.99,49.99
20870,8335,57,3,9.99,29.97
20871,8335,23,1,2.99,2.99
20872,8336,46,1,14.99,14.99
20873,8336,87,1,27.99,27.99
20874,8337,15,2,799.99,1599.98
20875,8337,27,1,6.99,6.99
20876,8337,22,3,10.99,32.97
20877,8337,95,3,8999.99,26999.97
20878,8338,6,2,49.99,99.98
20879,8338,2,2,19.99,39.98
20880,8339,14,2,499.99,999.98
20881,8340,54,2,8.99,17.98
20882,8340,60,2,10.99,21.98
20883,8340,41,1,2.49,2.49
20884,8340,1,2,9.99,19.98
20885,8341,68,1,24.99,24.99
20886,8342,54,1,8.99,8.99
20887,8342,22,1,10.99,10.99
20888,8342,51,2,39.99,79.98
20889,8343,84,2,24.99,49.98
20890,8343,91,3,119.99,359.97
20891,8343,64,2,14.99,29.98
20892,8344,81,2,1099.99,2199.98
20893,8344,44,3,29.99,89.97
20894,8344,26,3,0.99,2.97
20895,8345,11,1,1899.99,1899.99
20896,8345,15,1,799.99,799.99
20897,8346,2,3,19.99,59.97
20898,8346,78,1,1999.99,1999.99
20899,8346,85,3,34.99,104.97
20900,8346,45,2,39.99,79.98
20901,8347,96,1,12999.99,12999.99
20902,8347,45,2,39.99,79.98
20903,8347,17,2,12.99,25.98
20904,8347,67,2,15.99,31.98
20905,8348,72,1,8.99,8.99
20906,8348,20,1,4.99,4.99
20907,8348,74,2,4.99,9.98
20908,8349,84,1,24.99,24.99
20909,8350,57,1,9.99,9.99
20910,8350,67,1,15.99,15.99
20911,8351,4,1,12.99,12.99
20912,8351,55,2,6.99,13.98
20913,8352,80,2,1399.99,2799.98
20914,8353,6,2,49.99,99.98
20915,8354,55,3,6.99,20.97
20916,8354,12,2,2499.99,4999.98
20917,8354,65,3,12.99,38.97
20918,8355,5,2,8.99,17.98
20919,8355,22,1,10.99,10.99
20920,8355,93,1,89.99,89.99
20921,8355,32,1,3.49,3.49
20922,8356,99,2,99.99,199.98
20923,8357,37,3,1.99,5.97
20924,8358,54,2,8.99,17.98
20925,8358,100,2,129.99,259.98
20926,8358,6,2,49.99,99.98
20927,8359,38,2,5.99,11.98
20928,8360,92,1,109.99,109.99
20929,8360,50,3,9.99,29.97
20930,8360,37,1,1.99,1.99
20931,8361,56,3,49.99,149.97
20932,8361,42,2,0.99,1.98
20933,8361,80,1,1399.99,1399.99
20934,8362,100,3,129.99,389.97
20935,8362,44,3,29.99,89.97
20936,8363,74,1,4.99,4.99
20937,8363,94,3,1499.99,4499.97
20938,8363,100,1,129.99,129.99
20939,8363,67,1,15.99,15.99
20940,8364,21,2,1.49,2.98
20941,8365,79,3,1799.99,5399.97
20942,8365,31,2,0.79,1.58
20943,8366,85,1,34.99,34.99
20944,8366,64,3,14.99,44.97
20945,8367,35,3,2.29,6.87
20946,8367,93,1,89.99,89.99
20947,8367,5,1,8.99,8.99
20948,8368,51,1,39.99,39.99
20949,8369,83,1,29.99,29.99
20950,8369,99,1,99.99,99.99
20951,8369,52,2,29.99,59.98
20952,8369,46,2,14.99,29.98
20953,8370,72,2,8.99,17.98
20954,8370,80,1,1399.99,1399.99
20955,8371,18,3,8.99,26.97
20956,8371,91,2,119.99,239.98
20957,8371,26,1,0.99,0.99
20958,8371,84,1,24.99,24.99
20959,8372,28,2,5.49,10.98
20960,8372,3,1,14.99,14.99
20961,8372,4,3,12.99,38.97
20962,8372,49,2,5.99,11.98
20963,8373,44,3,29.99,89.97
20964,8373,43,3,59.99,179.97
20965,8373,96,3,12999.99,38999.97
20966,8373,68,1,24.99,24.99
20967,8374,3,2,14.99,29.98
20968,8374,38,3,5.99,17.97
20969,8375,49,3,5.99,17.97
20970,8375,11,3,1899.99,5699.97
20971,8376,94,3,1499.99,4499.97
20972,8376,5,2,8.99,17.98
20973,8376,6,1,49.99,49.99
20974,8377,20,2,4.99,9.98
20975,8377,15,3,799.99,2399.97
20976,8377,82,2,1499.99,2999.98
20977,8377,38,1,5.99,5.99
20978,8378,12,2,2499.99,4999.98
20979,8378,25,3,1.29,3.87
20980,8379,81,3,1099.99,3299.97
20981,8380,24,3,14.99,44.97
20982,8380,7,1,129.99,129.99
20983,8380,59,2,4.99,9.98
20984,8381,9,2,69.99,139.98
20985,8381,96,2,12999.99,25999.98
20986,8381,57,1,9.99,9.99
20987,8382,71,3,39.99,119.97
20988,8382,61,2,34.99,69.98
20989,8383,7,1,129.99,129.99
20990,8383,88,2,149.99,299.98
20991,8383,46,3,14.99,44.97
20992,8384,56,2,49.99,99.98
20993,8385,38,1,5.99,5.99
20994,8385,26,3,0.99,2.97
20995,8386,37,3,1.99,5.97
20996,8386,9,3,69.99,209.97
20997,8386,18,2,8.99,17.98
20998,8387,100,3,129.99,389.97
20999,8387,32,1,3.49,3.49
21000,8388,54,2,8.99,17.98
21001,8388,52,1,29.99,29.99
21002,8389,20,2,4.99,9.98
21003,8389,95,2,8999.99,17999.98
21004,8390,74,2,4.99,9.98
21005,8390,97,1,10999.99,10999.99
21006,8391,8,3,89.99,269.97
21007,8391,29,3,3.99,11.97
21008,8391,74,2,4.99,9.98
21009,8391,5,2,8.99,17.98
21010,8392,45,2,39.99,79.98
21011,8392,11,3,1899.99,5699.97
21012,8393,43,3,59.99,179.97
21013,8393,93,2,89.99,179.98
21014,8393,12,3,2499.99,7499.97
21015,8394,93,1,89.99,89.99
21016,8394,88,2,149.99,299.98
21017,8395,62,3,5.99,17.97
21018,8396,56,3,49.99,149.97
21019,8396,89,1,79.99,79.99
21020,8396,5,3,8.99,26.97
21021,8396,87,2,27.99,55.98
21022,8397,2,3,19.99,59.97
21023,8397,5,2,8.99,17.98
21024,8398,90,3,89.99,269.97
21025,8398,66,3,89.99,269.97
21026,8398,37,3,1.99,5.97
21027,8398,24,3,14.99,44.97
21028,8399,43,2,59.99,119.98
21029,8399,67,2,15.99,31.98
21030,8399,55,3,6.99,20.97
21031,8400,44,2,29.99,59.98
21032,8401,31,1,0.79,0.79
21033,8401,28,1,5.49,5.49
21034,8401,8,3,89.99,269.97
21035,8402,41,1,2.49,2.49
21036,8403,7,1,129.99,129.99
21037,8403,43,3,59.99,179.97
21038,8403,42,3,0.99,2.97
21039,8404,54,1,8.99,8.99
21040,8404,61,3,34.99,104.97
21041,8404,7,2,129.99,259.98
21042,8404,91,2,119.99,239.98
21043,8405,37,1,1.99,1.99
21044,8405,46,1,14.99,14.99
21045,8406,92,3,109.99,329.97
21046,8407,29,3,3.99,11.97
21047,8407,35,2,2.29,4.58
21048,8408,54,1,8.99,8.99
21049,8408,77,2,5.99,11.98
21050,8408,55,3,6.99,20.97
21051,8408,73,3,19.99,59.97
21052,8409,47,1,49.99,49.99
21053,8409,13,3,299.99,899.97
21054,8409,11,3,1899.99,5699.97
21055,8410,93,3,89.99,269.97
21056,8410,40,2,3.99,7.98
21057,8411,27,3,6.99,20.97
21058,8411,2,3,19.99,59.97
21059,8411,57,2,9.99,19.98
21060,8411,42,1,0.99,0.99
21061,8412,35,1,2.29,2.29
21062,8412,92,3,109.99,329.97
21063,8412,25,2,1.29,2.58
21064,8412,43,1,59.99,59.99
21065,8413,91,1,119.99,119.99
21066,8413,50,1,9.99,9.99
21067,8414,40,1,3.99,3.99
21068,8415,56,3,49.99,149.97
21069,8415,28,2,5.49,10.98
21070,8416,29,2,3.99,7.98
21071,8416,17,1,12.99,12.99
21072,8416,38,3,5.99,17.97
21073,8417,9,1,69.99,69.99
21074,8417,80,2,1399.99,2799.98
21075,8418,38,2,5.99,11.98
21076,8419,19,2,9.99,19.98
21077,8419,94,2,1499.99,2999.98
21078,8419,8,2,89.99,179.98
21079,8419,17,3,12.99,38.97
21080,8420,42,1,0.99,0.99
21081,8421,14,3,499.99,1499.97
21082,8421,72,1,8.99,8.99
21083,8421,77,1,5.99,5.99
21084,8421,8,3,89.99,269.97
21085,8422,41,1,2.49,2.49
21086,8422,49,1,5.99,5.99
21087,8422,9,1,69.99,69.99
21088,8422,23,2,2.99,5.98
21089,8423,98,3,13999.99,41999.97
21090,8423,87,3,27.99,83.97
21091,8424,55,2,6.99,13.98
21092,8424,22,3,10.99,32.97
21093,8424,19,1,9.99,9.99
21094,8424,83,3,29.99,89.97
21095,8425,16,1,1.99,1.99
21096,8426,55,3,6.99,20.97
21097,8426,5,3,8.99,26.97
21098,8427,1,3,9.99,29.97
21099,8427,72,1,8.99,8.99
21100,8428,12,3,2499.99,7499.97
21101,8428,10,3,79.99,239.97
21102,8429,87,2,27.99,55.98
21103,8430,6,2,49.99,99.98
21104,8430,97,2,10999.99,21999.98
21105,8430,98,1,13999.99,13999.99
21106,8431,18,2,8.99,17.98
21107,8432,88,2,149.99,299.98
21108,8433,79,3,1799.99,5399.97
21109,8433,61,2,34.99,69.98
21110,8434,58,3,3.99,11.97
21111,8435,57,3,9.99,29.97
21112,8435,71,3,39.99,119.97
21113,8435,35,2,2.29,4.58
21114,8435,69,3,3.99,11.97
21115,8436,1,1,9.99,9.99
21116,8436,52,3,29.99,89.97
21117,8437,94,3,1499.99,4499.97
21118,8437,28,3,5.49,16.47
21119,8438,99,1,99.99,99.99
21120,8438,27,2,6.99,13.98
21121,8438,89,3,79.99,239.97
21122,8438,77,1,5.99,5.99
21123,8439,36,1,19.99,19.99
21124,8440,53,1,12.99,12.99
21125,8440,1,2,9.99,19.98
21126,8440,15,1,799.99,799.99
21127,8440,45,3,39.99,119.97
21128,8441,28,3,5.49,16.47
21129,8442,52,3,29.99,89.97
21130,8442,35,2,2.29,4.58
21131,8442,30,1,2.49,2.49
21132,8442,77,2,5.99,11.98
21133,8443,20,3,4.99,14.97
21134,8443,77,3,5.99,17.97
21135,8443,82,1,1499.99,1499.99
21136,8443,33,2,4.99,9.98
21137,8444,81,1,1099.99,1099.99
21138,8444,72,1,8.99,8.99
21139,8444,34,1,7.99,7.99
21140,8445,9,2,69.99,139.98
21141,8446,45,1,39.99,39.99
21142,8446,51,1,39.99,39.99
21143,8446,34,1,7.99,7.99
21144,8447,11,1,1899.99,1899.99
21145,8447,75,3,16.99,50.97
21146,8447,24,3,14.99,44.97
21147,8447,55,1,6.99,6.99
21148,8448,2,3,19.99,59.97
21149,8448,7,2,129.99,259.98
21150,8449,36,3,19.99,59.97
21151,8449,93,2,89.99,179.98
21152,8449,41,3,2.49,7.47
21153,8449,55,2,6.99,13.98
21154,8450,5,1,8.99,8.99
21155,8450,20,3,4.99,14.97
21156,8450,76,2,11.99,23.98
21157,8451,71,3,39.99,119.97
21158,8451,53,1,12.99,12.99
21159,8452,78,3,1999.99,5999.97
21160,8452,26,2,0.99,1.98
21161,8452,52,2,29.99,59.98
21162,8453,86,2,19.99,39.98
21163,8453,69,3,3.99,11.97
21164,8454,67,1,15.99,15.99
21165,8454,43,3,59.99,179.97
21166,8454,46,2,14.99,29.98
21167,8455,87,3,27.99,83.97
21168,8455,25,2,1.29,2.58
21169,8455,93,3,89.99,269.97
21170,8456,20,2,4.99,9.98
21171,8456,60,2,10.99,21.98
21172,8457,65,2,12.99,25.98
21173,8457,90,1,89.99,89.99
21174,8457,36,2,19.99,39.98
21175,8458,15,2,799.99,1599.98
21176,8458,65,2,12.99,25.98
21177,8458,87,3,27.99,83.97
21178,8458,27,2,6.99,13.98
21179,8459,70,2,6.99,13.98
21180,8459,4,1,12.99,12.99
21181,8460,4,3,12.99,38.97
21182,8460,12,2,2499.99,4999.98
21183,8460,49,2,5.99,11.98
21184,8461,67,2,15.99,31.98
21185,8461,81,3,1099.99,3299.97
21186,8462,77,1,5.99,5.99
21187,8462,3,1,14.99,14.99
21188,8463,51,2,39.99,79.98
21189,8464,25,3,1.29,3.87
21190,8465,30,2,2.49,4.98
21191,8465,43,1,59.99,59.99
21192,8465,18,1,8.99,8.99
21193,8466,70,3,6.99,20.97
21194,8466,99,1,99.99,99.99
21195,8466,23,1,2.99,2.99
21196,8467,83,3,29.99,89.97
21197,8468,77,3,5.99,17.97
21198,8469,39,3,1.99,5.97
21199,8469,63,3,7.99,23.97
21200,8469,60,3,10.99,32.97
21201,8469,22,1,10.99,10.99
21202,8470,65,1,12.99,12.99
21203,8470,98,2,13999.99,27999.98
21204,8471,92,3,109.99,329.97
21205,8471,70,3,6.99,20.97
21206,8471,20,1,4.99,4.99
21207,8471,50,2,9.99,19.98
21208,8472,86,1,19.99,19.99
21209,8472,7,1,129.99,129.99
21210,8472,77,1,5.99,5.99
21211,8472,84,2,24.99,49.98
21212,8473,63,1,7.99,7.99
21213,8473,20,1,4.99,4.99
21214,8473,22,2,10.99,21.98
21215,8474,77,3,5.99,17.97
21216,8474,4,3,12.99,38.97
21217,8474,61,2,34.99,69.98
21218,8475,22,1,10.99,10.99
21219,8475,85,1,34.99,34.99
21220,8475,27,1,6.99,6.99
21221,8476,35,1,2.29,2.29
21222,8477,96,3,12999.99,38999.97
21223,8477,13,3,299.99,899.97
21224,8477,41,2,2.49,4.98
21225,8477,86,3,19.99,59.97
21226,8478,59,1,4.99,4.99
21227,8478,40,3,3.99,11.97
21228,8479,74,2,4.99,9.98
21229,8479,68,1,24.99,24.99
21230,8479,89,3,79.99,239.97
21231,8479,81,3,1099.99,3299.97
21232,8480,33,3,4.99,14.97
21233,8481,67,3,15.99,47.97
21234,8481,46,2,14.99,29.98
21235,8482,63,1,7.99,7.99
21236,8482,98,2,13999.99,27999.98
21237,8482,60,2,10.99,21.98
21238,8482,51,3,39.99,119.97
21239,8483,4,2,12.99,25.98
21240,8484,55,1,6.99,6.99
21241,8484,60,1,10.99,10.99
21242,8484,72,1,8.99,8.99
21243,8484,40,3,3.99,11.97
21244,8485,84,1,24.99,24.99
21245,8485,42,2,0.99,1.98
21246,8485,23,2,2.99,5.98
21247,8485,63,2,7.99,15.98
21248,8486,5,2,8.99,17.98
21249,8487,70,3,6.99,20.97
21250,8488,16,2,1.99,3.98
21251,8488,70,2,6.99,13.98
21252,8489,55,2,6.99,13.98
21253,8489,92,2,109.99,219.98
21254,8489,29,2,3.99,7.98
21255,8490,98,1,13999.99,13999.99
21256,8491,60,2,10.99,21.98
21257,8491,44,3,29.99,89.97
21258,8492,55,2,6.99,13.98
21259,8492,27,1,6.99,6.99
21260,8492,25,1,1.29,1.29
21261,8492,16,3,1.99,5.97
21262,8493,36,1,19.99,19.99
21263,8493,98,1,13999.99,13999.99
21264,8494,82,1,1499.99,1499.99
21265,8495,35,3,2.29,6.87
21266,8495,13,3,299.99,899.97
21267,8496,61,2,34.99,69.98
21268,8496,11,3,1899.99,5699.97
21269,8497,45,2,39.99,79.98
21270,8497,99,3,99.99,299.97
21271,8498,24,1,14.99,14.99
21272,8499,50,1,9.99,9.99
21273,8499,68,3,24.99,74.97
21274,8499,83,3,29.99,89.97
21275,8499,9,2,69.99,139.98
21276,8500,68,2,24.99,49.98
21277,8500,4,1,12.99,12.99
21278,8500,64,2,14.99,29.98
21279,8500,7,2,129.99,259.98
21280,8501,59,3,4.99,14.97
21281,8501,74,2,4.99,9.98
21282,8502,63,3,7.99,23.97
21283,8502,16,3,1.99,5.97
21284,8502,76,2,11.99,23.98
21285,8502,74,2,4.99,9.98
21286,8503,61,2,34.99,69.98
21287,8503,100,3,129.99,389.97
21288,8503,27,3,6.99,20.97
21289,8504,70,1,6.99,6.99
21290,8504,78,2,1999.99,3999.98
21291,8505,17,1,12.99,12.99
21292,8505,56,2,49.99,99.98
21293,8505,49,1,5.99,5.99
21294,8505,18,1,8.99,8.99
21295,8506,63,2,7.99,15.98
21296,8507,18,1,8.99,8.99
21297,8507,79,2,1799.99,3599.98
21298,8508,50,2,9.99,19.98
21299,8509,62,2,5.99,11.98
21300,8509,70,2,6.99,13.98
21301,8509,6,1,49.99,49.99
21302,8509,65,3,12.99,38.97
21303,8510,17,2,12.99,25.98
21304,8511,57,3,9.99,29.97
21305,8511,28,3,5.49,16.47
21306,8511,19,1,9.99,9.99
21307,8512,10,2,79.99,159.98
21308,8512,31,3,0.79,2.37
21309,8513,59,1,4.99,4.99
21310,8513,76,2,11.99,23.98
21311,8514,4,3,12.99,38.97
21312,8514,15,1,799.99,799.99
21313,8515,75,3,16.99,50.97
21314,8515,19,1,9.99,9.99
21315,8515,94,3,1499.99,4499.97
21316,8515,10,3,79.99,239.97
21317,8516,77,2,5.99,11.98
21318,8516,32,1,3.49,3.49
21319,8516,54,3,8.99,26.97
21320,8516,50,1,9.99,9.99
21321,8517,80,1,1399.99,1399.99
21322,8517,66,2,89.99,179.98
21323,8517,57,3,9.99,29.97
21324,8517,93,2,89.99,179.98
21325,8518,71,1,39.99,39.99
21326,8518,29,3,3.99,11.97
21327,8518,35,2,2.29,4.58
21328,8518,4,1,12.99,12.99
21329,8519,70,1,6.99,6.99
21330,8520,54,3,8.99,26.97
21331,8520,71,3,39.99,119.97
21332,8520,80,2,1399.99,2799.98
21333,8520,65,3,12.99,38.97
21334,8521,25,2,1.29,2.58
21335,8521,83,3,29.99,89.97
21336,8521,14,1,499.99,499.99
21337,8522,53,3,12.99,38.97
21338,8522,89,2,79.99,159.98
21339,8522,63,1,7.99,7.99
21340,8523,24,2,14.99,29.98
21341,8524,99,1,99.99,99.99
21342,8524,41,2,2.49,4.98
21343,8524,60,1,10.99,10.99
21344,8524,54,1,8.99,8.99
21345,8525,60,1,10.99,10.99
21346,8526,98,1,13999.99,13999.99
21347,8527,9,1,69.99,69.99
21348,8527,72,1,8.99,8.99
21349,8527,5,3,8.99,26.97
21350,8527,84,1,24.99,24.99
21351,8528,53,3,12.99,38.97
21352,8528,66,1,89.99,89.99
21353,8528,73,2,19.99,39.98
21354,8529,73,2,19.99,39.98
21355,8529,62,1,5.99,5.99
21356,8530,66,2,89.99,179.98
21357,8531,5,1,8.99,8.99
21358,8531,38,1,5.99,5.99
21359,8531,2,2,19.99,39.98
21360,8531,29,2,3.99,7.98
21361,8532,13,3,299.99,899.97
21362,8532,4,2,12.99,25.98
21363,8532,26,1,0.99,0.99
21364,8532,70,1,6.99,6.99
21365,8533,77,1,5.99,5.99
21366,8533,39,1,1.99,1.99
21367,8533,12,3,2499.99,7499.97
21368,8533,80,1,1399.99,1399.99
21369,8534,26,3,0.99,2.97
21370,8534,80,3,1399.99,4199.97
21371,8534,48,3,7.99,23.97
21372,8534,57,1,9.99,9.99
21373,8535,32,1,3.49,3.49
21374,8535,27,1,6.99,6.99
21375,8535,5,1,8.99,8.99
21376,8535,45,3,39.99,119.97
21377,8536,81,2,1099.99,2199.98
21378,8536,25,3,1.29,3.87
21379,8537,80,2,1399.99,2799.98
21380,8538,59,1,4.99,4.99
21381,8538,99,3,99.99,299.97
21382,8538,75,3,16.99,50.97
21383,8538,43,3,59.99,179.97
21384,8539,38,3,5.99,17.97
21385,8540,67,3,15.99,47.97
21386,8540,66,3,89.99,269.97
21387,8541,84,1,24.99,24.99
21388,8541,4,3,12.99,38.97
21389,8541,79,3,1799.99,5399.97
21390,8542,60,3,10.99,32.97
21391,8542,95,3,8999.99,26999.97
21392,8543,87,3,27.99,83.97
21393,8543,40,3,3.99,11.97
21394,8544,41,1,2.49,2.49
21395,8544,54,1,8.99,8.99
21396,8544,9,1,69.99,69.99
21397,8545,27,2,6.99,13.98
21398,8546,86,2,19.99,39.98
21399,8547,16,1,1.99,1.99
21400,8547,21,1,1.49,1.49
21401,8547,20,3,4.99,14.97
21402,8548,100,1,129.99,129.99
21403,8548,6,1,49.99,49.99
21404,8548,1,2,9.99,19.98
21405,8548,84,2,24.99,49.98
21406,8549,18,1,8.99,8.99
21407,8550,76,3,11.99,35.97
21408,8550,82,1,1499.99,1499.99
21409,8550,18,1,8.99,8.99
21410,8551,24,3,14.99,44.97
21411,8551,95,2,8999.99,17999.98
21412,8551,39,3,1.99,5.97
21413,8551,32,3,3.49,10.47
21414,8552,22,2,10.99,21.98
21415,8552,24,2,14.99,29.98
21416,8553,71,1,39.99,39.99
21417,8553,6,2,49.99,99.98
21418,8553,23,3,2.99,8.97
21419,8553,42,3,0.99,2.97
21420,8554,50,2,9.99,19.98
21421,8554,43,2,59.99,119.98
21422,8554,74,2,4.99,9.98
21423,8554,66,2,89.99,179.98
21424,8555,75,2,16.99,33.98
21425,8556,97,2,10999.99,21999.98
21426,8556,3,1,14.99,14.99
21427,8557,82,1,1499.99,1499.99
21428,8557,89,2,79.99,159.98
21429,8557,64,1,14.99,14.99
21430,8558,86,2,19.99,39.98
21431,8559,68,1,24.99,24.99
21432,8560,36,2,19.99,39.98
21433,8560,28,2,5.49,10.98
21434,8560,81,1,1099.99,1099.99
21435,8560,41,3,2.49,7.47
21436,8561,28,1,5.49,5.49
21437,8562,60,1,10.99,10.99
21438,8562,19,1,9.99,9.99
21439,8562,32,1,3.49,3.49
21440,8562,7,2,129.99,259.98
21441,8563,95,3,8999.99,26999.97
21442,8563,10,3,79.99,239.97
21443,8564,96,2,12999.99,25999.98
21444,8564,67,2,15.99,31.98
21445,8565,5,3,8.99,26.97
21446,8565,94,2,1499.99,2999.98
21447,8566,10,1,79.99,79.99
21448,8567,60,1,10.99,10.99
21449,8567,49,2,5.99,11.98
21450,8568,93,2,89.99,179.98
21451,8568,83,2,29.99,59.98
21452,8568,12,1,2499.99,2499.99
21453,8569,40,3,3.99,11.97
21454,8569,70,2,6.99,13.98
21455,8570,60,2,10.99,21.98
21456,8570,99,1,99.99,99.99
21457,8570,66,1,89.99,89.99
21458,8571,92,1,109.99,109.99
21459,8571,28,2,5.49,10.98
21460,8571,44,1,29.99,29.99
21461,8571,98,1,13999.99,13999.99
21462,8572,17,3,12.99,38.97
21463,8573,27,2,6.99,13.98
21464,8573,87,3,27.99,83.97
21465,8573,31,2,0.79,1.58
21466,8573,6,3,49.99,149.97
21467,8574,64,1,14.99,14.99
21468,8574,94,3,1499.99,4499.97
21469,8574,97,1,10999.99,10999.99
21470,8574,32,2,3.49,6.98
21471,8575,80,3,1399.99,4199.97
21472,8576,58,1,3.99,3.99
21473,8576,15,2,799.99,1599.98
21474,8576,89,3,79.99,239.97
21475,8577,18,3,8.99,26.97
21476,8578,16,3,1.99,5.97
21477,8578,78,1,1999.99,1999.99
21478,8578,15,2,799.99,1599.98
21479,8578,9,2,69.99,139.98
21480,8579,22,2,10.99,21.98
21481,8579,78,1,1999.99,1999.99
21482,8579,44,1,29.99,29.99
21483,8580,44,3,29.99,89.97
21484,8580,12,2,2499.99,4999.98
21485,8580,34,1,7.99,7.99
21486,8581,40,3,3.99,11.97
21487,8581,36,3,19.99,59.97
21488,8582,79,1,1799.99,1799.99
21489,8582,10,2,79.99,159.98
21490,8582,33,1,4.99,4.99
21491,8583,93,2,89.99,179.98
21492,8583,21,3,1.49,4.47
21493,8583,97,1,10999.99,10999.99
21494,8584,88,3,149.99,449.97
21495,8585,79,1,1799.99,1799.99
21496,8585,76,1,11.99,11.99
21497,8585,21,3,1.49,4.47
21498,8586,60,2,10.99,21.98
21499,8586,2,1,19.99,19.99
21500,8587,76,2,11.99,23.98
21501,8587,70,1,6.99,6.99
21502,8588,32,3,3.49,10.47
21503,8588,38,3,5.99,17.97
21504,8589,96,1,12999.99,12999.99
21505,8589,44,2,29.99,59.98
21506,8590,69,1,3.99,3.99
21507,8590,20,3,4.99,14.97
21508,8590,86,2,19.99,39.98
21509,8591,96,2,12999.99,25999.98
21510,8591,54,3,8.99,26.97
21511,8591,67,1,15.99,15.99
21512,8591,59,1,4.99,4.99
21513,8592,25,1,1.29,1.29
21514,8593,6,1,49.99,49.99
21515,8594,49,3,5.99,17.97
21516,8594,79,2,1799.99,3599.98
21517,8594,67,1,15.99,15.99
21518,8594,40,2,3.99,7.98
21519,8595,58,2,3.99,7.98
21520,8595,1,2,9.99,19.98
21521,8596,17,2,12.99,25.98
21522,8596,51,2,39.99,79.98
21523,8596,61,3,34.99,104.97
21524,8597,23,1,2.99,2.99
21525,8597,12,1,2499.99,2499.99
21526,8597,54,3,8.99,26.97
21527,8597,26,2,0.99,1.98
21528,8598,93,1,89.99,89.99
21529,8598,90,1,89.99,89.99
21530,8599,94,2,1499.99,2999.98
21531,8599,91,3,119.99,359.97
21532,8599,43,3,59.99,179.97
21533,8599,93,3,89.99,269.97
21534,8600,5,2,8.99,17.98
21535,8601,14,3,499.99,1499.97
21536,8601,41,2,2.49,4.98
21537,8602,27,1,6.99,6.99
21538,8602,99,3,99.99,299.97
21539,8603,10,1,79.99,79.99
21540,8603,21,3,1.49,4.47
21541,8603,49,1,5.99,5.99
21542,8603,27,2,6.99,13.98
21543,8604,97,1,10999.99,10999.99
21544,8604,58,3,3.99,11.97
21545,8604,78,2,1999.99,3999.98
21546,8605,58,3,3.99,11.97
21547,8605,52,3,29.99,89.97
21548,8606,78,3,1999.99,5999.97
21549,8606,63,3,7.99,23.97
21550,8607,5,2,8.99,17.98
21551,8608,85,1,34.99,34.99
21552,8609,58,1,3.99,3.99
21553,8609,47,3,49.99,149.97
21554,8609,7,2,129.99,259.98
21555,8610,51,3,39.99,119.97
21556,8610,32,2,3.49,6.98
21557,8611,38,1,5.99,5.99
21558,8611,68,3,24.99,74.97
21559,8611,14,3,499.99,1499.97
21560,8611,66,2,89.99,179.98
21561,8612,33,3,4.99,14.97
21562,8613,19,3,9.99,29.97
21563,8613,12,2,2499.99,4999.98
21564,8613,41,1,2.49,2.49
21565,8614,51,2,39.99,79.98
21566,8614,45,3,39.99,119.97
21567,8615,48,2,7.99,15.98
21568,8616,85,3,34.99,104.97
21569,8616,60,1,10.99,10.99
21570,8616,33,2,4.99,9.98
21571,8616,26,3,0.99,2.97
21572,8617,99,3,99.99,299.97
21573,8618,100,2,129.99,259.98
21574,8619,9,1,69.99,69.99
21575,8619,74,1,4.99,4.99
21576,8619,46,1,14.99,14.99
21577,8619,44,2,29.99,59.98
21578,8620,59,1,4.99,4.99
21579,8620,23,1,2.99,2.99
21580,8621,9,2,69.99,139.98
21581,8621,71,2,39.99,79.98
21582,8622,39,3,1.99,5.97
21583,8622,84,1,24.99,24.99
21584,8623,83,2,29.99,59.98
21585,8623,93,2,89.99,179.98
21586,8623,35,1,2.29,2.29
21587,8624,96,3,12999.99,38999.97
21588,8624,87,2,27.99,55.98
21589,8625,12,3,2499.99,7499.97
21590,8625,78,3,1999.99,5999.97
21591,8626,97,2,10999.99,21999.98
21592,8626,93,3,89.99,269.97
21593,8626,26,3,0.99,2.97
21594,8627,2,2,19.99,39.98
21595,8627,8,1,89.99,89.99
21596,8627,35,2,2.29,4.58
21597,8628,67,2,15.99,31.98
21598,8629,60,3,10.99,32.97
21599,8629,48,1,7.99,7.99
21600,8630,18,2,8.99,17.98
21601,8630,3,1,14.99,14.99
21602,8630,83,1,29.99,29.99
21603,8630,47,3,49.99,149.97
21604,8631,98,2,13999.99,27999.98
21605,8631,73,1,19.99,19.99
21606,8631,71,2,39.99,79.98
21607,8632,23,3,2.99,8.97
21608,8632,65,3,12.99,38.97
21609,8632,62,2,5.99,11.98
21610,8633,11,3,1899.99,5699.97
21611,8634,69,3,3.99,11.97
21612,8634,88,2,149.99,299.98
21613,8634,93,3,89.99,269.97
21614,8634,63,2,7.99,15.98
21615,8635,54,3,8.99,26.97
21616,8635,31,1,0.79,0.79
21617,8636,95,3,8999.99,26999.97
21618,8636,48,3,7.99,23.97
21619,8636,10,1,79.99,79.99
21620,8637,29,2,3.99,7.98
21621,8638,62,1,5.99,5.99
21622,8638,49,2,5.99,11.98
21623,8639,76,1,11.99,11.99
21624,8640,46,2,14.99,29.98
21625,8641,20,1,4.99,4.99
21626,8641,21,3,1.49,4.47
21627,8641,86,2,19.99,39.98
21628,8642,19,2,9.99,19.98
21629,8642,17,3,12.99,38.97
21630,8642,5,3,8.99,26.97
21631,8643,50,2,9.99,19.98
21632,8643,88,2,149.99,299.98
21633,8643,33,2,4.99,9.98
21634,8644,70,2,6.99,13.98
21635,8644,86,3,19.99,59.97
21636,8645,2,2,19.99,39.98
21637,8645,74,3,4.99,14.97
21638,8646,45,1,39.99,39.99
21639,8647,64,1,14.99,14.99
21640,8647,87,1,27.99,27.99
21641,8647,40,1,3.99,3.99
21642,8647,99,2,99.99,199.98
21643,8648,34,1,7.99,7.99
21644,8648,74,2,4.99,9.98
21645,8649,4,3,12.99,38.97
21646,8649,15,2,799.99,1599.98
21647,8649,29,2,3.99,7.98
21648,8650,19,3,9.99,29.97
21649,8650,4,2,12.99,25.98
21650,8651,76,2,11.99,23.98
21651,8652,99,1,99.99,99.99
21652,8652,21,1,1.49,1.49
21653,8652,37,1,1.99,1.99
21654,8653,37,2,1.99,3.98
21655,8653,57,1,9.99,9.99
21656,8654,53,2,12.99,25.98
21657,8654,58,2,3.99,7.98
21658,8654,15,3,799.99,2399.97
21659,8654,22,1,10.99,10.99
21660,8655,76,3,11.99,35.97
21661,8655,61,1,34.99,34.99
21662,8655,79,3,1799.99,5399.97
21663,8656,5,2,8.99,17.98
21664,8656,46,3,14.99,44.97
21665,8657,69,1,3.99,3.99
21666,8657,8,3,89.99,269.97
21667,8657,13,2,299.99,599.98
21668,8657,1,2,9.99,19.98
21669,8658,15,2,799.99,1599.98
21670,8658,6,3,49.99,149.97
21671,8658,57,2,9.99,19.98
21672,8658,86,1,19.99,19.99
21673,8659,55,3,6.99,20.97
21674,8660,87,1,27.99,27.99
21675,8661,97,1,10999.99,10999.99
21676,8661,31,2,0.79,1.58
21677,8661,94,1,1499.99,1499.99
21678,8661,3,3,14.99,44.97
21679,8662,84,3,24.99,74.97
21680,8663,98,2,13999.99,27999.98
21681,8663,99,2,99.99,199.98
21682,8664,19,3,9.99,29.97
21683,8664,52,2,29.99,59.98
21684,8665,22,2,10.99,21.98
21685,8666,70,1,6.99,6.99
21686,8667,2,2,19.99,39.98
21687,8667,56,2,49.99,99.98
21688,8667,6,3,49.99,149.97
21689,8668,38,1,5.99,5.99
21690,8669,44,1,29.99,29.99
21691,8670,29,3,3.99,11.97
21692,8670,93,1,89.99,89.99
21693,8670,73,3,19.99,59.97
21694,8670,15,3,799.99,2399.97
21695,8671,15,3,799.99,2399.97
21696,8671,42,2,0.99,1.98
21697,8671,44,2,29.99,59.98
21698,8671,91,1,119.99,119.99
21699,8672,16,3,1.99,5.97
21700,8672,29,1,3.99,3.99
21701,8672,34,2,7.99,15.98
21702,8672,68,1,24.99,24.99
21703,8673,76,3,11.99,35.97
21704,8673,52,1,29.99,29.99
21705,8673,8,3,89.99,269.97
21706,8674,100,1,129.99,129.99
21707,8674,39,1,1.99,1.99
21708,8675,87,3,27.99,83.97
21709,8676,29,1,3.99,3.99
21710,8676,92,3,109.99,329.97
21711,8676,25,1,1.29,1.29
21712,8677,95,3,8999.99,26999.97
21713,8678,47,2,49.99,99.98
21714,8678,84,2,24.99,49.98
21715,8678,73,1,19.99,19.99
21716,8678,42,1,0.99,0.99
21717,8679,54,3,8.99,26.97
21718,8679,34,1,7.99,7.99
21719,8679,80,3,1399.99,4199.97
21720,8680,33,2,4.99,9.98
21721,8680,29,3,3.99,11.97
21722,8680,56,1,49.99,49.99
21723,8681,54,2,8.99,17.98
21724,8681,53,2,12.99,25.98
21725,8681,1,1,9.99,9.99
21726,8682,49,2,5.99,11.98
21727,8683,65,3,12.99,38.97
21728,8684,92,1,109.99,109.99
21729,8684,91,1,119.99,119.99
21730,8684,10,2,79.99,159.98
21731,8685,74,1,4.99,4.99
21732,8685,100,3,129.99,389.97
21733,8685,52,2,29.99,59.98
21734,8686,32,2,3.49,6.98
21735,8686,28,2,5.49,10.98
21736,8686,76,3,11.99,35.97
21737,8687,49,3,5.99,17.97
21738,8687,32,2,3.49,6.98
21739,8687,45,3,39.99,119.97
21740,8687,60,2,10.99,21.98
21741,8688,63,2,7.99,15.98
21742,8688,91,1,119.99,119.99
21743,8688,53,3,12.99,38.97
21744,8689,38,2,5.99,11.98
21745,8690,91,2,119.99,239.98
21746,8691,16,2,1.99,3.98
21747,8692,71,1,39.99,39.99
21748,8692,47,1,49.99,49.99
21749,8692,82,1,1499.99,1499.99
21750,8693,80,3,1399.99,4199.97
21751,8693,33,3,4.99,14.97
21752,8694,76,2,11.99,23.98
21753,8694,2,1,19.99,19.99
21754,8694,36,1,19.99,19.99
21755,8695,80,1,1399.99,1399.99
21756,8695,90,2,89.99,179.98
21757,8695,93,2,89.99,179.98
21758,8696,23,3,2.99,8.97
21759,8696,20,2,4.99,9.98
21760,8696,35,3,2.29,6.87
21761,8696,82,1,1499.99,1499.99
21762,8697,26,2,0.99,1.98
21763,8697,100,2,129.99,259.98
21764,8697,52,2,29.99,59.98
21765,8697,2,2,19.99,39.98
21766,8698,10,3,79.99,239.97
21767,8698,46,1,14.99,14.99
21768,8699,94,3,1499.99,4499.97
21769,8700,91,3,119.99,359.97
21770,8700,63,3,7.99,23.97
21771,8700,77,3,5.99,17.97
21772,8701,94,1,1499.99,1499.99
21773,8701,61,2,34.99,69.98
21774,8701,79,2,1799.99,3599.98
21775,8701,84,1,24.99,24.99
21776,8702,80,3,1399.99,4199.97
21777,8702,34,3,7.99,23.97
21778,8702,7,3,129.99,389.97
21779,8702,36,3,19.99,59.97
21780,8703,33,3,4.99,14.97
21781,8704,75,2,16.99,33.98
21782,8704,33,1,4.99,4.99
21783,8704,60,2,10.99,21.98
21784,8705,9,3,69.99,209.97
21785,8705,60,1,10.99,10.99
21786,8705,48,3,7.99,23.97
21787,8705,55,3,6.99,20.97
21788,8706,43,1,59.99,59.99
21789,8706,18,2,8.99,17.98
21790,8706,37,3,1.99,5.97
21791,8707,55,3,6.99,20.97
21792,8707,12,1,2499.99,2499.99
21793,8708,10,2,79.99,159.98
21794,8708,36,3,19.99,59.97
21795,8709,40,1,3.99,3.99
21796,8709,14,3,499.99,1499.97
21797,8709,81,2,1099.99,2199.98
21798,8710,72,2,8.99,17.98
21799,8711,36,2,19.99,39.98
21800,8711,79,2,1799.99,3599.98
21801,8711,63,2,7.99,15.98
21802,8712,52,3,29.99,89.97
21803,8713,93,1,89.99,89.99
21804,8714,64,2,14.99,29.98
21805,8714,35,2,2.29,4.58
21806,8715,32,2,3.49,6.98
21807,8715,27,1,6.99,6.99
21808,8715,46,3,14.99,44.97
21809,8716,58,2,3.99,7.98
21810,8716,63,2,7.99,15.98
21811,8716,78,3,1999.99,5999.97
21812,8716,66,3,89.99,269.97
21813,8717,37,1,1.99,1.99
21814,8717,96,3,12999.99,38999.97
21815,8718,51,2,39.99,79.98
21816,8718,65,1,12.99,12.99
21817,8719,93,1,89.99,89.99
21818,8719,66,3,89.99,269.97
21819,8720,66,3,89.99,269.97
21820,8720,35,2,2.29,4.58
21821,8720,74,1,4.99,4.99
21822,8721,75,3,16.99,50.97
21823,8721,36,3,19.99,59.97
21824,8722,2,1,19.99,19.99
21825,8723,33,2,4.99,9.98
21826,8723,11,3,1899.99,5699.97
21827,8723,63,3,7.99,23.97
21828,8723,99,1,99.99,99.99
21829,8724,80,2,1399.99,2799.98
21830,8724,39,2,1.99,3.98
21831,8724,3,3,14.99,44.97
21832,8724,7,1,129.99,129.99
21833,8725,69,2,3.99,7.98
21834,8725,50,3,9.99,29.97
21835,8725,98,1,13999.99,13999.99
21836,8725,80,2,1399.99,2799.98
21837,8726,22,3,10.99,32.97
21838,8726,12,3,2499.99,7499.97
21839,8726,23,3,2.99,8.97
21840,8726,32,2,3.49,6.98
21841,8727,61,2,34.99,69.98
21842,8727,25,2,1.29,2.58
21843,8728,47,1,49.99,49.99
21844,8728,48,3,7.99,23.97
21845,8728,75,1,16.99,16.99
21846,8728,74,1,4.99,4.99
21847,8729,39,2,1.99,3.98
21848,8730,24,1,14.99,14.99
21849,8731,86,2,19.99,39.98
21850,8732,34,3,7.99,23.97
21851,8732,7,2,129.99,259.98
21852,8732,76,1,11.99,11.99
21853,8733,65,1,12.99,12.99
21854,8733,37,3,1.99,5.97
21855,8734,95,1,8999.99,8999.99
21856,8734,26,1,0.99,0.99
21857,8735,66,2,89.99,179.98
21858,8736,70,2,6.99,13.98
21859,8736,91,1,119.99,119.99
21860,8736,94,1,1499.99,1499.99
21861,8736,22,1,10.99,10.99
21862,8737,73,1,19.99,19.99
21863,8737,91,3,119.99,359.97
21864,8737,3,1,14.99,14.99
21865,8738,18,1,8.99,8.99
21866,8739,24,3,14.99,44.97
21867,8739,18,1,8.99,8.99
21868,8739,85,1,34.99,34.99
21869,8740,56,2,49.99,99.98
21870,8740,14,1,499.99,499.99
21871,8740,10,3,79.99,239.97
21872,8740,94,2,1499.99,2999.98
21873,8741,66,1,89.99,89.99
21874,8741,71,1,39.99,39.99
21875,8741,17,1,12.99,12.99
21876,8742,66,2,89.99,179.98
21877,8742,62,2,5.99,11.98
21878,8742,41,3,2.49,7.47
21879,8742,23,3,2.99,8.97
21880,8743,1,1,9.99,9.99
21881,8744,85,1,34.99,34.99
21882,8745,90,3,89.99,269.97
21883,8745,11,2,1899.99,3799.98
21884,8745,49,2,5.99,11.98
21885,8745,22,1,10.99,10.99
21886,8746,63,3,7.99,23.97
21887,8747,70,2,6.99,13.98
21888,8748,41,3,2.49,7.47
21889,8748,49,3,5.99,17.97
21890,8749,72,2,8.99,17.98
21891,8749,56,2,49.99,99.98
21892,8749,34,1,7.99,7.99
21893,8749,6,2,49.99,99.98
21894,8750,56,3,49.99,149.97
21895,8750,18,2,8.99,17.98
21896,8750,44,3,29.99,89.97
21897,8750,80,3,1399.99,4199.97
21898,8751,23,1,2.99,2.99
21899,8752,39,1,1.99,1.99
21900,8752,20,3,4.99,14.97
21901,8753,49,2,5.99,11.98
21902,8753,20,1,4.99,4.99
21903,8754,88,1,149.99,149.99
21904,8755,18,3,8.99,26.97
21905,8755,82,1,1499.99,1499.99
21906,8755,70,2,6.99,13.98
21907,8755,22,3,10.99,32.97
21908,8756,15,2,799.99,1599.98
21909,8756,64,3,14.99,44.97
21910,8756,96,3,12999.99,38999.97
21911,8757,57,2,9.99,19.98
21912,8757,67,2,15.99,31.98
21913,8758,54,1,8.99,8.99
21914,8759,16,2,1.99,3.98
21915,8759,34,1,7.99,7.99
21916,8759,14,1,499.99,499.99
21917,8759,43,3,59.99,179.97
21918,8760,80,1,1399.99,1399.99
21919,8760,20,3,4.99,14.97
21920,8760,81,2,1099.99,2199.98
21921,8760,33,2,4.99,9.98
21922,8761,31,1,0.79,0.79
21923,8761,28,1,5.49,5.49
21924,8761,62,3,5.99,17.97
21925,8761,18,2,8.99,17.98
21926,8762,81,2,1099.99,2199.98
21927,8763,5,1,8.99,8.99
21928,8763,59,3,4.99,14.97
21929,8764,37,1,1.99,1.99
21930,8764,15,3,799.99,2399.97
21931,8765,8,3,89.99,269.97
21932,8766,73,3,19.99,59.97
21933,8766,54,3,8.99,26.97
21934,8766,32,1,3.49,3.49
21935,8767,86,3,19.99,59.97
21936,8768,72,2,8.99,17.98
21937,8768,98,1,13999.99,13999.99
21938,8768,11,2,1899.99,3799.98
21939,8768,78,2,1999.99,3999.98
21940,8769,21,1,1.49,1.49
21941,8770,18,3,8.99,26.97
21942,8771,8,2,89.99,179.98
21943,8771,99,3,99.99,299.97
21944,8772,19,1,9.99,9.99
21945,8772,93,2,89.99,179.98
21946,8773,26,2,0.99,1.98
21947,8773,70,1,6.99,6.99
21948,8774,50,2,9.99,19.98
21949,8774,47,1,49.99,49.99
21950,8774,27,1,6.99,6.99
21951,8775,30,2,2.49,4.98
21952,8775,81,3,1099.99,3299.97
21953,8775,59,3,4.99,14.97
21954,8775,88,1,149.99,149.99
21955,8776,94,3,1499.99,4499.97
21956,8776,37,1,1.99,1.99
21957,8776,96,2,12999.99,25999.98
21958,8776,8,2,89.99,179.98
21959,8777,29,2,3.99,7.98
21960,8777,48,2,7.99,15.98
21961,8777,44,2,29.99,59.98
21962,8778,55,1,6.99,6.99
21963,8779,72,1,8.99,8.99
21964,8779,51,3,39.99,119.97
21965,8780,77,1,5.99,5.99
21966,8781,78,1,1999.99,1999.99
21967,8781,75,3,16.99,50.97
21968,8781,36,2,19.99,39.98
21969,8781,39,3,1.99,5.97
21970,8782,39,2,1.99,3.98
21971,8782,10,2,79.99,159.98
21972,8782,9,2,69.99,139.98
21973,8783,31,3,0.79,2.37
21974,8784,30,1,2.49,2.49
21975,8784,83,3,29.99,89.97
21976,8784,86,2,19.99,39.98
21977,8784,15,1,799.99,799.99
21978,8785,11,2,1899.99,3799.98
21979,8785,1,3,9.99,29.97
21980,8786,15,3,799.99,2399.97
21981,8786,17,2,12.99,25.98
21982,8787,10,2,79.99,159.98
21983,8787,86,1,19.99,19.99
21984,8787,40,2,3.99,7.98
21985,8788,86,2,19.99,39.98
21986,8788,3,1,14.99,14.99
21987,8788,22,1,10.99,10.99
21988,8789,22,2,10.99,21.98
21989,8789,82,2,1499.99,2999.98
21990,8790,73,3,19.99,59.97
21991,8790,83,1,29.99,29.99
21992,8790,90,3,89.99,269.97
21993,8790,84,2,24.99,49.98
21994,8791,2,2,19.99,39.98
21995,8792,36,2,19.99,39.98
21996,8793,69,2,3.99,7.98
21997,8793,14,1,499.99,499.99
21998,8793,3,3,14.99,44.97
21999,8794,94,1,1499.99,1499.99
22000,8795,95,3,8999.99,26999.97
22001,8796,61,3,34.99,104.97
22002,8796,92,3,109.99,329.97
22003,8797,17,3,12.99,38.97
22004,8797,9,2,69.99,139.98
22005,8797,52,3,29.99,89.97
22006,8798,12,3,2499.99,7499.97
22007,8798,10,2,79.99,159.98
22008,8798,15,2,799.99,1599.98
22009,8799,53,2,12.99,25.98
22010,8800,54,3,8.99,26.97
22011,8800,35,2,2.29,4.58
22012,8801,84,2,24.99,49.98
22013,8802,29,2,3.99,7.98
22014,8802,38,3,5.99,17.97
22015,8803,1,1,9.99,9.99
22016,8803,38,2,5.99,11.98
22017,8803,11,2,1899.99,3799.98
22018,8804,87,1,27.99,27.99
22019,8804,91,1,119.99,119.99
22020,8805,18,2,8.99,17.98
22021,8805,52,3,29.99,89.97
22022,8806,7,2,129.99,259.98
22023,8806,77,3,5.99,17.97
22024,8806,58,3,3.99,11.97
