order_id,customer_id,order_date,total_amount,order_status
1,31,2025-11-20,164.96,Completed
2,216,2025-11-20,2819.25,Completed
3,261,2025-11-20,1565.93,Completed
4,282,2025-11-20,305.41,Completed
5,258,2025-11-20,299.97,Completed
6,278,2025-11-20,23.98,Completed
7,189,2025-11-20,19.99,Completed
8,215,2025-11-20,7.57,Completed
9,408,2025-11-20,120.96,Completed
10,475,2025-11-20,14.99,Completed
11,369,2025-11-20,12.99,Completed
12,37,2025-11-20,440.4,Completed
13,28,2025-11-20,69.98,Completed
14,70,2025-11-20,239.94,Completed
15,189,2025-11-20,80.92,Completed
16,345,2025-11-20,121.98,Completed
17,331,2025-11-20,14.99,Completed
18,248,2025-11-20,1420.96,Completed
19,191,2025-11-20,3518.92,Completed
20,312,2025-11-20,204.95,Completed
21,488,2025-11-20,383.96,Completed
22,280,2025-11-20,1824.96,Completed
23,403,2025-11-20,84.97,Completed
24,440,2025-11-20,4504.55,Completed
25,109,2025-11-20,539.94,Completed
26,231,2025-11-20,22.85,Completed
27,454,2025-11-20,4508.83,Completed
28,72,2025-11-20,4709.92,Completed
29,261,2025-11-20,7.47,Completed
30,327,2025-11-20,569.93,Completed
31,168,2025-11-20,30.96,Completed
32,7,2025-11-20,398.91,Completed
33,49,2025-11-20,1006.97,Completed
34,178,2025-11-20,5.47,Completed
35,181,2025-11-20,1.98,Completed
36,128,2025-11-20,2576.93,Completed
37,376,2025-11-20,49.96,Completed
38,277,2025-11-20,33133.41,Completed
39,197,2025-11-20,399.96,Completed
40,161,2025-11-20,3014.97,Completed
41,4,2025-11-20,421.23,Completed
42,462,2025-11-20,1.99,Completed
43,397,2025-11-20,219.54,Completed
44,306,2025-11-20,1499.97,Completed
45,187,2025-11-20,19.96,Completed
46,347,2025-11-20,50.96,Completed
47,231,2025-11-20,145.92,Completed
48,322,2025-11-20,2104.94,Completed
49,347,2025-11-20,1084.95,Completed
50,455,2025-11-20,373.38,Completed
51,319,2025-11-20,41.97,Completed
52,23,2025-11-20,2949.89,Completed
53,39,2025-11-20,29.97,Completed
54,456,2025-11-21,18008.97,Completed
55,52,2025-11-21,3473.93,Completed
56,226,2025-11-21,3999.98,Completed
57,56,2025-11-21,3113.23,Completed
58,352,2025-11-21,16.47,Completed
59,394,2025-11-21,102.95,Completed
60,132,2025-11-21,421.41,Completed
61,210,2025-11-21,15.97,Completed
62,25,2025-11-21,3032.44,Completed
63,62,2025-11-21,2861.93,Completed
64,163,2025-11-21,1140.96,Completed
65,190,2025-11-21,99.98,Completed
66,176,2025-11-21,3512.92,Completed
67,41,2025-11-21,856.94,Completed
68,156,2025-11-21,584.91,Completed
69,91,2025-11-21,19.46,Completed
70,393,2025-11-21,216.39,Completed
71,466,2025-11-21,28965.9,Completed
72,230,2025-11-21,89.97,Completed
73,55,2025-11-21,5750.91,Completed
74,359,2025-11-21,90.8,Completed
75,111,2025-11-21,79.98,Completed
76,150,2025-11-21,106.95,Completed
77,455,2025-11-21,4344.92,Completed
78,168,2025-11-21,1629.98,Completed
79,25,2025-11-21,3051.91,Completed
80,50,2025-11-21,38.97,Completed
81,448,2025-11-21,149.97,Completed
82,354,2025-11-21,155.95,Completed
83,365,2025-11-21,13939.95,Completed
84,21,2025-11-21,25.96,Completed
85,248,2025-11-21,17.97,Completed
86,366,2025-11-21,4259.95,Completed
87,110,2025-11-21,246.92,Completed
88,9,2025-11-21,278.96,Completed
89,474,2025-11-21,239.96,Completed
90,361,2025-11-21,317.95,Completed
91,479,2025-11-21,259.98,Completed
92,146,2025-11-21,13022.94,Completed
93,261,2025-11-21,171.97,Completed
94,337,2025-11-21,5813.51,Completed
95,407,2025-11-21,67.92,Completed
96,201,2025-11-21,35.94,Completed
97,87,2025-11-21,6.96,Completed
98,367,2025-11-21,4097.92,Completed
99,167,2025-11-21,2.58,Completed
100,403,2025-11-21,396.91,Completed
101,69,2025-11-21,1523.97,Completed
102,172,2025-11-21,209.94,Completed
103,172,2025-11-21,28425.91,Completed
104,420,2025-11-21,419.96,Completed
105,117,2025-11-21,315.92,Completed
106,485,2025-11-22,349.91,Completed
107,24,2025-11-22,319.96,Completed
108,4,2025-11-22,127.91,Completed
109,389,2025-11-22,2615.92,Completed
110,72,2025-11-22,689.96,Completed
111,295,2025-11-22,56.94,Completed
112,222,2025-11-22,1629.44,Completed
113,470,2025-11-22,58.95,Completed
114,254,2025-11-22,265.92,Completed
115,63,2025-11-22,175.95,Completed
116,183,2025-11-22,655.92,Completed
117,57,2025-11-22,2121.42,Completed
118,357,2025-11-22,89.99,Completed
119,174,2025-11-22,59.97,Completed
120,439,2025-11-22,27129.94,Completed
121,416,2025-11-22,1815.97,Completed
122,241,2025-11-22,1529.98,Completed
123,470,2025-11-22,1799.99,Completed
124,449,2025-11-22,456.91,Completed
125,6,2025-11-22,39061.24,Completed
126,400,2025-11-22,160.51,Completed
127,284,2025-11-22,1556.42,Completed
128,131,2025-11-22,2555.91,Completed
129,33,2025-11-22,28.97,Completed
130,51,2025-11-22,17.97,Completed
131,152,2025-11-22,28119.96,Completed
132,14,2025-11-22,303.97,Completed
133,406,2025-11-22,2139.96,Completed
134,118,2025-11-22,45.94,Completed
135,415,2025-11-22,6.87,Completed
136,300,2025-11-22,120.92,Completed
137,378,2025-11-22,7.47,Completed
138,471,2025-11-22,141.43,Completed
139,207,2025-11-22,299.99,Completed
140,146,2025-11-22,1882.45,Completed
141,356,2025-11-22,32.94,Completed
142,39,2025-11-22,9.99,Completed
143,170,2025-11-22,5608.92,Completed
144,180,2025-11-22,3.87,Completed
145,280,2025-11-22,139.41,Completed
146,354,2025-11-22,3.98,Completed
147,187,2025-11-22,3063.94,Completed
148,94,2025-11-22,3159.93,Completed
149,103,2025-11-22,39042.94,Completed
150,261,2025-11-22,437.94,Completed
151,211,2025-11-22,3799.98,Completed
152,159,2025-11-22,1054.94,Completed
153,230,2025-11-22,93.98,Completed
154,141,2025-11-22,59.96,Completed
155,423,2025-11-22,164.95,Completed
156,300,2025-11-22,732.51,Completed
157,472,2025-11-22,251.94,Completed
158,231,2025-11-22,16.96,Completed
159,379,2025-11-22,3003.96,Completed
160,230,2025-11-22,13.44,Completed
161,52,2025-11-22,1772.93,Completed
162,482,2025-11-22,20.97,Completed
163,2,2025-11-22,0.99,Completed
164,409,2025-11-22,179.98,Completed
165,210,2025-11-22,71.94,Completed
166,374,2025-11-22,56.92,Completed
167,399,2025-11-22,179.97,Completed
168,212,2025-11-22,44.96,Completed
169,183,2025-11-22,431.41,Completed
170,394,2025-11-22,2.97,Completed
171,271,2025-11-22,5319.95,Completed
172,176,2025-11-22,28517.94,Completed
173,159,2025-11-22,326.94,Completed
174,274,2025-11-22,29.99,Completed
175,268,2025-11-22,2742.3,Completed
176,39,2025-11-23,11.98,Completed
177,375,2025-11-23,35.96,Completed
178,417,2025-11-23,60.42,Completed
179,236,2025-11-23,11339.94,Completed
180,187,2025-11-23,2953.9,Completed
181,477,2025-11-23,184.73,Completed
182,311,2025-11-23,515.95,Completed
183,80,2025-11-23,19.99,Completed
184,407,2025-11-23,4119.96,Completed
185,367,2025-11-23,179.98,Completed
186,320,2025-11-23,372.92,Completed
187,374,2025-11-23,2999.98,Completed
188,336,2025-11-23,17.98,Completed
189,65,2025-11-23,9.99,Completed
190,477,2025-11-23,93.92,Completed
191,357,2025-11-23,20510.89,Completed
192,9,2025-11-23,25.98,Completed
193,149,2025-11-23,3402.93,Completed
194,110,2025-11-23,144.93,Completed
195,474,2025-11-23,4317.93,Completed
196,78,2025-11-23,396.24,Completed
197,402,2025-11-23,59.97,Completed
198,484,2025-11-23,5679.91,Completed
199,480,2025-11-23,292.94,Completed
200,246,2025-11-23,49.44,Completed
201,75,2025-11-23,2399.97,Completed
202,305,2025-11-23,28134.94,Completed
203,412,2025-11-23,39.96,Completed
204,348,2025-11-23,277.44,Completed
205,341,2025-11-23,19.98,Completed
206,149,2025-11-23,150.93,Completed
207,50,2025-11-23,2.97,Completed
208,286,2025-11-23,76.43,Completed
209,430,2025-11-23,389.94,Completed
210,99,2025-11-23,1880.42,Completed
211,271,2025-11-23,13073.95,Completed
212,189,2025-11-23,60.93,Completed
213,254,2025-11-23,53.83,Completed
214,173,2025-11-23,69.99,Completed
215,281,2025-11-23,275.4,Completed
216,67,2025-11-23,305.94,Completed
217,24,2025-11-23,215.9,Completed
218,496,2025-11-23,288.94,Completed
219,335,2025-11-23,98.98,Completed
220,162,2025-11-23,159.98,Completed
221,428,2025-11-23,902.95,Completed
222,123,2025-11-23,243.95,Completed
223,74,2025-11-23,4.28,Completed
224,202,2025-11-23,22.97,Completed
225,447,2025-11-23,39.98,Completed
226,170,2025-11-23,29.97,Completed
227,428,2025-11-23,638.95,Completed
228,500,2025-11-23,161.39,Completed
229,342,2025-11-23,7051.92,Completed
230,119,2025-11-23,229.96,Completed
231,448,2025-11-23,8623.91,Completed
232,500,2025-11-23,85.97,Completed
233,54,2025-11-24,8999.99,Completed
234,441,2025-11-24,239.98,Completed
235,69,2025-11-24,48.93,Completed
236,233,2025-11-24,291.92,Completed
237,266,2025-11-24,29.93,Completed
238,240,2025-11-24,49.97,Completed
239,143,2025-11-24,6.48,Completed
240,196,2025-11-24,6066.92,Completed
241,411,2025-11-24,26117.23,Completed
242,92,2025-11-24,115.93,Completed
243,451,2025-11-24,1799.99,Completed
244,278,2025-11-24,31.98,Completed
245,251,2025-11-24,749.9,Completed
246,117,2025-11-24,49.99,Completed
247,18,2025-11-24,16.47,Completed
248,22,2025-11-24,3209.95,Completed
249,125,2025-11-24,7.99,Completed
250,244,2025-11-24,132.48,Completed
251,411,2025-11-24,200.95,Completed
252,142,2025-11-24,9.98,Completed
253,366,2025-11-24,28140.91,Completed
254,275,2025-11-24,21.97,Completed
255,380,2025-11-24,70.91,Completed
256,205,2025-11-24,35.55,Completed
257,208,2025-11-24,69.97,Completed
258,353,2025-11-24,109.99,Completed
259,242,2025-11-24,32.97,Completed
260,87,2025-11-24,843.95,Completed
261,432,2025-11-24,387.94,Completed
262,201,2025-11-24,11.97,Completed
263,485,2025-11-24,38.97,Completed
264,280,2025-11-24,77.94,Completed
265,448,2025-11-24,158.96,Completed
266,413,2025-11-24,24.96,Completed
267,401,2025-11-24,25.97,Completed
268,468,2025-11-24,19.98,Completed
269,37,2025-11-24,180.7,Completed
270,449,2025-11-24,1420.96,Completed
271,163,2025-11-24,39.98,Completed
272,242,2025-11-24,562.21,Completed
273,216,2025-11-24,209.97,Completed
274,262,2025-11-24,214.94,Completed
275,134,2025-11-24,2505.97,Completed
276,469,2025-11-24,273.96,Completed
277,333,2025-11-25,169.96,Completed
278,387,2025-11-25,27003.96,Completed
279,244,2025-11-25,4548.73,Completed
280,60,2025-11-25,1718.94,Completed
281,252,2025-11-25,1617.43,Completed
282,377,2025-11-25,304.42,Completed
283,9,2025-11-25,808.76,Completed
284,451,2025-11-25,14.47,Completed
285,57,2025-11-25,2175.96,Completed
286,376,2025-11-25,101.93,Completed
287,456,2025-11-25,5447.9,Completed
288,193,2025-11-25,3909.91,Completed
289,295,2025-11-25,2866.91,Completed
290,430,2025-11-25,19.99,Completed
291,321,2025-11-25,1513.95,Completed
292,171,2025-11-25,257.43,Completed
293,166,2025-11-25,5311.93,Completed
294,347,2025-11-25,459.92,Completed
295,391,2025-11-25,310.95,Completed
296,235,2025-11-25,179.98,Completed
297,25,2025-11-25,16.99,Completed
298,115,2025-11-25,18019.53,Completed
299,496,2025-11-25,97.54,Completed
300,95,2025-11-26,50.93,Completed
301,351,2025-11-26,1870.95,Completed
302,429,2025-11-26,9110.92,Completed
303,249,2025-11-26,1.58,Completed
304,414,2025-11-26,4019.96,Completed
305,92,2025-11-26,109.43,Completed
306,170,2025-11-26,5.97,Completed
307,111,2025-11-26,84.96,Completed
308,329,2025-11-26,1886.93,Completed
309,16,2025-11-26,208.97,Completed
310,395,2025-11-26,40.95,Completed
311,481,2025-11-26,590.96,Completed
312,254,2025-11-26,3234.91,Completed
313,366,2025-11-26,269.95,Completed
314,306,2025-11-26,261.95,Completed
315,435,2025-11-26,62.94,Completed
316,361,2025-11-26,4999.98,Completed
317,410,2025-11-26,149.97,Completed
318,312,2025-11-26,1529.97,Completed
319,289,2025-11-26,119.97,Completed
320,99,2025-11-26,537.93,Completed
321,235,2025-11-26,743.29,Completed
322,147,2025-11-26,45.97,Completed
323,431,2025-11-26,1686.81,Completed
324,492,2025-11-26,97.97,Completed
325,381,2025-11-26,329.97,Completed
326,330,2025-11-26,27039.94,Completed
327,154,2025-11-26,1525.94,Completed
328,231,2025-11-26,25.98,Completed
329,227,2025-11-26,59.97,Completed
330,196,2025-11-26,55.97,Completed
331,185,2025-11-26,143.82,Completed
332,26,2025-11-26,48.93,Completed
333,14,2025-11-26,1099.99,Completed
334,103,2025-11-26,99.96,Completed
335,100,2025-11-26,5.99,Completed
336,480,2025-11-26,141.96,Completed
337,303,2025-11-26,6.46,Completed
338,370,2025-11-26,39.98,Completed
339,126,2025-11-26,3811.95,Completed
340,250,2025-11-26,5401.96,Completed
341,184,2025-11-26,11.98,Completed
342,43,2025-11-26,59.97,Completed
343,458,2025-11-26,245.93,Completed
344,69,2025-11-26,9160.92,Completed
345,322,2025-11-26,224.91,Completed
346,473,2025-11-26,5013.55,Completed
347,455,2025-11-26,18034.94,Completed
348,370,2025-11-26,9.99,Completed
349,334,2025-11-26,31.96,Completed
350,433,2025-11-26,3999.98,Completed
351,317,2025-11-26,4662.32,Completed
352,423,2025-11-26,17.98,Completed
353,46,2025-11-26,71.52,Completed
354,79,2025-11-26,3931.89,Completed
355,178,2025-11-26,1131.95,Completed
356,62,2025-11-26,251.94,Completed
357,441,2025-11-27,11.97,Completed
358,49,2025-11-27,53.96,Completed
359,223,2025-11-27,5.99,Completed
360,410,2025-11-27,9139.94,Completed
361,205,2025-11-27,73.83,Completed
362,337,2025-11-27,19.99,Completed
363,301,2025-11-27,7651.93,Completed
364,164,2025-11-27,262.94,Completed
365,241,2025-11-27,3818.94,Completed
366,438,2025-11-27,89.96,Completed
367,256,2025-11-27,23899.97,Completed
368,489,2025-11-27,290.91,Completed
369,169,2025-11-27,4499.97,Completed
370,54,2025-11-27,97.91,Completed
371,73,2025-11-27,7.47,Completed
372,113,2025-11-27,25.97,Completed
373,286,2025-11-27,50.95,Completed
374,238,2025-11-27,4.47,Completed
375,93,2025-11-27,2453.94,Completed
376,473,2025-11-27,54.96,Completed
377,75,2025-11-27,11029.95,Completed
378,293,2025-11-27,179.98,Completed
379,254,2025-11-27,1218.93,Completed
380,174,2025-11-27,23.97,Completed
381,86,2025-11-27,320.91,Completed
382,96,2025-11-27,1533.96,Completed
383,462,2025-11-27,38.97,Completed
384,348,2025-11-27,14.96,Completed
385,10,2025-11-27,3.99,Completed
386,314,2025-11-27,299.99,Completed
387,71,2025-11-27,350.94,Completed
388,41,2025-11-27,4999.98,Completed
389,317,2025-11-27,96.46,Completed
390,85,2025-11-27,5116.91,Completed
391,4,2025-11-27,65.94,Completed
392,149,2025-11-27,184.96,Completed
393,481,2025-11-27,39199.92,Completed
394,230,2025-11-27,28110.44,Completed
395,178,2025-11-27,65.52,Completed
396,89,2025-11-27,10.99,Completed
397,294,2025-11-27,263.92,Completed
398,338,2025-11-27,4.47,Completed
399,448,2025-11-27,1530.96,Completed
400,356,2025-11-27,97.97,Completed
401,222,2025-11-27,31.96,Completed
402,231,2025-11-27,38.97,Completed
403,258,2025-11-27,179.97,Completed
404,132,2025-11-27,209.93,Completed
405,82,2025-11-27,1339.93,Completed
406,270,2025-11-27,40.74,Completed
407,298,2025-11-28,312.51,Completed
408,88,2025-11-28,34.98,Completed
409,484,2025-11-28,56.96,Completed
410,303,2025-11-28,299.94,Completed
411,132,2025-11-28,89.99,Completed
412,135,2025-11-28,114.96,Completed
413,138,2025-11-28,3340.94,Completed
414,266,2025-11-28,1869.95,Completed
415,26,2025-11-28,209.97,Completed
416,298,2025-11-28,491.92,Completed
417,33,2025-11-28,7.48,Completed
418,367,2025-11-28,1799.99,Completed
419,32,2025-11-28,2170.75,Completed
420,158,2025-11-28,44.97,Completed
421,347,2025-11-28,209.96,Completed
422,351,2025-11-28,27.84,Completed
423,314,2025-11-28,128.94,Completed
424,238,2025-11-28,29.98,Completed
425,315,2025-11-28,7.98,Completed
426,389,2025-11-28,14137.42,Completed
427,64,2025-11-28,119.99,Completed
428,113,2025-11-28,33.45,Completed
429,486,2025-11-29,15.98,Completed
430,67,2025-11-29,177.95,Completed
431,58,2025-11-29,9.99,Completed
432,432,2025-11-29,65.95,Completed
433,269,2025-11-29,44.95,Completed
434,219,2025-11-29,79.99,Completed
435,284,2025-11-29,2431.95,Completed
436,221,2025-11-29,4.99,Completed
437,212,2025-11-29,9123.96,Completed
438,417,2025-11-29,26.94,Completed
439,369,2025-11-29,89.99,Completed
440,354,2025-11-29,33.98,Completed
441,185,2025-11-29,655.93,Completed
442,324,2025-11-29,10.99,Completed
443,151,2025-11-29,2999.98,Completed
444,86,2025-11-29,8999.99,Completed
445,151,2025-11-29,53.93,Completed
446,98,2025-11-29,135.52,Completed
447,96,2025-11-29,19.98,Completed
448,205,2025-11-29,182.34,Completed
449,162,2025-11-29,25043.91,Completed
450,14,2025-11-29,6.99,Completed
451,41,2025-11-29,132.45,Completed
452,170,2025-11-29,73.94,Completed
453,97,2025-11-29,21.47,Completed
454,292,2025-11-29,419.42,Completed
455,22,2025-11-29,79.98,Completed
456,439,2025-11-29,84.95,Completed
457,370,2025-11-29,41.94,Completed
458,145,2025-11-29,13.98,Completed
459,193,2025-11-29,3.98,Completed
460,193,2025-11-29,250.93,Completed
461,287,2025-11-29,5.99,Completed
462,386,2025-11-29,11.97,Completed
463,225,2025-11-29,25759.93,Completed
464,327,2025-11-29,33104.91,Completed
465,248,2025-11-29,124.96,Completed
466,465,2025-11-29,97.93,Completed
467,300,2025-11-30,336.9,Completed
468,344,2025-11-30,100.92,Completed
469,442,2025-11-30,6029.93,Completed
470,327,2025-11-30,164.96,Completed
471,209,2025-11-30,21.76,Completed
472,271,2025-11-30,1007.96,Completed
473,486,2025-11-30,4.99,Completed
474,380,2025-11-30,25.98,Completed
475,329,2025-11-30,18039.97,Completed
476,129,2025-11-30,66.9,Completed
477,99,2025-11-30,29.97,Completed
478,189,2025-11-30,1679.95,Completed
479,50,2025-11-30,18.04,Completed
480,53,2025-11-30,45.94,Completed
481,272,2025-11-30,409.9,Completed
482,423,2025-11-30,24.45,Completed
483,36,2025-11-30,0.79,Completed
484,127,2025-11-30,6206.91,Completed
485,167,2025-11-30,5.98,Completed
486,256,2025-11-30,280.95,Completed
487,135,2025-11-30,3499.97,Completed
488,423,2025-11-30,34.99,Completed
489,225,2025-11-30,1899.99,Completed
490,204,2025-11-30,684.92,Completed
491,230,2025-11-30,3029.92,Completed
492,279,2025-11-30,1839.95,Completed
493,223,2025-11-30,9799.98,Completed
494,466,2025-11-30,142.45,Completed
495,373,2025-11-30,43.96,Completed
496,464,2025-11-30,2538.92,Completed
497,196,2025-11-30,59.97,Completed
498,406,2025-11-30,1516.95,Completed
499,268,2025-11-30,23.97,Completed
500,448,2025-11-30,35.93,Completed
501,21,2025-11-30,115.96,Completed
502,277,2025-11-30,29.98,Completed
503,268,2025-11-30,79.99,Completed
504,473,2025-12-01,454.96,Completed
505,53,2025-12-01,229.38,Completed
506,326,2025-12-01,24079.93,Completed
507,36,2025-12-01,164.43,Completed
508,302,2025-12-01,33052.93,Completed
509,247,2025-12-01,473.89,Completed
510,475,2025-12-01,1072.94,Completed
511,120,2025-12-01,309.96,Completed
512,461,2025-12-01,28549.96,Completed
513,330,2025-12-01,28087.95,Completed
514,249,2025-12-01,107.94,Completed
515,159,2025-12-01,234.91,Completed
516,203,2025-12-01,5465.89,Completed
517,425,2025-12-01,125.95,Completed
518,499,2025-12-01,96.95,Completed
519,354,2025-12-01,17.98,Completed
520,361,2025-12-01,384.9,Completed
521,336,2025-12-01,355.93,Completed
522,209,2025-12-01,82.94,Completed
523,311,2025-12-01,3355.92,Completed
524,253,2025-12-01,8799.89,Completed
525,135,2025-12-01,1499.99,Completed
526,396,2025-12-01,5222.93,Completed
527,162,2025-12-01,99.99,Completed
528,264,2025-12-01,163.27,Completed
529,151,2025-12-01,109.98,Completed
530,493,2025-12-01,30.73,Completed
531,396,2025-12-01,26.97,Completed
532,500,2025-12-01,2709.93,Completed
533,408,2025-12-01,105.93,Completed
534,206,2025-12-01,20.97,Completed
535,407,2025-12-01,218.91,Completed
536,39,2025-12-01,7.47,Completed
537,230,2025-12-01,2234.97,Completed
538,164,2025-12-01,1617.96,Completed
539,258,2025-12-01,19.99,Completed
540,364,2025-12-01,1506.98,Completed
541,355,2025-12-01,268.93,Completed
542,216,2025-12-01,42353.88,Completed
543,132,2025-12-01,5405.94,Completed
544,314,2025-12-01,266.97,Completed
545,260,2025-12-01,51.54,Completed
546,400,2025-12-02,152.94,Completed
547,189,2025-12-02,26064.94,Completed
548,447,2025-12-02,149.97,Completed
549,87,2025-12-02,17.45,Completed
550,125,2025-12-02,65.25,Completed
551,363,2025-12-02,17.28,Completed
552,42,2025-12-02,282.93,Completed
553,139,2025-12-02,23.97,Completed
554,408,2025-12-02,176.45,Completed
555,187,2025-12-02,165.91,Completed
556,284,2025-12-02,175.94,Completed
557,194,2025-12-02,19.99,Completed
558,130,2025-12-02,59.25,Completed
559,455,2025-12-02,4199.97,Completed
560,40,2025-12-02,25.98,Completed
561,102,2025-12-02,3004.97,Completed
562,283,2025-12-02,1704.91,Completed
563,492,2025-12-02,3.99,Completed
564,393,2025-12-02,11.98,Completed
565,267,2025-12-02,13.46,Completed
566,292,2025-12-02,4006.94,Completed
567,296,2025-12-02,9061.94,Completed
568,220,2025-12-02,12.99,Completed
569,226,2025-12-02,13999.99,Completed
570,181,2025-12-02,11.98,Completed
571,440,2025-12-02,229.93,Completed
572,498,2025-12-02,3193.94,Completed
573,282,2025-12-02,382.29,Completed
574,98,2025-12-02,109.96,Completed
575,187,2025-12-02,1847.94,Completed
576,84,2025-12-02,15.99,Completed
577,491,2025-12-02,8.94,Completed
578,114,2025-12-02,38.97,Completed
579,14,2025-12-02,35.98,Completed
580,4,2025-12-02,159.94,Completed
581,84,2025-12-02,3611.95,Completed
582,263,2025-12-02,62.26,Completed
583,26,2025-12-02,76.94,Completed
584,15,2025-12-02,14.99,Completed
585,220,2025-12-02,91.93,Completed
586,95,2025-12-02,191.91,Completed
587,408,2025-12-02,335.92,Completed
588,347,2025-12-02,2270.93,Completed
589,377,2025-12-02,1499.99,Completed
590,267,2025-12-02,169.96,Completed
591,396,2025-12-02,275.94,Completed
592,71,2025-12-02,301.94,Completed
593,430,2025-12-02,289.94,Completed
594,254,2025-12-02,3159.95,Completed
595,431,2025-12-02,322.41,Completed
596,225,2025-12-02,50.94,Completed
597,396,2025-12-02,297.93,Completed
598,179,2025-12-02,6017.95,Completed
599,364,2025-12-02,194.91,Completed
600,68,2025-12-02,13079.98,Completed
601,314,2025-12-02,1619.96,Completed
602,60,2025-12-02,625.96,Completed
603,270,2025-12-02,112.92,Completed
604,366,2025-12-02,1953.95,Completed
605,188,2025-12-02,319.96,Completed
606,389,2025-12-02,79.95,Completed
607,89,2025-12-02,50.97,Completed
608,402,2025-12-02,201.91,Completed
609,76,2025-12-02,3308.96,Completed
610,199,2025-12-02,32523.42,Completed
611,371,2025-12-02,32.95,Completed
612,337,2025-12-02,1614.92,Completed
613,377,2025-12-02,3.99,Completed
614,42,2025-12-02,29.96,Completed
615,303,2025-12-02,351.39,Completed
616,4,2025-12-02,2099.95,Completed
617,436,2025-12-02,29899.97,Completed
618,53,2025-12-03,6049.95,Completed
619,444,2025-12-03,28275.9,Completed
620,32,2025-12-03,18.96,Completed
621,137,2025-12-03,5869.93,Completed
622,235,2025-12-03,4227.93,Completed
623,238,2025-12-03,717.95,Completed
624,418,2025-12-03,46.95,Completed
625,283,2025-12-03,90.92,Completed
626,64,2025-12-03,34.93,Completed
627,57,2025-12-03,89.99,Completed
628,27,2025-12-03,4119.94,Completed
629,99,2025-12-03,62.94,Completed
630,98,2025-12-03,69.94,Completed
631,205,2025-12-03,74.97,Completed
632,188,2025-12-03,18025.94,Completed
633,281,2025-12-03,64.93,Completed
634,376,2025-12-03,13.96,Completed
635,254,2025-12-03,77.82,Completed
636,321,2025-12-03,287.43,Completed
637,98,2025-12-03,66.41,Completed
638,130,2025-12-03,2424.96,Completed
639,81,2025-12-03,7.98,Completed
640,450,2025-12-03,5399.97,Completed
641,69,2025-12-03,27017.93,Completed
642,164,2025-12-03,3.87,Completed
643,370,2025-12-03,1299.96,Completed
644,62,2025-12-03,142.91,Completed
645,38,2025-12-03,14026.96,Completed
646,469,2025-12-03,2499.99,Completed
647,78,2025-12-03,7563.93,Completed
648,370,2025-12-03,84.93,Completed
649,450,2025-12-03,4999.98,Completed
650,390,2025-12-03,22018.94,Completed
651,228,2025-12-03,1079.95,Completed
652,139,2025-12-03,179.98,Completed
653,487,2025-12-03,2849.96,Completed
654,45,2025-12-03,95.97,Completed
655,132,2025-12-03,52.93,Completed
656,467,2025-12-03,2.49,Completed
657,351,2025-12-03,17.95,Completed
658,23,2025-12-03,1899.99,Completed
659,88,2025-12-03,14.99,Completed
660,330,2025-12-03,5081.92,Completed
661,50,2025-12-03,215.93,Completed
662,459,2025-12-03,5.97,Completed
663,50,2025-12-03,346.92,Completed
664,249,2025-12-03,40.75,Completed
665,253,2025-12-03,785.42,Completed
666,413,2025-12-03,1807.46,Completed
667,171,2025-12-03,13.98,Completed
668,114,2025-12-03,149.97,Completed
669,103,2025-12-03,11.97,Completed
670,136,2025-12-03,336.91,Completed
671,487,2025-12-03,39079.91,Completed
672,429,2025-12-03,19.98,Completed
673,431,2025-12-03,34.99,Completed
674,240,2025-12-03,56.96,Completed
675,130,2025-12-03,8.07,Completed
676,286,2025-12-03,385.95,Completed
677,330,2025-12-03,21.96,Completed
678,492,2025-12-03,764.94,Completed
679,470,2025-12-03,14.97,Completed
680,419,2025-12-03,290.94,Completed
681,122,2025-12-03,53.94,Completed
682,32,2025-12-03,9.98,Completed
683,361,2025-12-03,3860.93,Completed
684,45,2025-12-03,164.96,Completed
685,385,2025-12-03,224.94,Completed
686,249,2025-12-03,25.95,Completed
687,368,2025-12-03,109.91,Completed
688,420,2025-12-03,26.97,Completed
689,62,2025-12-03,5045.91,Completed
690,217,2025-12-04,8.99,Completed
691,257,2025-12-04,283.91,Completed
692,362,2025-12-04,92.94,Completed
693,185,2025-12-04,21.93,Completed
694,378,2025-12-04,296.94,Completed
695,23,2025-12-04,104.97,Completed
696,137,2025-12-04,112.97,Completed
697,181,2025-12-04,373.93,Completed
698,314,2025-12-04,92.97,Completed
699,349,2025-12-04,3599.93,Completed
700,254,2025-12-04,86.89,Completed
701,18,2025-12-04,32999.97,Completed
702,329,2025-12-04,3838.95,Completed
703,376,2025-12-04,90.95,Completed
704,285,2025-12-04,53.97,Completed
705,487,2025-12-04,9.98,Completed
706,399,2025-12-04,499.99,Completed
707,418,2025-12-04,9139.97,Completed
708,304,2025-12-04,159.98,Completed
709,169,2025-12-04,179.9,Completed
710,474,2025-12-04,32.97,Completed
711,53,2025-12-04,19.98,Completed
712,37,2025-12-04,182.96,Completed
713,414,2025-12-04,239.96,Completed
714,169,2025-12-04,2534.55,Completed
715,476,2025-12-04,4.98,Completed
716,10,2025-12-04,313.94,Completed
717,77,2025-12-04,3299.97,Completed
718,214,2025-12-04,121.96,Completed
719,343,2025-12-04,217.93,Completed
720,285,2025-12-04,86.32,Completed
721,493,2025-12-04,4499.97,Completed
722,443,2025-12-04,5071.94,Completed
723,192,2025-12-04,93.96,Completed
724,128,2025-12-04,19.99,Completed
725,291,2025-12-04,14.99,Completed
726,133,2025-12-04,9779.9,Completed
727,48,2025-12-04,1451.95,Completed
728,159,2025-12-04,7499.97,Completed
729,123,2025-12-04,1436.96,Completed
730,464,2025-12-04,116.92,Completed
731,57,2025-12-04,1697.92,Completed
732,43,2025-12-04,299.98,Completed
733,348,2025-12-04,13.98,Completed
734,317,2025-12-04,1816.98,Completed
735,427,2025-12-04,6157.89,Completed
736,489,2025-12-04,299.95,Completed
737,236,2025-12-04,31.95,Completed
738,488,2025-12-04,401.93,Completed
739,395,2025-12-04,90.93,Completed
740,78,2025-12-04,69.98,Completed
741,403,2025-12-04,549.97,Completed
742,160,2025-12-04,239.97,Completed
743,24,2025-12-04,5399.95,Completed
744,498,2025-12-04,15.98,Completed
745,452,2025-12-04,4.98,Completed
746,198,2025-12-04,42637.91,Completed
747,432,2025-12-04,61.97,Completed
748,93,2025-12-04,1299.95,Completed
749,194,2025-12-05,34.95,Completed
750,196,2025-12-05,726.24,Completed
751,62,2025-12-05,66.95,Completed
752,403,2025-12-05,145.93,Completed
753,375,2025-12-05,76.22,Completed
754,245,2025-12-05,14039.97,Completed
755,232,2025-12-05,220.96,Completed
756,347,2025-12-05,36.95,Completed
757,87,2025-12-05,203.95,Completed
758,193,2025-12-05,14.97,Completed
759,126,2025-12-05,79.99,Completed
760,413,2025-12-05,5.49,Completed
761,439,2025-12-05,4.98,Completed
762,11,2025-12-05,58.95,Completed
763,60,2025-12-05,5452.32,Completed
764,496,2025-12-05,2359.93,Completed
765,116,2025-12-05,12.99,Completed
766,212,2025-12-05,0.99,Completed
767,435,2025-12-05,19.98,Completed
768,7,2025-12-05,127.97,Completed
769,72,2025-12-05,22297.4,Completed
770,353,2025-12-05,69.99,Completed
771,349,2025-12-05,24.97,Completed
772,338,2025-12-05,88.96,Completed
773,374,2025-12-05,109.96,Completed
774,391,2025-12-05,287.91,Completed
775,285,2025-12-05,3759.96,Completed
776,114,2025-12-05,326.91,Completed
777,303,2025-12-05,69.98,Completed
778,211,2025-12-05,309.94,Completed
779,442,2025-12-05,2509.83,Completed
780,142,2025-12-05,4.99,Completed
781,432,2025-12-05,2.49,Completed
782,225,2025-12-05,2013.95,Completed
783,114,2025-12-05,113.92,Completed
784,147,2025-12-05,32.93,Completed
785,31,2025-12-05,92.9,Completed
786,468,2025-12-05,3006.96,Completed
787,483,2025-12-05,25999.98,Completed
788,31,2025-12-05,1.99,Completed
789,228,2025-12-05,14.98,Completed
790,26,2025-12-05,311.91,Completed
791,195,2025-12-05,201.95,Completed
792,360,2025-12-05,29620.94,Completed
793,393,2025-12-05,38.97,Completed
794,73,2025-12-05,421.52,Completed
795,365,2025-12-05,17.97,Completed
796,243,2025-12-05,71.8,Completed
797,180,2025-12-06,109.9,Completed
798,183,2025-12-06,67.97,Completed
799,457,2025-12-06,1864.42,Completed
800,407,2025-12-06,224.92,Completed
801,289,2025-12-06,340.96,Completed
802,2,2025-12-06,504.98,Completed
803,110,2025-12-06,129.99,Completed
804,283,2025-12-06,7889.94,Completed
805,168,2025-12-06,1928.46,Completed
806,204,2025-12-06,26074.92,Completed
807,349,2025-12-06,41999.97,Completed
808,33,2025-12-06,1.98,Completed
809,487,2025-12-06,4545.94,Completed
810,273,2025-12-06,275.46,Completed
811,375,2025-12-06,32.47,Completed
812,152,2025-12-06,2.97,Completed
813,114,2025-12-06,1582.24,Completed
814,424,2025-12-06,115.95,Completed
815,254,2025-12-06,90.95,Completed
816,107,2025-12-06,19.98,Completed
817,95,2025-12-06,3075.92,Completed
818,76,2025-12-06,33019.95,Completed
819,472,2025-12-06,122.43,Completed
820,73,2025-12-06,14364.93,Completed
821,275,2025-12-06,1399.99,Completed
822,191,2025-12-06,556.91,Completed
823,263,2025-12-06,606.97,Completed
824,386,2025-12-06,5437.92,Completed
825,480,2025-12-06,7.98,Completed
826,51,2025-12-06,29.97,Completed
827,440,2025-12-06,119.97,Completed
828,277,2025-12-06,1013.96,Completed
829,170,2025-12-06,1334.94,Completed
830,37,2025-12-06,312.93,Completed
831,454,2025-12-06,6.99,Completed
832,496,2025-12-06,209.97,Completed
833,325,2025-12-06,309.92,Completed
834,361,2025-12-06,1955.92,Completed
835,32,2025-12-06,13175.94,Completed
836,469,2025-12-06,145.93,Completed
837,282,2025-12-06,274.96,Completed
838,157,2025-12-07,209.92,Completed
839,145,2025-12-07,280.95,Completed
840,420,2025-12-07,5539.94,Completed
841,84,2025-12-07,198.52,Completed
842,193,2025-12-07,479.94,Completed
843,61,2025-12-07,59.98,Completed
844,173,2025-12-07,89.96,Completed
845,135,2025-12-07,286.44,Completed
846,11,2025-12-07,2349.94,Completed
847,364,2025-12-07,189.94,Completed
848,144,2025-12-07,190.93,Completed
849,106,2025-12-07,17.97,Completed
850,126,2025-12-07,127.94,Completed
851,133,2025-12-07,39.98,Completed
852,306,2025-12-07,252.94,Completed
853,254,2025-12-07,89.97,Completed
854,371,2025-12-07,29.98,Completed
855,355,2025-12-07,89.99,Completed
856,282,2025-12-07,631.96,Completed
857,273,2025-12-07,18.95,Completed
858,335,2025-12-07,250.44,Completed
859,98,2025-12-07,14049.95,Completed
860,337,2025-12-07,6392.93,Completed
861,214,2025-12-07,53919.9,Completed
862,413,2025-12-07,1772.94,Completed
863,6,2025-12-07,119.24,Completed
864,69,2025-12-07,5100.93,Completed
865,447,2025-12-07,25.98,Completed
866,7,2025-12-08,39091.91,Completed
867,200,2025-12-08,118.93,Completed
868,262,2025-12-08,614.96,Completed
869,108,2025-12-08,130.91,Completed
870,474,2025-12-08,255.91,Completed
871,86,2025-12-08,32.97,Completed
872,101,2025-12-08,7539.94,Completed
873,176,2025-12-08,320.91,Completed
874,361,2025-12-08,1499.99,Completed
875,101,2025-12-08,501.81,Completed
876,64,2025-12-08,316.46,Completed
877,367,2025-12-08,69.97,Completed
878,489,2025-12-08,807.46,Completed
879,21,2025-12-08,89.97,Completed
880,120,2025-12-08,25.98,Completed
881,361,2025-12-08,77.94,Completed
882,221,2025-12-08,1684.94,Completed
883,294,2025-12-08,4054.94,Completed
884,410,2025-12-08,282.94,Completed
885,391,2025-12-08,4.99,Completed
886,56,2025-12-09,327.93,Completed
887,74,2025-12-09,103.94,Completed
888,138,2025-12-09,207.92,Completed
889,47,2025-12-09,187.45,Completed
890,32,2025-12-09,6.99,Completed
891,332,2025-12-09,239.97,Completed
892,349,2025-12-09,220.94,Completed
893,133,2025-12-09,202.93,Completed
894,124,2025-12-09,29.94,Completed
895,338,2025-12-09,1545.94,Completed
896,292,2025-12-09,179.96,Completed
897,135,2025-12-09,33003.95,Completed
898,427,2025-12-09,2210.97,Completed
899,425,2025-12-09,8.99,Completed
900,461,2025-12-09,492.53,Completed
901,149,2025-12-09,18003.85,Completed
902,112,2025-12-09,2591.95,Completed
903,202,2025-12-09,2579.96,Completed
904,430,2025-12-09,9.99,Completed
905,469,2025-12-09,73.89,Completed
906,72,2025-12-09,99.98,Completed
907,331,2025-12-09,3308.96,Completed
908,321,2025-12-09,199.98,Completed
909,279,2025-12-09,441.45,Completed
910,378,2025-12-09,351.93,Completed
911,455,2025-12-09,14.97,Completed
912,213,2025-12-09,269.97,Completed
913,187,2025-12-10,1557.91,Completed
914,92,2025-12-10,179.98,Completed
915,6,2025-12-10,109.96,Completed
916,391,2025-12-10,1772.92,Completed
917,156,2025-12-10,47.98,Completed
918,100,2025-12-10,3026.94,Completed
919,41,2025-12-10,537.43,Completed
920,402,2025-12-10,5751.53,Completed
921,375,2025-12-10,9171.94,Completed
922,253,2025-12-10,18.98,Completed
923,48,2025-12-10,51.95,Completed
924,203,2025-12-10,17.98,Completed
925,474,2025-12-10,180.95,Completed
926,327,2025-12-10,119.95,Completed
927,199,2025-12-10,329.97,Completed
928,83,2025-12-10,3074.95,Completed
929,324,2025-12-10,107.97,Completed
930,160,2025-12-10,41319.92,Completed
931,229,2025-12-10,34.99,Completed
932,260,2025-12-10,105.92,Completed
933,262,2025-12-10,328.9,Completed
934,212,2025-12-10,7.47,Completed
935,351,2025-12-10,1905.96,Completed
936,298,2025-12-10,25.98,Completed
937,36,2025-12-10,8.96,Completed
938,115,2025-12-10,337.95,Completed
939,443,2025-12-10,27164.93,Completed
940,276,2025-12-10,42292.9,Completed
941,83,2025-12-10,17999.98,Completed
942,499,2025-12-10,11.98,Completed
943,321,2025-12-10,1062.93,Completed
944,429,2025-12-10,5004.97,Completed
945,494,2025-12-10,260.94,Completed
946,145,2025-12-10,12999.99,Completed
947,317,2025-12-10,1.99,Completed
948,234,2025-12-10,12.99,Completed
949,337,2025-12-10,819.98,Completed
950,208,2025-12-10,17.96,Completed
951,267,2025-12-10,5.99,Completed
952,428,2025-12-10,198.96,Completed
953,438,2025-12-10,62.92,Completed
954,293,2025-12-10,6058.92,Completed
955,277,2025-12-10,508.27,Completed
956,374,2025-12-10,36.94,Completed
957,106,2025-12-10,3079.96,Completed
958,411,2025-12-10,141.94,Completed
959,128,2025-12-10,78.96,Completed
960,185,2025-12-10,56.94,Completed
961,166,2025-12-10,26.97,Completed
962,37,2025-12-10,61.93,Completed
963,249,2025-12-10,5519.96,Completed
964,278,2025-12-10,79.95,Completed
965,258,2025-12-10,4748.93,Completed
966,360,2025-12-10,209.92,Completed
967,224,2025-12-10,189.92,Completed
968,59,2025-12-10,126.43,Completed
969,318,2025-12-10,42017.94,Completed
970,371,2025-12-10,3016.96,Completed
971,51,2025-12-10,4637.91,Completed
972,95,2025-12-10,3.49,Completed
973,471,2025-12-10,179.97,Completed
974,7,2025-12-10,34532.91,Completed
975,5,2025-12-10,739.94,Completed
976,98,2025-12-10,27023.95,Completed
977,43,2025-12-10,4057.94,Completed
978,475,2025-12-10,4999.98,Completed
979,414,2025-12-10,32.97,Completed
980,205,2025-12-11,27.99,Completed
981,193,2025-12-11,39272.91,Completed
982,371,2025-12-11,659.9,Completed
983,139,2025-12-11,404.93,Completed
984,310,2025-12-11,4.99,Completed
985,12,2025-12-11,183.94,Completed
986,304,2025-12-11,47.93,Completed
987,17,2025-12-11,39012.96,Completed
988,118,2025-12-11,17.97,Completed
989,19,2025-12-11,119.97,Completed
990,11,2025-12-11,12.99,Completed
991,104,2025-12-11,236.94,Completed
992,283,2025-12-11,15.99,Completed
993,336,2025-12-11,470.92,Completed
994,66,2025-12-11,15011.94,Completed
995,122,2025-12-11,179.98,Completed
996,120,2025-12-11,389.97,Completed
997,214,2025-12-11,160.92,Completed
998,323,2025-12-11,57.95,Completed
999,216,2025-12-11,1105.97,Completed
1000,240,2025-12-11,27021.91,Completed
1001,329,2025-12-11,118.52,Completed
1002,252,2025-12-11,87.94,Completed
1003,369,2025-12-11,310.93,Completed
1004,133,2025-12-11,78.96,Completed
1005,80,2025-12-11,26.97,Completed
1006,165,2025-12-11,7.98,Completed
1007,419,2025-12-11,17999.98,Completed
1008,405,2025-12-11,1.58,Completed
1009,25,2025-12-12,123.93,Completed
1010,320,2025-12-12,495.91,Completed
1011,448,2025-12-12,7.99,Completed
1012,129,2025-12-12,165.91,Completed
1013,446,2025-12-12,324.97,Completed
1014,495,2025-12-12,3.99,Completed
1015,378,2025-12-12,99.94,Completed
1016,266,2025-12-12,99.44,Completed
1017,135,2025-12-12,56.94,Completed
1018,153,2025-12-12,101.95,Completed
1019,226,2025-12-12,6305.43,Completed
1020,325,2025-12-12,949.96,Completed
1021,71,2025-12-12,2523.96,Completed
1022,388,2025-12-12,2.98,Completed
1023,115,2025-12-12,282.96,Completed
1024,102,2025-12-12,1411.96,Completed
1025,99,2025-12-12,357.94,Completed
1026,154,2025-12-12,79.99,Completed
1027,469,2025-12-12,17.98,Completed
1028,189,2025-12-12,32.97,Completed
1029,286,2025-12-12,94.93,Completed
1030,411,2025-12-12,307.96,Completed
1031,427,2025-12-12,16.47,Completed
1032,431,2025-12-12,107.91,Completed
1033,157,2025-12-12,286.93,Completed
1034,235,2025-12-12,67.94,Completed
1035,399,2025-12-12,373.91,Completed
1036,498,2025-12-12,106.5,Completed
1037,187,2025-12-12,3844.95,Completed
1038,215,2025-12-12,3.99,Completed
1039,129,2025-12-12,165.96,Completed
1040,364,2025-12-12,56.95,Completed
1041,156,2025-12-12,7192.9,Completed
1042,208,2025-12-12,1099.99,Completed
1043,480,2025-12-12,113.96,Completed
1044,92,2025-12-12,4.47,Completed
1045,144,2025-12-12,19.97,Completed
1046,305,2025-12-12,1321.93,Completed
1047,106,2025-12-12,2109.93,Completed
1048,331,2025-12-12,44.97,Completed
1049,368,2025-12-12,5023.44,Completed
1050,232,2025-12-13,2523.96,Completed
1051,87,2025-12-13,3624.97,Completed
1052,268,2025-12-13,39.99,Completed
1053,379,2025-12-13,51.95,Completed
1054,56,2025-12-13,3.49,Completed
1055,455,2025-12-13,32.91,Completed
1056,463,2025-12-13,49.92,Completed
1057,497,2025-12-13,34.56,Completed
1058,94,2025-12-13,18.96,Completed
1059,365,2025-12-13,69.99,Completed
1060,19,2025-12-13,49.96,Completed
1061,471,2025-12-13,12.99,Completed
1062,298,2025-12-13,39.98,Completed
1063,128,2025-12-13,14204.94,Completed
1064,466,2025-12-13,308.95,Completed
1065,411,2025-12-13,3654.95,Completed
1066,194,2025-12-13,3777.94,Completed
1067,267,2025-12-13,74.88,Completed
1068,140,2025-12-13,89.97,Completed
1069,470,2025-12-13,169.94,Completed
1070,305,2025-12-13,25.98,Completed
1071,117,2025-12-13,180.97,Completed
1072,455,2025-12-13,59.97,Completed
1073,46,2025-12-13,300.93,Completed
1074,217,2025-12-13,3319.96,Completed
1075,347,2025-12-13,87.98,Completed
1076,469,2025-12-13,409.91,Completed
1077,51,2025-12-13,41.28,Completed
1078,319,2025-12-13,85.95,Completed
1079,330,2025-12-13,429.94,Completed
1080,429,2025-12-13,38.96,Completed
1081,32,2025-12-13,515.51,Completed
1082,164,2025-12-13,2094.96,Completed
1083,285,2025-12-13,339.96,Completed
1084,313,2025-12-13,222.93,Completed
1085,164,2025-12-13,159.97,Completed
1086,10,2025-12-13,39001.55,Completed
1087,17,2025-12-13,159.98,Completed
1088,256,2025-12-13,376.92,Completed
1089,486,2025-12-13,109.94,Completed
1090,228,2025-12-13,7526.94,Completed
1091,99,2025-12-13,36.81,Completed
1092,203,2025-12-13,2248.94,Completed
1093,428,2025-12-13,5479.95,Completed
1094,160,2025-12-13,137.95,Completed
1095,223,2025-12-13,2289.93,Completed
1096,26,2025-12-13,3907.92,Completed
1097,300,2025-12-13,341.45,Completed
1098,94,2025-12-13,1068.78,Completed
1099,273,2025-12-13,28018.93,Completed
1100,437,2025-12-13,26999.97,Completed
1101,202,2025-12-13,41.97,Completed
1102,53,2025-12-13,4020.44,Completed
1103,348,2025-12-13,97.95,Completed
1104,192,2025-12-13,156.55,Completed
1105,194,2025-12-13,58.92,Completed
1106,455,2025-12-13,175.95,Completed
1107,205,2025-12-13,11051.93,Completed
1108,280,2025-12-13,6064.52,Completed
1109,396,2025-12-13,29.96,Completed
1110,43,2025-12-13,26.95,Completed
1111,285,2025-12-13,1122.94,Completed
1112,425,2025-12-13,4439.94,Completed
1113,117,2025-12-14,139.98,Completed
1114,15,2025-12-14,769.9,Completed
1115,316,2025-12-14,3.99,Completed
1116,221,2025-12-14,1110.98,Completed
1117,426,2025-12-14,33.33,Completed
1118,218,2025-12-14,219.98,Completed
1119,199,2025-12-14,113.92,Completed
1120,327,2025-12-14,149.97,Completed
1121,325,2025-12-14,13024.96,Completed
1122,499,2025-12-14,27844.91,Completed
1123,352,2025-12-14,350.93,Completed
1124,499,2025-12-14,344.93,Completed
1125,140,2025-12-14,4.98,Completed
1126,394,2025-12-14,1.99,Completed
1127,144,2025-12-14,1810.94,Completed
1128,38,2025-12-14,161.71,Completed
1129,458,2025-12-14,7.98,Completed
1130,485,2025-12-14,664.96,Completed
1131,476,2025-12-14,245.92,Completed
1132,124,2025-12-14,1058.94,Completed
1133,319,2025-12-14,35.95,Completed
1134,234,2025-12-14,582.01,Completed
1135,321,2025-12-14,109.95,Completed
1136,409,2025-12-14,11.98,Completed
1137,209,2025-12-14,11.97,Completed
1138,388,2025-12-14,148.95,Completed
1139,291,2025-12-14,3.99,Completed
1140,346,2025-12-14,18.98,Completed
1141,9,2025-12-14,42.98,Completed
1142,356,2025-12-14,77.45,Completed
1143,387,2025-12-14,1587.95,Completed
1144,187,2025-12-14,48.95,Completed
1145,312,2025-12-14,1.29,Completed
1146,101,2025-12-14,264.3,Completed
1147,255,2025-12-14,1433.83,Completed
1148,294,2025-12-14,442.92,Completed
1149,209,2025-12-14,177.96,Completed
1150,449,2025-12-14,49.98,Completed
1151,430,2025-12-14,110.93,Completed
1152,192,2025-12-14,6.99,Completed
1153,276,2025-12-14,24.97,Completed
1154,67,2025-12-14,59.98,Completed
1155,118,2025-12-14,74.95,Completed
1156,445,2025-12-14,249.95,Completed
1157,382,2025-12-14,96.95,Completed
1158,419,2025-12-14,209.94,Completed
1159,456,2025-12-14,35.97,Completed
1160,56,2025-12-14,220.94,Completed
1161,353,2025-12-14,140.44,Completed
1162,268,2025-12-14,156.93,Completed
1163,180,2025-12-14,235.52,Completed
1164,74,2025-12-14,109.97,Completed
1165,353,2025-12-14,183.95,Completed
1166,53,2025-12-14,6609.93,Completed
1167,181,2025-12-14,8.99,Completed
1168,140,2025-12-14,83.97,Completed
1169,346,2025-12-14,13.97,Completed
1170,23,2025-12-14,2274.9,Completed
1171,359,2025-12-14,11.98,Completed
1172,134,2025-12-14,2391.93,Completed
1173,6,2025-12-14,100.96,Completed
1174,87,2025-12-14,196.92,Completed
1175,28,2025-12-14,59.98,Completed
1176,262,2025-12-14,7532.94,Completed
1177,25,2025-12-15,521.88,Completed
1178,244,2025-12-15,146.91,Completed
1179,96,2025-12-15,119.97,Completed
1180,488,2025-12-15,943.93,Completed
1181,148,2025-12-15,1099.99,Completed
1182,268,2025-12-15,62.92,Completed
1183,300,2025-12-15,230.92,Completed
1184,282,2025-12-15,26119.97,Completed
1185,220,2025-12-15,199.96,Completed
1186,79,2025-12-15,92.36,Completed
1187,373,2025-12-15,19.99,Completed
1188,200,2025-12-15,14.99,Completed
1189,100,2025-12-15,1502.98,Completed
1190,296,2025-12-15,2499.99,Completed
1191,324,2025-12-15,4499.97,Completed
1192,317,2025-12-15,119.97,Completed
1193,208,2025-12-15,3209.93,Completed
1194,26,2025-12-15,9.99,Completed
1195,238,2025-12-15,50.92,Completed
1196,246,2025-12-15,167.97,Completed
1197,81,2025-12-15,129.39,Completed
1198,416,2025-12-15,29.97,Completed
1199,403,2025-12-15,4.46,Completed
1200,241,2025-12-15,14090.55,Completed
1201,189,2025-12-16,4538.94,Completed
1202,274,2025-12-16,35.52,Completed
1203,187,2025-12-16,29.97,Completed
1204,214,2025-12-16,109.95,Completed
1205,261,2025-12-16,79.98,Completed
1206,134,2025-12-16,98.44,Completed
1207,373,2025-12-16,42129.93,Completed
1208,245,2025-12-16,9.99,Completed
1209,404,2025-12-16,31003.95,Completed
1210,277,2025-12-16,199.94,Completed
1211,77,2025-12-16,154.94,Completed
1212,164,2025-12-16,5.97,Completed
1213,26,2025-12-16,40.94,Completed
1214,120,2025-12-16,510.9,Completed
1215,361,2025-12-16,76.96,Completed
1216,350,2025-12-16,129.98,Completed
1217,201,2025-12-16,10.95,Completed
1218,478,2025-12-16,1845.94,Completed
1219,66,2025-12-16,25999.98,Completed
1220,118,2025-12-16,357.91,Completed
1221,461,2025-12-16,334.94,Completed
1222,127,2025-12-16,2733.92,Completed
1223,346,2025-12-16,19.99,Completed
1224,117,2025-12-16,9087.95,Completed
1225,178,2025-12-17,256.94,Completed
1226,310,2025-12-17,342.93,Completed
1227,181,2025-12-17,3023.44,Completed
1228,422,2025-12-17,2475.92,Completed
1229,154,2025-12-17,1908.98,Completed
1230,453,2025-12-17,2444.94,Completed
1231,122,2025-12-17,147.45,Completed
1232,23,2025-12-17,2.37,Completed
1233,23,2025-12-17,71.94,Completed
1234,398,2025-12-17,5.99,Completed
1235,234,2025-12-17,21999.98,Completed
1236,15,2025-12-17,269.95,Completed
1237,464,2025-12-17,209.97,Completed
1238,150,2025-12-17,44.97,Completed
1239,268,2025-12-17,129.81,Completed
1240,253,2025-12-17,35.95,Completed
1241,125,2025-12-17,3.99,Completed
1242,232,2025-12-17,189.98,Completed
1243,104,2025-12-17,11.97,Completed
1244,482,2025-12-17,194.94,Completed
1245,195,2025-12-17,109.99,Completed
1246,141,2025-12-17,116.91,Completed
1247,88,2025-12-17,18025.46,Completed
1248,52,2025-12-17,477.92,Completed
1249,108,2025-12-17,26008.95,Completed
1250,395,2025-12-17,3119.93,Completed
1251,82,2025-12-17,89.94,Completed
1252,200,2025-12-17,323.46,Completed
1253,228,2025-12-17,20.94,Completed
1254,259,2025-12-17,26.95,Completed
1255,3,2025-12-17,449.97,Completed
1256,189,2025-12-17,9.98,Completed
1257,235,2025-12-17,10.99,Completed
1258,50,2025-12-17,3008.95,Completed
1259,478,2025-12-17,4.99,Completed
1260,131,2025-12-17,1.98,Completed
1261,26,2025-12-17,327.95,Completed
1262,18,2025-12-17,32.97,Completed
1263,365,2025-12-17,89.94,Completed
1264,16,2025-12-17,14083.96,Completed
1265,161,2025-12-17,23.97,Completed
1266,197,2025-12-17,29.99,Completed
1267,431,2025-12-17,26.95,Completed
1268,393,2025-12-17,11.98,Completed
1269,170,2025-12-17,1899.99,Completed
1270,301,2025-12-17,27.96,Completed
1271,244,2025-12-17,3149.95,Completed
1272,315,2025-12-17,14.97,Completed
1273,144,2025-12-17,5.99,Completed
1274,318,2025-12-17,126.43,Completed
1275,484,2025-12-17,127.44,Completed
1276,182,2025-12-17,9041.93,Completed
1277,446,2025-12-17,3189.91,Completed
1278,209,2025-12-17,47.5,Completed
1279,489,2025-12-18,180.95,Completed
1280,100,2025-12-18,26899.95,Completed
1281,72,2025-12-18,35.97,Completed
1282,57,2025-12-18,5727.91,Completed
1283,467,2025-12-18,113.93,Completed
1284,415,2025-12-18,59.98,Completed
1285,470,2025-12-18,29.47,Completed
1286,196,2025-12-18,603.92,Completed
1287,481,2025-12-18,181.94,Completed
1288,343,2025-12-18,154.93,Completed
1289,479,2025-12-18,10.95,Completed
1290,385,2025-12-18,999.9,Completed
1291,265,2025-12-18,25.98,Completed
1292,1,2025-12-18,13202.94,Completed
1293,51,2025-12-18,30.94,Completed
1294,306,2025-12-18,1760.94,Completed
1295,425,2025-12-18,3579.93,Completed
1296,246,2025-12-18,2212.82,Completed
1297,9,2025-12-18,2.97,Completed
1298,273,2025-12-18,65.94,Completed
1299,27,2025-12-18,9.99,Completed
1300,283,2025-12-18,149.97,Completed
1301,156,2025-12-18,38.97,Completed
1302,268,2025-12-18,494.94,Completed
1303,94,2025-12-18,26038.95,Completed
1304,124,2025-12-18,9.98,Completed
1305,468,2025-12-18,354.94,Completed
1306,479,2025-12-18,159.98,Completed
1307,416,2025-12-18,126.93,Completed
1308,194,2025-12-18,149.97,Completed
1309,414,2025-12-18,246.85,Completed
1310,200,2025-12-18,61.95,Completed
1311,43,2025-12-18,39527.88,Completed
1312,245,2025-12-18,32999.97,Completed
1313,500,2025-12-18,4669.92,Completed
1314,167,2025-12-18,162.42,Completed
1315,118,2025-12-18,409.97,Completed
1316,353,2025-12-18,38.97,Completed
1317,118,2025-12-18,15.48,Completed
1318,182,2025-12-18,27.96,Completed
1319,19,2025-12-18,39.99,Completed
1320,376,2025-12-18,38.97,Completed
1321,161,2025-12-18,14084.95,Completed
1322,132,2025-12-18,9359.96,Completed
1323,328,2025-12-18,42016.93,Completed
1324,225,2025-12-18,3008.96,Completed
1325,83,2025-12-18,53.32,Completed
1326,256,2025-12-18,141.96,Completed
1327,380,2025-12-18,89.99,Completed
1328,421,2025-12-18,1799.99,Completed
1329,329,2025-12-18,5092.91,Completed
1330,178,2025-12-18,234.93,Completed
1331,260,2025-12-18,2489.9,Completed
1332,198,2025-12-18,36.92,Completed
1333,433,2025-12-18,275.92,Completed
1334,426,2025-12-19,199.98,Completed
1335,238,2025-12-19,59.97,Completed
1336,26,2025-12-19,5809.93,Completed
1337,394,2025-12-19,15.98,Completed
1338,347,2025-12-19,6063.91,Completed
1339,123,2025-12-19,349.96,Completed
1340,310,2025-12-19,133.95,Completed
1341,252,2025-12-19,260.91,Completed
1342,11,2025-12-19,179.97,Completed
1343,420,2025-12-19,2.97,Completed
1344,43,2025-12-19,13.98,Completed
1345,247,2025-12-19,244.41,Completed
1346,126,2025-12-19,8475.91,Completed
1347,26,2025-12-19,30.96,Completed
1348,258,2025-12-19,122.94,Completed
1349,254,2025-12-19,314.94,Completed
1350,296,2025-12-19,187.93,Completed
1351,257,2025-12-19,1919.97,Completed
1352,381,2025-12-19,2511.96,Completed
1353,362,2025-12-19,409.95,Completed
1354,16,2025-12-19,34.99,Completed
1355,58,2025-12-19,4697.91,Completed
1356,114,2025-12-19,29.99,Completed
1357,465,2025-12-19,6619.93,Completed
1358,453,2025-12-19,26269.92,Completed
1359,472,2025-12-19,2435.93,Completed
1360,108,2025-12-19,71.95,Completed
1361,169,2025-12-19,12.99,Completed
1362,262,2025-12-19,7573.93,Completed
1363,421,2025-12-19,5544.94,Completed
1364,57,2025-12-19,348.92,Completed
1365,434,2025-12-19,408.95,Completed
1366,403,2025-12-19,409.93,Completed
1367,378,2025-12-19,49.99,Completed
1368,105,2025-12-19,11.97,Completed
1369,162,2025-12-19,106.41,Completed
1370,198,2025-12-19,627.91,Completed
1371,433,2025-12-19,17.97,Completed
1372,137,2025-12-19,614.39,Completed
1373,75,2025-12-19,16.47,Completed
1374,213,2025-12-19,3029.89,Completed
1375,438,2025-12-19,41.98,Completed
1376,291,2025-12-19,899.93,Completed
1377,336,2025-12-19,128.93,Completed
1378,287,2025-12-19,7598.91,Completed
1379,59,2025-12-19,3011.92,Completed
1380,229,2025-12-19,33049.96,Completed
1381,431,2025-12-19,89.99,Completed
1382,405,2025-12-19,89.99,Completed
1383,223,2025-12-19,3575.43,Completed
1384,380,2025-12-19,5015.55,Completed
1385,86,2025-12-19,86.95,Completed
1386,473,2025-12-19,7785.91,Completed
1387,149,2025-12-19,7512.53,Completed
1388,22,2025-12-19,22.96,Completed
1389,321,2025-12-19,27999.98,Completed
1390,4,2025-12-19,44.94,Completed
1391,85,2025-12-19,59.97,Completed
1392,261,2025-12-19,4111.93,Completed
1393,48,2025-12-19,8519.91,Completed
1394,495,2025-12-19,36631.92,Completed
1395,477,2025-12-19,11.97,Completed
1396,262,2025-12-19,79.94,Completed
1397,302,2025-12-19,329.95,Completed
1398,65,2025-12-19,62.94,Completed
1399,35,2025-12-19,49.95,Completed
1400,430,2025-12-19,57.96,Completed
1401,425,2025-12-19,395.96,Completed
1402,168,2025-12-19,14069.96,Completed
1403,236,2025-12-19,2.58,Completed
1404,143,2025-12-19,5016.45,Completed
1405,189,2025-12-19,9.47,Completed
1406,367,2025-12-19,4.99,Completed
1407,121,2025-12-19,22137.91,Completed
1408,288,2025-12-19,35.96,Completed
1409,448,2025-12-19,1070.91,Completed
1410,73,2025-12-19,389.97,Completed
1411,440,2025-12-19,18.96,Completed
1412,450,2025-12-20,379.5,Completed
1413,173,2025-12-20,104.96,Completed
1414,21,2025-12-20,10.99,Completed
1415,35,2025-12-20,59.94,Completed
1416,248,2025-12-20,3319.96,Completed
1417,33,2025-12-20,269.97,Completed
1418,486,2025-12-20,39007.96,Completed
1419,339,2025-12-20,20.33,Completed
1420,99,2025-12-20,336.43,Completed
1421,429,2025-12-20,374.94,Completed
1422,377,2025-12-20,26.97,Completed
1423,344,2025-12-20,49.99,Completed
1424,33,2025-12-20,12.99,Completed
1425,194,2025-12-20,347.91,Completed
1426,319,2025-12-20,7565.91,Completed
1427,170,2025-12-20,28.97,Completed
1428,211,2025-12-20,37.97,Completed
1429,88,2025-12-20,79.9,Completed
1430,133,2025-12-20,1113.96,Completed
1431,395,2025-12-20,159.98,Completed
1432,111,2025-12-20,1905.96,Completed
1433,251,2025-12-20,82.93,Completed
1434,338,2025-12-20,1041.91,Completed
1435,346,2025-12-20,29.98,Completed
1436,358,2025-12-20,136.91,Completed
1437,304,2025-12-20,1583.93,Completed
1438,321,2025-12-20,27056.91,Completed
1439,495,2025-12-20,20.97,Completed
1440,458,2025-12-20,39006.45,Completed
1441,376,2025-12-20,22.95,Completed
1442,377,2025-12-21,19.99,Completed
1443,302,2025-12-21,299.97,Completed
1444,294,2025-12-21,25332.92,Completed
1445,450,2025-12-21,49.96,Completed
1446,226,2025-12-21,25.94,Completed
1447,281,2025-12-21,12.99,Completed
1448,320,2025-12-21,3179.93,Completed
1449,216,2025-12-21,413.92,Completed
1450,274,2025-12-21,165.97,Completed
1451,386,2025-12-21,329.97,Completed
1452,68,2025-12-21,269.97,Completed
1453,245,2025-12-21,1499.97,Completed
1454,109,2025-12-21,2126.94,Completed
1455,7,2025-12-21,6209.94,Completed
1456,30,2025-12-21,124.95,Completed
1457,1,2025-12-21,26.97,Completed
1458,489,2025-12-21,4.99,Completed
1459,257,2025-12-21,39179.94,Completed
1460,59,2025-12-21,103.93,Completed
1461,147,2025-12-21,13569.91,Completed
1462,447,2025-12-21,117.43,Completed
1463,171,2025-12-21,244.92,Completed
1464,84,2025-12-21,26034.94,Completed
1465,295,2025-12-21,29.98,Completed
1466,197,2025-12-21,258.92,Completed
1467,446,2025-12-21,3.99,Completed
1468,401,2025-12-21,970.93,Completed
1469,444,2025-12-21,1881.92,Completed
1470,407,2025-12-21,159.98,Completed
1471,155,2025-12-21,6722.92,Completed
1472,256,2025-12-21,50.94,Completed
1473,125,2025-12-21,4999.98,Completed
1474,354,2025-12-21,253.92,Completed
1475,169,2025-12-21,1439.98,Completed
1476,33,2025-12-21,28.45,Completed
1477,155,2025-12-21,33140.91,Completed
1478,292,2025-12-21,1899.99,Completed
1479,397,2025-12-21,11.99,Completed
1480,288,2025-12-22,110.84,Completed
1481,233,2025-12-22,301.44,Completed
1482,37,2025-12-22,48.95,Completed
1483,325,2025-12-22,34.95,Completed
1484,146,2025-12-22,51.93,Completed
1485,289,2025-12-22,1499.97,Completed
1486,332,2025-12-22,610.97,Completed
1487,378,2025-12-22,131.42,Completed
1488,154,2025-12-22,120.94,Completed
1489,464,2025-12-22,67.96,Completed
1490,355,2025-12-22,3022.95,Completed
1491,76,2025-12-22,20.97,Completed
1492,354,2025-12-22,59.97,Completed
1493,86,2025-12-22,817.96,Completed
1494,245,2025-12-22,50.96,Completed
1495,201,2025-12-22,81.43,Completed
1496,193,2025-12-22,1.98,Completed
1497,137,2025-12-22,56.91,Completed
1498,107,2025-12-22,499.99,Completed
1499,300,2025-12-22,39023.43,Completed
1500,454,2025-12-22,3599.98,Completed
1501,351,2025-12-22,4649.94,Completed
1502,265,2025-12-22,26029.94,Completed
1503,387,2025-12-22,7999.9,Completed
1504,56,2025-12-22,42.82,Completed
1505,346,2025-12-22,14329.91,Completed
1506,500,2025-12-22,1139.97,Completed
1507,244,2025-12-22,59.97,Completed
1508,443,2025-12-22,117.95,Completed
1509,57,2025-12-22,2234.91,Completed
1510,284,2025-12-22,389.95,Completed
1511,174,2025-12-22,290.92,Completed
1512,248,2025-12-22,179.94,Completed
1513,476,2025-12-22,92.91,Completed
1514,254,2025-12-22,6302.92,Completed
1515,169,2025-12-22,15.98,Completed
1516,299,2025-12-22,8179.92,Completed
1517,65,2025-12-22,239.97,Completed
1518,160,2025-12-22,1587.92,Completed
1519,157,2025-12-22,509.94,Completed
1520,62,2025-12-22,6020.22,Completed
1521,360,2025-12-22,174.96,Completed
1522,273,2025-12-22,563.9,Completed
1523,27,2025-12-22,1517.47,Completed
1524,172,2025-12-22,244.94,Completed
1525,355,2025-12-22,6499.96,Completed
1526,63,2025-12-22,39.98,Completed
1527,57,2025-12-22,67.41,Completed
1528,382,2025-12-22,3.98,Completed
1529,284,2025-12-22,1802.98,Completed
1530,103,2025-12-22,484.93,Completed
1531,139,2025-12-22,58.95,Completed
1532,387,2025-12-22,167.95,Completed
1533,441,2025-12-22,26019.92,Completed
1534,491,2025-12-22,117.96,Completed
1535,157,2025-12-22,79.98,Completed
1536,126,2025-12-22,351.43,Completed
1537,339,2025-12-22,2505.96,Completed
1538,497,2025-12-22,26.98,Completed
1539,427,2025-12-22,356.93,Completed
1540,81,2025-12-22,407.94,Completed
1541,21,2025-12-22,82.94,Completed
1542,197,2025-12-22,33.96,Completed
1543,94,2025-12-22,21.97,Completed
1544,11,2025-12-23,234.4,Completed
1545,190,2025-12-23,5407.96,Completed
1546,337,2025-12-23,209.94,Completed
1547,272,2025-12-23,149.53,Completed
1548,283,2025-12-23,29.98,Completed
1549,264,2025-12-23,2514.96,Completed
1550,144,2025-12-23,1919.95,Completed
1551,308,2025-12-23,4029.97,Completed
1552,450,2025-12-23,91.95,Completed
1553,122,2025-12-23,359.97,Completed
1554,85,2025-12-23,18.96,Completed
1555,114,2025-12-23,16.98,Completed
1556,475,2025-12-23,1863.46,Completed
1557,40,2025-12-23,38.35,Completed
1558,319,2025-12-23,92.94,Completed
1559,36,2025-12-23,42044.41,Completed
1560,449,2025-12-23,9.98,Completed
1561,122,2025-12-23,3799.98,Completed
1562,283,2025-12-23,4550.94,Completed
1563,119,2025-12-23,4712.31,Completed
1564,184,2025-12-23,34.97,Completed
1565,160,2025-12-23,7740.91,Completed
1566,200,2025-12-23,149.96,Completed
1567,363,2025-12-23,2799.98,Completed
1568,375,2025-12-23,389.97,Completed
1569,393,2025-12-23,2954.94,Completed
1570,125,2025-12-23,39015.92,Completed
1571,183,2025-12-23,375.92,Completed
1572,301,2025-12-23,175.94,Completed
1573,11,2025-12-23,116.92,Completed
1574,158,2025-12-23,172.94,Completed
1575,162,2025-12-23,17.97,Completed
1576,95,2025-12-23,1609.96,Completed
1577,499,2025-12-23,41.94,Completed
1578,465,2025-12-23,13999.99,Completed
1579,346,2025-12-23,302.95,Completed
1580,444,2025-12-23,3599.98,Completed
1581,177,2025-12-23,14.97,Completed
1582,39,2025-12-23,2.98,Completed
1583,415,2025-12-23,118.95,Completed
1584,215,2025-12-23,784.95,Completed
1585,414,2025-12-23,1523.95,Completed
1586,52,2025-12-23,364.93,Completed
1587,444,2025-12-23,4079.97,Completed
1588,255,2025-12-23,84.96,Completed
1589,278,2025-12-23,29.93,Completed
1590,52,2025-12-24,89.97,Completed
1591,194,2025-12-24,1545.94,Completed
1592,435,2025-12-24,39019.96,Completed
1593,120,2025-12-24,561.25,Completed
1594,204,2025-12-24,317.91,Completed
1595,332,2025-12-24,26044.95,Completed
1596,387,2025-12-24,813.44,Completed
1597,497,2025-12-24,54.01,Completed
1598,327,2025-12-24,13999.99,Completed
1599,333,2025-12-24,53.95,Completed
1600,476,2025-12-24,128.93,Completed
1601,97,2025-12-24,3.49,Completed
1602,100,2025-12-24,34.99,Completed
1603,439,2025-12-24,45.96,Completed
1604,111,2025-12-24,1163.92,Completed
1605,103,2025-12-24,79.96,Completed
1606,147,2025-12-24,39.99,Completed
1607,175,2025-12-24,51195.9,Completed
1608,129,2025-12-24,180.94,Completed
1609,228,2025-12-24,1899.98,Completed
1610,493,2025-12-24,84.91,Completed
1611,266,2025-12-24,364.9,Completed
1612,435,2025-12-24,4679.95,Completed
1613,11,2025-12-24,10.98,Completed
1614,227,2025-12-24,36.93,Completed
1615,220,2025-12-24,203.94,Completed
1616,295,2025-12-24,17.98,Completed
1617,186,2025-12-24,5.49,Completed
1618,100,2025-12-24,18053.94,Completed
1619,171,2025-12-24,273.95,Completed
1620,41,2025-12-25,436.52,Completed
1621,489,2025-12-25,5301.95,Completed
1622,12,2025-12-25,72.95,Completed
1623,410,2025-12-25,74.97,Completed
1624,491,2025-12-25,22.97,Completed
1625,96,2025-12-25,28.97,Completed
1626,54,2025-12-25,21.98,Completed
1627,483,2025-12-25,1047.93,Completed
1628,34,2025-12-25,1504.97,Completed
1629,307,2025-12-25,16.95,Completed
1630,84,2025-12-25,26.97,Completed
1631,487,2025-12-25,2.37,Completed
1632,300,2025-12-25,2999.98,Completed
1633,300,2025-12-25,151.92,Completed
1634,121,2025-12-25,599.98,Completed
1635,313,2025-12-25,103.96,Completed
1636,272,2025-12-25,3389.94,Completed
1637,210,2025-12-25,201.51,Completed
1638,270,2025-12-25,4499.97,Completed
1639,206,2025-12-25,232.42,Completed
1640,361,2025-12-25,17.97,Completed
1641,437,2025-12-25,423.92,Completed
1642,28,2025-12-26,11395.94,Completed
1643,275,2025-12-26,138.95,Completed
1644,339,2025-12-26,3727.9,Completed
1645,417,2025-12-26,18401.9,Completed
1646,422,2025-12-26,267.91,Completed
1647,126,2025-12-26,16.97,Completed
1648,256,2025-12-26,129.43,Completed
1649,200,2025-12-26,301.94,Completed
1650,6,2025-12-26,474.93,Completed
1651,137,2025-12-26,26.97,Completed
1652,379,2025-12-26,79.99,Completed
1653,367,2025-12-26,252.41,Completed
1654,16,2025-12-26,27018.94,Completed
1655,493,2025-12-26,5.99,Completed
1656,156,2025-12-26,111.96,Completed
1657,279,2025-12-26,35.25,Completed
1658,168,2025-12-26,423.92,Completed
1659,342,2025-12-26,95.54,Completed
1660,100,2025-12-26,133.52,Completed
1661,413,2025-12-26,1249.95,Completed
1662,128,2025-12-26,114.97,Completed
1663,120,2025-12-26,29.97,Completed
1664,280,2025-12-26,1558.92,Completed
1665,358,2025-12-26,134.94,Completed
1666,204,2025-12-26,319.43,Completed
1667,314,2025-12-27,185.92,Completed
1668,219,2025-12-27,38.97,Completed
1669,259,2025-12-27,1538.96,Completed
1670,444,2025-12-27,30799.95,Completed
1671,154,2025-12-27,159.98,Completed
1672,432,2025-12-27,383.89,Completed
1673,158,2025-12-27,139.98,Completed
1674,430,2025-12-27,32.57,Completed
1675,28,2025-12-27,2669.95,Completed
1676,499,2025-12-27,264.94,Completed
1677,16,2025-12-27,3.99,Completed
1678,9,2025-12-27,6499.97,Completed
1679,175,2025-12-27,6074.93,Completed
1680,13,2025-12-27,668.83,Completed
1681,316,2025-12-27,245.92,Completed
1682,185,2025-12-27,1885.94,Completed
1683,96,2025-12-27,59.98,Completed
1684,190,2025-12-27,5.99,Completed
1685,116,2025-12-27,1.99,Completed
1686,87,2025-12-27,1619.95,Completed
1687,440,2025-12-27,23.97,Completed
1688,372,2025-12-27,74.83,Completed
1689,80,2025-12-27,29.97,Completed
1690,45,2025-12-27,17.97,Completed
1691,356,2025-12-27,5089.54,Completed
1692,204,2025-12-27,16.97,Completed
1693,403,2025-12-27,204.92,Completed
1694,457,2025-12-27,456.92,Completed
1695,137,2025-12-27,7654.92,Completed
1696,244,2025-12-27,33065.91,Completed
1697,26,2025-12-27,9.99,Completed
1698,378,2025-12-27,289.96,Completed
1699,286,2025-12-27,179.98,Completed
1700,433,2025-12-27,30.96,Completed
1701,30,2025-12-27,14.97,Completed
1702,328,2025-12-27,51.94,Completed
1703,106,2025-12-27,140.91,Completed
1704,339,2025-12-27,101.94,Completed
1705,400,2025-12-27,89.97,Completed
1706,57,2025-12-27,3509.96,Completed
1707,388,2025-12-27,25.98,Completed
1708,95,2025-12-27,101.96,Completed
1709,492,2025-12-27,1544.91,Completed
1710,400,2025-12-27,6308.94,Completed
1711,443,2025-12-27,69.97,Completed
1712,498,2025-12-27,1999.99,Completed
1713,230,2025-12-27,7534.96,Completed
1714,60,2025-12-27,22030.94,Completed
1715,129,2025-12-27,517.93,Completed
1716,55,2025-12-27,31.95,Completed
1717,270,2025-12-27,2976.92,Completed
1718,321,2025-12-27,15.98,Completed
1719,292,2025-12-27,18.95,Completed
1720,189,2025-12-27,139.97,Completed
1721,297,2025-12-27,1070.93,Completed
1722,439,2025-12-27,149.97,Completed
1723,114,2025-12-27,301.96,Completed
1724,239,2025-12-27,9.98,Completed
1725,453,2025-12-27,52.95,Completed
1726,233,2025-12-27,375.9,Completed
1727,304,2025-12-27,1.98,Completed
1728,76,2025-12-27,18.98,Completed
1729,192,2025-12-27,9540.92,Completed
1730,77,2025-12-27,60.97,Completed
1731,161,2025-12-27,179.98,Completed
1732,371,2025-12-27,266.24,Completed
1733,195,2025-12-27,146.21,Completed
1734,90,2025-12-27,186.92,Completed
1735,94,2025-12-27,99.98,Completed
1736,118,2025-12-27,15.98,Completed
1737,133,2025-12-27,91.95,Completed
1738,246,2025-12-27,45.97,Completed
1739,156,2025-12-27,4619.9,Completed
1740,284,2025-12-27,429.96,Completed
1741,402,2025-12-27,173.96,Completed
1742,345,2025-12-27,44.95,Completed
1743,132,2025-12-28,87.96,Completed
1744,55,2025-12-28,109.97,Completed
1745,499,2025-12-28,54.94,Completed
1746,167,2025-12-28,137.98,Completed
1747,70,2025-12-28,32.97,Completed
1748,28,2025-12-28,152.28,Completed
1749,90,2025-12-28,5.97,Completed
1750,43,2025-12-28,42.95,Completed
1751,177,2025-12-28,166.93,Completed
1752,201,2025-12-28,103.93,Completed
1753,423,2025-12-28,3679.41,Completed
1754,377,2025-12-28,909.91,Completed
1755,123,2025-12-28,149.97,Completed
1756,318,2025-12-28,42.43,Completed
1757,70,2025-12-28,149.93,Completed
1758,419,2025-12-28,4215.96,Completed
1759,70,2025-12-28,5399.97,Completed
1760,216,2025-12-28,39.98,Completed
1761,187,2025-12-28,209.95,Completed
1762,64,2025-12-28,21.56,Completed
1763,146,2025-12-28,119.99,Completed
1764,266,2025-12-28,27.96,Completed
1765,475,2025-12-28,53.91,Completed
1766,432,2025-12-28,42.94,Completed
1767,57,2025-12-28,6527.92,Completed
1768,324,2025-12-28,7515.95,Completed
1769,229,2025-12-28,4556.93,Completed
1770,343,2025-12-28,45.95,Completed
1771,249,2025-12-28,10606.89,Completed
1772,449,2025-12-28,361.43,Completed
1773,225,2025-12-28,32.46,Completed
1774,167,2025-12-28,63.97,Completed
1775,450,2025-12-28,269.97,Completed
1776,117,2025-12-28,58.93,Completed
1777,101,2025-12-28,269.97,Completed
1778,230,2025-12-29,279.95,Completed
1779,319,2025-12-29,2079.97,Completed
1780,30,2025-12-29,168.96,Completed
1781,89,2025-12-29,35.96,Completed
1782,124,2025-12-29,121.96,Completed
1783,378,2025-12-29,3427.41,Completed
1784,256,2025-12-29,67.91,Completed
1785,226,2025-12-29,9419.95,Completed
1786,83,2025-12-29,7.98,Completed
1787,349,2025-12-29,18181.94,Completed
1788,469,2025-12-29,159.98,Completed
1789,491,2025-12-29,1.98,Completed
1790,222,2025-12-29,228.96,Completed
1791,176,2025-12-29,101.94,Completed
1792,499,2025-12-29,134.94,Completed
1793,112,2025-12-29,309.97,Completed
1794,181,2025-12-29,9.98,Completed
1795,60,2025-12-29,117.21,Completed
1796,163,2025-12-29,132.33,Completed
1797,79,2025-12-29,29.99,Completed
1798,490,2025-12-29,29.46,Completed
1799,57,2025-12-29,4569.95,Completed
1800,452,2025-12-29,1812.98,Completed
1801,282,2025-12-29,4583.92,Completed
1802,42,2025-12-29,1713.95,Completed
1803,348,2025-12-29,22030.53,Completed
1804,382,2025-12-29,32.97,Completed
1805,487,2025-12-29,1299.93,Completed
1806,108,2025-12-29,99.93,Completed
1807,445,2025-12-29,4.98,Completed
1808,417,2025-12-29,2525.97,Completed
1809,188,2025-12-29,3369.93,Completed
1810,162,2025-12-29,2276.93,Completed
1811,172,2025-12-29,41.95,Completed
1812,302,2025-12-29,1276.94,Completed
1813,128,2025-12-29,174.94,Completed
1814,31,2025-12-29,133.86,Completed
1815,102,2025-12-29,135.9,Completed
1816,37,2025-12-29,179.98,Completed
1817,96,2025-12-29,14.96,Completed
1818,428,2025-12-29,209.97,Completed
1819,128,2025-12-29,1563.9,Completed
1820,231,2025-12-30,37.97,Completed
1821,33,2025-12-30,33.98,Completed
1822,178,2025-12-30,299.99,Completed
1823,454,2025-12-30,13.97,Completed
1824,271,2025-12-30,2603.96,Completed
1825,315,2025-12-30,26.98,Completed
1826,97,2025-12-30,389.97,Completed
1827,217,2025-12-30,310.93,Completed
1828,198,2025-12-30,264.92,Completed
1829,428,2025-12-30,11.97,Completed
1830,325,2025-12-30,213.95,Completed
1831,138,2025-12-30,84.96,Completed
1832,179,2025-12-30,3.98,Completed
1833,434,2025-12-30,3867.94,Completed
1834,273,2025-12-30,9.98,Completed
1835,194,2025-12-30,1570.76,Completed
1836,413,2025-12-30,39.98,Completed
1837,184,2025-12-30,78.95,Completed
1838,39,2025-12-30,235.96,Completed
1839,124,2025-12-30,35.97,Completed
1840,424,2025-12-30,6038.91,Completed
1841,449,2025-12-30,18299.94,Completed
1842,65,2025-12-30,1499.99,Completed
1843,124,2025-12-30,20.97,Completed
1844,41,2025-12-30,33.96,Completed
1845,497,2025-12-30,611.92,Completed
1846,86,2025-12-30,2.97,Completed
1847,268,2025-12-30,345.45,Completed
1848,419,2025-12-30,630.92,Completed
1849,405,2025-12-30,389.97,Completed
1850,135,2025-12-30,5421.9,Completed
1851,38,2025-12-30,59.98,Completed
1852,46,2025-12-30,189.91,Completed
1853,19,2025-12-30,42.96,Completed
1854,446,2025-12-30,55.95,Completed
1855,386,2025-12-30,12999.99,Completed
1856,102,2025-12-30,117.96,Completed
1857,249,2025-12-30,203.93,Completed
1858,386,2025-12-30,13459.91,Completed
1859,231,2025-12-30,471.93,Completed
1860,89,2025-12-30,75.95,Completed
1861,162,2025-12-30,13.98,Completed
1862,175,2025-12-30,129.98,Completed
1863,430,2025-12-30,59.98,Completed
1864,20,2025-12-30,9.99,Completed
1865,435,2025-12-30,1763.46,Completed
1866,248,2025-12-30,124.95,Completed
1867,167,2025-12-30,6023.95,Completed
1868,135,2025-12-31,59.99,Completed
1869,224,2025-12-31,33088.93,Completed
1870,316,2025-12-31,127.97,Completed
1871,72,2025-12-31,15.98,Completed
1872,19,2025-12-31,13.98,Completed
1873,487,2025-12-31,4129.94,Completed
1874,395,2025-12-31,40.44,Completed
1875,117,2025-12-31,84.94,Completed
1876,178,2025-12-31,12.98,Completed
1877,131,2025-12-31,120.93,Completed
1878,126,2025-12-31,42149.94,Completed
1879,132,2025-12-31,1461.95,Completed
1880,154,2025-12-31,163.93,Completed
1881,379,2025-12-31,1667.94,Completed
1882,229,2025-12-31,143.93,Completed
1883,55,2025-12-31,12.97,Completed
1884,236,2025-12-31,5.99,Completed
1885,125,2025-12-31,28222.91,Completed
1886,283,2025-12-31,24.98,Completed
1887,336,2025-12-31,160.91,Completed
1888,124,2025-12-31,421.95,Completed
1889,86,2025-12-31,4199.94,Completed
1890,221,2025-12-31,476.91,Completed
1891,398,2025-12-31,5859.9,Completed
1892,116,2025-12-31,63.95,Completed
1893,433,2025-12-31,169.95,Completed
1894,293,2025-12-31,3951.93,Completed
1895,44,2025-12-31,1931.97,Completed
1896,165,2025-12-31,16.97,Completed
1897,395,2025-12-31,119.99,Completed
1898,475,2025-12-31,157.96,Completed
1899,160,2025-12-31,34.99,Completed
1900,364,2025-12-31,33409.92,Completed
1901,180,2025-12-31,95.94,Completed
1902,295,2025-12-31,101.97,Completed
1903,25,2025-12-31,16.44,Completed
1904,57,2025-12-31,434.95,Completed
1905,139,2025-12-31,296.93,Completed
1906,183,2025-12-31,3033.95,Completed
1907,97,2025-12-31,47.92,Completed
1908,236,2026-01-01,50.76,Completed
1909,500,2026-01-01,1860.94,Completed
1910,22,2026-01-01,179.98,Completed
1911,380,2026-01-01,2199.98,Completed
1912,235,2026-01-01,73.94,Completed
1913,15,2026-01-01,39014.94,Completed
1914,265,2026-01-01,249.97,Completed
1915,163,2026-01-01,208.93,Completed
1916,141,2026-01-01,179.96,Completed
1917,273,2026-01-01,56.42,Completed
1918,311,2026-01-01,788.93,Completed
1919,232,2026-01-01,14069.95,Completed
1920,322,2026-01-01,14019.98,Completed
1921,123,2026-01-01,329.97,Completed
1922,152,2026-01-01,4999.98,Completed
1923,437,2026-01-01,428.4,Completed
1924,373,2026-01-01,7671.79,Completed
1925,257,2026-01-01,75.95,Completed
1926,484,2026-01-01,5090.92,Completed
1927,354,2026-01-01,63.95,Completed
1928,84,2026-01-01,28081.95,Completed
1929,239,2026-01-02,93.45,Completed
1930,188,2026-01-02,6873.93,Completed
1931,179,2026-01-02,7.47,Completed
1932,179,2026-01-02,89.97,Completed
1933,485,2026-01-02,1.29,Completed
1934,371,2026-01-02,35.55,Completed
1935,51,2026-01-02,45.96,Completed
1936,145,2026-01-02,28071.93,Completed
1937,46,2026-01-02,159.98,Completed
1938,383,2026-01-02,44.97,Completed
1939,356,2026-01-02,18052.92,Completed
1940,480,2026-01-02,182.94,Completed
1941,218,2026-01-02,9844.95,Completed
1942,120,2026-01-02,11027.56,Completed
1943,455,2026-01-02,2059.96,Completed
1944,42,2026-01-02,17.97,Completed
1945,415,2026-01-02,60.94,Completed
1946,53,2026-01-02,1799.99,Completed
1947,406,2026-01-02,66.89,Completed
1948,258,2026-01-02,1155.95,Completed
1949,328,2026-01-02,11092.95,Completed
1950,298,2026-01-02,41.52,Completed
1951,246,2026-01-02,38.97,Completed
1952,488,2026-01-02,645.92,Completed
1953,358,2026-01-02,247.4,Completed
1954,471,2026-01-02,1349.92,Completed
1955,417,2026-01-02,247.96,Completed
1956,95,2026-01-02,39.43,Completed
1957,379,2026-01-02,127.92,Completed
1958,245,2026-01-02,5022.95,Completed
1959,434,2026-01-02,42044.95,Completed
1960,312,2026-01-02,5717.24,Completed
1961,285,2026-01-02,313.96,Completed
1962,80,2026-01-02,39065.93,Completed
1963,71,2026-01-02,154.95,Completed
1964,183,2026-01-02,79.99,Completed
1965,407,2026-01-02,6008.96,Completed
1966,485,2026-01-03,212.39,Completed
1967,417,2026-01-03,127.94,Completed
1968,138,2026-01-03,35.96,Completed
1969,168,2026-01-03,40016.73,Completed
1970,261,2026-01-03,78.98,Completed
1971,361,2026-01-03,8.99,Completed
1972,325,2026-01-03,2201.93,Completed
1973,467,2026-01-03,3299.97,Completed
1974,205,2026-01-03,799.99,Completed
1975,194,2026-01-03,20.97,Completed
1976,57,2026-01-03,2502.28,Completed
1977,12,2026-01-03,7539.96,Completed
1978,405,2026-01-03,32969.91,Completed
1979,102,2026-01-03,18510.95,Completed
1980,439,2026-01-03,250.91,Completed
1981,53,2026-01-03,2499.99,Completed
1982,127,2026-01-03,2005.94,Completed
1983,424,2026-01-03,1013.96,Completed
1984,201,2026-01-03,2558.92,Completed
1985,108,2026-01-03,209.94,Completed
1986,144,2026-01-04,150.39,Completed
1987,500,2026-01-04,1093.93,Completed
1988,386,2026-01-04,401.9,Completed
1989,471,2026-01-04,1624.75,Completed
1990,447,2026-01-04,1.98,Completed
1991,355,2026-01-04,681.9,Completed
1992,416,2026-01-04,7.97,Completed
1993,45,2026-01-04,14.97,Completed
1994,184,2026-01-04,5060.95,Completed
1995,222,2026-01-04,286.41,Completed
1996,338,2026-01-04,896.94,Completed
1997,310,2026-01-04,12.96,Completed
1998,363,2026-01-04,178.96,Completed
1999,457,2026-01-04,9.99,Completed
2000,477,2026-01-04,33.97,Completed
2001,299,2026-01-04,3301.46,Completed
2002,369,2026-01-04,163.93,Completed
2003,393,2026-01-04,277.92,Completed
2004,235,2026-01-04,45.96,Completed
2005,196,2026-01-04,35.97,Completed
2006,55,2026-01-04,239.97,Completed
2007,159,2026-01-04,9.97,Completed
2008,392,2026-01-04,0.79,Completed
2009,131,2026-01-04,54.97,Completed
2010,312,2026-01-04,1908.33,Completed
2011,71,2026-01-04,34.95,Completed
2012,493,2026-01-04,89.99,Completed
2013,469,2026-01-04,222.92,Completed
2014,340,2026-01-04,97.96,Completed
2015,350,2026-01-04,211.91,Completed
2016,361,2026-01-04,97.46,Completed
2017,71,2026-01-04,60.82,Completed
2018,79,2026-01-04,32021.91,Completed
2019,45,2026-01-04,4715.92,Completed
2020,139,2026-01-04,400.96,Completed
2021,453,2026-01-04,6.97,Completed
2022,45,2026-01-04,189.97,Completed
2023,206,2026-01-04,438.23,Completed
2024,186,2026-01-04,317.94,Completed
2025,416,2026-01-04,3999.98,Completed
2026,296,2026-01-04,99.94,Completed
2027,197,2026-01-04,83.94,Completed
2028,15,2026-01-04,1205.95,Completed
2029,222,2026-01-04,4529.95,Completed
2030,65,2026-01-04,55.95,Completed
2031,35,2026-01-04,44.94,Completed
2032,53,2026-01-04,227.95,Completed
2033,357,2026-01-04,54.97,Completed
2034,186,2026-01-04,3685.92,Completed
2035,18,2026-01-04,11.97,Completed
2036,439,2026-01-04,110.96,Completed
2037,346,2026-01-04,1899.94,Completed
2038,344,2026-01-04,386.94,Completed
2039,58,2026-01-04,5811.41,Completed
2040,58,2026-01-04,4015.97,Completed
2041,376,2026-01-04,11.98,Completed
2042,251,2026-01-04,849.98,Completed
2043,132,2026-01-04,68999.94,Completed
2044,99,2026-01-04,56.93,Completed
2045,179,2026-01-04,185.47,Completed
2046,336,2026-01-04,7499.97,Completed
2047,69,2026-01-04,342.93,Completed
2048,16,2026-01-04,2839.96,Completed
2049,189,2026-01-04,1499.99,Completed
2050,74,2026-01-04,197.96,Completed
2051,363,2026-01-04,274.95,Completed
2052,330,2026-01-04,73.95,Completed
2053,61,2026-01-04,1949.95,Completed
2054,410,2026-01-04,18046.93,Completed
2055,204,2026-01-04,290.94,Completed
2056,114,2026-01-04,10.28,Completed
2057,457,2026-01-04,5436.92,Completed
2058,7,2026-01-04,199.92,Completed
2059,399,2026-01-04,39.94,Completed
2060,105,2026-01-04,3846.44,Completed
2061,159,2026-01-04,19.99,Completed
2062,430,2026-01-04,14523.96,Completed
2063,305,2026-01-05,38.97,Completed
2064,484,2026-01-05,43.96,Completed
2065,144,2026-01-05,91.73,Completed
2066,482,2026-01-05,14324.94,Completed
2067,210,2026-01-05,279.96,Completed
2068,489,2026-01-05,36802.24,Completed
2069,241,2026-01-05,46.94,Completed
2070,320,2026-01-05,1.99,Completed
2071,376,2026-01-05,329.97,Completed
2072,436,2026-01-05,77.94,Completed
2073,287,2026-01-05,39.98,Completed
2074,176,2026-01-05,76.4,Completed
2075,145,2026-01-05,9020.95,Completed
2076,336,2026-01-05,12.99,Completed
2077,258,2026-01-05,79.99,Completed
2078,458,2026-01-05,2229.96,Completed
2079,450,2026-01-05,203.94,Completed
2080,358,2026-01-05,75.43,Completed
2081,295,2026-01-05,23.97,Completed
2082,394,2026-01-05,139.98,Completed
2083,122,2026-01-05,2659.95,Completed
2084,79,2026-01-05,89.99,Completed
2085,187,2026-01-05,269.97,Completed
2086,295,2026-01-05,175.83,Completed
2087,277,2026-01-05,218.9,Completed
2088,166,2026-01-05,855.95,Completed
2089,341,2026-01-05,212.55,Completed
2090,355,2026-01-05,22023.42,Completed
2091,270,2026-01-05,15.99,Completed
2092,111,2026-01-05,42469.93,Completed
2093,335,2026-01-05,112.98,Completed
2094,484,2026-01-05,90.98,Completed
2095,487,2026-01-05,126.95,Completed
2096,446,2026-01-05,110.94,Completed
2097,95,2026-01-05,2153.93,Completed
2098,81,2026-01-05,155.82,Completed
2099,89,2026-01-05,1574.95,Completed
2100,252,2026-01-05,7.98,Completed
2101,495,2026-01-05,163.47,Completed
2102,220,2026-01-05,214.91,Completed
2103,175,2026-01-05,5889.94,Completed
2104,304,2026-01-05,289.92,Completed
2105,214,2026-01-05,244.94,Completed
2106,38,2026-01-05,1734.96,Completed
2107,303,2026-01-05,10.99,Completed
2108,64,2026-01-05,41.96,Completed
2109,268,2026-01-05,7.99,Completed
2110,486,2026-01-05,21999.98,Completed
2111,304,2026-01-05,3.98,Completed
2112,62,2026-01-05,291.53,Completed
2113,446,2026-01-05,219.98,Completed
2114,392,2026-01-05,5.98,Completed
2115,399,2026-01-05,105.95,Completed
2116,157,2026-01-05,1111.82,Completed
2117,164,2026-01-05,49.98,Completed
2118,62,2026-01-05,1325.94,Completed
2119,260,2026-01-05,29.98,Completed
2120,338,2026-01-05,107.9,Completed
2121,33,2026-01-05,1918.96,Completed
2122,248,2026-01-05,161.93,Completed
2123,19,2026-01-05,3069.95,Completed
2124,354,2026-01-05,117.95,Completed
2125,385,2026-01-06,27038.51,Completed
2126,457,2026-01-06,1009.96,Completed
2127,209,2026-01-06,527.9,Completed
2128,473,2026-01-06,266.92,Completed
2129,146,2026-01-06,3.99,Completed
2130,357,2026-01-06,4.98,Completed
2131,265,2026-01-06,111.89,Completed
2132,417,2026-01-06,2566.96,Completed
2133,9,2026-01-06,999.98,Completed
2134,318,2026-01-06,5.55,Completed
2135,409,2026-01-06,112.93,Completed
2136,292,2026-01-06,3013.96,Completed
2137,316,2026-01-06,159.97,Completed
2138,191,2026-01-06,42239.95,Completed
2139,480,2026-01-06,29.97,Completed
2140,346,2026-01-06,197.94,Completed
2141,208,2026-01-06,27999.98,Completed
2142,333,2026-01-06,336.93,Completed
2143,437,2026-01-06,303.93,Completed
2144,273,2026-01-06,239.97,Completed
2145,449,2026-01-06,128.94,Completed
2146,387,2026-01-06,18131.95,Completed
2147,388,2026-01-06,167.96,Completed
2148,45,2026-01-07,68.42,Completed
2149,176,2026-01-07,25.98,Completed
2150,331,2026-01-07,63.94,Completed
2151,203,2026-01-07,89.99,Completed
2152,97,2026-01-07,27.99,Completed
2153,320,2026-01-07,176.24,Completed
2154,128,2026-01-07,1515.02,Completed
2155,336,2026-01-07,64.97,Completed
2156,186,2026-01-07,21038.92,Completed
2157,18,2026-01-07,749.95,Completed
2158,24,2026-01-07,20.46,Completed
2159,336,2026-01-07,95.91,Completed
2160,181,2026-01-07,385.95,Completed
2161,414,2026-01-07,149.97,Completed
2162,98,2026-01-07,5791.52,Completed
2163,192,2026-01-07,54.73,Completed
2164,12,2026-01-07,4857.94,Completed
2165,361,2026-01-07,49.98,Completed
2166,135,2026-01-07,70.41,Completed
2167,145,2026-01-07,23.44,Completed
2168,91,2026-01-07,419.95,Completed
2169,366,2026-01-07,214.9,Completed
2170,273,2026-01-07,30.95,Completed
2171,292,2026-01-07,929.95,Completed
2172,204,2026-01-07,9017.96,Completed
2173,452,2026-01-07,159.93,Completed
2174,285,2026-01-07,30.96,Completed
2175,335,2026-01-07,6070.93,Completed
2176,66,2026-01-07,41.42,Completed
2177,79,2026-01-07,599.98,Completed
2178,75,2026-01-07,55.95,Completed
2179,149,2026-01-07,117.94,Completed
2180,416,2026-01-07,400.96,Completed
2181,333,2026-01-07,13.95,Completed
2182,456,2026-01-07,14.97,Completed
2183,492,2026-01-07,197.93,Completed
2184,250,2026-01-07,83.97,Completed
2185,209,2026-01-07,199.96,Completed
2186,108,2026-01-07,259.98,Completed
2187,274,2026-01-07,23.98,Completed
2188,334,2026-01-07,11.98,Completed
2189,73,2026-01-07,2799.98,Completed
2190,452,2026-01-07,89.97,Completed
2191,151,2026-01-07,354.42,Completed
2192,325,2026-01-07,9.99,Completed
2193,411,2026-01-07,3315.94,Completed
2194,315,2026-01-07,1744.42,Completed
2195,365,2026-01-07,4236.93,Completed
2196,77,2026-01-07,246.93,Completed
2197,343,2026-01-07,209.95,Completed
2198,306,2026-01-07,719.94,Completed
2199,433,2026-01-07,3065.94,Completed
2200,34,2026-01-07,1504.57,Completed
2201,126,2026-01-07,19.99,Completed
2202,425,2026-01-07,30299.96,Completed
2203,164,2026-01-07,124.96,Completed
2204,104,2026-01-07,162.91,Completed
2205,260,2026-01-07,122.93,Completed
2206,373,2026-01-07,251.92,Completed
2207,207,2026-01-07,1.98,Completed
2208,157,2026-01-07,18127.44,Completed
2209,60,2026-01-07,7521.95,Completed
2210,133,2026-01-07,4574.93,Completed
2211,160,2026-01-07,1111.96,Completed
2212,254,2026-01-07,49.99,Completed
2213,21,2026-01-08,179.92,Completed
2214,496,2026-01-08,308.89,Completed
2215,345,2026-01-08,149.45,Completed
2216,155,2026-01-08,4.96,Completed
2217,90,2026-01-08,167.95,Completed
2218,206,2026-01-08,2015.94,Completed
2219,56,2026-01-08,1527.44,Completed
2220,380,2026-01-08,18088.93,Completed
2221,49,2026-01-08,79.95,Completed
2222,167,2026-01-08,2855.93,Completed
2223,133,2026-01-08,4.58,Completed
2224,256,2026-01-08,5139.89,Completed
2225,218,2026-01-08,138.93,Completed
2226,277,2026-01-08,1573.95,Completed
2227,81,2026-01-08,1999.97,Completed
2228,333,2026-01-08,117.95,Completed
2229,487,2026-01-08,113.96,Completed
2230,204,2026-01-08,1090.93,Completed
2231,172,2026-01-08,130.82,Completed
2232,436,2026-01-08,182.91,Completed
2233,218,2026-01-08,28084.93,Completed
2234,122,2026-01-08,25.95,Completed
2235,413,2026-01-08,4519.92,Completed
2236,194,2026-01-08,70.44,Completed
2237,161,2026-01-08,10.99,Completed
2238,219,2026-01-08,9134.94,Completed
2239,355,2026-01-08,1519.41,Completed
2240,157,2026-01-08,24.46,Completed
2241,231,2026-01-08,5193.94,Completed
2242,162,2026-01-08,4517.94,Completed
2243,238,2026-01-08,4.98,Completed
2244,73,2026-01-08,19.99,Completed
2245,138,2026-01-08,361.93,Completed
2246,258,2026-01-08,149.97,Completed
2247,207,2026-01-08,20.45,Completed
2248,345,2026-01-08,269.97,Completed
2249,140,2026-01-08,25.98,Completed
2250,380,2026-01-08,4325.43,Completed
2251,429,2026-01-08,41.96,Completed
2252,277,2026-01-08,295.95,Completed
2253,359,2026-01-08,17.97,Completed
2254,28,2026-01-08,246.93,Completed
2255,111,2026-01-08,37.26,Completed
2256,155,2026-01-08,9429.9,Completed
2257,7,2026-01-08,29.98,Completed
2258,426,2026-01-08,869.95,Completed
2259,183,2026-01-08,21807.93,Completed
2260,269,2026-01-08,104.97,Completed
2261,442,2026-01-08,50.96,Completed
2262,281,2026-01-08,23.97,Completed
2263,488,2026-01-08,84.94,Completed
2264,65,2026-01-09,1599.98,Completed
2265,181,2026-01-09,323.9,Completed
2266,241,2026-01-09,1509.54,Completed
2267,278,2026-01-09,66.95,Completed
2268,230,2026-01-09,99.43,Completed
2269,178,2026-01-09,43499.94,Completed
2270,102,2026-01-09,29.99,Completed
2271,278,2026-01-09,312.26,Completed
2272,213,2026-01-09,101.96,Completed
2273,322,2026-01-09,66.96,Completed
2274,219,2026-01-09,1610.45,Completed
2275,445,2026-01-09,6043.38,Completed
2276,328,2026-01-09,28044.95,Completed
2277,499,2026-01-09,13039.97,Completed
2278,6,2026-01-09,30.97,Completed
2279,46,2026-01-09,279.95,Completed
2280,477,2026-01-09,103.41,Completed
2281,149,2026-01-09,5864.91,Completed
2282,4,2026-01-09,202.93,Completed
2283,287,2026-01-09,279.03,Completed
2284,446,2026-01-09,6109.95,Completed
2285,163,2026-01-09,2299.98,Completed
2286,350,2026-01-09,128.92,Completed
2287,475,2026-01-09,6176.9,Completed
2288,274,2026-01-09,10.98,Completed
2289,184,2026-01-09,10.98,Completed
2290,474,2026-01-09,6.87,Completed
2291,145,2026-01-09,5.98,Completed
2292,125,2026-01-09,269.96,Completed
2293,365,2026-01-09,114.95,Completed
2294,50,2026-01-09,19.98,Completed
2295,473,2026-01-09,11.99,Completed
2296,32,2026-01-09,17.96,Completed
2297,175,2026-01-09,1179.96,Completed
2298,416,2026-01-09,539.94,Completed
2299,144,2026-01-09,11080.95,Completed
2300,256,2026-01-09,59.92,Completed
2301,441,2026-01-09,83.97,Completed
2302,334,2026-01-09,27.95,Completed
2303,108,2026-01-09,565.92,Completed
2304,315,2026-01-09,4.98,Completed
2305,35,2026-01-09,269.96,Completed
2306,121,2026-01-09,6155.91,Completed
2307,101,2026-01-09,1609.93,Completed
2308,143,2026-01-09,9009.98,Completed
2309,163,2026-01-09,14.99,Completed
2310,46,2026-01-09,89.99,Completed
2311,402,2026-01-09,137.94,Completed
2312,230,2026-01-09,267.93,Completed
2313,102,2026-01-09,32999.97,Completed
2314,42,2026-01-09,298.92,Completed
2315,354,2026-01-09,2489.96,Completed
2316,420,2026-01-09,2915.92,Completed
2317,20,2026-01-09,55.96,Completed
2318,177,2026-01-09,16.99,Completed
2319,106,2026-01-09,42599.95,Completed
2320,59,2026-01-09,389.97,Completed
2321,2,2026-01-09,20.44,Completed
2322,431,2026-01-09,2234.97,Completed
2323,429,2026-01-09,3296.91,Completed
2324,425,2026-01-09,18011.96,Completed
2325,138,2026-01-09,19.98,Completed
2326,321,2026-01-09,6023.94,Completed
2327,377,2026-01-09,126.95,Completed
2328,231,2026-01-09,103.4,Completed
2329,449,2026-01-09,10.75,Completed
2330,216,2026-01-09,3119.95,Completed
2331,52,2026-01-09,119.94,Completed
2332,218,2026-01-09,429.3,Completed
2333,284,2026-01-09,62.34,Completed
2334,391,2026-01-09,3041.92,Completed
2335,409,2026-01-09,1499.99,Completed
2336,171,2026-01-09,2533.95,Completed
2337,472,2026-01-09,29.99,Completed
2338,271,2026-01-09,7634.93,Completed
2339,13,2026-01-09,64.95,Completed
2340,359,2026-01-09,34.99,Completed
2341,343,2026-01-09,150.43,Completed
2342,13,2026-01-10,33051.92,Completed
2343,87,2026-01-10,7699.96,Completed
2344,319,2026-01-10,33019.45,Completed
2345,226,2026-01-10,17.97,Completed
2346,46,2026-01-10,125.93,Completed
2347,413,2026-01-10,369.95,Completed
2348,10,2026-01-10,4186.95,Completed
2349,276,2026-01-10,5751.9,Completed
2350,366,2026-01-10,350.91,Completed
2351,236,2026-01-10,33.96,Completed
2352,109,2026-01-10,145.9,Completed
2353,223,2026-01-10,70.9,Completed
2354,426,2026-01-10,252.92,Completed
2355,392,2026-01-10,7.99,Completed
2356,101,2026-01-10,1499.97,Completed
2357,275,2026-01-10,323.94,Completed
2358,188,2026-01-10,2.99,Completed
2359,342,2026-01-10,33029.94,Completed
2360,418,2026-01-10,125.97,Completed
2361,129,2026-01-10,49.98,Completed
2362,375,2026-01-10,9005.98,Completed
2363,44,2026-01-10,116.94,Completed
2364,280,2026-01-10,174.93,Completed
2365,68,2026-01-10,134.44,Completed
2366,216,2026-01-10,367.96,Completed
2367,352,2026-01-10,8709.92,Completed
2368,399,2026-01-10,88.41,Completed
2369,36,2026-01-10,27.99,Completed
2370,435,2026-01-10,334.93,Completed
2371,465,2026-01-10,164.95,Completed
2372,163,2026-01-10,110.94,Completed
2373,359,2026-01-10,377.41,Completed
2374,477,2026-01-10,5.49,Completed
2375,238,2026-01-10,16.99,Completed
2376,446,2026-01-10,24.99,Completed
2377,401,2026-01-10,28093.95,Completed
2378,416,2026-01-10,1.99,Completed
2379,484,2026-01-10,4943.92,Completed
2380,430,2026-01-10,29499.97,Completed
2381,274,2026-01-10,181.95,Completed
2382,160,2026-01-10,74.42,Completed
2383,282,2026-01-10,6147.93,Completed
2384,160,2026-01-10,31.98,Completed
2385,123,2026-01-10,6015.92,Completed
2386,375,2026-01-10,9.98,Completed
2387,484,2026-01-10,15.98,Completed
2388,422,2026-01-10,87.96,Completed
2389,396,2026-01-10,301.92,Completed
2390,451,2026-01-10,2.49,Completed
2391,204,2026-01-10,145.95,Completed
2392,294,2026-01-10,28079.93,Completed
2393,481,2026-01-10,285.95,Completed
2394,37,2026-01-10,59.98,Completed
2395,408,2026-01-10,365.96,Completed
2396,31,2026-01-10,6025.93,Completed
2397,487,2026-01-10,269.97,Completed
2398,296,2026-01-10,1507.95,Completed
2399,71,2026-01-10,28.98,Completed
2400,458,2026-01-10,2229.91,Completed
2401,486,2026-01-10,19.99,Completed
2402,79,2026-01-10,153.98,Completed
2403,180,2026-01-10,22111.91,Completed
2404,137,2026-01-10,18122.89,Completed
2405,150,2026-01-10,410.92,Completed
2406,258,2026-01-10,4499.97,Completed
2407,13,2026-01-10,109.96,Completed
2408,331,2026-01-11,309.97,Completed
2409,41,2026-01-11,2.49,Completed
2410,469,2026-01-11,61.74,Completed
2411,401,2026-01-11,27.99,Completed
2412,94,2026-01-11,129.95,Completed
2413,344,2026-01-11,86.95,Completed
2414,265,2026-01-11,251.96,Completed
2415,323,2026-01-11,359.96,Completed
2416,301,2026-01-11,59.94,Completed
2417,279,2026-01-11,14.97,Completed
2418,144,2026-01-11,269.94,Completed
2419,470,2026-01-11,410.94,Completed
2420,278,2026-01-11,29.99,Completed
2421,340,2026-01-11,2.49,Completed
2422,485,2026-01-11,269.97,Completed
2423,91,2026-01-11,37.96,Completed
2424,382,2026-01-11,30.97,Completed
2425,176,2026-01-11,13531.84,Completed
2426,216,2026-01-11,509.95,Completed
2427,30,2026-01-11,25.46,Completed
2428,364,2026-01-11,11179.97,Completed
2429,107,2026-01-11,9.99,Completed
2430,401,2026-01-11,69.98,Completed
2431,103,2026-01-11,4540.93,Completed
2432,133,2026-01-11,34.99,Completed
2433,109,2026-01-12,11.97,Completed
2434,42,2026-01-12,136.93,Completed
2435,312,2026-01-12,149.97,Completed
2436,492,2026-01-12,194.95,Completed
2437,122,2026-01-12,115.95,Completed
2438,71,2026-01-12,24.45,Completed
2439,348,2026-01-12,269.95,Completed
2440,461,2026-01-12,1104.95,Completed
2441,213,2026-01-12,330.95,Completed
2442,460,2026-01-12,10.98,Completed
2443,418,2026-01-12,55.98,Completed
2444,97,2026-01-12,17.97,Completed
2445,449,2026-01-12,46.95,Completed
2446,93,2026-01-12,59.97,Completed
2447,64,2026-01-12,38.97,Completed
2448,172,2026-01-12,111.95,Completed
2449,161,2026-01-12,1604.93,Completed
2450,478,2026-01-12,118.95,Completed
2451,177,2026-01-12,154.92,Completed
2452,315,2026-01-12,38699.94,Completed
2453,245,2026-01-12,265.92,Completed
2454,281,2026-01-12,3.99,Completed
2455,228,2026-01-12,317.88,Completed
2456,318,2026-01-12,309.97,Completed
2457,86,2026-01-13,841.92,Completed
2458,52,2026-01-13,383.93,Completed
2459,492,2026-01-13,311.92,Completed
2460,150,2026-01-13,27.99,Completed
2461,211,2026-01-13,187.96,Completed
2462,440,2026-01-13,210.24,Completed
2463,79,2026-01-13,89.97,Completed
2464,152,2026-01-13,44.46,Completed
2465,258,2026-01-13,3.98,Completed
2466,370,2026-01-13,64.94,Completed
2467,195,2026-01-13,22.54,Completed
2468,99,2026-01-13,7289.93,Completed
2469,50,2026-01-13,23.97,Completed
2470,324,2026-01-13,296.8,Completed
2471,397,2026-01-13,97.96,Completed
2472,344,2026-01-13,99.99,Completed
2473,191,2026-01-13,39.98,Completed
2474,20,2026-01-13,6269.94,Completed
2475,412,2026-01-13,45.46,Completed
2476,288,2026-01-13,148.96,Completed
2477,8,2026-01-13,253.42,Completed
2478,490,2026-01-13,389.91,Completed
2479,496,2026-01-13,574.93,Completed
2480,427,2026-01-13,1523.94,Completed
2481,445,2026-01-13,49.52,Completed
2482,452,2026-01-13,19.99,Completed
2483,224,2026-01-13,1551.94,Completed
2484,488,2026-01-13,5476.91,Completed
2485,308,2026-01-13,137.95,Completed
2486,4,2026-01-13,17.76,Completed
2487,202,2026-01-13,2.37,Completed
2488,6,2026-01-13,11.48,Completed
2489,361,2026-01-13,33.97,Completed
2490,328,2026-01-13,4623.91,Completed
2491,358,2026-01-13,2226.52,Completed
2492,329,2026-01-13,18107.92,Completed
2493,286,2026-01-13,422.89,Completed
2494,230,2026-01-13,26145.91,Completed
2495,202,2026-01-14,5.99,Completed
2496,428,2026-01-14,265.94,Completed
2497,75,2026-01-14,3.98,Completed
2498,217,2026-01-14,1724.88,Completed
2499,394,2026-01-14,1507.95,Completed
2500,103,2026-01-14,91.97,Completed
2501,248,2026-01-14,40.41,Completed
2502,346,2026-01-14,24234.92,Completed
2503,330,2026-01-14,44.97,Completed
2504,49,2026-01-14,318.29,Completed
2505,243,2026-01-14,39024.94,Completed
2506,248,2026-01-14,1956.94,Completed
2507,357,2026-01-14,179.98,Completed
2508,202,2026-01-14,3298.94,Completed
2509,94,2026-01-14,219.98,Completed
2510,389,2026-01-14,412.94,Completed
2511,473,2026-01-14,359.97,Completed
2512,155,2026-01-14,121.93,Completed
2513,426,2026-01-14,12609.93,Completed
2514,234,2026-01-14,329.97,Completed
2515,117,2026-01-14,2999.98,Completed
2516,456,2026-01-14,39009.95,Completed
2517,107,2026-01-14,155.95,Completed
2518,74,2026-01-14,193.96,Completed
2519,9,2026-01-14,83.93,Completed
2520,355,2026-01-14,85.95,Completed
2521,429,2026-01-14,104.93,Completed
2522,328,2026-01-14,180.91,Completed
2523,456,2026-01-14,9399.95,Completed
2524,305,2026-01-14,360.92,Completed
2525,361,2026-01-14,15597.4,Completed
2526,319,2026-01-14,1585.95,Completed
2527,243,2026-01-14,221.28,Completed
2528,166,2026-01-14,14.98,Completed
2529,101,2026-01-14,64.92,Completed
2530,13,2026-01-14,74.97,Completed
2531,431,2026-01-15,13.28,Completed
2532,432,2026-01-15,25999.98,Completed
2533,186,2026-01-15,28.95,Completed
2534,100,2026-01-15,79.42,Completed
2535,123,2026-01-15,1616.93,Completed
2536,361,2026-01-15,65.41,Completed
2537,312,2026-01-15,16134.91,Completed
2538,500,2026-01-15,28.98,Completed
2539,154,2026-01-15,129.97,Completed
2540,152,2026-01-15,21.98,Completed
2541,243,2026-01-15,127.9,Completed
2542,315,2026-01-15,14.46,Completed
2543,135,2026-01-15,3.98,Completed
2544,280,2026-01-15,1819.97,Completed
2545,314,2026-01-15,460.95,Completed
2546,89,2026-01-15,2585.96,Completed
2547,7,2026-01-15,0.79,Completed
2548,380,2026-01-15,18038.94,Completed
2549,473,2026-01-15,23.94,Completed
2550,36,2026-01-15,44.46,Completed
2551,109,2026-01-15,515.95,Completed
2552,367,2026-01-15,179.98,Completed
2553,425,2026-01-16,10999.99,Completed
2554,477,2026-01-16,159.98,Completed
2555,32,2026-01-16,22049.97,Completed
2556,483,2026-01-16,35.97,Completed
2557,375,2026-01-16,3.99,Completed
2558,284,2026-01-16,1139.39,Completed
2559,170,2026-01-16,1961.91,Completed
2560,431,2026-01-16,43.95,Completed
2561,428,2026-01-16,36324.91,Completed
2562,19,2026-01-16,293.95,Completed
2563,312,2026-01-16,49.26,Completed
2564,154,2026-01-16,18.95,Completed
2565,354,2026-01-16,283.95,Completed
2566,466,2026-01-16,26009.97,Completed
2567,406,2026-01-16,98.83,Completed
2568,353,2026-01-16,2999.98,Completed
2569,46,2026-01-16,497.42,Completed
2570,52,2026-01-16,99.99,Completed
2571,131,2026-01-16,68.42,Completed
2572,280,2026-01-16,7499.97,Completed
2573,216,2026-01-16,2020.96,Completed
2574,114,2026-01-16,64.96,Completed
2575,318,2026-01-16,75.96,Completed
2576,261,2026-01-16,39.97,Completed
2577,438,2026-01-16,179.96,Completed
2578,254,2026-01-16,173.96,Completed
2579,52,2026-01-16,209.42,Completed
2580,244,2026-01-16,59.97,Completed
2581,417,2026-01-16,23532.92,Completed
2582,42,2026-01-16,5031.95,Completed
2583,297,2026-01-16,28.42,Completed
2584,167,2026-01-16,4390.76,Completed
2585,283,2026-01-16,1542.35,Completed
2586,230,2026-01-16,119.43,Completed
2587,309,2026-01-16,22.97,Completed
2588,56,2026-01-16,1.98,Completed
2589,177,2026-01-16,1.58,Completed
2590,169,2026-01-16,389.97,Completed
2591,482,2026-01-16,11.98,Completed
2592,282,2026-01-16,15.99,Completed
2593,367,2026-01-16,483.92,Completed
2594,320,2026-01-16,12.99,Completed
2595,264,2026-01-16,357.89,Completed
2596,404,2026-01-16,76.94,Completed
2597,224,2026-01-16,69.99,Completed
2598,436,2026-01-16,305.96,Completed
2599,26,2026-01-16,169.96,Completed
2600,275,2026-01-16,98.95,Completed
2601,380,2026-01-16,1329.94,Completed
2602,185,2026-01-16,2407.96,Completed
2603,90,2026-01-16,49.99,Completed
2604,291,2026-01-16,179.98,Completed
2605,444,2026-01-16,4043.95,Completed
2606,287,2026-01-16,98.94,Completed
2607,184,2026-01-16,8.97,Completed
2608,376,2026-01-16,335.96,Completed
2609,374,2026-01-16,2004.94,Completed
2610,330,2026-01-16,3323.94,Completed
2611,78,2026-01-16,24.95,Completed
2612,303,2026-01-16,89.99,Completed
2613,157,2026-01-16,1.49,Completed
2614,380,2026-01-17,2215.93,Completed
2615,264,2026-01-17,119.99,Completed
2616,84,2026-01-17,181.96,Completed
2617,406,2026-01-17,4221.95,Completed
2618,373,2026-01-17,202.35,Completed
2619,375,2026-01-17,2226.93,Completed
2620,271,2026-01-17,74.97,Completed
2621,409,2026-01-17,269.97,Completed
2622,335,2026-01-17,30.45,Completed
2623,138,2026-01-17,15599.95,Completed
2624,375,2026-01-17,845.95,Completed
2625,403,2026-01-17,11.97,Completed
2626,245,2026-01-17,24.99,Completed
2627,8,2026-01-17,116.96,Completed
2628,109,2026-01-17,307.92,Completed
2629,449,2026-01-17,24.96,Completed
2630,329,2026-01-17,0.99,Completed
2631,460,2026-01-17,69.83,Completed
2632,268,2026-01-17,219.98,Completed
2633,461,2026-01-17,149.97,Completed
2634,166,2026-01-17,5699.97,Completed
2635,436,2026-01-17,2823.94,Completed
2636,167,2026-01-17,106.96,Completed
2637,372,2026-01-17,6065.92,Completed
2638,447,2026-01-17,13567.43,Completed
2639,276,2026-01-17,449.97,Completed
2640,249,2026-01-17,3599.93,Completed
2641,482,2026-01-17,139.96,Completed
2642,274,2026-01-17,1914.98,Completed
2643,40,2026-01-17,2889.93,Completed
2644,459,2026-01-17,23.98,Completed
2645,254,2026-01-17,123.95,Completed
2646,311,2026-01-17,899.97,Completed
2647,23,2026-01-17,36.77,Completed
2648,381,2026-01-17,7523.93,Completed
2649,435,2026-01-17,4248.92,Completed
2650,80,2026-01-17,38999.97,Completed
2651,197,2026-01-17,159.97,Completed
2652,142,2026-01-17,35.97,Completed
2653,83,2026-01-17,394.92,Completed
2654,392,2026-01-17,3.99,Completed
2655,331,2026-01-17,67.45,Completed
2656,168,2026-01-18,897.94,Completed
2657,350,2026-01-18,1649.94,Completed
2658,342,2026-01-18,132.92,Completed
2659,92,2026-01-18,359.97,Completed
2660,439,2026-01-18,4199.97,Completed
2661,23,2026-01-18,75.96,Completed
2662,491,2026-01-18,17.97,Completed
2663,262,2026-01-18,24.99,Completed
2664,268,2026-01-18,1131.95,Completed
2665,438,2026-01-18,83.75,Completed
2666,433,2026-01-18,32.93,Completed
2667,495,2026-01-18,1.99,Completed
2668,82,2026-01-18,188.95,Completed
2669,250,2026-01-18,24515.96,Completed
2670,394,2026-01-18,46.95,Completed
2671,152,2026-01-18,81.98,Completed
2672,107,2026-01-18,3.99,Completed
2673,205,2026-01-18,20.97,Completed
2674,320,2026-01-18,139.97,Completed
2675,378,2026-01-18,130.92,Completed
2676,466,2026-01-18,39.99,Completed
2677,250,2026-01-18,3823.95,Completed
2678,4,2026-01-18,517.92,Completed
2679,266,2026-01-18,276.96,Completed
2680,400,2026-01-19,138.96,Completed
2681,6,2026-01-19,215.96,Completed
2682,109,2026-01-19,5009.9,Completed
2683,37,2026-01-19,29.97,Completed
2684,31,2026-01-19,94.97,Completed
2685,394,2026-01-19,14087.42,Completed
2686,302,2026-01-19,134.32,Completed
2687,488,2026-01-19,42016.94,Completed
2688,90,2026-01-19,4544.92,Completed
2689,384,2026-01-19,3.98,Completed
2690,315,2026-01-19,350.94,Completed
2691,423,2026-01-19,90.43,Completed
2692,213,2026-01-19,59.97,Completed
2693,143,2026-01-19,81.96,Completed
2694,273,2026-01-19,79.99,Completed
2695,87,2026-01-19,27074.94,Completed
2696,121,2026-01-19,8.99,Completed
2697,220,2026-01-19,60.93,Completed
2698,199,2026-01-19,139.98,Completed
2699,326,2026-01-19,22224.91,Completed
2700,325,2026-01-19,2529.95,Completed
2701,106,2026-01-19,14202.92,Completed
2702,384,2026-01-19,7550.91,Completed
2703,376,2026-01-19,82.25,Completed
2704,7,2026-01-19,149.91,Completed
2705,303,2026-01-19,65.93,Completed
2706,24,2026-01-19,45346.91,Completed
2707,14,2026-01-19,323.91,Completed
2708,124,2026-01-19,39.97,Completed
2709,72,2026-01-19,259.98,Completed
2710,254,2026-01-19,11.98,Completed
2711,182,2026-01-19,93.91,Completed
2712,325,2026-01-19,134.94,Completed
2713,5,2026-01-19,95.98,Completed
2714,193,2026-01-19,128.96,Completed
2715,276,2026-01-19,64.96,Completed
2716,469,2026-01-19,4517.95,Completed
2717,322,2026-01-19,134.57,Completed
2718,403,2026-01-19,39.42,Completed
2719,113,2026-01-19,59.98,Completed
2720,114,2026-01-19,39.99,Completed
2721,269,2026-01-19,4.99,Completed
2722,3,2026-01-19,279.95,Completed
2723,323,2026-01-19,47.96,Completed
2724,383,2026-01-19,18044.9,Completed
2725,449,2026-01-19,151.95,Completed
2726,298,2026-01-19,79.96,Completed
2727,255,2026-01-19,286.29,Completed
2728,419,2026-01-19,32.97,Completed
2729,370,2026-01-19,3346.92,Completed
2730,478,2026-01-19,89.99,Completed
2731,416,2026-01-19,33.98,Completed
2732,269,2026-01-19,36.95,Completed
2733,184,2026-01-19,17.48,Completed
2734,101,2026-01-19,29.98,Completed
2735,162,2026-01-19,99.97,Completed
2736,380,2026-01-19,21.48,Completed
2737,176,2026-01-19,396.51,Completed
2738,212,2026-01-19,1507.95,Completed
2739,270,2026-01-19,1099.95,Completed
2740,191,2026-01-19,121.92,Completed
2741,280,2026-01-19,217.93,Completed
2742,32,2026-01-19,29.98,Completed
2743,223,2026-01-19,56.94,Completed
2744,346,2026-01-19,4511.95,Completed
2745,247,2026-01-19,3135.95,Completed
2746,268,2026-01-19,39.97,Completed
2747,176,2026-01-19,273.95,Completed
2748,292,2026-01-19,3045.94,Completed
2749,155,2026-01-19,157.96,Completed
2750,303,2026-01-19,5492.92,Completed
2751,271,2026-01-20,29.96,Completed
2752,136,2026-01-20,9.99,Completed
2753,70,2026-01-20,5999.97,Completed
2754,339,2026-01-20,84.94,Completed
2755,48,2026-01-20,1099.99,Completed
2756,229,2026-01-20,10.96,Completed
2757,364,2026-01-20,9.98,Completed
2758,318,2026-01-20,31.97,Completed
2759,280,2026-01-20,14.98,Completed
2760,99,2026-01-20,89.97,Completed
2761,298,2026-01-20,26000.77,Completed
2762,198,2026-01-20,15.97,Completed
2763,206,2026-01-20,3374.91,Completed
2764,111,2026-01-20,14.97,Completed
2765,25,2026-01-20,13029.95,Completed
2766,52,2026-01-20,34.98,Completed
2767,324,2026-01-20,39.97,Completed
2768,469,2026-01-20,964.42,Completed
2769,498,2026-01-20,427.9,Completed
2770,392,2026-01-20,57.95,Completed
2771,100,2026-01-20,339.9,Completed
2772,341,2026-01-20,567.92,Completed
2773,297,2026-01-20,8.99,Completed
2774,85,2026-01-20,41999.97,Completed
2775,33,2026-01-20,155.94,Completed
2776,260,2026-01-21,82.95,Completed
2777,470,2026-01-21,119.97,Completed
2778,9,2026-01-21,2569.95,Completed
2779,231,2026-01-21,22287.92,Completed
2780,209,2026-01-21,223.93,Completed
2781,264,2026-01-21,312.27,Completed
2782,42,2026-01-21,797.89,Completed
2783,5,2026-01-21,202.89,Completed
2784,178,2026-01-21,1099.99,Completed
2785,269,2026-01-21,359.97,Completed
2786,265,2026-01-21,28041.89,Completed
2787,305,2026-01-21,14617.93,Completed
2788,245,2026-01-21,8999.99,Completed
2789,237,2026-01-21,301.92,Completed
2790,197,2026-01-21,35589.93,Completed
2791,132,2026-01-21,20.97,Completed
2792,179,2026-01-21,25.44,Completed
2793,115,2026-01-21,12.99,Completed
2794,425,2026-01-21,27098.79,Completed
2795,82,2026-01-21,179.98,Completed
2796,140,2026-01-21,156.95,Completed
2797,285,2026-01-21,156.74,Completed
2798,487,2026-01-21,2498.91,Completed
2799,94,2026-01-21,120.96,Completed
2800,408,2026-01-21,311.94,Completed
2801,172,2026-01-21,1659.96,Completed
2802,493,2026-01-21,115.44,Completed
2803,279,2026-01-21,10.99,Completed
2804,107,2026-01-21,53.43,Completed
2805,39,2026-01-21,25.96,Completed
2806,268,2026-01-21,4.47,Completed
2807,11,2026-01-21,163.9,Completed
2808,243,2026-01-21,4599.96,Completed
2809,473,2026-01-21,26.97,Completed
2810,309,2026-01-21,15105.96,Completed
2811,175,2026-01-22,11039.97,Completed
2812,17,2026-01-22,112.92,Completed
2813,232,2026-01-22,476.73,Completed
2814,392,2026-01-22,122.43,Completed
2815,341,2026-01-22,313.92,Completed
2816,94,2026-01-22,27208.51,Completed
2817,269,2026-01-22,14019.97,Completed
2818,158,2026-01-22,517.92,Completed
2819,357,2026-01-22,3626.95,Completed
2820,172,2026-01-22,215.73,Completed
2821,168,2026-01-22,66.94,Completed
2822,266,2026-01-22,1660.91,Completed
2823,311,2026-01-22,82.94,Completed
2824,243,2026-01-22,50.95,Completed
2825,445,2026-01-22,799.99,Completed
2826,495,2026-01-22,78.96,Completed
2827,458,2026-01-22,19.98,Completed
2828,192,2026-01-22,299.42,Completed
2829,465,2026-01-22,5.49,Completed
2830,189,2026-01-22,320.44,Completed
2831,93,2026-01-22,27185.92,Completed
2832,258,2026-01-22,125.95,Completed
2833,77,2026-01-22,181.82,Completed
2834,476,2026-01-22,25.98,Completed
2835,289,2026-01-22,559.94,Completed
2836,385,2026-01-22,229.93,Completed
2837,8,2026-01-22,65.82,Completed
2838,168,2026-01-22,99.98,Completed
2839,193,2026-01-22,1262.92,Completed
2840,99,2026-01-22,17999.98,Completed
2841,13,2026-01-22,5029.93,Completed
2842,106,2026-01-23,192.94,Completed
2843,125,2026-01-23,99.98,Completed
2844,88,2026-01-23,12.99,Completed
2845,252,2026-01-23,11.97,Completed
2846,351,2026-01-23,22.45,Completed
2847,86,2026-01-23,389.97,Completed
2848,280,2026-01-23,15507.93,Completed
2849,455,2026-01-23,20.55,Completed
2850,366,2026-01-23,17.98,Completed
2851,397,2026-01-23,79.95,Completed
2852,67,2026-01-23,188.94,Completed
2853,398,2026-01-23,278.52,Completed
2854,299,2026-01-23,246.95,Completed
2855,219,2026-01-23,62.96,Completed
2856,170,2026-01-23,117.91,Completed
2857,249,2026-01-23,223.96,Completed
2858,165,2026-01-23,496.89,Completed
2859,364,2026-01-23,19.96,Completed
2860,23,2026-01-23,274.95,Completed
2861,19,2026-01-23,31.96,Completed
2862,152,2026-01-23,2032.94,Completed
2863,147,2026-01-23,303.91,Completed
2864,330,2026-01-23,27.99,Completed
2865,488,2026-01-23,8.99,Completed
2866,375,2026-01-23,484.93,Completed
2867,408,2026-01-23,98.93,Completed
2868,343,2026-01-23,22.97,Completed
2869,192,2026-01-23,13.98,Completed
2870,413,2026-01-23,1249.92,Completed
2871,343,2026-01-23,39.98,Completed
2872,436,2026-01-23,1075.91,Completed
2873,105,2026-01-23,44.97,Completed
2874,500,2026-01-23,108.93,Completed
2875,423,2026-01-23,44.97,Completed
2876,104,2026-01-23,66.95,Completed
2877,330,2026-01-23,39052.41,Completed
2878,82,2026-01-23,4.99,Completed
2879,273,2026-01-23,43653.91,Completed
2880,96,2026-01-23,2268.73,Completed
2881,358,2026-01-23,91.52,Completed
2882,455,2026-01-23,2698.91,Completed
2883,208,2026-01-23,20.97,Completed
2884,438,2026-01-23,66.95,Completed
2885,348,2026-01-23,39.99,Completed
2886,67,2026-01-23,1533.84,Completed
2887,212,2026-01-23,82.92,Completed
2888,194,2026-01-23,404.96,Completed
2889,313,2026-01-23,26063.94,Completed
2890,124,2026-01-23,1799.99,Completed
2891,214,2026-01-23,105.44,Completed
2892,392,2026-01-23,36.97,Completed
2893,155,2026-01-23,3927.95,Completed
2894,64,2026-01-23,42129.93,Completed
2895,159,2026-01-23,4.58,Completed
2896,322,2026-01-23,1231.92,Completed
2897,272,2026-01-23,3.99,Completed
2898,163,2026-01-23,578.94,Completed
2899,397,2026-01-23,119.97,Completed
2900,428,2026-01-23,34.94,Completed
2901,292,2026-01-23,39.98,Completed
2902,156,2026-01-23,1504.97,Completed
2903,270,2026-01-23,299.97,Completed
2904,115,2026-01-23,4739.94,Completed
2905,167,2026-01-23,7.98,Completed
2906,469,2026-01-23,273.93,Completed
2907,477,2026-01-23,2706.91,Completed
2908,185,2026-01-23,89.91,Completed
2909,93,2026-01-23,59.96,Completed
2910,193,2026-01-23,6244.92,Completed
2911,261,2026-01-23,360.91,Completed
2912,485,2026-01-24,3017.96,Completed
2913,492,2026-01-24,224.22,Completed
2914,174,2026-01-24,2677.94,Completed
2915,405,2026-01-24,7.98,Completed
2916,377,2026-01-24,42061.42,Completed
2917,249,2026-01-24,365.94,Completed
2918,483,2026-01-24,46.43,Completed
2919,221,2026-01-24,52.94,Completed
2920,41,2026-01-24,5005.47,Completed
2921,219,2026-01-24,66.93,Completed
2922,373,2026-01-24,1.98,Completed
2923,258,2026-01-24,79.98,Completed
2924,137,2026-01-24,7.98,Completed
2925,243,2026-01-24,59.97,Completed
2926,193,2026-01-24,254.93,Completed
2927,259,2026-01-24,5495.92,Completed
2928,336,2026-01-24,1658.94,Completed
2929,311,2026-01-24,22275.94,Completed
2930,103,2026-01-24,109.53,Completed
2931,494,2026-01-24,14.99,Completed
2932,338,2026-01-24,3095.94,Completed
2933,448,2026-01-24,359.97,Completed
2934,450,2026-01-24,3659.94,Completed
2935,59,2026-01-24,45.92,Completed
2936,452,2026-01-24,25.46,Completed
2937,209,2026-01-24,11006.97,Completed
2938,342,2026-01-24,95.96,Completed
2939,229,2026-01-24,16226.95,Completed
2940,164,2026-01-24,33.98,Completed
2941,357,2026-01-24,23.94,Completed
2942,183,2026-01-24,3.98,Completed
2943,4,2026-01-24,103.97,Completed
2944,290,2026-01-24,502.9,Completed
2945,47,2026-01-24,531.92,Completed
2946,110,2026-01-24,7634.9,Completed
2947,312,2026-01-24,5999.97,Completed
2948,488,2026-01-24,38.92,Completed
2949,252,2026-01-24,1629.91,Completed
2950,345,2026-01-25,8999.99,Completed
2951,55,2026-01-25,18.97,Completed
2952,240,2026-01-25,55.02,Completed
2953,408,2026-01-25,13003.98,Completed
2954,487,2026-01-25,6174.92,Completed
2955,375,2026-01-25,1899.99,Completed
2956,187,2026-01-25,59.94,Completed
2957,235,2026-01-25,122.46,Completed
2958,57,2026-01-25,92.92,Completed
2959,104,2026-01-25,134.92,Completed
2960,337,2026-01-25,304.95,Completed
2961,431,2026-01-25,12.99,Completed
2962,129,2026-01-25,404.96,Completed
2963,228,2026-01-25,33239.95,Completed
2964,361,2026-01-25,3299.97,Completed
2965,309,2026-01-25,94.93,Completed
2966,139,2026-01-25,51.91,Completed
2967,67,2026-01-25,1134.96,Completed
2968,178,2026-01-25,37.94,Completed
2969,232,2026-01-25,43.93,Completed
2970,73,2026-01-25,372.94,Completed
2971,100,2026-01-25,99.97,Completed
2972,493,2026-01-25,2614.89,Completed
2973,225,2026-01-25,37549.91,Completed
2974,20,2026-01-25,180.91,Completed
2975,127,2026-01-25,11.98,Completed
2976,483,2026-01-25,359.97,Completed
2977,390,2026-01-25,3952.91,Completed
2978,349,2026-01-25,143.94,Completed
2979,45,2026-01-25,79.98,Completed
2980,454,2026-01-25,230.43,Completed
2981,43,2026-01-25,4.99,Completed
2982,281,2026-01-25,1616.92,Completed
2983,120,2026-01-25,89.42,Completed
2984,124,2026-01-25,9.98,Completed
2985,23,2026-01-25,281.94,Completed
2986,136,2026-01-25,4.58,Completed
2987,84,2026-01-25,26.97,Completed
2988,47,2026-01-26,26.97,Completed
2989,51,2026-01-26,4502.96,Completed
2990,118,2026-01-26,239.97,Completed
2991,217,2026-01-26,75.94,Completed
2992,484,2026-01-26,188.45,Completed
2993,236,2026-01-26,23.97,Completed
2994,445,2026-01-26,36.94,Completed
2995,61,2026-01-26,28069.4,Completed
2996,352,2026-01-26,551.93,Completed
2997,328,2026-01-26,13119.96,Completed
2998,135,2026-01-26,30.98,Completed
2999,236,2026-01-26,158.91,Completed
3000,243,2026-01-26,56.94,Completed
3001,101,2026-01-26,1184.92,Completed
3002,71,2026-01-26,68.96,Completed
3003,207,2026-01-26,78.93,Completed
3004,450,2026-01-26,3884.91,Completed
3005,99,2026-01-26,5401.96,Completed
3006,157,2026-01-26,349.98,Completed
3007,490,2026-01-26,281.92,Completed
3008,225,2026-01-26,11.98,Completed
3009,60,2026-01-26,199.9,Completed
3010,35,2026-01-26,13.27,Completed
3011,444,2026-01-26,42.28,Completed
3012,459,2026-01-26,48.97,Completed
3013,181,2026-01-26,38999.97,Completed
3014,70,2026-01-27,29.98,Completed
3015,295,2026-01-27,4.98,Completed
3016,444,2026-01-27,4100.94,Completed
3017,26,2026-01-27,1089.95,Completed
3018,128,2026-01-27,4223.91,Completed
3019,248,2026-01-27,359.97,Completed
3020,118,2026-01-27,179.98,Completed
3021,497,2026-01-27,73.97,Completed
3022,369,2026-01-27,1499.99,Completed
3023,464,2026-01-27,7.47,Completed
3024,23,2026-01-27,7.98,Completed
3025,353,2026-01-27,32999.97,Completed
3026,110,2026-01-27,23.95,Completed
3027,400,2026-01-27,297.95,Completed
3028,135,2026-01-27,563.92,Completed
3029,364,2026-01-27,3755.91,Completed
3030,285,2026-01-27,13.98,Completed
3031,91,2026-01-27,4144.91,Completed
3032,454,2026-01-27,9.99,Completed
3033,279,2026-01-27,33059.95,Completed
3034,48,2026-01-27,313.45,Completed
3035,368,2026-01-27,5.99,Completed
3036,149,2026-01-27,6.98,Completed
3037,374,2026-01-27,11314.92,Completed
3038,354,2026-01-27,68.95,Completed
3039,495,2026-01-27,235.96,Completed
3040,140,2026-01-27,179.98,Completed
3041,128,2026-01-27,3155.94,Completed
3042,216,2026-01-27,117.96,Completed
3043,62,2026-01-27,4054.94,Completed
3044,88,2026-01-27,117.92,Completed
3045,187,2026-01-27,45.95,Completed
3046,86,2026-01-27,29.98,Completed
3047,215,2026-01-27,507.91,Completed
3048,417,2026-01-27,6.48,Completed
3049,283,2026-01-27,107.93,Completed
3050,264,2026-01-27,42.96,Completed
3051,373,2026-01-27,49.99,Completed
3052,279,2026-01-27,26.28,Completed
3053,106,2026-01-27,5.99,Completed
3054,27,2026-01-27,87.97,Completed
3055,351,2026-01-27,0.99,Completed
3056,78,2026-01-27,1.29,Completed
3057,402,2026-01-27,217.95,Completed
3058,15,2026-01-27,17.97,Completed
3059,214,2026-01-27,63.96,Completed
3060,315,2026-01-27,28844.9,Completed
3061,129,2026-01-27,1668.91,Completed
3062,104,2026-01-27,42145.89,Completed
3063,426,2026-01-27,18268.91,Completed
3064,289,2026-01-27,163.94,Completed
3065,132,2026-01-27,5064.93,Completed
3066,55,2026-01-27,68.92,Completed
3067,374,2026-01-27,384.94,Completed
3068,225,2026-01-27,2700.94,Completed
3069,264,2026-01-27,102.94,Completed
3070,420,2026-01-27,408.94,Completed
3071,471,2026-01-27,106.73,Completed
3072,65,2026-01-27,1579.95,Completed
3073,316,2026-01-27,183.93,Completed
3074,310,2026-01-27,21.94,Completed
3075,146,2026-01-27,219.42,Completed
3076,242,2026-01-27,17.97,Completed
3077,394,2026-01-27,17.98,Completed
3078,383,2026-01-27,3019.96,Completed
3079,147,2026-01-27,2253.4,Completed
3080,8,2026-01-27,416.92,Completed
3081,125,2026-01-27,345.92,Completed
3082,55,2026-01-27,7.47,Completed
3083,417,2026-01-27,47.97,Completed
3084,21,2026-01-27,381.9,Completed
3085,489,2026-01-27,154.9,Completed
3086,297,2026-01-27,74.97,Completed
3087,288,2026-01-27,71.94,Completed
3088,31,2026-01-27,4.58,Completed
3089,250,2026-01-27,30.98,Completed
3090,312,2026-01-27,10199.94,Completed
3091,291,2026-01-27,239.97,Completed
3092,258,2026-01-28,1.29,Completed
3093,111,2026-01-28,120.93,Completed
3094,402,2026-01-28,193.22,Completed
3095,20,2026-01-28,107.94,Completed
3096,411,2026-01-28,1.58,Completed
3097,50,2026-01-28,20.97,Completed
3098,21,2026-01-28,2163.94,Completed
3099,374,2026-01-28,26332.45,Completed
3100,288,2026-01-28,13.95,Completed
3101,263,2026-01-28,269.94,Completed
3102,316,2026-01-28,4021.89,Completed
3103,37,2026-01-28,57.45,Completed
3104,390,2026-01-28,128.94,Completed
3105,237,2026-01-28,1551.93,Completed
3106,276,2026-01-28,191.91,Completed
3107,434,2026-01-28,6013.52,Completed
3108,234,2026-01-28,180.95,Completed
3109,463,2026-01-28,74.97,Completed
3110,368,2026-01-28,161.91,Completed
3111,403,2026-01-28,153.97,Completed
3112,26,2026-01-28,206.9,Completed
3113,6,2026-01-28,153.91,Completed
3114,160,2026-01-28,239.98,Completed
3115,205,2026-01-28,52.95,Completed
3116,378,2026-01-28,87.94,Completed
3117,192,2026-01-28,4539.95,Completed
3118,286,2026-01-28,72.95,Completed
3119,260,2026-01-28,1740.93,Completed
3120,380,2026-01-28,79.98,Completed
3121,467,2026-01-28,272.94,Completed
3122,90,2026-01-28,2999.98,Completed
3123,410,2026-01-28,5058.92,Completed
3124,149,2026-01-28,359.97,Completed
3125,323,2026-01-28,29.96,Completed
3126,103,2026-01-28,1.98,Completed
3127,304,2026-01-28,1528.94,Completed
3128,247,2026-01-28,26065.95,Completed
3129,14,2026-01-28,34.99,Completed
3130,426,2026-01-28,14042.97,Completed
3131,482,2026-01-28,3737.41,Completed
3132,430,2026-01-28,179.97,Completed
3133,367,2026-01-28,23.97,Completed
3134,314,2026-01-28,269.95,Completed
3135,231,2026-01-28,2216.93,Completed
3136,9,2026-01-28,2569.95,Completed
3137,277,2026-01-28,422.91,Completed
3138,348,2026-01-28,14.97,Completed
3139,205,2026-01-28,6119.92,Completed
3140,335,2026-01-28,1530.95,Completed
3141,55,2026-01-28,159.93,Completed
3142,469,2026-01-28,26.97,Completed
3143,184,2026-01-28,11026.96,Completed
3144,61,2026-01-28,10.47,Completed
3145,90,2026-01-28,89.99,Completed
3146,319,2026-01-28,849.91,Completed
3147,200,2026-01-28,799.99,Completed
3148,311,2026-01-28,597.93,Completed
3149,296,2026-01-28,18062.93,Completed
3150,266,2026-01-28,35.31,Completed
3151,168,2026-01-28,330.91,Completed
3152,350,2026-01-28,27070.92,Completed
3153,257,2026-01-28,39037.92,Completed
3154,381,2026-01-28,177.91,Completed
3155,3,2026-01-28,50.93,Completed
3156,13,2026-01-28,26.97,Completed
3157,222,2026-01-29,7569.92,Completed
3158,85,2026-01-29,20.95,Completed
3159,312,2026-01-29,40.44,Completed
3160,289,2026-01-29,66.94,Completed
3161,48,2026-01-29,161.54,Completed
3162,400,2026-01-29,39080.81,Completed
3163,216,2026-01-29,3419.94,Completed
3164,446,2026-01-29,810.97,Completed
3165,216,2026-01-29,945.92,Completed
3166,168,2026-01-29,239.96,Completed
3167,182,2026-01-29,239.97,Completed
3168,392,2026-01-29,378.94,Completed
3169,299,2026-01-29,16.98,Completed
3170,94,2026-01-29,11.97,Completed
3171,331,2026-01-29,179.98,Completed
3172,375,2026-01-29,47.97,Completed
3173,149,2026-01-29,15.73,Completed
3174,10,2026-01-29,3226.92,Completed
3175,232,2026-01-29,5744.95,Completed
3176,485,2026-01-29,906.92,Completed
3177,285,2026-01-30,19.97,Completed
3178,301,2026-01-30,3331.41,Completed
3179,282,2026-01-30,376.94,Completed
3180,252,2026-01-30,42187.92,Completed
3181,195,2026-01-30,18414.91,Completed
3182,211,2026-01-30,66.54,Completed
3183,129,2026-01-30,6062.9,Completed
3184,25,2026-01-30,35.97,Completed
3185,92,2026-01-30,2824.93,Completed
3186,47,2026-01-30,79.99,Completed
3187,267,2026-01-30,74.94,Completed
3188,61,2026-01-30,37.93,Completed
3189,424,2026-01-30,127.95,Completed
3190,6,2026-01-30,4.98,Completed
3191,411,2026-01-30,22.98,Completed
3192,207,2026-01-30,5515.92,Completed
3193,319,2026-01-30,161.91,Completed
3194,361,2026-01-30,11412.92,Completed
3195,357,2026-01-30,8.48,Completed
3196,331,2026-01-30,99.98,Completed
3197,193,2026-01-30,4506.44,Completed
3198,145,2026-01-30,24.45,Completed
3199,327,2026-01-30,3402.9,Completed
3200,279,2026-01-30,69.95,Completed
3201,254,2026-01-30,168.96,Completed
3202,38,2026-01-30,239.97,Completed
3203,237,2026-01-30,206.44,Completed
3204,381,2026-01-30,1436.96,Completed
3205,140,2026-01-30,79.98,Completed
3206,477,2026-01-30,265.93,Completed
3207,383,2026-01-30,17.97,Completed
3208,177,2026-01-30,7.36,Completed
3209,293,2026-01-30,1133.97,Completed
3210,478,2026-01-30,20.97,Completed
3211,400,2026-01-30,8.99,Completed
3212,433,2026-01-30,3059.96,Completed
3213,342,2026-01-30,109.99,Completed
3214,138,2026-01-30,2879.93,Completed
3215,465,2026-01-30,23.97,Completed
3216,71,2026-01-30,4525.94,Completed
3217,304,2026-01-30,39.98,Completed
3218,49,2026-01-30,236.94,Completed
3219,18,2026-01-30,4.99,Completed
3220,447,2026-01-30,418.43,Completed
3221,232,2026-01-30,194.97,Completed
3222,468,2026-01-30,186.94,Completed
3223,479,2026-01-30,1908.98,Completed
3224,112,2026-01-30,42029.44,Completed
3225,216,2026-01-30,177.95,Completed
3226,264,2026-01-30,3312.95,Completed
3227,448,2026-01-30,101.94,Completed
3228,221,2026-01-30,22.44,Completed
3229,306,2026-01-30,3.98,Completed
3230,281,2026-01-30,480.73,Completed
3231,181,2026-01-30,59.97,Completed
3232,146,2026-01-30,178.93,Completed
3233,483,2026-01-30,44.94,Completed
3234,486,2026-01-30,93.96,Completed
3235,336,2026-01-30,24.46,Completed
3236,195,2026-01-30,44.9,Completed
3237,99,2026-01-30,50.97,Completed
3238,370,2026-01-30,41.94,Completed
3239,92,2026-01-30,171.95,Completed
3240,93,2026-01-30,1537.95,Completed
3241,368,2026-01-30,339.93,Completed
3242,406,2026-01-30,814.98,Completed
3243,292,2026-01-30,279.93,Completed
3244,254,2026-01-30,100.92,Completed
3245,159,2026-01-30,14.97,Completed
3246,96,2026-01-30,884.92,Completed
3247,59,2026-01-30,190.92,Completed
3248,144,2026-01-30,199.96,Completed
3249,470,2026-01-30,202.93,Completed
3250,132,2026-01-31,22.94,Completed
3251,44,2026-01-31,3917.91,Completed
3252,205,2026-01-31,27.99,Completed
3253,284,2026-01-31,2303.95,Completed
3254,130,2026-01-31,2299.96,Completed
3255,448,2026-01-31,1644.95,Completed
3256,9,2026-01-31,196.93,Completed
3257,189,2026-01-31,89.96,Completed
3258,56,2026-01-31,18136.92,Completed
3259,81,2026-01-31,40.97,Completed
3260,129,2026-01-31,34.98,Completed
3261,102,2026-01-31,11.97,Completed
3262,174,2026-01-31,36.42,Completed
3263,265,2026-01-31,143.44,Completed
3264,114,2026-01-31,124.97,Completed
3265,153,2026-01-31,4696.92,Completed
3266,385,2026-01-31,1840.91,Completed
3267,274,2026-01-31,296.93,Completed
3268,93,2026-01-31,21.95,Completed
3269,416,2026-01-31,54.98,Completed
3270,394,2026-01-31,42212.92,Completed
3271,197,2026-01-31,89.93,Completed
3272,147,2026-01-31,33233.9,Completed
3273,454,2026-01-31,72.95,Completed
3274,439,2026-01-31,1429.46,Completed
3275,361,2026-01-31,19.98,Completed
3276,182,2026-01-31,45.91,Completed
3277,241,2026-01-31,3117.41,Completed
3278,337,2026-01-31,137.46,Completed
3279,173,2026-01-31,40109.31,Completed
3280,393,2026-01-31,799.99,Completed
3281,388,2026-01-31,121.92,Completed
3282,11,2026-01-31,144.97,Completed
3283,454,2026-01-31,41528.92,Completed
3284,350,2026-01-31,23.96,Completed
3285,105,2026-01-31,39.99,Completed
3286,267,2026-01-31,147.96,Completed
3287,166,2026-01-31,392.44,Completed
3288,214,2026-01-31,87.47,Completed
3289,31,2026-02-01,57.51,Completed
3290,220,2026-02-01,97.46,Completed
3291,108,2026-02-01,24.99,Completed
3292,1,2026-02-01,359.97,Completed
3293,352,2026-02-01,2328.89,Completed
3294,434,2026-02-01,1.98,Completed
3295,167,2026-02-01,81.93,Completed
3296,285,2026-02-01,129.99,Completed
3297,441,2026-02-01,8.99,Completed
3298,422,2026-02-01,112.32,Completed
3299,286,2026-02-01,52.25,Completed
3300,184,2026-02-01,8.99,Completed
3301,279,2026-02-01,444.93,Completed
3302,350,2026-02-01,236.93,Completed
3303,166,2026-02-01,105.94,Completed
3304,360,2026-02-01,6034.93,Completed
3305,182,2026-02-01,19812.93,Completed
3306,243,2026-02-01,157.94,Completed
3307,307,2026-02-01,93.94,Completed
3308,428,2026-02-01,1116.98,Completed
3309,355,2026-02-01,25533.93,Completed
3310,328,2026-02-01,164.94,Completed
3311,259,2026-02-01,79.98,Completed
3312,221,2026-02-01,2413.95,Completed
3313,234,2026-02-01,184.97,Completed
3314,15,2026-02-01,47.98,Completed
3315,169,2026-02-01,79.99,Completed
3316,122,2026-02-01,15.95,Completed
3317,306,2026-02-01,3.98,Completed
3318,157,2026-02-01,35.95,Completed
3319,252,2026-02-01,79.98,Completed
3320,161,2026-02-01,3802.95,Completed
3321,2,2026-02-01,6099.95,Completed
3322,236,2026-02-01,2616.44,Completed
3323,323,2026-02-01,227.44,Completed
3324,374,2026-02-01,44.43,Completed
3325,216,2026-02-01,3299.97,Completed
3326,86,2026-02-01,10.47,Completed
3327,80,2026-02-01,129.97,Completed
3328,302,2026-02-01,13.98,Completed
3329,465,2026-02-01,4.99,Completed
3330,32,2026-02-01,1603.55,Completed
3331,134,2026-02-01,90.97,Completed
3332,47,2026-02-01,217.92,Completed
3333,94,2026-02-01,30.76,Completed
3334,107,2026-02-01,5399.97,Completed
3335,351,2026-02-01,89.96,Completed
3336,45,2026-02-01,42112.51,Completed
3337,259,2026-02-01,1828.5,Completed
3338,137,2026-02-01,149.92,Completed
3339,63,2026-02-01,2232.94,Completed
3340,224,2026-02-01,2002.97,Completed
3341,331,2026-02-01,11899.97,Completed
3342,337,2026-02-01,179.98,Completed
3343,263,2026-02-01,17.95,Completed
3344,3,2026-02-01,33.96,Completed
3345,66,2026-02-01,9.99,Completed
3346,468,2026-02-01,819.95,Completed
3347,455,2026-02-01,163.96,Completed
3348,175,2026-02-01,11.97,Completed
3349,95,2026-02-01,33319.93,Completed
3350,329,2026-02-01,16515.95,Completed
3351,134,2026-02-01,332.9,Completed
3352,227,2026-02-01,1499.97,Completed
3353,257,2026-02-01,8.99,Completed
3354,370,2026-02-01,203.92,Completed
3355,245,2026-02-01,169.98,Completed
3356,446,2026-02-02,22.97,Completed
3357,95,2026-02-02,2427.91,Completed
3358,3,2026-02-02,419.97,Completed
3359,66,2026-02-02,5699.91,Completed
3360,460,2026-02-02,17.98,Completed
3361,281,2026-02-02,21.97,Completed
3362,123,2026-02-02,168.97,Completed
3363,133,2026-02-02,109.97,Completed
3364,431,2026-02-02,72.43,Completed
3365,116,2026-02-02,33028.21,Completed
3366,196,2026-02-02,33068.2,Completed
3367,455,2026-02-02,19.99,Completed
3368,346,2026-02-02,249.97,Completed
3369,469,2026-02-02,199.96,Completed
3370,166,2026-02-02,337.44,Completed
3371,230,2026-02-02,39207.9,Completed
3372,332,2026-02-02,44.97,Completed
3373,242,2026-02-02,8.99,Completed
3374,302,2026-02-02,269.97,Completed
3375,390,2026-02-02,407.93,Completed
3376,56,2026-02-02,26199.94,Completed
3377,387,2026-02-02,15.98,Completed
3378,422,2026-02-02,1935.92,Completed
3379,166,2026-02-02,187.9,Completed
3380,60,2026-02-02,89.97,Completed
3381,230,2026-02-02,97.92,Completed
3382,274,2026-02-02,81.96,Completed
3383,185,2026-02-02,9134.91,Completed
3384,269,2026-02-02,12.99,Completed
3385,59,2026-02-02,229.97,Completed
3386,467,2026-02-02,2.97,Completed
3387,200,2026-02-02,73.96,Completed
3388,183,2026-02-02,206.95,Completed
3389,99,2026-02-02,188.92,Completed
3390,477,2026-02-02,85.94,Completed
3391,380,2026-02-02,72.95,Completed
3392,219,2026-02-02,329.97,Completed
3393,235,2026-02-02,23.97,Completed
3394,9,2026-02-02,216.94,Completed
3395,60,2026-02-02,4922.42,Completed
3396,430,2026-02-02,30.56,Completed
3397,97,2026-02-02,17.98,Completed
3398,487,2026-02-02,49.98,Completed
3399,93,2026-02-02,11.97,Completed
3400,488,2026-02-02,1464.45,Completed
3401,66,2026-02-02,1639.94,Completed
3402,273,2026-02-02,28055.93,Completed
3403,292,2026-02-02,219.96,Completed
3404,258,2026-02-02,93.94,Completed
3405,440,2026-02-02,14.46,Completed
3406,161,2026-02-02,3999.96,Completed
3407,464,2026-02-02,4499.97,Completed
3408,103,2026-02-02,521.92,Completed
3409,18,2026-02-02,16.97,Completed
3410,58,2026-02-02,513.97,Completed
3411,180,2026-02-02,21.95,Completed
3412,432,2026-02-03,129.99,Completed
3413,437,2026-02-03,230.92,Completed
3414,35,2026-02-03,202.92,Completed
3415,392,2026-02-03,38.97,Completed
3416,233,2026-02-03,82.94,Completed
3417,391,2026-02-03,34.99,Completed
3418,370,2026-02-03,67.91,Completed
3419,470,2026-02-03,8.97,Completed
3420,22,2026-02-03,344.94,Completed
3421,67,2026-02-03,24529.92,Completed
3422,139,2026-02-03,67.96,Completed
3423,306,2026-02-03,19.99,Completed
3424,233,2026-02-03,2783.93,Completed
3425,171,2026-02-03,395.73,Completed
3426,110,2026-02-03,28107.91,Completed
3427,277,2026-02-03,21.95,Completed
3428,441,2026-02-03,44779.92,Completed
3429,163,2026-02-03,30.96,Completed
3430,391,2026-02-03,16.98,Completed
3431,18,2026-02-03,34.97,Completed
3432,308,2026-02-03,77.94,Completed
3433,439,2026-02-03,26.97,Completed
3434,406,2026-02-03,137.93,Completed
3435,277,2026-02-03,36.54,Completed
3436,422,2026-02-03,4599.95,Completed
3437,6,2026-02-03,5048.92,Completed
3438,498,2026-02-03,20.97,Completed
3439,143,2026-02-03,38.95,Completed
3440,120,2026-02-03,24352.91,Completed
3441,76,2026-02-03,269.97,Completed
3442,231,2026-02-03,9.98,Completed
3443,374,2026-02-03,27.96,Completed
3444,403,2026-02-03,1740.93,Completed
3445,418,2026-02-03,20.97,Completed
3446,176,2026-02-03,122.93,Completed
3447,315,2026-02-03,5007.96,Completed
3448,404,2026-02-03,162.95,Completed
3449,345,2026-02-03,244.94,Completed
3450,41,2026-02-03,6.99,Completed
3451,130,2026-02-03,32.95,Completed
3452,280,2026-02-03,304.94,Completed
3453,151,2026-02-03,281.94,Completed
3454,205,2026-02-03,9.99,Completed
3455,273,2026-02-03,42047.39,Completed
3456,274,2026-02-03,1399.99,Completed
3457,224,2026-02-03,201.94,Completed
3458,335,2026-02-03,162.42,Completed
3459,377,2026-02-03,89.99,Completed
3460,156,2026-02-03,14053.91,Completed
3461,257,2026-02-03,2603.42,Completed
3462,110,2026-02-03,3649.42,Completed
3463,158,2026-02-03,1.99,Completed
3464,216,2026-02-03,59.98,Completed
3465,83,2026-02-03,189.97,Completed
3466,264,2026-02-03,4.47,Completed
3467,490,2026-02-03,5022.93,Completed
3468,460,2026-02-03,42020.43,Completed
3469,489,2026-02-03,203.94,Completed
3470,362,2026-02-03,5306.84,Completed
3471,133,2026-02-03,5109.96,Completed
3472,343,2026-02-03,2130.43,Completed
3473,157,2026-02-03,1655.95,Completed
3474,202,2026-02-03,16.98,Completed
3475,81,2026-02-03,7587.51,Completed
3476,426,2026-02-03,23.97,Completed
3477,175,2026-02-03,4259.94,Completed
3478,407,2026-02-03,84.94,Completed
3479,82,2026-02-03,1.99,Completed
3480,267,2026-02-03,60.78,Completed
3481,124,2026-02-03,101.94,Completed
3482,265,2026-02-03,151.93,Completed
3483,169,2026-02-03,144.97,Completed
3484,87,2026-02-03,179.95,Completed
3485,195,2026-02-03,131.96,Completed
3486,327,2026-02-03,14.97,Completed
3487,286,2026-02-03,9.99,Completed
3488,261,2026-02-03,58.96,Completed
3489,361,2026-02-03,8.97,Completed
3490,244,2026-02-04,26059.92,Completed
3491,128,2026-02-04,17.46,Completed
3492,221,2026-02-04,4252.92,Completed
3493,282,2026-02-04,120.83,Completed
3494,456,2026-02-04,31.84,Completed
3495,183,2026-02-04,36.97,Completed
3496,249,2026-02-04,4999.98,Completed
3497,86,2026-02-04,101.95,Completed
3498,3,2026-02-04,1515.95,Completed
3499,271,2026-02-04,4199.97,Completed
3500,350,2026-02-04,4.47,Completed
3501,48,2026-02-04,399.95,Completed
3502,29,2026-02-04,0.99,Completed
3503,286,2026-02-04,5411.95,Completed
3504,117,2026-02-04,4054.92,Completed
3505,370,2026-02-04,828.93,Completed
3506,445,2026-02-04,212.94,Completed
3507,399,2026-02-04,29.99,Completed
3508,311,2026-02-04,1103.86,Completed
3509,318,2026-02-04,516.25,Completed
3510,369,2026-02-04,330.91,Completed
3511,324,2026-02-04,217.96,Completed
3512,293,2026-02-04,314.39,Completed
3513,346,2026-02-04,5488.9,Completed
3514,454,2026-02-04,1665.95,Completed
3515,50,2026-02-04,11152.95,Completed
3516,21,2026-02-04,5146.89,Completed
3517,216,2026-02-04,9.99,Completed
3518,15,2026-02-04,6004.96,Completed
3519,94,2026-02-04,11.98,Completed
3520,49,2026-02-04,8.99,Completed
3521,279,2026-02-04,89.99,Completed
3522,405,2026-02-04,89.97,Completed
3523,402,2026-02-04,410.95,Completed
3524,318,2026-02-04,3.98,Completed
3525,449,2026-02-04,7.99,Completed
3526,234,2026-02-04,185.96,Completed
3527,334,2026-02-04,299.99,Completed
3528,7,2026-02-04,3044.95,Completed
3529,33,2026-02-04,45.96,Completed
3530,336,2026-02-04,224.94,Completed
3531,232,2026-02-04,134.97,Completed
3532,257,2026-02-04,20.46,Completed
3533,209,2026-02-04,265.96,Completed
3534,391,2026-02-04,1842.93,Completed
3535,306,2026-02-04,5.98,Completed
3536,36,2026-02-04,183.96,Completed
3537,467,2026-02-04,3.99,Completed
3538,190,2026-02-04,5503.92,Completed
3539,380,2026-02-04,899.97,Completed
3540,316,2026-02-04,279.95,Completed
3541,420,2026-02-04,187.95,Completed
3542,164,2026-02-05,59.97,Completed
3543,134,2026-02-05,115.96,Completed
3544,91,2026-02-05,2489.94,Completed
3545,496,2026-02-05,359.9,Completed
3546,22,2026-02-05,12999.99,Completed
3547,197,2026-02-05,27056.91,Completed
3548,237,2026-02-05,23.97,Completed
3549,397,2026-02-05,136.95,Completed
3550,359,2026-02-05,39023.94,Completed
3551,443,2026-02-05,525.42,Completed
3552,108,2026-02-05,5976.93,Completed
3553,199,2026-02-05,14.97,Completed
3554,287,2026-02-05,85.97,Completed
3555,464,2026-02-05,27119.94,Completed
3556,369,2026-02-05,18.96,Completed
3557,261,2026-02-05,9.99,Completed
3558,94,2026-02-05,4499.97,Completed
3559,486,2026-02-05,148.91,Completed
3560,147,2026-02-05,12.99,Completed
3561,199,2026-02-05,439.94,Completed
3562,341,2026-02-05,44.4,Completed
3563,255,2026-02-05,322.92,Completed
3564,82,2026-02-05,42121.94,Completed
3565,434,2026-02-05,192.95,Completed
3566,151,2026-02-05,168.95,Completed
3567,464,2026-02-05,50.97,Completed
3568,407,2026-02-05,7549.96,Completed
3569,476,2026-02-05,56.94,Completed
3570,210,2026-02-05,269.97,Completed
3571,196,2026-02-05,3.98,Completed
3572,151,2026-02-05,35.94,Completed
3573,76,2026-02-05,2.49,Completed
3574,466,2026-02-05,51.96,Completed
3575,362,2026-02-05,911.95,Completed
3576,467,2026-02-05,22074.95,Completed
3577,359,2026-02-05,168.95,Completed
3578,215,2026-02-05,207.94,Completed
3579,293,2026-02-05,21999.98,Completed
3580,274,2026-02-05,1029.92,Completed
3581,291,2026-02-05,2999.98,Completed
3582,414,2026-02-05,19.98,Completed
3583,85,2026-02-05,3559.9,Completed
3584,197,2026-02-05,313.91,Completed
3585,487,2026-02-05,271.95,Completed
3586,468,2026-02-05,42.91,Completed
3587,300,2026-02-05,612.54,Completed
3588,250,2026-02-05,12.99,Completed
3589,61,2026-02-05,3.49,Completed
3590,490,2026-02-05,25.98,Completed
3591,281,2026-02-05,9059.97,Completed
3592,250,2026-02-05,33029.96,Completed
3593,53,2026-02-05,22015.94,Completed
3594,262,2026-02-05,3038.95,Completed
3595,280,2026-02-05,46499.94,Completed
3596,248,2026-02-05,88.93,Completed
3597,89,2026-02-05,221.44,Completed
3598,405,2026-02-05,294.93,Completed
3599,211,2026-02-05,18059.96,Completed
3600,326,2026-02-05,1546.93,Completed
3601,22,2026-02-05,3069.95,Completed
3602,400,2026-02-05,244.22,Completed
3603,319,2026-02-05,5.49,Completed
3604,121,2026-02-05,489.96,Completed
3605,163,2026-02-06,28105.91,Completed
3606,201,2026-02-06,7.99,Completed
3607,35,2026-02-06,89.99,Completed
3608,371,2026-02-06,40.97,Completed
3609,472,2026-02-06,129.99,Completed
3610,453,2026-02-06,25.98,Completed
3611,463,2026-02-06,35.47,Completed
3612,460,2026-02-06,632.88,Completed
3613,140,2026-02-06,1585.94,Completed
3614,340,2026-02-06,12.99,Completed
3615,405,2026-02-06,2040.92,Completed
3616,44,2026-02-06,232.95,Completed
3617,145,2026-02-06,199.98,Completed
3618,132,2026-02-06,4.99,Completed
3619,128,2026-02-06,5819.95,Completed
3620,101,2026-02-06,11062.41,Completed
3621,303,2026-02-06,57181.91,Completed
3622,302,2026-02-06,113.44,Completed
3623,91,2026-02-06,20.45,Completed
3624,308,2026-02-06,49.98,Completed
3625,237,2026-02-06,2.97,Completed
3626,289,2026-02-06,3094.91,Completed
3627,314,2026-02-06,27003.84,Completed
3628,72,2026-02-06,506.92,Completed
3629,481,2026-02-06,3071.91,Completed
3630,58,2026-02-06,93.92,Completed
3631,4,2026-02-06,7.47,Completed
3632,31,2026-02-06,27045.91,Completed
3633,152,2026-02-06,6049.96,Completed
3634,5,2026-02-06,11066.92,Completed
3635,34,2026-02-06,77.92,Completed
3636,435,2026-02-06,3713.94,Completed
3637,276,2026-02-06,299.97,Completed
3638,497,2026-02-06,67.95,Completed
3639,448,2026-02-06,2087.94,Completed
3640,19,2026-02-06,292.42,Completed
3641,238,2026-02-06,4169.93,Completed
3642,104,2026-02-06,49.98,Completed
3643,228,2026-02-06,149.43,Completed
3644,383,2026-02-06,17.98,Completed
3645,466,2026-02-06,289.93,Completed
3646,234,2026-02-06,60299.88,Completed
3647,205,2026-02-06,46.55,Completed
3648,444,2026-02-06,149.98,Completed
3649,66,2026-02-06,44.95,Completed
3650,224,2026-02-06,7799.96,Completed
3651,38,2026-02-06,7749.93,Completed
3652,22,2026-02-06,999.98,Completed
3653,168,2026-02-06,79.95,Completed
3654,424,2026-02-06,230.9,Completed
3655,393,2026-02-06,191.93,Completed
3656,49,2026-02-06,231.92,Completed
3657,401,2026-02-06,209.97,Completed
3658,305,2026-02-06,8531.92,Completed
3659,472,2026-02-06,129.99,Completed
3660,75,2026-02-06,1517.96,Completed
3661,457,2026-02-06,137.94,Completed
3662,427,2026-02-06,34.44,Completed
3663,343,2026-02-06,294.96,Completed
3664,46,2026-02-06,149.97,Completed
3665,117,2026-02-06,28106.44,Completed
3666,463,2026-02-06,73.45,Completed
3667,298,2026-02-06,41.96,Completed
3668,337,2026-02-06,4091.93,Completed
3669,216,2026-02-06,99.95,Completed
3670,412,2026-02-06,311.98,Completed
3671,499,2026-02-06,41999.97,Completed
3672,66,2026-02-06,494.9,Completed
3673,367,2026-02-06,462.91,Completed
3674,169,2026-02-06,216.93,Completed
3675,92,2026-02-06,5519.92,Completed
3676,420,2026-02-06,4199.97,Completed
3677,452,2026-02-06,119.94,Completed
3678,308,2026-02-06,18.48,Completed
3679,453,2026-02-06,71.94,Completed
3680,183,2026-02-07,26.97,Completed
3681,477,2026-02-07,661.93,Completed
3682,336,2026-02-07,576.92,Completed
3683,267,2026-02-07,69.99,Completed
3684,255,2026-02-07,31.98,Completed
3685,21,2026-02-07,269.97,Completed
3686,191,2026-02-07,9.99,Completed
3687,348,2026-02-07,4237.22,Completed
3688,493,2026-02-07,44.97,Completed
3689,226,2026-02-07,72.44,Completed
3690,314,2026-02-07,306.84,Completed
3691,469,2026-02-07,32.97,Completed
3692,152,2026-02-07,89.99,Completed
3693,21,2026-02-07,4.58,Completed
3694,57,2026-02-07,18157.91,Completed
3695,217,2026-02-07,25999.98,Completed
3696,153,2026-02-07,41.95,Completed
3697,293,2026-02-07,103.94,Completed
3698,2,2026-02-07,94.97,Completed
3699,499,2026-02-07,3.99,Completed
3700,36,2026-02-07,265.95,Completed
3701,109,2026-02-07,74.97,Completed
3702,390,2026-02-07,83.97,Completed
3703,18,2026-02-07,209.94,Completed
3704,203,2026-02-07,395.25,Completed
3705,241,2026-02-07,18.93,Completed
3706,466,2026-02-07,35.34,Completed
3707,209,2026-02-07,59.99,Completed
3708,132,2026-02-07,30.96,Completed
3709,464,2026-02-07,0.99,Completed
3710,121,2026-02-07,91.93,Completed
3711,439,2026-02-07,239.98,Completed
3712,63,2026-02-07,39.98,Completed
3713,281,2026-02-07,919.96,Completed
3714,492,2026-02-07,1546.92,Completed
3715,380,2026-02-07,397.95,Completed
3716,182,2026-02-07,23.95,Completed
3717,171,2026-02-07,11799.98,Completed
3718,41,2026-02-07,170.43,Completed
3719,92,2026-02-07,34.97,Completed
3720,471,2026-02-07,44.94,Completed
3721,94,2026-02-07,121.94,Completed
3722,71,2026-02-07,94.8,Completed
3723,299,2026-02-07,130.95,Completed
3724,397,2026-02-07,5.99,Completed
3725,160,2026-02-07,2506.9,Completed
3726,8,2026-02-07,14.97,Completed
3727,297,2026-02-07,159.98,Completed
3728,348,2026-02-07,608.95,Completed
3729,440,2026-02-07,47.94,Completed
3730,380,2026-02-07,6299.96,Completed
3731,254,2026-02-07,89.99,Completed
3732,96,2026-02-07,0.99,Completed
3733,9,2026-02-08,3.98,Completed
3734,95,2026-02-08,133.93,Completed
3735,272,2026-02-08,262.95,Completed
3736,409,2026-02-08,4037.51,Completed
3737,77,2026-02-08,269.97,Completed
3738,430,2026-02-08,5967.91,Completed
3739,40,2026-02-08,95.24,Completed
3740,223,2026-02-08,40.92,Completed
3741,273,2026-02-08,4506.75,Completed
3742,435,2026-02-08,359.93,Completed
3743,159,2026-02-08,57.93,Completed
3744,297,2026-02-08,382.92,Completed
3745,113,2026-02-08,41066.4,Completed
3746,397,2026-02-08,145.93,Completed
3747,146,2026-02-08,174.89,Completed
3748,259,2026-02-08,221.42,Completed
3749,172,2026-02-08,106.94,Completed
3750,163,2026-02-08,39125.92,Completed
3751,402,2026-02-08,4769.92,Completed
3752,264,2026-02-08,449.97,Completed
3753,349,2026-02-08,143.54,Completed
3754,83,2026-02-08,6859.93,Completed
3755,436,2026-02-08,25.95,Completed
3756,388,2026-02-08,9.99,Completed
3757,242,2026-02-08,5.49,Completed
3758,258,2026-02-08,16.35,Completed
3759,469,2026-02-08,102.73,Completed
3760,265,2026-02-08,21999.98,Completed
3761,57,2026-02-08,177.94,Completed
3762,98,2026-02-09,449.93,Completed
3763,275,2026-02-09,23.98,Completed
3764,26,2026-02-09,121.95,Completed
3765,80,2026-02-09,58.92,Completed
3766,189,2026-02-09,7.98,Completed
3767,405,2026-02-09,2958.93,Completed
3768,152,2026-02-09,5699.97,Completed
3769,123,2026-02-09,20.97,Completed
3770,4,2026-02-09,89.99,Completed
3771,448,2026-02-09,949.91,Completed
3772,21,2026-02-09,3351.93,Completed
3773,341,2026-02-09,59.98,Completed
3774,40,2026-02-09,86.89,Completed
3775,99,2026-02-09,3860.88,Completed
3776,185,2026-02-09,212.53,Completed
3777,367,2026-02-09,210.97,Completed
3778,292,2026-02-09,4523.94,Completed
3779,349,2026-02-09,142.93,Completed
3780,153,2026-02-09,18020.95,Completed
3781,277,2026-02-09,385.94,Completed
3782,399,2026-02-09,6759.91,Completed
3783,268,2026-02-09,2895.93,Completed
3784,216,2026-02-09,16.55,Completed
3785,24,2026-02-09,46.95,Completed
3786,105,2026-02-09,2341.93,Completed
3787,180,2026-02-09,4560.74,Completed
3788,368,2026-02-09,423.93,Completed
3789,1,2026-02-09,269.97,Completed
3790,405,2026-02-09,334.94,Completed
3791,121,2026-02-09,169.92,Completed
3792,279,2026-02-09,29.96,Completed
3793,176,2026-02-09,59.97,Completed
3794,93,2026-02-09,82.94,Completed
3795,90,2026-02-09,193.95,Completed
3796,462,2026-02-09,1247.92,Completed
3797,408,2026-02-09,241.96,Completed
3798,215,2026-02-09,1424.45,Completed
3799,351,2026-02-09,126.91,Completed
3800,99,2026-02-09,192.41,Completed
3801,23,2026-02-10,119.99,Completed
3802,496,2026-02-10,219.98,Completed
3803,222,2026-02-10,240.95,Completed
3804,355,2026-02-10,9188.94,Completed
3805,262,2026-02-10,5.98,Completed
3806,408,2026-02-10,11.98,Completed
3807,168,2026-02-10,82.95,Completed
3808,340,2026-02-10,32.94,Completed
3809,381,2026-02-10,18169.96,Completed
3810,35,2026-02-10,382.93,Completed
3811,398,2026-02-10,191.95,Completed
3812,381,2026-02-10,82.93,Completed
3813,157,2026-02-10,78.39,Completed
3814,420,2026-02-10,5041.41,Completed
3815,380,2026-02-10,25.98,Completed
3816,385,2026-02-10,134.96,Completed
3817,16,2026-02-10,29.97,Completed
3818,109,2026-02-10,152.55,Completed
3819,266,2026-02-10,28079.96,Completed
3820,246,2026-02-10,61.93,Completed
3821,313,2026-02-10,242.46,Completed
3822,480,2026-02-10,3299.97,Completed
3823,179,2026-02-10,6.87,Completed
3824,382,2026-02-10,324.93,Completed
3825,440,2026-02-10,24.99,Completed
3826,3,2026-02-10,26009.97,Completed
3827,152,2026-02-10,99.98,Completed
3828,274,2026-02-10,15.96,Completed
3829,237,2026-02-10,19.99,Completed
3830,365,2026-02-10,90.96,Completed
3831,21,2026-02-10,21.97,Completed
3832,323,2026-02-10,35.93,Completed
3833,380,2026-02-10,53.96,Completed
3834,161,2026-02-10,122.94,Completed
3835,211,2026-02-10,115.94,Completed
3836,454,2026-02-10,413.92,Completed
3837,114,2026-02-10,3004.96,Completed
3838,426,2026-02-10,6.99,Completed
3839,312,2026-02-10,33063.92,Completed
3840,271,2026-02-10,1923.97,Completed
3841,447,2026-02-10,2826.95,Completed
3842,193,2026-02-10,317.32,Completed
3843,351,2026-02-10,107.96,Completed
3844,383,2026-02-10,131.94,Completed
3845,193,2026-02-10,3749.94,Completed
3846,373,2026-02-10,2503.91,Completed
3847,227,2026-02-10,39.98,Completed
3848,339,2026-02-10,310.44,Completed
3849,435,2026-02-10,2809.55,Completed
3850,38,2026-02-10,179.94,Completed
3851,351,2026-02-10,3899.97,Completed
3852,220,2026-02-10,31.98,Completed
3853,391,2026-02-11,21.98,Completed
3854,72,2026-02-11,2825.96,Completed
3855,163,2026-02-11,101.95,Completed
3856,460,2026-02-11,224.92,Completed
3857,72,2026-02-11,2889.95,Completed
3858,492,2026-02-11,277.95,Completed
3859,203,2026-02-11,38.97,Completed
3860,423,2026-02-11,124.92,Completed
3861,189,2026-02-11,594.93,Completed
3862,335,2026-02-11,6539.94,Completed
3863,359,2026-02-11,4.99,Completed
3864,7,2026-02-11,5699.97,Completed
3865,27,2026-02-11,299.95,Completed
3866,66,2026-02-11,287.95,Completed
3867,141,2026-02-11,33.98,Completed
3868,78,2026-02-11,265.92,Completed
3869,482,2026-02-11,49.92,Completed
3870,411,2026-02-11,99.98,Completed
3871,412,2026-02-11,69.95,Completed
3872,163,2026-02-11,2499.99,Completed
3873,266,2026-02-11,27109.93,Completed
3874,20,2026-02-11,7.98,Completed
3875,237,2026-02-11,139.98,Completed
3876,372,2026-02-11,359.97,Completed
3877,462,2026-02-11,1565.95,Completed
3878,159,2026-02-11,14.97,Completed
3879,192,2026-02-12,235.52,Completed
3880,25,2026-02-12,91.95,Completed
3881,94,2026-02-12,27.95,Completed
3882,262,2026-02-12,359.97,Completed
3883,367,2026-02-12,389.97,Completed
3884,201,2026-02-12,139.98,Completed
3885,17,2026-02-12,5999.97,Completed
3886,381,2026-02-12,77.31,Completed
3887,297,2026-02-12,60.96,Completed
3888,196,2026-02-12,109.96,Completed
3889,145,2026-02-12,312.96,Completed
3890,9,2026-02-12,23.94,Completed
3891,187,2026-02-12,60.93,Completed
3892,138,2026-02-12,16.96,Completed
3893,452,2026-02-12,25.98,Completed
3894,126,2026-02-12,126.89,Completed
3895,298,2026-02-12,31.44,Completed
3896,137,2026-02-12,5949.91,Completed
3897,302,2026-02-12,125.02,Completed
3898,489,2026-02-12,9008.76,Completed
3899,470,2026-02-12,27.94,Completed
3900,5,2026-02-12,469.93,Completed
3901,26,2026-02-12,17.97,Completed
3902,119,2026-02-13,151.95,Completed
3903,157,2026-02-13,18.05,Completed
3904,205,2026-02-13,4092.92,Completed
3905,381,2026-02-13,1499.97,Completed
3906,31,2026-02-13,186.9,Completed
3907,331,2026-02-13,73.92,Completed
3908,419,2026-02-13,28015.45,Completed
3909,389,2026-02-13,75.94,Completed
3910,234,2026-02-13,110.93,Completed
3911,422,2026-02-13,48.96,Completed
3912,199,2026-02-13,0.79,Completed
3913,200,2026-02-13,4246.41,Completed
3914,38,2026-02-13,551.99,Completed
3915,114,2026-02-13,6.98,Completed
3916,364,2026-02-13,13021.97,Completed
3917,53,2026-02-13,28.95,Completed
3918,232,2026-02-13,27.96,Completed
3919,181,2026-02-13,107.94,Completed
3920,123,2026-02-13,280.33,Completed
3921,285,2026-02-13,176.91,Completed
3922,164,2026-02-13,31.45,Completed
3923,382,2026-02-13,25.33,Completed
3924,339,2026-02-14,2128.93,Completed
3925,337,2026-02-14,39209.91,Completed
3926,191,2026-02-14,17.98,Completed
3927,383,2026-02-14,19.98,Completed
3928,179,2026-02-14,27163.92,Completed
3929,391,2026-02-14,74.97,Completed
3930,110,2026-02-14,229.96,Completed
3931,140,2026-02-14,208.44,Completed
3932,183,2026-02-14,5399.97,Completed
3933,122,2026-02-14,75.92,Completed
3934,367,2026-02-14,176.39,Completed
3935,323,2026-02-14,29.99,Completed
3936,369,2026-02-14,17.96,Completed
3937,329,2026-02-14,5999.97,Completed
3938,134,2026-02-14,79.99,Completed
3939,204,2026-02-14,290.92,Completed
3940,160,2026-02-14,14423.9,Completed
3941,481,2026-02-14,164.94,Completed
3942,396,2026-02-14,136.91,Completed
3943,318,2026-02-14,44078.92,Completed
3944,398,2026-02-14,89.97,Completed
3945,323,2026-02-14,39077.91,Completed
3946,346,2026-02-14,8.99,Completed
3947,222,2026-02-14,97.98,Completed
3948,272,2026-02-14,10.99,Completed
3949,1,2026-02-14,98.95,Completed
3950,440,2026-02-14,89.97,Completed
3951,345,2026-02-14,75.81,Completed
3952,91,2026-02-14,3999.98,Completed
3953,143,2026-02-14,85.48,Completed
3954,185,2026-02-14,121.96,Completed
3955,12,2026-02-14,5999.97,Completed
3956,395,2026-02-14,38.96,Completed
3957,304,2026-02-14,279.95,Completed
3958,374,2026-02-14,50.97,Completed
3959,275,2026-02-14,79.95,Completed
3960,398,2026-02-14,265.95,Completed
3961,467,2026-02-14,1971.95,Completed
3962,110,2026-02-14,166.91,Completed
3963,102,2026-02-14,142.92,Completed
3964,481,2026-02-14,195.83,Completed
3965,195,2026-02-14,271.96,Completed
3966,110,2026-02-14,47.97,Completed
3967,87,2026-02-14,38.97,Completed
3968,171,2026-02-14,2633.91,Completed
3969,454,2026-02-15,26999.97,Completed
3970,202,2026-02-15,835.9,Completed
3971,414,2026-02-15,154.95,Completed
3972,433,2026-02-15,14.99,Completed
3973,377,2026-02-15,62.91,Completed
3974,107,2026-02-15,38.96,Completed
3975,330,2026-02-15,799.99,Completed
3976,344,2026-02-15,109.97,Completed
3977,277,2026-02-15,40.95,Completed
3978,120,2026-02-15,29.97,Completed
3979,120,2026-02-15,62.94,Completed
3980,61,2026-02-15,12.99,Completed
3981,379,2026-02-15,213.92,Completed
3982,401,2026-02-15,95.94,Completed
3983,357,2026-02-15,352.93,Completed
3984,174,2026-02-15,5.99,Completed
3985,330,2026-02-15,3051.94,Completed
3986,329,2026-02-15,4085.54,Completed
3987,312,2026-02-15,2399.97,Completed
3988,65,2026-02-15,123.97,Completed
3989,2,2026-02-15,362.41,Completed
3990,323,2026-02-15,315.97,Completed
3991,286,2026-02-15,345.93,Completed
3992,167,2026-02-15,1124.98,Completed
3993,450,2026-02-15,2319.95,Completed
3994,446,2026-02-15,69.95,Completed
3995,417,2026-02-15,79.94,Completed
3996,161,2026-02-15,999.95,Completed
3997,150,2026-02-15,194.26,Completed
3998,437,2026-02-15,59.98,Completed
3999,218,2026-02-15,31.95,Completed
4000,129,2026-02-15,139.97,Completed
4001,292,2026-02-15,52.93,Completed
4002,113,2026-02-15,85.92,Completed
4003,429,2026-02-15,37.97,Completed
4004,172,2026-02-15,150.93,Completed
4005,461,2026-02-15,72.96,Completed
4006,285,2026-02-15,189.96,Completed
4007,441,2026-02-15,99.98,Completed
4008,8,2026-02-15,51.95,Completed
4009,42,2026-02-15,12101.93,Completed
4010,78,2026-02-15,27070.92,Completed
4011,155,2026-02-15,55.98,Completed
4012,146,2026-02-15,38.97,Completed
4013,142,2026-02-15,3947.93,Completed
4014,110,2026-02-15,20.97,Completed
4015,4,2026-02-15,150.96,Completed
4016,23,2026-02-15,5.99,Completed
4017,91,2026-02-15,23.97,Completed
4018,448,2026-02-15,15999.97,Completed
4019,63,2026-02-15,28019.42,Completed
4020,62,2026-02-15,35.96,Completed
4021,381,2026-02-15,29639.95,Completed
4022,44,2026-02-15,17.98,Completed
4023,229,2026-02-15,190.9,Completed
4024,222,2026-02-15,75.97,Completed
4025,1,2026-02-15,1833.93,Completed
4026,498,2026-02-15,34589.91,Completed
4027,461,2026-02-15,69.99,Completed
4028,299,2026-02-15,200.4,Completed
4029,306,2026-02-15,35.93,Completed
4030,234,2026-02-15,1059.95,Completed
4031,345,2026-02-15,5742.92,Completed
4032,364,2026-02-16,31.95,Completed
4033,491,2026-02-16,2399.97,Completed
4034,136,2026-02-16,9179.96,Completed
4035,264,2026-02-16,37.02,Completed
4036,184,2026-02-16,299.97,Completed
4037,482,2026-02-16,242.91,Completed
4038,434,2026-02-16,187.38,Completed
4039,465,2026-02-16,33241.53,Completed
4040,297,2026-02-16,27920.88,Completed
4041,450,2026-02-16,5399.97,Completed
4042,43,2026-02-16,14.97,Completed
4043,151,2026-02-16,2245.92,Completed
4044,374,2026-02-16,269.97,Completed
4045,39,2026-02-16,18032.95,Completed
4046,427,2026-02-16,62.57,Completed
4047,55,2026-02-16,205.92,Completed
4048,3,2026-02-16,2.49,Completed
4049,385,2026-02-16,79.99,Completed
4050,52,2026-02-16,2399.97,Completed
4051,448,2026-02-16,40.97,Completed
4052,239,2026-02-16,4059.92,Completed
4053,498,2026-02-16,2.37,Completed
4054,111,2026-02-16,71.94,Completed
4055,84,2026-02-16,7.98,Completed
4056,491,2026-02-16,2039.97,Completed
4057,358,2026-02-16,119.97,Completed
4058,163,2026-02-16,108.95,Completed
4059,439,2026-02-16,338.4,Completed
4060,203,2026-02-16,31.27,Completed
4061,208,2026-02-17,107.42,Completed
4062,175,2026-02-17,42259.94,Completed
4063,155,2026-02-17,10.99,Completed
4064,294,2026-02-17,292.92,Completed
4065,456,2026-02-17,34.98,Completed
4066,193,2026-02-17,4090.92,Completed
4067,413,2026-02-17,988.95,Completed
4068,412,2026-02-17,111.94,Completed
4069,239,2026-02-17,53.96,Completed
4070,137,2026-02-17,4613.94,Completed
4071,371,2026-02-17,381.93,Completed
4072,425,2026-02-17,3.98,Completed
4073,198,2026-02-17,239.97,Completed
4074,109,2026-02-17,3707.95,Completed
4075,23,2026-02-17,399.97,Completed
4076,114,2026-02-17,161.94,Completed
4077,40,2026-02-17,161.55,Completed
4078,249,2026-02-17,252.82,Completed
4079,20,2026-02-17,99.98,Completed
4080,377,2026-02-17,69.98,Completed
4081,377,2026-02-17,28149.95,Completed
4082,109,2026-02-18,61.41,Completed
4083,68,2026-02-18,31.43,Completed
4084,16,2026-02-18,9.99,Completed
4085,295,2026-02-18,28204.9,Completed
4086,211,2026-02-18,75.92,Completed
4087,117,2026-02-18,12999.99,Completed
4088,359,2026-02-18,3165.92,Completed
4089,405,2026-02-18,94.96,Completed
4090,276,2026-02-18,149.92,Completed
4091,284,2026-02-18,155.96,Completed
4092,91,2026-02-18,299.98,Completed
4093,365,2026-02-18,10.98,Completed
4094,50,2026-02-18,41.94,Completed
4095,150,2026-02-18,12.99,Completed
4096,64,2026-02-18,3059.94,Completed
4097,395,2026-02-18,639.94,Completed
4098,100,2026-02-18,24.45,Completed
4099,139,2026-02-18,1670.91,Completed
4100,249,2026-02-18,495.4,Completed
4101,310,2026-02-18,1626.95,Completed
4102,382,2026-02-18,748.92,Completed
4103,83,2026-02-18,22889.91,Completed
4104,77,2026-02-18,123.93,Completed
4105,191,2026-02-18,259.95,Completed
4106,279,2026-02-18,3041.95,Completed
4107,253,2026-02-18,14.99,Completed
4108,340,2026-02-18,4.99,Completed
4109,411,2026-02-18,65.97,Completed
4110,455,2026-02-18,39132.93,Completed
4111,409,2026-02-18,9084.54,Completed
4112,458,2026-02-18,1839.92,Completed
4113,188,2026-02-18,369.95,Completed
4114,347,2026-02-18,20.97,Completed
4115,282,2026-02-18,17.25,Completed
4116,32,2026-02-18,13.28,Completed
4117,140,2026-02-18,1679.97,Completed
4118,422,2026-02-18,56.44,Completed
4119,455,2026-02-18,109.95,Completed
4120,298,2026-02-18,149.97,Completed
4121,41,2026-02-18,513.95,Completed
4122,168,2026-02-18,7568.89,Completed
4123,428,2026-02-18,75.82,Completed
4124,56,2026-02-18,129.99,Completed
4125,34,2026-02-18,11003.97,Completed
4126,322,2026-02-18,94.97,Completed
4127,268,2026-02-18,2659.96,Completed
4128,485,2026-02-18,2094.92,Completed
4129,58,2026-02-18,48.95,Completed
4130,177,2026-02-18,389.97,Completed
4131,305,2026-02-18,420.94,Completed
4132,288,2026-02-18,724.93,Completed
4133,464,2026-02-18,38.97,Completed
4134,271,2026-02-18,203.9,Completed
4135,169,2026-02-18,9.28,Completed
4136,497,2026-02-18,505.94,Completed
4137,148,2026-02-18,68.94,Completed
4138,486,2026-02-18,2.58,Completed
4139,238,2026-02-18,26.46,Completed
4140,361,2026-02-18,107.24,Completed
4141,492,2026-02-18,26.97,Completed
4142,275,2026-02-18,46.95,Completed
4143,313,2026-02-18,26035.95,Completed
4144,38,2026-02-18,27011.94,Completed
4145,415,2026-02-18,1079.95,Completed
4146,385,2026-02-18,158.93,Completed
4147,54,2026-02-18,26999.97,Completed
4148,34,2026-02-18,2006.95,Completed
4149,16,2026-02-19,29.97,Completed
4150,76,2026-02-19,20.96,Completed
4151,380,2026-02-19,182.94,Completed
4152,307,2026-02-19,116.33,Completed
4153,237,2026-02-19,149.91,Completed
4154,157,2026-02-19,4233.93,Completed
4155,42,2026-02-19,1601.92,Completed
4156,194,2026-02-19,16618.91,Completed
4157,324,2026-02-19,33079.91,Completed
4158,470,2026-02-19,19.99,Completed
4159,41,2026-02-19,442.25,Completed
4160,375,2026-02-19,2729.94,Completed
4161,94,2026-02-19,26.55,Completed
4162,373,2026-02-19,51.97,Completed
4163,78,2026-02-19,4612.95,Completed
4164,4,2026-02-19,6.98,Completed
4165,295,2026-02-19,329.94,Completed
4166,16,2026-02-19,25.98,Completed
4167,267,2026-02-19,3404.53,Completed
4168,238,2026-02-19,1945.96,Completed
4169,128,2026-02-19,149.97,Completed
4170,482,2026-02-19,2006.25,Completed
4171,283,2026-02-19,76.44,Completed
4172,311,2026-02-19,285.94,Completed
4173,196,2026-02-19,278.93,Completed
4174,385,2026-02-19,339.91,Completed
4175,44,2026-02-19,449.94,Completed
4176,120,2026-02-19,13139.94,Completed
4177,205,2026-02-19,4692.93,Completed
4178,290,2026-02-20,1486.93,Completed
4179,411,2026-02-20,12.99,Completed
4180,45,2026-02-20,39.98,Completed
4181,101,2026-02-20,1607.92,Completed
4182,224,2026-02-20,242.94,Completed
4183,412,2026-02-20,189.96,Completed
4184,499,2026-02-20,59.99,Completed
4185,385,2026-02-20,2926.92,Completed
4186,244,2026-02-20,1358.9,Completed
4187,134,2026-02-20,4518.92,Completed
4188,6,2026-02-20,133.94,Completed
4189,356,2026-02-20,49.99,Completed
4190,69,2026-02-20,13.98,Completed
4191,92,2026-02-20,37.97,Completed
4192,474,2026-02-20,103.95,Completed
4193,79,2026-02-20,7518.9,Completed
4194,52,2026-02-20,3442.92,Completed
4195,208,2026-02-20,1968.95,Completed
4196,301,2026-02-20,59.95,Completed
4197,68,2026-02-20,1789.92,Completed
4198,393,2026-02-20,130.96,Completed
4199,314,2026-02-20,26.97,Completed
4200,166,2026-02-20,2402.96,Completed
4201,437,2026-02-20,3764.89,Completed
4202,477,2026-02-20,166.89,Completed
4203,267,2026-02-20,19.98,Completed
4204,126,2026-02-20,4642.23,Completed
4205,284,2026-02-20,33.46,Completed
4206,46,2026-02-21,27999.98,Completed
4207,25,2026-02-21,59.97,Completed
4208,381,2026-02-21,269.97,Completed
4209,102,2026-02-21,1214.94,Completed
4210,258,2026-02-21,569.93,Completed
4211,154,2026-02-21,232.94,Completed
4212,247,2026-02-21,195.97,Completed
4213,216,2026-02-21,133.97,Completed
4214,3,2026-02-21,250.92,Completed
4215,66,2026-02-21,109.99,Completed
4216,408,2026-02-21,269.97,Completed
4217,468,2026-02-21,8.99,Completed
4218,214,2026-02-21,19.98,Completed
4219,263,2026-02-21,31.96,Completed
4220,50,2026-02-21,53.42,Completed
4221,378,2026-02-21,1649.96,Completed
4222,202,2026-02-21,47.97,Completed
4223,452,2026-02-21,381.92,Completed
4224,21,2026-02-21,83.94,Completed
4225,132,2026-02-21,179.97,Completed
4226,132,2026-02-21,41.96,Completed
4227,404,2026-02-21,58.93,Completed
4228,43,2026-02-21,89.94,Completed
4229,485,2026-02-21,7.98,Completed
4230,331,2026-02-21,59.97,Completed
4231,118,2026-02-21,67.92,Completed
4232,483,2026-02-21,543.93,Completed
4233,302,2026-02-21,42399.93,Completed
4234,289,2026-02-21,27025.93,Completed
4235,92,2026-02-21,604.97,Completed
4236,99,2026-02-21,64.96,Completed
4237,56,2026-02-21,73.42,Completed
4238,261,2026-02-21,2214.46,Completed
4239,396,2026-02-21,424.93,Completed
4240,307,2026-02-21,5058.94,Completed
4241,197,2026-02-21,49.98,Completed
4242,17,2026-02-21,5999.97,Completed
4243,466,2026-02-21,137.94,Completed
4244,68,2026-02-21,12.97,Completed
4245,102,2026-02-21,13.45,Completed
4246,321,2026-02-21,38.97,Completed
4247,301,2026-02-21,16.99,Completed
4248,495,2026-02-21,11.97,Completed
4249,409,2026-02-21,17.97,Completed
4250,170,2026-02-21,1125.95,Completed
4251,132,2026-02-21,1514.96,Completed
4252,480,2026-02-21,19.97,Completed
4253,465,2026-02-21,48.92,Completed
4254,401,2026-02-21,1586.95,Completed
4255,322,2026-02-21,2406.96,Completed
4256,47,2026-02-21,39.44,Completed
4257,117,2026-02-21,234.93,Completed
4258,347,2026-02-21,11.97,Completed
4259,286,2026-02-21,31.95,Completed
4260,85,2026-02-21,2056.95,Completed
4261,100,2026-02-21,509.95,Completed
4262,326,2026-02-21,42158.93,Completed
4263,205,2026-02-21,150.52,Completed
4264,201,2026-02-22,4999.98,Completed
4265,412,2026-02-22,62.92,Completed
4266,257,2026-02-22,854.94,Completed
4267,72,2026-02-22,218.95,Completed
4268,430,2026-02-22,3384.93,Completed
4269,304,2026-02-22,29.97,Completed
4270,321,2026-02-22,61119.92,Completed
4271,58,2026-02-22,54.98,Completed
4272,93,2026-02-22,14.97,Completed
4273,248,2026-02-22,5199.96,Completed
4274,141,2026-02-22,397.93,Completed
4275,180,2026-02-22,3.98,Completed
4276,22,2026-02-22,26999.97,Completed
4277,417,2026-02-22,1699.94,Completed
4278,298,2026-02-22,119.96,Completed
4279,203,2026-02-22,12.97,Completed
4280,496,2026-02-22,45.96,Completed
4281,124,2026-02-22,51.43,Completed
4282,342,2026-02-22,2530.95,Completed
4283,127,2026-02-22,3404.94,Completed
4284,409,2026-02-22,3062.93,Completed
4285,243,2026-02-22,33003.96,Completed
4286,124,2026-02-22,195.92,Completed
4287,17,2026-02-22,28389.95,Completed
4288,351,2026-02-22,5741.92,Completed
4289,281,2026-02-22,234.95,Completed
4290,166,2026-02-22,59.97,Completed
4291,300,2026-02-22,39.94,Completed
4292,462,2026-02-22,68.93,Completed
4293,376,2026-02-22,64.96,Completed
4294,440,2026-02-22,227.45,Completed
4295,167,2026-02-22,153.96,Completed
4296,177,2026-02-22,259.98,Completed
4297,483,2026-02-22,59.93,Completed
4298,73,2026-02-22,294.96,Completed
4299,190,2026-02-22,129.96,Completed
4300,116,2026-02-22,152.91,Completed
4301,398,2026-02-23,899.97,Completed
4302,457,2026-02-23,13005.98,Completed
4303,491,2026-02-23,121.95,Completed
4304,406,2026-02-23,327.93,Completed
4305,63,2026-02-23,865.94,Completed
4306,66,2026-02-23,25499.95,Completed
4307,94,2026-02-23,165.93,Completed
4308,19,2026-02-23,26030.95,Completed
4309,420,2026-02-23,2019.93,Completed
4310,142,2026-02-23,29.97,Completed
4311,166,2026-02-23,3967.92,Completed
4312,25,2026-02-23,42309.92,Completed
4313,222,2026-02-23,160.4,Completed
4314,87,2026-02-23,73.92,Completed
4315,290,2026-02-23,15.98,Completed
4316,108,2026-02-23,28.97,Completed
4317,15,2026-02-23,449.95,Completed
4318,451,2026-02-23,9102.45,Completed
4319,153,2026-02-23,209.97,Completed
4320,222,2026-02-23,1999.99,Completed
4321,307,2026-02-23,27028.92,Completed
4322,188,2026-02-23,2684.93,Completed
4323,425,2026-02-23,21.98,Completed
4324,425,2026-02-23,415.92,Completed
4325,363,2026-02-23,394.94,Completed
4326,150,2026-02-23,7.98,Completed
4327,97,2026-02-23,79.99,Completed
4328,319,2026-02-23,24.97,Completed
4329,433,2026-02-23,44.97,Completed
4330,116,2026-02-23,147.43,Completed
4331,168,2026-02-23,142.44,Completed
4332,467,2026-02-23,22023.95,Completed
4333,292,2026-02-23,40.95,Completed
4334,285,2026-02-23,179.97,Completed
4335,108,2026-02-23,13012.98,Completed
4336,273,2026-02-23,59.94,Completed
4337,160,2026-02-23,2110.44,Completed
4338,465,2026-02-23,42133.9,Completed
4339,244,2026-02-23,33338.4,Completed
4340,284,2026-02-23,187.95,Completed
4341,469,2026-02-23,39.94,Completed
4342,390,2026-02-23,101.97,Completed
4343,211,2026-02-23,60.97,Completed
4344,471,2026-02-23,36.44,Completed
4345,44,2026-02-23,26312.91,Completed
4346,72,2026-02-23,28234.41,Completed
4347,396,2026-02-23,1569.94,Completed
4348,394,2026-02-23,13.98,Completed
4349,367,2026-02-23,167.97,Completed
4350,251,2026-02-23,213.93,Completed
4351,269,2026-02-23,21999.98,Completed
4352,272,2026-02-24,56.2,Completed
4353,498,2026-02-24,119.97,Completed
4354,25,2026-02-24,8317.92,Completed
4355,423,2026-02-24,240.93,Completed
4356,442,2026-02-24,27034.93,Completed
4357,62,2026-02-24,3028.95,Completed
4358,446,2026-02-24,1984.97,Completed
4359,167,2026-02-24,39014.94,Completed
4360,442,2026-02-24,14.97,Completed
4361,205,2026-02-24,18129.96,Completed
4362,40,2026-02-24,209.97,Completed
4363,228,2026-02-24,4589.96,Completed
4364,110,2026-02-24,1399.99,Completed
4365,174,2026-02-24,1159.95,Completed
4366,255,2026-02-24,1504.96,Completed
4367,488,2026-02-24,299.95,Completed
4368,389,2026-02-24,239.97,Completed
4369,324,2026-02-24,7694.91,Completed
4370,144,2026-02-24,82.96,Completed
4371,88,2026-02-24,231.93,Completed
4372,241,2026-02-24,2450.42,Completed
4373,485,2026-02-24,65.97,Completed
4374,489,2026-02-24,7499.97,Completed
4375,42,2026-02-24,186.92,Completed
4376,164,2026-02-24,6899.94,Completed
4377,219,2026-02-24,203.95,Completed
4378,338,2026-02-24,1095.94,Completed
4379,447,2026-02-24,197.96,Completed
4380,419,2026-02-24,8.99,Completed
4381,73,2026-02-24,9044.96,Completed
4382,441,2026-02-24,373.89,Completed
4383,492,2026-02-24,29.98,Completed
4384,207,2026-02-24,9.98,Completed
4385,369,2026-02-24,101.95,Completed
4386,288,2026-02-24,213.94,Completed
4387,318,2026-02-24,55.96,Completed
4388,296,2026-02-24,4017.95,Completed
4389,106,2026-02-24,3.99,Completed
4390,436,2026-02-24,4.99,Completed
4391,295,2026-02-24,14.46,Completed
4392,467,2026-02-24,265.97,Completed
4393,184,2026-02-24,463.91,Completed
4394,417,2026-02-24,701.43,Completed
4395,362,2026-02-24,1577.93,Completed
4396,472,2026-02-24,5.97,Completed
4397,88,2026-02-24,41999.97,Completed
4398,359,2026-02-24,28190.24,Completed
4399,130,2026-02-24,161.96,Completed
4400,211,2026-02-24,5.97,Completed
4401,285,2026-02-24,8.99,Completed
4402,447,2026-02-24,1532.93,Completed
4403,383,2026-02-24,66.93,Completed
4404,165,2026-02-24,3442.93,Completed
4405,209,2026-02-24,549.92,Completed
4406,431,2026-02-24,3088.92,Completed
4407,183,2026-02-24,154.91,Completed
4408,68,2026-02-24,119.98,Completed
4409,455,2026-02-24,4999.98,Completed
4410,182,2026-02-24,129.98,Completed
4411,181,2026-02-24,799.99,Completed
4412,266,2026-02-24,27999.98,Completed
4413,77,2026-02-24,109.97,Completed
4414,164,2026-02-24,52.97,Completed
4415,438,2026-02-24,9.98,Completed
4416,458,2026-02-24,89.97,Completed
4417,485,2026-02-24,11277.92,Completed
4418,213,2026-02-24,3308.94,Completed
4419,173,2026-02-24,4086.93,Completed
4420,309,2026-02-24,1499.99,Completed
4421,442,2026-02-24,179.96,Completed
4422,47,2026-02-24,3419.94,Completed
4423,9,2026-02-25,3541.92,Completed
4424,18,2026-02-25,48056.88,Completed
4425,86,2026-02-25,40.94,Completed
4426,457,2026-02-25,164.55,Completed
4427,8,2026-02-25,239.94,Completed
4428,402,2026-02-25,21.98,Completed
4429,461,2026-02-25,110.93,Completed
4430,143,2026-02-25,7859.94,Completed
4431,127,2026-02-25,1901.92,Completed
4432,214,2026-02-25,49.93,Completed
4433,368,2026-02-25,110.43,Completed
4434,296,2026-02-25,38239.93,Completed
4435,306,2026-02-25,281.96,Completed
4436,319,2026-02-25,83.9,Completed
4437,469,2026-02-25,183.93,Completed
4438,200,2026-02-25,17999.98,Completed
4439,31,2026-02-25,42088.94,Completed
4440,456,2026-02-25,55.98,Completed
4441,312,2026-02-25,9.96,Completed
4442,143,2026-02-25,359.95,Completed
4443,434,2026-02-25,308.96,Completed
4444,90,2026-02-25,51.96,Completed
4445,221,2026-02-25,26.95,Completed
4446,191,2026-02-25,79.99,Completed
4447,347,2026-02-25,4672.89,Completed
4448,294,2026-02-25,11129.98,Completed
4449,306,2026-02-25,14.26,Completed
4450,460,2026-02-25,149.95,Completed
4451,436,2026-02-25,417.93,Completed
4452,411,2026-02-25,609.94,Completed
4453,228,2026-02-25,349.93,Completed
4454,96,2026-02-25,89.99,Completed
4455,382,2026-02-25,2103.91,Completed
4456,309,2026-02-25,89.97,Completed
4457,27,2026-02-25,152.93,Completed
4458,282,2026-02-25,422.43,Completed
4459,346,2026-02-25,41999.97,Completed
4460,290,2026-02-25,91.94,Completed
4461,258,2026-02-25,28.95,Completed
4462,270,2026-02-25,98.39,Completed
4463,292,2026-02-25,4009.95,Completed
4464,250,2026-02-25,2.58,Completed
4465,27,2026-02-25,1931.95,Completed
4466,424,2026-02-25,73.96,Completed
4467,128,2026-02-25,299.97,Completed
4468,91,2026-02-25,119.97,Completed
4469,414,2026-02-25,62.47,Completed
4470,287,2026-02-25,33.96,Completed
4471,141,2026-02-25,18279.94,Completed
4472,63,2026-02-25,5.97,Completed
4473,394,2026-02-25,368.9,Completed
4474,386,2026-02-25,110.96,Completed
4475,94,2026-02-25,27999.98,Completed
4476,430,2026-02-25,27999.98,Completed
4477,251,2026-02-25,119.98,Completed
4478,48,2026-02-25,3539.93,Completed
4479,52,2026-02-25,84.98,Completed
4480,184,2026-02-25,29.97,Completed
4481,229,2026-02-25,99.98,Completed
4482,92,2026-02-25,3303.84,Completed
4483,264,2026-02-25,151.97,Completed
4484,482,2026-02-25,257.95,Completed
4485,163,2026-02-25,1602.47,Completed
4486,211,2026-02-25,4029.94,Completed
4487,3,2026-02-25,56.96,Completed
4488,499,2026-02-26,126.95,Completed
4489,139,2026-02-26,110.9,Completed
4490,404,2026-02-26,129.99,Completed
4491,202,2026-02-26,22065.95,Completed
4492,37,2026-02-26,25.98,Completed
4493,65,2026-02-26,64.41,Completed
4494,121,2026-02-26,1235.94,Completed
4495,17,2026-02-26,13309.96,Completed
4496,447,2026-02-26,59.98,Completed
4497,283,2026-02-26,3320.93,Completed
4498,277,2026-02-26,127.44,Completed
4499,352,2026-02-26,269.97,Completed
4500,424,2026-02-26,35.94,Completed
4501,197,2026-02-26,2011.97,Completed
4502,414,2026-02-26,121.91,Completed
4503,106,2026-02-26,14.96,Completed
4504,276,2026-02-26,14.97,Completed
4505,438,2026-02-26,197.95,Completed
4506,397,2026-02-26,215.94,Completed
4507,30,2026-02-26,49.98,Completed
4508,181,2026-02-26,299.97,Completed
4509,86,2026-02-26,82.96,Completed
4510,303,2026-02-26,38.94,Completed
4511,195,2026-02-26,2.37,Completed
4512,351,2026-02-26,89.99,Completed
4513,81,2026-02-26,44.97,Completed
4514,180,2026-02-26,50.96,Completed
4515,68,2026-02-26,42052.24,Completed
4516,234,2026-02-26,466.91,Completed
4517,51,2026-02-26,59.23,Completed
4518,334,2026-02-26,99.98,Completed
4519,103,2026-02-26,30.35,Completed
4520,47,2026-02-26,46.95,Completed
4521,83,2026-02-26,46.85,Completed
4522,429,2026-02-26,221.96,Completed
4523,181,2026-02-26,124.95,Completed
4524,226,2026-02-26,7.99,Completed
4525,466,2026-02-26,117.92,Completed
4526,387,2026-02-26,12.98,Completed
4527,194,2026-02-26,75.95,Completed
4528,245,2026-02-26,4088.91,Completed
4529,103,2026-02-26,333.92,Completed
4530,228,2026-02-26,22244.93,Completed
4531,381,2026-02-26,397.93,Completed
4532,494,2026-02-26,5269.2,Completed
4533,254,2026-02-26,2.97,Completed
4534,245,2026-02-26,618.94,Completed
4535,327,2026-02-26,20.98,Completed
4536,396,2026-02-27,2239.92,Completed
4537,303,2026-02-27,8.99,Completed
4538,159,2026-02-27,2314.97,Completed
4539,434,2026-02-27,333.94,Completed
4540,74,2026-02-27,10.97,Completed
4541,175,2026-02-27,18301.93,Completed
4542,7,2026-02-27,322.91,Completed
4543,290,2026-02-27,424.41,Completed
4544,84,2026-02-27,25.98,Completed
4545,492,2026-02-27,6.99,Completed
4546,205,2026-02-27,112.97,Completed
4547,474,2026-02-27,57.56,Completed
4548,447,2026-02-27,3009.96,Completed
4549,293,2026-02-27,5789.94,Completed
4550,435,2026-02-27,45934.91,Completed
4551,290,2026-02-27,33044.94,Completed
4552,331,2026-02-27,579.94,Completed
4553,190,2026-02-27,33.98,Completed
4554,300,2026-02-27,294.9,Completed
4555,464,2026-02-27,27511.9,Completed
4556,481,2026-02-27,139.98,Completed
4557,145,2026-02-27,1030.94,Completed
4558,411,2026-02-27,2082.93,Completed
4559,412,2026-02-27,77.94,Completed
4560,61,2026-02-27,5461.93,Completed
4561,150,2026-02-27,5699.97,Completed
4562,453,2026-02-27,23.98,Completed
4563,175,2026-02-27,14.25,Completed
4564,327,2026-02-27,29.97,Completed
4565,100,2026-02-27,148.42,Completed
4566,76,2026-02-27,126.95,Completed
4567,349,2026-02-27,59.99,Completed
4568,85,2026-02-27,52.44,Completed
4569,389,2026-02-27,99.92,Completed
4570,341,2026-02-27,7.47,Completed
4571,284,2026-02-27,29.97,Completed
4572,323,2026-02-27,1239.91,Completed
4573,409,2026-02-27,69.95,Completed
4574,112,2026-02-27,2525.97,Completed
4575,346,2026-02-27,262.44,Completed
4576,438,2026-02-27,4523.95,Completed
4577,223,2026-02-27,1669.93,Completed
4578,156,2026-02-27,125.93,Completed
4579,353,2026-02-27,25999.98,Completed
4580,442,2026-02-27,9.48,Completed
4581,302,2026-02-27,299.96,Completed
4582,10,2026-02-27,2.98,Completed
4583,284,2026-02-27,3.98,Completed
4584,402,2026-02-27,309.95,Completed
4585,449,2026-02-27,166.91,Completed
4586,171,2026-02-27,204.53,Completed
4587,428,2026-02-27,324.93,Completed
4588,437,2026-02-27,79.98,Completed
4589,243,2026-02-27,149.97,Completed
4590,252,2026-02-27,49.98,Completed
4591,72,2026-02-27,4544.94,Completed
4592,114,2026-02-27,1860.9,Completed
4593,55,2026-02-27,264.95,Completed
4594,472,2026-02-27,253.5,Completed
4595,122,2026-02-27,3.99,Completed
4596,106,2026-02-27,799.99,Completed
4597,102,2026-02-27,5.49,Completed
4598,286,2026-02-27,324.93,Completed
4599,149,2026-02-27,87.92,Completed
4600,21,2026-02-27,429.95,Completed
4601,162,2026-02-27,3249.93,Completed
4602,190,2026-02-27,29.98,Completed
4603,28,2026-02-28,9029.96,Completed
4604,201,2026-02-28,120.95,Completed
4605,271,2026-02-28,94.98,Completed
4606,411,2026-02-28,0.99,Completed
4607,219,2026-02-28,54.95,Completed
4608,493,2026-02-28,1104.57,Completed
4609,327,2026-02-28,122.94,Completed
4610,476,2026-02-28,69.42,Completed
4611,191,2026-02-28,217.91,Completed
4612,491,2026-02-28,1706.93,Completed
4613,448,2026-02-28,40.96,Completed
4614,73,2026-02-28,561.91,Completed
4615,79,2026-02-28,16.47,Completed
4616,369,2026-02-28,316.89,Completed
4617,25,2026-02-28,6143.91,Completed
4618,495,2026-02-28,42.56,Completed
4619,261,2026-02-28,47.97,Completed
4620,248,2026-02-28,71.96,Completed
4621,164,2026-02-28,14.97,Completed
4622,121,2026-02-28,169.95,Completed
4623,133,2026-02-28,79.98,Completed
4624,422,2026-02-28,514.92,Completed
4625,493,2026-02-28,39.93,Completed
4626,275,2026-02-28,4002.56,Completed
4627,265,2026-02-28,134.95,Completed
4628,239,2026-02-28,165.96,Completed
4629,31,2026-02-28,82.93,Completed
4630,58,2026-02-28,948.92,Completed
4631,39,2026-02-28,342.44,Completed
4632,30,2026-02-28,271.94,Completed
4633,367,2026-02-28,219.98,Completed
4634,463,2026-02-28,50.34,Completed
4635,408,2026-02-28,33.46,Completed
4636,275,2026-02-28,14033.95,Completed
4637,249,2026-02-28,466.93,Completed
4638,320,2026-02-28,142.93,Completed
4639,81,2026-02-28,84.97,Completed
4640,366,2026-02-28,19.98,Completed
4641,177,2026-02-28,12.99,Completed
4642,480,2026-02-28,454.44,Completed
4643,149,2026-02-28,1169.91,Completed
4644,455,2026-02-28,33609.94,Completed
4645,345,2026-02-28,2.98,Completed
4646,331,2026-02-28,59.42,Completed
4647,193,2026-02-28,19.99,Completed
4648,232,2026-02-28,499.99,Completed
4649,190,2026-02-28,599.98,Completed
4650,246,2026-02-28,67.46,Completed
4651,322,2026-02-28,9.99,Completed
4652,433,2026-02-28,169.97,Completed
4653,427,2026-02-28,58.92,Completed
4654,15,2026-02-28,11.55,Completed
4655,458,2026-02-28,252.93,Completed
4656,308,2026-02-28,5220.9,Completed
4657,143,2026-02-28,639.94,Completed
4658,82,2026-02-28,99.99,Completed
4659,31,2026-02-28,14.99,Completed
4660,29,2026-02-28,91.96,Completed
4661,214,2026-02-28,359.97,Completed
4662,454,2026-02-28,5538.94,Completed
4663,496,2026-02-28,19.98,Completed
4664,260,2026-02-28,223.97,Completed
4665,336,2026-02-28,314.94,Completed
4666,18,2026-02-28,39008.43,Completed
4667,126,2026-02-28,73.9,Completed
4668,425,2026-02-28,55.96,Completed
4669,377,2026-02-28,23.96,Completed
4670,263,2026-02-28,299.91,Completed
4671,160,2026-03-01,287.44,Completed
4672,144,2026-03-01,1159.96,Completed
4673,463,2026-03-01,2484.91,Completed
4674,29,2026-03-01,182.27,Completed
4675,231,2026-03-01,87.96,Completed
4676,248,2026-03-01,246.93,Completed
4677,330,2026-03-01,179.94,Completed
4678,205,2026-03-01,422.91,Completed
4679,311,2026-03-01,3.98,Completed
4680,5,2026-03-01,8.97,Completed
4681,135,2026-03-01,31.96,Completed
4682,67,2026-03-01,150.93,Completed
4683,62,2026-03-01,149.97,Completed
4684,162,2026-03-01,23.98,Completed
4685,263,2026-03-01,90.9,Completed
4686,215,2026-03-01,32.44,Completed
4687,297,2026-03-01,39.98,Completed
4688,447,2026-03-01,29.97,Completed
4689,458,2026-03-01,311.92,Completed
4690,469,2026-03-01,365.93,Completed
4691,330,2026-03-01,18021.95,Completed
4692,177,2026-03-01,8.99,Completed
4693,305,2026-03-01,356.93,Completed
4694,423,2026-03-01,5199.95,Completed
4695,61,2026-03-01,39.99,Completed
4696,488,2026-03-01,465.93,Completed
4697,45,2026-03-01,39.99,Completed
4698,69,2026-03-01,15.97,Completed
4699,251,2026-03-01,9014.98,Completed
4700,451,2026-03-01,4617.93,Completed
4701,494,2026-03-02,11183.94,Completed
4702,464,2026-03-02,56.96,Completed
4703,9,2026-03-02,199.98,Completed
4704,234,2026-03-02,202.95,Completed
4705,255,2026-03-02,15.97,Completed
4706,489,2026-03-02,31.97,Completed
4707,155,2026-03-02,329.97,Completed
4708,275,2026-03-02,1633.95,Completed
4709,285,2026-03-02,137.92,Completed
4710,160,2026-03-02,1554.95,Completed
4711,71,2026-03-02,1119.95,Completed
4712,170,2026-03-02,1872.92,Completed
4713,15,2026-03-02,7.98,Completed
4714,127,2026-03-02,274.23,Completed
4715,312,2026-03-02,34.96,Completed
4716,292,2026-03-02,1514.98,Completed
4717,53,2026-03-02,7.99,Completed
4718,486,2026-03-02,14321.92,Completed
4719,240,2026-03-02,1515.96,Completed
4720,342,2026-03-02,63.96,Completed
4721,409,2026-03-02,3.99,Completed
4722,60,2026-03-02,19.98,Completed
4723,405,2026-03-02,79.98,Completed
4724,471,2026-03-02,4503.95,Completed
4725,172,2026-03-02,11.97,Completed
4726,77,2026-03-02,3.99,Completed
4727,47,2026-03-02,103.92,Completed
4728,397,2026-03-02,120.91,Completed
4729,50,2026-03-02,1499.99,Completed
4730,295,2026-03-02,59.97,Completed
4731,410,2026-03-02,3968.92,Completed
4732,430,2026-03-02,154.96,Completed
4733,377,2026-03-02,129.98,Completed
4734,333,2026-03-02,74.97,Completed
4735,432,2026-03-02,484.93,Completed
4736,362,2026-03-02,10950.9,Completed
4737,303,2026-03-02,4755.89,Completed
4738,468,2026-03-02,7.47,Completed
4739,492,2026-03-02,12.99,Completed
4740,83,2026-03-02,6.99,Completed
4741,295,2026-03-02,27060.91,Completed
4742,40,2026-03-02,5.98,Completed
4743,64,2026-03-02,182.47,Completed
4744,81,2026-03-02,5199.92,Completed
4745,18,2026-03-02,55.97,Completed
4746,209,2026-03-02,7808.92,Completed
4747,138,2026-03-02,82.97,Completed
4748,436,2026-03-02,72.93,Completed
4749,49,2026-03-02,149.93,Completed
4750,326,2026-03-02,34.94,Completed
4751,65,2026-03-02,15999.95,Completed
4752,429,2026-03-02,4.98,Completed
4753,59,2026-03-02,5.99,Completed
4754,492,2026-03-02,7.47,Completed
4755,488,2026-03-02,2747.95,Completed
4756,200,2026-03-02,33086.4,Completed
4757,447,2026-03-02,9.99,Completed
4758,281,2026-03-02,11.98,Completed
4759,480,2026-03-02,177.94,Completed
4760,374,2026-03-02,479.95,Completed
4761,465,2026-03-02,22061.95,Completed
4762,198,2026-03-02,103.95,Completed
4763,247,2026-03-02,7.47,Completed
4764,190,2026-03-02,2392.81,Completed
4765,433,2026-03-02,763.8,Completed
4766,171,2026-03-02,39201.93,Completed
4767,3,2026-03-02,4100.92,Completed
4768,216,2026-03-02,11.97,Completed
4769,462,2026-03-02,158.9,Completed
4770,462,2026-03-02,3799.98,Completed
4771,214,2026-03-02,869.95,Completed
4772,305,2026-03-02,35.97,Completed
4773,17,2026-03-02,27068.91,Completed
4774,338,2026-03-02,279.95,Completed
4775,87,2026-03-03,9.98,Completed
4776,301,2026-03-03,1032.45,Completed
4777,380,2026-03-03,13479.95,Completed
4778,228,2026-03-03,133.97,Completed
4779,430,2026-03-03,110.98,Completed
4780,29,2026-03-03,84.96,Completed
4781,11,2026-03-03,12.99,Completed
4782,437,2026-03-03,116.95,Completed
4783,158,2026-03-03,2043.92,Completed
4784,344,2026-03-03,3063.91,Completed
4785,99,2026-03-03,28429.94,Completed
4786,334,2026-03-03,14019.98,Completed
4787,396,2026-03-03,1399.99,Completed
4788,477,2026-03-03,9.98,Completed
4789,423,2026-03-03,22057.92,Completed
4790,334,2026-03-03,17.76,Completed
4791,54,2026-03-03,103.97,Completed
4792,123,2026-03-03,39.99,Completed
4793,167,2026-03-03,0.99,Completed
4794,439,2026-03-03,974.96,Completed
4795,423,2026-03-03,47.94,Completed
4796,113,2026-03-03,10.47,Completed
4797,425,2026-03-03,9011.96,Completed
4798,148,2026-03-03,1824.91,Completed
4799,37,2026-03-03,317.97,Completed
4800,428,2026-03-03,5058.94,Completed
4801,335,2026-03-03,361.95,Completed
4802,446,2026-03-03,193.89,Completed
4803,467,2026-03-03,39000.76,Completed
4804,56,2026-03-03,3.98,Completed
4805,5,2026-03-03,2561.88,Completed
4806,325,2026-03-03,1499.97,Completed
4807,338,2026-03-03,72.96,Completed
4808,385,2026-03-03,201.96,Completed
4809,240,2026-03-03,19.99,Completed
4810,204,2026-03-03,353.95,Completed
4811,142,2026-03-03,43514.91,Completed
4812,351,2026-03-03,14.99,Completed
4813,408,2026-03-03,105.25,Completed
4814,399,2026-03-03,42088.91,Completed
4815,397,2026-03-03,91.57,Completed
4816,3,2026-03-03,33.96,Completed
4817,188,2026-03-03,127.95,Completed
4818,113,2026-03-03,269.97,Completed
4819,103,2026-03-03,21.96,Completed
4820,72,2026-03-03,180.91,Completed
4821,229,2026-03-03,165.45,Completed
4822,477,2026-03-03,5763.92,Completed
4823,292,2026-03-03,6184.9,Completed
4824,201,2026-03-03,122.96,Completed
4825,65,2026-03-03,779.94,Completed
4826,212,2026-03-03,49.94,Completed
4827,325,2026-03-03,16.47,Completed
4828,423,2026-03-03,63.84,Completed
4829,348,2026-03-03,85.94,Completed
4830,358,2026-03-03,159.96,Completed
4831,301,2026-03-03,38.97,Completed
4832,236,2026-03-03,2659.94,Completed
4833,352,2026-03-03,11.98,Completed
4834,90,2026-03-03,1599.98,Completed
4835,479,2026-03-03,129.99,Completed
4836,432,2026-03-03,3105.95,Completed
4837,226,2026-03-03,11.27,Completed
4838,363,2026-03-03,38.95,Completed
4839,184,2026-03-03,4.98,Completed
4840,395,2026-03-04,302.46,Completed
4841,50,2026-03-04,299.96,Completed
4842,359,2026-03-04,36.94,Completed
4843,213,2026-03-04,42130.93,Completed
4844,206,2026-03-04,26061.91,Completed
4845,234,2026-03-04,32.97,Completed
4846,50,2026-03-04,69.94,Completed
4847,26,2026-03-04,3319.96,Completed
4848,105,2026-03-04,669.96,Completed
4849,113,2026-03-04,455.96,Completed
4850,301,2026-03-04,27.99,Completed
4851,423,2026-03-04,14321.93,Completed
4852,381,2026-03-04,99.99,Completed
4853,199,2026-03-04,149.97,Completed
4854,274,2026-03-04,26.43,Completed
4855,481,2026-03-04,38.97,Completed
4856,20,2026-03-04,191.45,Completed
4857,181,2026-03-04,62.52,Completed
4858,427,2026-03-04,315.94,Completed
4859,301,2026-03-04,22.95,Completed
4860,454,2026-03-04,87.97,Completed
4861,47,2026-03-04,152.9,Completed
4862,482,2026-03-04,1.58,Completed
4863,412,2026-03-04,27042.44,Completed
4864,187,2026-03-04,14111.96,Completed
4865,142,2026-03-04,678.91,Completed
4866,79,2026-03-04,79.96,Completed
4867,280,2026-03-04,3.49,Completed
4868,103,2026-03-04,292.45,Completed
4869,36,2026-03-04,9.98,Completed
4870,117,2026-03-04,22219.94,Completed
4871,363,2026-03-04,482.41,Completed
4872,238,2026-03-04,167.9,Completed
4873,228,2026-03-04,10.97,Completed
4874,125,2026-03-04,1116.93,Completed
4875,492,2026-03-04,199.98,Completed
4876,189,2026-03-04,3065.94,Completed
4877,239,2026-03-04,2495.51,Completed
4878,321,2026-03-04,159.53,Completed
4879,228,2026-03-04,229.95,Completed
4880,498,2026-03-04,1519.92,Completed
4881,457,2026-03-04,5449.95,Completed
4882,262,2026-03-04,9.99,Completed
4883,405,2026-03-04,5501.95,Completed
4884,402,2026-03-04,15.98,Completed
4885,270,2026-03-04,100.44,Completed
4886,175,2026-03-04,379.96,Completed
4887,214,2026-03-04,21.97,Completed
4888,227,2026-03-04,35.97,Completed
4889,239,2026-03-04,14435.92,Completed
4890,176,2026-03-04,14.97,Completed
4891,443,2026-03-05,308.9,Completed
4892,108,2026-03-05,369.93,Completed
4893,240,2026-03-05,230.93,Completed
4894,380,2026-03-05,239.94,Completed
4895,162,2026-03-05,1941.95,Completed
4896,189,2026-03-05,11.98,Completed
4897,182,2026-03-05,500.78,Completed
4898,226,2026-03-05,1925.93,Completed
4899,107,2026-03-05,65.93,Completed
4900,42,2026-03-05,112.93,Completed
4901,214,2026-03-05,83.92,Completed
4902,373,2026-03-05,32.97,Completed
4903,111,2026-03-05,4519.94,Completed
4904,396,2026-03-05,99.98,Completed
4905,475,2026-03-05,34.47,Completed
4906,324,2026-03-05,86.96,Completed
4907,36,2026-03-05,200.94,Completed
4908,349,2026-03-05,27219.95,Completed
4909,310,2026-03-05,1626.43,Completed
4910,7,2026-03-05,18080.93,Completed
4911,323,2026-03-05,2425.95,Completed
4912,403,2026-03-05,3.98,Completed
4913,432,2026-03-05,519.97,Completed
4914,217,2026-03-05,21.95,Completed
4915,134,2026-03-05,15.98,Completed
4916,317,2026-03-05,239.98,Completed
4917,249,2026-03-05,49.91,Completed
4918,262,2026-03-05,1557.94,Completed
4919,350,2026-03-05,27205.92,Completed
4920,119,2026-03-05,4551.92,Completed
4921,270,2026-03-05,179.96,Completed
4922,153,2026-03-05,38.95,Completed
4923,368,2026-03-05,1444.93,Completed
4924,313,2026-03-05,1509.97,Completed
4925,247,2026-03-05,104.83,Completed
4926,417,2026-03-05,117.92,Completed
4927,99,2026-03-05,31.98,Completed
4928,17,2026-03-05,129.95,Completed
4929,352,2026-03-05,801.92,Completed
4930,251,2026-03-05,1719.97,Completed
4931,397,2026-03-06,12.99,Completed
4932,445,2026-03-06,377.9,Completed
4933,117,2026-03-06,32.45,Completed
4934,368,2026-03-06,35.97,Completed
4935,95,2026-03-06,46.94,Completed
4936,395,2026-03-06,42149.94,Completed
4937,338,2026-03-06,39269.94,Completed
4938,245,2026-03-06,796.44,Completed
4939,297,2026-03-06,259.94,Completed
4940,345,2026-03-06,21.47,Completed
4941,371,2026-03-06,4349.97,Completed
4942,249,2026-03-06,16.25,Completed
4943,479,2026-03-06,144.94,Completed
4944,145,2026-03-06,65.94,Completed
4945,300,2026-03-06,4300.89,Completed
4946,176,2026-03-06,67.44,Completed
4947,234,2026-03-06,1035.82,Completed
4948,38,2026-03-06,121.94,Completed
4949,475,2026-03-06,599.98,Completed
4950,330,2026-03-06,99.97,Completed
4951,100,2026-03-06,33.97,Completed
4952,391,2026-03-06,29.97,Completed
4953,384,2026-03-06,46.93,Completed
4954,281,2026-03-06,449.97,Completed
4955,370,2026-03-06,1044.93,Completed
4956,317,2026-03-06,206.94,Completed
4957,428,2026-03-06,162.93,Completed
4958,84,2026-03-06,19.98,Completed
4959,283,2026-03-06,3611.95,Completed
4960,482,2026-03-06,471.91,Completed
4961,312,2026-03-06,27999.98,Completed
4962,335,2026-03-06,14.97,Completed
4963,167,2026-03-06,2596.44,Completed
4964,4,2026-03-06,1570.93,Completed
4965,146,2026-03-06,119.97,Completed
4966,415,2026-03-06,379.43,Completed
4967,19,2026-03-06,143.44,Completed
4968,110,2026-03-06,12.99,Completed
4969,338,2026-03-06,3690.76,Completed
4970,104,2026-03-06,15.98,Completed
4971,17,2026-03-06,4.99,Completed
4972,468,2026-03-06,248.93,Completed
4973,109,2026-03-06,46.95,Completed
4974,265,2026-03-06,27159.92,Completed
4975,182,2026-03-06,194.94,Completed
4976,86,2026-03-06,1509.95,Completed
4977,275,2026-03-06,66.23,Completed
4978,157,2026-03-06,499.99,Completed
4979,213,2026-03-06,28005.97,Completed
4980,349,2026-03-06,51.25,Completed
4981,451,2026-03-06,1103.92,Completed
4982,54,2026-03-06,38.97,Completed
4983,108,2026-03-06,1913.93,Completed
4984,434,2026-03-06,83.97,Completed
4985,298,2026-03-06,148.95,Completed
4986,343,2026-03-06,284.94,Completed
4987,483,2026-03-06,54.93,Completed
4988,99,2026-03-06,3311.95,Completed
4989,442,2026-03-06,308.94,Completed
4990,80,2026-03-06,20.97,Completed
4991,468,2026-03-06,4629.92,Completed
4992,127,2026-03-06,4209.93,Completed
4993,486,2026-03-07,1.98,Completed
4994,343,2026-03-07,33.95,Completed
4995,471,2026-03-07,179.94,Completed
4996,338,2026-03-07,44.97,Completed
4997,255,2026-03-07,59.95,Completed
4998,372,2026-03-07,18.97,Completed
4999,173,2026-03-07,39050.91,Completed
5000,173,2026-03-07,264.95,Completed
5001,198,2026-03-07,94.4,Completed
5002,43,2026-03-07,79.98,Completed
5003,370,2026-03-07,9.99,Completed
5004,15,2026-03-07,2404.94,Completed
5005,259,2026-03-07,74.97,Completed
5006,189,2026-03-07,589.96,Completed
5007,393,2026-03-07,196.44,Completed
5008,93,2026-03-07,151.93,Completed
5009,215,2026-03-07,277.94,Completed
5010,349,2026-03-07,1522.94,Completed
5011,152,2026-03-07,191.97,Completed
5012,386,2026-03-07,20.97,Completed
5013,402,2026-03-07,50.91,Completed
5014,486,2026-03-07,168.8,Completed
5015,246,2026-03-07,719.97,Completed
5016,146,2026-03-07,4362.92,Completed
5017,22,2026-03-07,163.97,Completed
5018,14,2026-03-07,9114.95,Completed
5019,23,2026-03-07,9088.93,Completed
5020,323,2026-03-07,14414.92,Completed
5021,399,2026-03-07,33127.92,Completed
5022,141,2026-03-07,52.96,Completed
5023,54,2026-03-07,69.96,Completed
5024,29,2026-03-07,12.99,Completed
5025,71,2026-03-07,9.98,Completed
5026,134,2026-03-07,2259.95,Completed
5027,323,2026-03-07,115.41,Completed
5028,10,2026-03-07,1174.96,Completed
5029,377,2026-03-07,76.91,Completed
5030,391,2026-03-07,3314.94,Completed
5031,345,2026-03-07,1899.94,Completed
5032,500,2026-03-07,392.92,Completed
5033,424,2026-03-07,14.85,Completed
5034,404,2026-03-07,93.48,Completed
5035,250,2026-03-07,93.95,Completed
5036,337,2026-03-08,460.95,Completed
5037,87,2026-03-08,1513.75,Completed
5038,107,2026-03-08,9.99,Completed
5039,31,2026-03-08,3011.97,Completed
5040,57,2026-03-08,281.94,Completed
5041,438,2026-03-08,24399.95,Completed
5042,35,2026-03-08,7.97,Completed
5043,410,2026-03-08,386.92,Completed
5044,119,2026-03-08,138.98,Completed
5045,128,2026-03-08,17.98,Completed
5046,211,2026-03-08,2999.98,Completed
5047,233,2026-03-08,63.94,Completed
5048,202,2026-03-08,3063.79,Completed
5049,472,2026-03-08,3.99,Completed
5050,190,2026-03-08,241.95,Completed
5051,28,2026-03-08,599.98,Completed
5052,355,2026-03-08,179.96,Completed
5053,198,2026-03-08,7.47,Completed
5054,287,2026-03-08,74.96,Completed
5055,5,2026-03-08,269.97,Completed
5056,121,2026-03-08,111.96,Completed
5057,377,2026-03-08,183.97,Completed
5058,24,2026-03-08,5239.94,Completed
5059,340,2026-03-08,17.46,Completed
5060,183,2026-03-08,55.9,Completed
5061,75,2026-03-08,449.97,Completed
5062,458,2026-03-08,495.42,Completed
5063,38,2026-03-08,35.94,Completed
5064,366,2026-03-08,140.94,Completed
5065,81,2026-03-08,91.92,Completed
5066,458,2026-03-08,3349.95,Completed
5067,184,2026-03-08,330.94,Completed
5068,204,2026-03-08,112.41,Completed
5069,59,2026-03-08,339.95,Completed
5070,338,2026-03-08,1.99,Completed
5071,253,2026-03-08,45.92,Completed
5072,208,2026-03-08,76.96,Completed
5073,41,2026-03-08,14038.96,Completed
5074,8,2026-03-08,3716.91,Completed
5075,335,2026-03-08,6.87,Completed
5076,209,2026-03-08,44.45,Completed
5077,498,2026-03-08,149.97,Completed
5078,329,2026-03-08,15.98,Completed
5079,195,2026-03-08,223.43,Completed
5080,483,2026-03-08,909.96,Completed
5081,67,2026-03-08,2999.95,Completed
5082,383,2026-03-08,889.94,Completed
5083,193,2026-03-08,81.92,Completed
5084,202,2026-03-08,263.94,Completed
5085,225,2026-03-08,4041.92,Completed
5086,51,2026-03-08,23.96,Completed
5087,143,2026-03-08,33017.94,Completed
5088,258,2026-03-08,2999.98,Completed
5089,57,2026-03-08,6.87,Completed
5090,322,2026-03-08,1954.94,Completed
5091,276,2026-03-08,97.95,Completed
5092,320,2026-03-08,647.93,Completed
5093,398,2026-03-08,5492.9,Completed
5094,11,2026-03-08,297.94,Completed
5095,302,2026-03-08,13.98,Completed
5096,80,2026-03-08,24.99,Completed
5097,393,2026-03-09,2118.41,Completed
5098,367,2026-03-09,136.91,Completed
5099,304,2026-03-09,39.98,Completed
5100,50,2026-03-09,6244.9,Completed
5101,293,2026-03-09,2032.33,Completed
5102,352,2026-03-09,7203.45,Completed
5103,69,2026-03-09,166.9,Completed
5104,93,2026-03-09,1510.98,Completed
5105,449,2026-03-09,407.92,Completed
5106,357,2026-03-09,40.95,Completed
5107,154,2026-03-09,95.97,Completed
5108,403,2026-03-09,1436.44,Completed
5109,389,2026-03-09,4259.94,Completed
5110,349,2026-03-09,18924.4,Completed
5111,237,2026-03-09,198.94,Completed
5112,109,2026-03-09,4035.92,Completed
5113,465,2026-03-09,83.97,Completed
5114,90,2026-03-09,27081.93,Completed
5115,204,2026-03-09,264.94,Completed
5116,407,2026-03-09,3519.93,Completed
5117,260,2026-03-09,45.93,Completed
5118,379,2026-03-09,13076.93,Completed
5119,277,2026-03-09,77.43,Completed
5120,12,2026-03-09,40.92,Completed
5121,160,2026-03-09,213.93,Completed
5122,195,2026-03-09,259.98,Completed
5123,303,2026-03-09,17.98,Completed
5124,421,2026-03-09,11.98,Completed
5125,162,2026-03-09,119.99,Completed
5126,152,2026-03-09,49.97,Completed
5127,368,2026-03-09,1535.94,Completed
5128,393,2026-03-09,25.98,Completed
5129,307,2026-03-09,279.95,Completed
5130,229,2026-03-10,1799.99,Completed
5131,398,2026-03-10,689.91,Completed
5132,314,2026-03-10,2546.94,Completed
5133,354,2026-03-10,132.92,Completed
5134,374,2026-03-10,6143.92,Completed
5135,410,2026-03-10,11009.97,Completed
5136,169,2026-03-10,42219.94,Completed
5137,173,2026-03-10,137.9,Completed
5138,7,2026-03-10,3.78,Completed
5139,348,2026-03-10,13299.98,Completed
5140,456,2026-03-10,20.97,Completed
5141,24,2026-03-10,2.99,Completed
5142,324,2026-03-10,32.57,Completed
5143,79,2026-03-10,146.94,Completed
5144,149,2026-03-10,9.99,Completed
5145,262,2026-03-10,9.98,Completed
5146,451,2026-03-10,112.92,Completed
5147,98,2026-03-10,29.96,Completed
5148,453,2026-03-10,29.98,Completed
5149,70,2026-03-10,110.96,Completed
5150,455,2026-03-10,16.96,Completed
5151,284,2026-03-10,19.99,Completed
5152,183,2026-03-10,4547.91,Completed
5153,20,2026-03-10,389.97,Completed
5154,345,2026-03-10,29.98,Completed
5155,364,2026-03-10,277.94,Completed
5156,122,2026-03-10,30.97,Completed
5157,296,2026-03-10,144.93,Completed
5158,311,2026-03-10,1671.94,Completed
5159,258,2026-03-10,14072.83,Completed
5160,285,2026-03-10,3012.96,Completed
5161,264,2026-03-10,294.93,Completed
5162,249,2026-03-10,329.41,Completed
5163,235,2026-03-10,158.42,Completed
5164,384,2026-03-10,2506.91,Completed
5165,212,2026-03-10,21.98,Completed
5166,377,2026-03-10,5399.97,Completed
5167,332,2026-03-10,1749.96,Completed
5168,490,2026-03-10,11023.95,Completed
5169,364,2026-03-10,51135.89,Completed
5170,67,2026-03-10,101.97,Completed
5171,376,2026-03-10,26.97,Completed
5172,375,2026-03-10,14.86,Completed
5173,326,2026-03-10,80.91,Completed
5174,350,2026-03-10,42439.92,Completed
5175,235,2026-03-10,1014.21,Completed
5176,375,2026-03-10,74.97,Completed
5177,56,2026-03-10,103.96,Completed
5178,263,2026-03-10,74.97,Completed
5179,176,2026-03-10,143.92,Completed
5180,318,2026-03-10,2473.93,Completed
5181,100,2026-03-10,140.95,Completed
5182,240,2026-03-10,1625.96,Completed
5183,423,2026-03-10,453.91,Completed
5184,299,2026-03-10,322.89,Completed
5185,469,2026-03-10,6039.95,Completed
5186,407,2026-03-10,12567.94,Completed
5187,383,2026-03-10,11.97,Completed
5188,24,2026-03-10,4.99,Completed
5189,243,2026-03-10,325.93,Completed
5190,59,2026-03-10,257.91,Completed
5191,389,2026-03-10,919.95,Completed
5192,268,2026-03-10,217.94,Completed
5193,370,2026-03-10,29.98,Completed
5194,188,2026-03-10,27710.42,Completed
5195,157,2026-03-10,14078.91,Completed
5196,329,2026-03-10,33097.94,Completed
5197,141,2026-03-10,41.94,Completed
5198,496,2026-03-10,39.99,Completed
5199,229,2026-03-10,52.93,Completed
5200,474,2026-03-10,3.99,Completed
5201,80,2026-03-10,61.95,Completed
5202,318,2026-03-10,534.98,Completed
5203,46,2026-03-10,100.92,Completed
5204,335,2026-03-10,51.96,Completed
5205,210,2026-03-11,1899.99,Completed
5206,153,2026-03-11,74.96,Completed
5207,471,2026-03-11,3999.98,Completed
5208,143,2026-03-11,54.95,Completed
5209,271,2026-03-11,231.9,Completed
5210,186,2026-03-11,104.97,Completed
5211,338,2026-03-11,1899.99,Completed
5212,327,2026-03-11,28089.95,Completed
5213,337,2026-03-11,40299.92,Completed
5214,246,2026-03-11,38.97,Completed
5215,79,2026-03-11,13.98,Completed
5216,476,2026-03-11,155.92,Completed
5217,427,2026-03-11,116.92,Completed
5218,420,2026-03-11,7.98,Completed
5219,410,2026-03-11,106.95,Completed
5220,197,2026-03-11,39007.44,Completed
5221,271,2026-03-11,110.93,Completed
5222,260,2026-03-11,1034.93,Completed
5223,478,2026-03-11,257.94,Completed
5224,383,2026-03-11,919.9,Completed
5225,312,2026-03-11,294.96,Completed
5226,56,2026-03-11,14019.97,Completed
5227,295,2026-03-11,139.96,Completed
5228,117,2026-03-11,6023.93,Completed
5229,459,2026-03-11,85.9,Completed
5230,460,2026-03-11,439.96,Completed
5231,375,2026-03-11,7.47,Completed
5232,13,2026-03-11,3.98,Completed
5233,174,2026-03-11,22574.9,Completed
5234,162,2026-03-11,24.76,Completed
5235,221,2026-03-11,12.99,Completed
5236,306,2026-03-11,886.9,Completed
5237,461,2026-03-11,239.97,Completed
5238,119,2026-03-11,74.97,Completed
5239,368,2026-03-11,6.99,Completed
5240,158,2026-03-11,98.92,Completed
5241,224,2026-03-11,122.96,Completed
5242,460,2026-03-11,31.98,Completed
5243,36,2026-03-11,274.9,Completed
5244,328,2026-03-11,39107.93,Completed
5245,16,2026-03-11,35.97,Completed
5246,49,2026-03-11,39041.93,Completed
5247,104,2026-03-11,189.93,Completed
5248,71,2026-03-11,2201.96,Completed
5249,137,2026-03-11,214.96,Completed
5250,247,2026-03-11,26.97,Completed
5251,197,2026-03-11,21.47,Completed
5252,412,2026-03-11,2399.97,Completed
5253,88,2026-03-11,26.97,Completed
5254,228,2026-03-11,1789.96,Completed
5255,401,2026-03-11,17.98,Completed
5256,496,2026-03-11,61.93,Completed
5257,83,2026-03-11,21.96,Completed
5258,70,2026-03-11,1011.95,Completed
5259,149,2026-03-11,83.93,Completed
5260,149,2026-03-11,197.92,Completed
5261,427,2026-03-11,9032.96,Completed
5262,227,2026-03-11,149.95,Completed
5263,134,2026-03-11,104.97,Completed
5264,87,2026-03-11,44.97,Completed
5265,59,2026-03-11,5724.93,Completed
5266,204,2026-03-11,62.95,Completed
5267,24,2026-03-11,11.97,Completed
5268,343,2026-03-11,91.98,Completed
5269,136,2026-03-11,11022.94,Completed
5270,194,2026-03-11,197.94,Completed
5271,414,2026-03-11,19.97,Completed
5272,372,2026-03-11,26279.96,Completed
5273,138,2026-03-11,382.92,Completed
5274,376,2026-03-11,6.99,Completed
5275,88,2026-03-11,46.93,Completed
5276,388,2026-03-11,137.91,Completed
5277,436,2026-03-11,4621.92,Completed
5278,203,2026-03-11,5879.95,Completed
5279,212,2026-03-11,38.97,Completed
5280,100,2026-03-11,25.98,Completed
5281,12,2026-03-12,108.96,Completed
5282,236,2026-03-12,26389.95,Completed
5283,144,2026-03-12,86.4,Completed
5284,60,2026-03-12,161.96,Completed
5285,289,2026-03-12,82.92,Completed
5286,383,2026-03-12,40.41,Completed
5287,188,2026-03-12,52.44,Completed
5288,102,2026-03-12,247.94,Completed
5289,252,2026-03-12,2826.92,Completed
5290,473,2026-03-12,69.96,Completed
5291,270,2026-03-12,138.94,Completed
5292,487,2026-03-12,799.99,Completed
5293,389,2026-03-12,9.99,Completed
5294,21,2026-03-12,1.98,Completed
5295,47,2026-03-12,105.94,Completed
5296,497,2026-03-12,19.98,Completed
5297,258,2026-03-12,221.39,Completed
5298,401,2026-03-12,14.97,Completed
5299,112,2026-03-12,22062.51,Completed
5300,344,2026-03-12,3.99,Completed
5301,473,2026-03-12,23.97,Completed
5302,26,2026-03-12,29.97,Completed
5303,440,2026-03-12,112.91,Completed
5304,206,2026-03-12,967.9,Completed
5305,358,2026-03-12,1821.97,Completed
5306,100,2026-03-12,280.95,Completed
5307,487,2026-03-12,59.99,Completed
5308,202,2026-03-12,56.23,Completed
5309,351,2026-03-12,11.98,Completed
5310,380,2026-03-12,17.98,Completed
5311,229,2026-03-12,29.99,Completed
5312,461,2026-03-12,3.99,Completed
5313,119,2026-03-12,10.98,Completed
5314,1,2026-03-12,72.94,Completed
5315,402,2026-03-12,29.98,Completed
5316,2,2026-03-12,1582.93,Completed
5317,58,2026-03-12,13029.97,Completed
5318,91,2026-03-12,10999.99,Completed
5319,311,2026-03-12,353.94,Completed
5320,129,2026-03-12,2919.92,Completed
5321,309,2026-03-12,4013.96,Completed
5322,475,2026-03-12,19.99,Completed
5323,143,2026-03-12,9.99,Completed
5324,391,2026-03-12,289.96,Completed
5325,292,2026-03-12,60.93,Completed
5326,313,2026-03-12,174.93,Completed
5327,167,2026-03-12,1434.94,Completed
5328,224,2026-03-12,43.95,Completed
5329,269,2026-03-12,2002.48,Completed
5330,311,2026-03-12,62.96,Completed
5331,443,2026-03-12,799.99,Completed
5332,96,2026-03-12,89.92,Completed
5333,351,2026-03-12,39009.92,Completed
5334,3,2026-03-12,89.55,Completed
5335,101,2026-03-12,319.94,Completed
5336,462,2026-03-12,54.95,Completed
5337,254,2026-03-12,775.95,Completed
5338,395,2026-03-12,99.96,Completed
5339,351,2026-03-12,154.92,Completed
5340,133,2026-03-12,78.91,Completed
5341,68,2026-03-12,11109.92,Completed
5342,489,2026-03-12,18124.93,Completed
5343,191,2026-03-12,28031.84,Completed
5344,207,2026-03-12,14.97,Completed
5345,385,2026-03-12,39.98,Completed
5346,483,2026-03-12,312.98,Completed
5347,404,2026-03-13,5791.93,Completed
5348,264,2026-03-13,68.94,Completed
5349,483,2026-03-13,4769.92,Completed
5350,280,2026-03-13,5999.97,Completed
5351,293,2026-03-13,194.96,Completed
5352,268,2026-03-13,3607.96,Completed
5353,293,2026-03-13,89.99,Completed
5354,106,2026-03-13,25.98,Completed
5355,159,2026-03-13,1499.97,Completed
5356,97,2026-03-13,4170.92,Completed
5357,397,2026-03-13,30.96,Completed
5358,77,2026-03-13,3064.94,Completed
5359,455,2026-03-13,79.98,Completed
5360,248,2026-03-13,310.92,Completed
5361,176,2026-03-13,45.96,Completed
5362,239,2026-03-13,23.97,Completed
5363,398,2026-03-13,1519.98,Completed
5364,399,2026-03-13,3021.95,Completed
5365,27,2026-03-13,7.99,Completed
5366,402,2026-03-13,50.94,Completed
5367,103,2026-03-13,13.98,Completed
5368,160,2026-03-13,37039.95,Completed
5369,177,2026-03-13,170.91,Completed
5370,84,2026-03-13,44.97,Completed
5371,429,2026-03-13,11.97,Completed
5372,179,2026-03-13,119.97,Completed
5373,102,2026-03-13,479.96,Completed
5374,431,2026-03-14,405.95,Completed
5375,179,2026-03-14,87.91,Completed
5376,48,2026-03-14,307.93,Completed
5377,22,2026-03-14,81.97,Completed
5378,42,2026-03-14,624.95,Completed
5379,363,2026-03-14,3658.93,Completed
5380,379,2026-03-14,3340.91,Completed
5381,318,2026-03-14,4319.94,Completed
5382,341,2026-03-14,117.94,Completed
5383,15,2026-03-14,75.96,Completed
5384,302,2026-03-14,182.22,Completed
5385,438,2026-03-14,281.94,Completed
5386,356,2026-03-14,50.97,Completed
5387,207,2026-03-14,181.91,Completed
5388,49,2026-03-14,449.97,Completed
5389,158,2026-03-14,210.9,Completed
5390,393,2026-03-14,1007.97,Completed
5391,209,2026-03-14,499.99,Completed
5392,387,2026-03-14,30459.94,Completed
5393,351,2026-03-14,2319.94,Completed
5394,416,2026-03-14,19.97,Completed
5395,178,2026-03-14,184.9,Completed
5396,220,2026-03-14,1814.98,Completed
5397,416,2026-03-14,62.92,Completed
5398,87,2026-03-14,20.97,Completed
5399,401,2026-03-14,10.78,Completed
5400,489,2026-03-14,32.96,Completed
5401,343,2026-03-14,4509.95,Completed
5402,26,2026-03-14,42381.9,Completed
5403,432,2026-03-14,1509.27,Completed
5404,485,2026-03-14,49.99,Completed
5405,200,2026-03-14,2499.99,Completed
5406,26,2026-03-14,191.94,Completed
5407,134,2026-03-15,39.25,Completed
5408,63,2026-03-15,214.92,Completed
5409,286,2026-03-15,299.97,Completed
5410,76,2026-03-15,6.96,Completed
5411,99,2026-03-15,215.41,Completed
5412,338,2026-03-15,52.42,Completed
5413,358,2026-03-15,29123.95,Completed
5414,232,2026-03-15,409.95,Completed
5415,56,2026-03-15,19.96,Completed
5416,162,2026-03-15,22024.31,Completed
5417,63,2026-03-15,155.92,Completed
5418,493,2026-03-15,468.91,Completed
5419,106,2026-03-15,6139.94,Completed
5420,376,2026-03-15,106.94,Completed
5421,169,2026-03-15,122.2,Completed
5422,140,2026-03-15,101.95,Completed
5423,458,2026-03-15,269.97,Completed
5424,190,2026-03-15,38.91,Completed
5425,407,2026-03-15,5289.9,Completed
5426,292,2026-03-15,70.96,Completed
5427,112,2026-03-15,7949.92,Completed
5428,8,2026-03-15,85.9,Completed
5429,243,2026-03-15,5.99,Completed
5430,230,2026-03-15,2040.95,Completed
5431,332,2026-03-15,5.99,Completed
5432,388,2026-03-15,136.41,Completed
5433,8,2026-03-15,8.99,Completed
5434,491,2026-03-15,96.98,Completed
5435,256,2026-03-15,44.97,Completed
5436,313,2026-03-15,45.47,Completed
5437,7,2026-03-15,1399.99,Completed
5438,33,2026-03-15,19.99,Completed
5439,437,2026-03-15,2833.93,Completed
5440,363,2026-03-15,28.97,Completed
5441,355,2026-03-15,4039.97,Completed
5442,112,2026-03-15,147.97,Completed
5443,47,2026-03-15,295.91,Completed
5444,78,2026-03-15,59.85,Completed
5445,481,2026-03-15,3.98,Completed
5446,348,2026-03-15,440.91,Completed
5447,89,2026-03-15,42.96,Completed
5448,242,2026-03-15,3.99,Completed
5449,24,2026-03-16,72.95,Completed
5450,253,2026-03-16,7600.95,Completed
5451,39,2026-03-16,4521.9,Completed
5452,59,2026-03-16,34.44,Completed
5453,238,2026-03-16,316.92,Completed
5454,185,2026-03-16,16.99,Completed
5455,256,2026-03-16,4337.91,Completed
5456,425,2026-03-16,44.97,Completed
5457,172,2026-03-16,229.24,Completed
5458,449,2026-03-16,27013.33,Completed
5459,335,2026-03-16,7532.21,Completed
5460,113,2026-03-16,14599.95,Completed
5461,9,2026-03-16,79.98,Completed
5462,18,2026-03-16,9.99,Completed
5463,289,2026-03-16,227.93,Completed
5464,324,2026-03-16,256.96,Completed
5465,312,2026-03-16,28002.95,Completed
5466,183,2026-03-16,159.98,Completed
5467,54,2026-03-16,1552.44,Completed
5468,431,2026-03-16,123.92,Completed
5469,203,2026-03-17,3089.97,Completed
5470,325,2026-03-17,5019.97,Completed
5471,409,2026-03-17,8.97,Completed
5472,158,2026-03-17,44.91,Completed
5473,308,2026-03-17,61.95,Completed
5474,76,2026-03-17,226.9,Completed
5475,297,2026-03-17,27166.94,Completed
5476,229,2026-03-17,29.97,Completed
5477,129,2026-03-17,352.93,Completed
5478,311,2026-03-17,182.93,Completed
5479,322,2026-03-17,14.98,Completed
5480,205,2026-03-17,47.97,Completed
5481,243,2026-03-17,9.99,Completed
5482,261,2026-03-17,1438.95,Completed
5483,82,2026-03-17,379.95,Completed
5484,167,2026-03-17,3007.97,Completed
5485,236,2026-03-17,93.95,Completed
5486,81,2026-03-17,49.99,Completed
5487,34,2026-03-17,322.45,Completed
5488,35,2026-03-17,7548.93,Completed
5489,201,2026-03-17,13267.92,Completed
5490,175,2026-03-17,43.98,Completed
5491,124,2026-03-17,16.95,Completed
5492,327,2026-03-17,1064.96,Completed
5493,247,2026-03-17,21.98,Completed
5494,453,2026-03-17,9083.42,Completed
5495,69,2026-03-17,40953.93,Completed
5496,134,2026-03-17,1502.36,Completed
5497,59,2026-03-17,32.94,Completed
5498,420,2026-03-17,78.96,Completed
5499,225,2026-03-17,329.96,Completed
5500,74,2026-03-17,8.98,Completed
5501,234,2026-03-17,111.94,Completed
5502,342,2026-03-17,179.98,Completed
5503,219,2026-03-17,192.8,Completed
5504,238,2026-03-17,269.92,Completed
5505,337,2026-03-17,89.99,Completed
5506,403,2026-03-17,28.96,Completed
5507,215,2026-03-17,1416.93,Completed
5508,447,2026-03-17,7.98,Completed
5509,230,2026-03-17,72.95,Completed
5510,152,2026-03-17,8.99,Completed
5511,60,2026-03-17,79.99,Completed
5512,230,2026-03-17,53.95,Completed
5513,397,2026-03-17,213.44,Completed
5514,385,2026-03-17,63.96,Completed
5515,300,2026-03-18,127.51,Completed
5516,482,2026-03-18,6109.94,Completed
5517,420,2026-03-18,3.99,Completed
5518,10,2026-03-18,4289.94,Completed
5519,387,2026-03-18,4280.91,Completed
5520,428,2026-03-18,60.91,Completed
5521,124,2026-03-18,312.93,Completed
5522,77,2026-03-18,115.93,Completed
5523,89,2026-03-18,82.94,Completed
5524,292,2026-03-18,488.91,Completed
5525,295,2026-03-18,377.53,Completed
5526,42,2026-03-18,7.98,Completed
5527,442,2026-03-18,25.98,Completed
5528,460,2026-03-18,1.58,Completed
5529,278,2026-03-18,63.42,Completed
5530,342,2026-03-18,289.96,Completed
5531,491,2026-03-18,90.94,Completed
5532,400,2026-03-18,199.96,Completed
5533,336,2026-03-18,319.96,Completed
5534,168,2026-03-18,960.91,Completed
5535,147,2026-03-18,25.03,Completed
5536,404,2026-03-18,7662.42,Completed
5537,322,2026-03-18,7.98,Completed
5538,315,2026-03-18,49.98,Completed
5539,244,2026-03-18,111.95,Completed
5540,395,2026-03-18,46.95,Completed
5541,166,2026-03-18,114.94,Completed
5542,57,2026-03-18,2429.95,Completed
5543,356,2026-03-18,173.94,Completed
5544,251,2026-03-18,49.99,Completed
5545,167,2026-03-19,1.99,Completed
5546,187,2026-03-19,60.96,Completed
5547,191,2026-03-19,197.83,Completed
5548,181,2026-03-19,171.91,Completed
5549,473,2026-03-19,1605.92,Completed
5550,342,2026-03-19,4251.9,Completed
5551,312,2026-03-19,38.97,Completed
5552,246,2026-03-19,244.92,Completed
5553,269,2026-03-19,3029.96,Completed
5554,409,2026-03-19,4.99,Completed
5555,402,2026-03-19,14.97,Completed
5556,154,2026-03-19,13.98,Completed
5557,176,2026-03-19,13004.46,Completed
5558,259,2026-03-19,46.94,Completed
5559,119,2026-03-19,12.99,Completed
5560,465,2026-03-19,262.95,Completed
5561,455,2026-03-19,9136.42,Completed
5562,60,2026-03-19,21.98,Completed
5563,285,2026-03-19,26999.96,Completed
5564,341,2026-03-19,9.98,Completed
5565,312,2026-03-19,25.98,Completed
5566,372,2026-03-19,29.99,Completed
5567,225,2026-03-19,3799.98,Completed
5568,342,2026-03-19,239.97,Completed
5569,91,2026-03-19,481.95,Completed
5570,154,2026-03-19,8.99,Completed
5571,59,2026-03-19,481.9,Completed
5572,373,2026-03-19,2289.94,Completed
5573,408,2026-03-19,4520.92,Completed
5574,442,2026-03-19,2278.91,Completed
5575,230,2026-03-19,19.98,Completed
5576,6,2026-03-19,70.45,Completed
5577,76,2026-03-19,79.96,Completed
5578,262,2026-03-19,2082.94,Completed
5579,88,2026-03-19,799.99,Completed
5580,429,2026-03-19,150.92,Completed
5581,140,2026-03-19,142.95,Completed
5582,250,2026-03-19,98.92,Completed
5583,106,2026-03-19,7499.97,Completed
5584,353,2026-03-19,5512.89,Completed
5585,435,2026-03-19,236.94,Completed
5586,495,2026-03-19,2433.94,Completed
5587,355,2026-03-19,44.97,Completed
5588,464,2026-03-19,7.99,Completed
5589,132,2026-03-19,42043.52,Completed
5590,195,2026-03-19,25.98,Completed
5591,329,2026-03-19,376.94,Completed
5592,206,2026-03-19,14.99,Completed
5593,94,2026-03-19,99.97,Completed
5594,445,2026-03-19,6149.94,Completed
5595,327,2026-03-19,33.98,Completed
5596,78,2026-03-19,29.98,Completed
5597,481,2026-03-19,174.9,Completed
5598,168,2026-03-19,529.41,Completed
5599,83,2026-03-19,98.82,Completed
5600,265,2026-03-19,102.98,Completed
5601,186,2026-03-19,239.97,Completed
5602,411,2026-03-19,54.97,Completed
5603,9,2026-03-19,4364.93,Completed
5604,209,2026-03-19,14.97,Completed
5605,302,2026-03-19,49.99,Completed
5606,148,2026-03-19,96.95,Completed
5607,31,2026-03-19,15.98,Completed
5608,323,2026-03-19,3806.96,Completed
5609,149,2026-03-19,19.98,Completed
5610,103,2026-03-19,2016.45,Completed
5611,489,2026-03-19,4499.97,Completed
5612,138,2026-03-20,13389.96,Completed
5613,317,2026-03-20,165.95,Completed
5614,353,2026-03-20,5089.95,Completed
5615,212,2026-03-20,1736.94,Completed
5616,34,2026-03-20,281.93,Completed
5617,12,2026-03-20,5.99,Completed
5618,370,2026-03-20,11.98,Completed
5619,141,2026-03-20,29.98,Completed
5620,402,2026-03-20,1.98,Completed
5621,117,2026-03-20,671.92,Completed
5622,360,2026-03-20,58.33,Completed
5623,89,2026-03-20,17.98,Completed
5624,196,2026-03-20,3177.92,Completed
5625,204,2026-03-20,39.96,Completed
5626,317,2026-03-20,1519.98,Completed
5627,131,2026-03-20,254.95,Completed
5628,278,2026-03-20,144.96,Completed
5629,321,2026-03-20,241.94,Completed
5630,167,2026-03-20,127.92,Completed
5631,498,2026-03-20,377.94,Completed
5632,149,2026-03-20,20.97,Completed
5633,341,2026-03-20,1099.99,Completed
5634,333,2026-03-20,14.97,Completed
5635,231,2026-03-20,49.98,Completed
5636,311,2026-03-20,26.97,Completed
5637,82,2026-03-20,9264.94,Completed
5638,398,2026-03-20,28031.96,Completed
5639,42,2026-03-20,1550.95,Completed
5640,235,2026-03-20,62.94,Completed
5641,158,2026-03-20,50.95,Completed
5642,434,2026-03-20,319.92,Completed
5643,409,2026-03-20,49.99,Completed
5644,352,2026-03-20,3665.22,Completed
5645,193,2026-03-20,4585.38,Completed
5646,384,2026-03-20,999.98,Completed
5647,457,2026-03-20,2252.5,Completed
5648,299,2026-03-20,356.94,Completed
5649,129,2026-03-20,639.97,Completed
5650,437,2026-03-20,27999.98,Completed
5651,269,2026-03-20,94.92,Completed
5652,366,2026-03-20,193.46,Completed
5653,460,2026-03-20,145.96,Completed
5654,8,2026-03-20,333.93,Completed
5655,474,2026-03-20,1630.33,Completed
5656,262,2026-03-20,46.93,Completed
5657,106,2026-03-20,2463.41,Completed
5658,15,2026-03-20,1659.93,Completed
5659,119,2026-03-20,96.95,Completed
5660,23,2026-03-20,12242.91,Completed
5661,348,2026-03-20,194.92,Completed
5662,493,2026-03-20,1903.98,Completed
5663,246,2026-03-20,11483.93,Completed
5664,396,2026-03-20,209.96,Completed
5665,421,2026-03-20,42011.94,Completed
5666,353,2026-03-20,7614.94,Completed
5667,407,2026-03-20,139.98,Completed
5668,27,2026-03-20,39014.94,Completed
5669,292,2026-03-20,7.47,Completed
5670,336,2026-03-20,516.92,Completed
5671,309,2026-03-20,269.97,Completed
5672,131,2026-03-20,2211.96,Completed
5673,491,2026-03-20,137.92,Completed
5674,384,2026-03-20,28035.94,Completed
5675,236,2026-03-20,3349.96,Completed
5676,55,2026-03-20,14027.98,Completed
5677,77,2026-03-20,2.99,Completed
5678,72,2026-03-20,11.98,Completed
5679,466,2026-03-20,227.93,Completed
5680,471,2026-03-21,39.98,Completed
5681,160,2026-03-21,6.99,Completed
5682,358,2026-03-21,10.36,Completed
5683,399,2026-03-21,304.98,Completed
5684,213,2026-03-21,96.86,Completed
5685,340,2026-03-21,1129.94,Completed
5686,318,2026-03-21,57.98,Completed
5687,417,2026-03-21,0.79,Completed
5688,234,2026-03-21,74.94,Completed
5689,32,2026-03-21,221.96,Completed
5690,311,2026-03-21,269.96,Completed
5691,42,2026-03-21,12.99,Completed
5692,192,2026-03-21,30.97,Completed
5693,445,2026-03-21,29.97,Completed
5694,226,2026-03-21,169.96,Completed
5695,465,2026-03-21,242.74,Completed
5696,146,2026-03-21,77.54,Completed
5697,195,2026-03-21,269.9,Completed
5698,105,2026-03-21,84.96,Completed
5699,2,2026-03-21,541.94,Completed
5700,112,2026-03-21,9044.94,Completed
5701,193,2026-03-21,26.97,Completed
5702,499,2026-03-21,1456.82,Completed
5703,364,2026-03-21,26024.97,Completed
5704,295,2026-03-21,24.97,Completed
5705,309,2026-03-21,199.98,Completed
5706,178,2026-03-22,904.95,Completed
5707,464,2026-03-22,74.43,Completed
5708,203,2026-03-22,73799.93,Completed
5709,157,2026-03-22,32.97,Completed
5710,342,2026-03-22,14067.96,Completed
5711,297,2026-03-22,499.95,Completed
5712,117,2026-03-22,47.46,Completed
5713,285,2026-03-22,2514.96,Completed
5714,103,2026-03-22,2045.54,Completed
5715,484,2026-03-22,5065.94,Completed
5716,49,2026-03-22,15.98,Completed
5717,437,2026-03-22,8999.99,Completed
5718,215,2026-03-22,246.45,Completed
5719,350,2026-03-22,104.94,Completed
5720,140,2026-03-22,38.97,Completed
5721,321,2026-03-22,116.94,Completed
5722,144,2026-03-22,799.99,Completed
5723,70,2026-03-22,9291.93,Completed
5724,357,2026-03-22,255.95,Completed
5725,421,2026-03-22,37.93,Completed
5726,417,2026-03-22,3646.94,Completed
5727,219,2026-03-22,153.24,Completed
5728,448,2026-03-22,19.99,Completed
5729,197,2026-03-22,7564.94,Completed
5730,77,2026-03-22,3.99,Completed
5731,308,2026-03-22,29.98,Completed
5732,18,2026-03-22,9407.42,Completed
5733,367,2026-03-22,83.95,Completed
5734,222,2026-03-22,529.92,Completed
5735,234,2026-03-22,61.97,Completed
5736,185,2026-03-22,40689.94,Completed
5737,439,2026-03-22,89.94,Completed
5738,374,2026-03-22,72.98,Completed
5739,466,2026-03-22,33.94,Completed
5740,228,2026-03-22,282.94,Completed
5741,495,2026-03-22,349.95,Completed
5742,149,2026-03-22,125.95,Completed
5743,148,2026-03-22,41999.97,Completed
5744,327,2026-03-22,26014.95,Completed
5745,59,2026-03-22,215.95,Completed
5746,41,2026-03-22,13533.94,Completed
5747,368,2026-03-22,59.98,Completed
5748,351,2026-03-22,17.96,Completed
5749,253,2026-03-22,426.93,Completed
5750,469,2026-03-22,49.96,Completed
5751,242,2026-03-22,178.41,Completed
5752,311,2026-03-23,13283.94,Completed
5753,202,2026-03-23,39.93,Completed
5754,323,2026-03-23,4.99,Completed
5755,203,2026-03-23,16.47,Completed
5756,483,2026-03-23,5.97,Completed
5757,407,2026-03-23,41.95,Completed
5758,173,2026-03-23,467.94,Completed
5759,115,2026-03-23,1019.92,Completed
5760,371,2026-03-23,219.98,Completed
5761,303,2026-03-23,8.99,Completed
5762,114,2026-03-23,5639.95,Completed
5763,293,2026-03-23,849.95,Completed
5764,419,2026-03-23,2800.77,Completed
5765,461,2026-03-23,432.93,Completed
5766,396,2026-03-23,39.99,Completed
5767,217,2026-03-23,326.92,Completed
5768,395,2026-03-23,27036.93,Completed
5769,51,2026-03-23,569.93,Completed
5770,250,2026-03-23,1399.99,Completed
5771,86,2026-03-23,1799.99,Completed
5772,42,2026-03-23,20.97,Completed
5773,401,2026-03-23,5423.94,Completed
5774,465,2026-03-23,83.93,Completed
5775,497,2026-03-23,25.97,Completed
5776,78,2026-03-23,147.97,Completed
5777,350,2026-03-23,59.99,Completed
5778,79,2026-03-23,33134.94,Completed
5779,417,2026-03-23,133.94,Completed
5780,100,2026-03-23,1165.93,Completed
5781,143,2026-03-23,29.95,Completed
5782,65,2026-03-23,1954.97,Completed
5783,341,2026-03-23,134.92,Completed
5784,209,2026-03-23,1.99,Completed
5785,82,2026-03-23,59.98,Completed
5786,176,2026-03-23,389.97,Completed
5787,73,2026-03-23,126.84,Completed
5788,60,2026-03-23,419.97,Completed
5789,130,2026-03-23,2837.91,Completed
5790,323,2026-03-23,1526.93,Completed
5791,138,2026-03-23,10699.95,Completed
5792,9,2026-03-24,149.96,Completed
5793,226,2026-03-24,28.95,Completed
5794,423,2026-03-24,28031.93,Completed
5795,69,2026-03-24,259.92,Completed
5796,96,2026-03-24,167.41,Completed
5797,60,2026-03-24,29.99,Completed
5798,455,2026-03-24,26059.92,Completed
5799,491,2026-03-24,43002.53,Completed
5800,282,2026-03-24,4068.53,Completed
5801,462,2026-03-24,4.99,Completed
5802,170,2026-03-24,253.95,Completed
5803,70,2026-03-24,69.95,Completed
5804,235,2026-03-24,4561.93,Completed
5805,161,2026-03-24,103.93,Completed
5806,157,2026-03-24,29621.94,Completed
5807,379,2026-03-24,193.93,Completed
5808,444,2026-03-24,2234.95,Completed
5809,30,2026-03-24,6.99,Completed
5810,253,2026-03-24,67.93,Completed
5811,311,2026-03-24,245.96,Completed
5812,284,2026-03-24,54.96,Completed
5813,26,2026-03-24,3097.9,Completed
5814,434,2026-03-24,33057.24,Completed
5815,3,2026-03-24,3240.92,Completed
5816,81,2026-03-24,7.47,Completed
5817,377,2026-03-24,3.98,Completed
5818,99,2026-03-24,52.24,Completed
5819,433,2026-03-24,185.94,Completed
5820,191,2026-03-24,25.98,Completed
5821,70,2026-03-24,5318.32,Completed
5822,425,2026-03-24,371.95,Completed
5823,11,2026-03-24,2479.95,Completed
5824,492,2026-03-24,59.98,Completed
5825,345,2026-03-24,11.97,Completed
5826,323,2026-03-24,3959.92,Completed
5827,392,2026-03-24,43004.94,Completed
5828,230,2026-03-24,320.92,Completed
5829,471,2026-03-24,45.96,Completed
5830,19,2026-03-24,4499.97,Completed
5831,301,2026-03-24,4593.91,Completed
5832,282,2026-03-24,1795.92,Completed
5833,252,2026-03-24,629.93,Completed
5834,170,2026-03-24,131.98,Completed
5835,411,2026-03-24,20.97,Completed
5836,139,2026-03-24,28577.9,Completed
5837,290,2026-03-24,2.49,Completed
5838,307,2026-03-24,42.83,Completed
5839,154,2026-03-24,147.56,Completed
5840,87,2026-03-24,1129.97,Completed
5841,356,2026-03-24,389.42,Completed
5842,211,2026-03-24,5399.97,Completed
5843,153,2026-03-24,41.93,Completed
5844,337,2026-03-24,30.53,Completed
5845,85,2026-03-24,4629.94,Completed
5846,93,2026-03-24,7596.41,Completed
5847,90,2026-03-24,299.92,Completed
5848,63,2026-03-24,94.95,Completed
5849,238,2026-03-24,1120.97,Completed
5850,120,2026-03-24,161.97,Completed
5851,63,2026-03-24,82.92,Completed
5852,80,2026-03-24,110.95,Completed
5853,277,2026-03-24,109.99,Completed
5854,110,2026-03-24,11419.9,Completed
5855,465,2026-03-24,1568.93,Completed
5856,264,2026-03-24,51.95,Completed
5857,177,2026-03-25,43.96,Completed
5858,9,2026-03-25,134.97,Completed
5859,19,2026-03-25,215.94,Completed
5860,4,2026-03-25,2435.93,Completed
5861,422,2026-03-25,144.42,Completed
5862,333,2026-03-25,132.41,Completed
5863,421,2026-03-25,3444.92,Completed
5864,465,2026-03-25,70.95,Completed
5865,500,2026-03-25,79.98,Completed
5866,112,2026-03-25,4708.94,Completed
5867,63,2026-03-25,46.93,Completed
5868,17,2026-03-25,81.95,Completed
5869,120,2026-03-25,43.04,Completed
5870,483,2026-03-25,11460.91,Completed
5871,29,2026-03-25,2583.96,Completed
5872,270,2026-03-25,2208.97,Completed
5873,269,2026-03-25,1284.89,Completed
5874,237,2026-03-25,60.76,Completed
5875,466,2026-03-25,2110.9,Completed
5876,141,2026-03-25,32.97,Completed
5877,404,2026-03-25,519.91,Completed
5878,93,2026-03-25,7.47,Completed
5879,498,2026-03-25,13359.9,Completed
5880,83,2026-03-25,1541.92,Completed
5881,462,2026-03-25,123.42,Completed
5882,106,2026-03-25,26011.96,Completed
5883,384,2026-03-25,113.9,Completed
5884,330,2026-03-25,27999.98,Completed
5885,114,2026-03-25,325.95,Completed
5886,41,2026-03-25,5585.92,Completed
5887,91,2026-03-25,50.98,Completed
5888,5,2026-03-25,12.96,Completed
5889,405,2026-03-25,166.93,Completed
5890,418,2026-03-25,87.94,Completed
5891,125,2026-03-25,627.95,Completed
5892,82,2026-03-25,5179.96,Completed
5893,318,2026-03-25,599.94,Completed
5894,355,2026-03-25,4303.91,Completed
5895,421,2026-03-25,187.95,Completed
5896,140,2026-03-25,501.91,Completed
5897,102,2026-03-25,169.95,Completed
5898,299,2026-03-25,5079.96,Completed
5899,410,2026-03-25,244.4,Completed
5900,411,2026-03-25,5149.89,Completed
5901,149,2026-03-25,116.95,Completed
5902,182,2026-03-25,9.99,Completed
5903,334,2026-03-26,225.96,Completed
5904,414,2026-03-26,191.96,Completed
5905,478,2026-03-26,75.97,Completed
5906,250,2026-03-26,30.96,Completed
5907,340,2026-03-26,67.95,Completed
5908,471,2026-03-26,25.98,Completed
5909,450,2026-03-26,8.99,Completed
5910,40,2026-03-26,1574.94,Completed
5911,156,2026-03-26,23.97,Completed
5912,324,2026-03-26,461.91,Completed
5913,8,2026-03-26,14.99,Completed
5914,246,2026-03-26,27.27,Completed
5915,6,2026-03-26,1459.97,Completed
5916,2,2026-03-26,13418.94,Completed
5917,382,2026-03-26,33.98,Completed
5918,49,2026-03-26,284.95,Completed
5919,20,2026-03-26,62.93,Completed
5920,446,2026-03-26,155.96,Completed
5921,143,2026-03-26,29.97,Completed
5922,171,2026-03-26,0.99,Completed
5923,9,2026-03-26,3699.93,Completed
5924,467,2026-03-26,102.95,Completed
5925,253,2026-03-26,119.99,Completed
5926,129,2026-03-26,259.98,Completed
5927,137,2026-03-26,274.92,Completed
5928,231,2026-03-26,104.97,Completed
5929,178,2026-03-26,1497.96,Completed
5930,210,2026-03-26,173.91,Completed
5931,29,2026-03-26,83.97,Completed
5932,71,2026-03-26,516.93,Completed
5933,366,2026-03-26,50.95,Completed
5934,204,2026-03-26,30.96,Completed
5935,243,2026-03-26,110.94,Completed
5936,169,2026-03-26,494.94,Completed
5937,226,2026-03-26,179.98,Completed
5938,443,2026-03-26,179.98,Completed
5939,340,2026-03-26,11.98,Completed
5940,215,2026-03-26,27285.9,Completed
5941,205,2026-03-26,33.45,Completed
5942,380,2026-03-26,14083.92,Completed
5943,342,2026-03-26,22.97,Completed
5944,98,2026-03-26,314.94,Completed
5945,61,2026-03-26,151.97,Completed
5946,497,2026-03-26,85.92,Completed
5947,113,2026-03-26,29.94,Completed
5948,101,2026-03-26,51.55,Completed
5949,407,2026-03-26,69.02,Completed
5950,4,2026-03-26,4029.96,Completed
5951,254,2026-03-26,21.84,Completed
5952,55,2026-03-26,50.46,Completed
5953,252,2026-03-26,275.96,Completed
5954,275,2026-03-26,5747.88,Completed
5955,183,2026-03-26,25.96,Completed
5956,481,2026-03-26,39.97,Completed
5957,488,2026-03-26,3530.93,Completed
5958,418,2026-03-26,14.97,Completed
5959,245,2026-03-26,95.92,Completed
5960,212,2026-03-26,44.97,Completed
5961,340,2026-03-26,5589.93,Completed
5962,177,2026-03-26,204.96,Completed
5963,348,2026-03-26,37.95,Completed
5964,78,2026-03-26,49.99,Completed
5965,197,2026-03-26,370.92,Completed
5966,405,2026-03-26,95.96,Completed
5967,203,2026-03-26,3534.43,Completed
5968,208,2026-03-26,27.25,Completed
5969,113,2026-03-26,8.98,Completed
5970,274,2026-03-26,170.94,Completed
5971,360,2026-03-26,259.98,Completed
5972,380,2026-03-26,39.99,Completed
5973,41,2026-03-26,7.98,Completed
5974,242,2026-03-26,93.92,Completed
5975,191,2026-03-26,2069.9,Completed
5976,77,2026-03-26,5018.9,Completed
5977,309,2026-03-26,215.9,Completed
5978,153,2026-03-26,4.98,Completed
5979,494,2026-03-27,41999.97,Completed
5980,479,2026-03-27,113.96,Completed
5981,130,2026-03-27,4159.92,Completed
5982,411,2026-03-27,5445.92,Completed
5983,39,2026-03-27,18002.35,Completed
5984,111,2026-03-27,242.26,Completed
5985,489,2026-03-27,149.97,Completed
5986,472,2026-03-27,149.94,Completed
5987,85,2026-03-27,62.97,Completed
5988,483,2026-03-27,1621.93,Completed
5989,128,2026-03-27,2399.97,Completed
5990,293,2026-03-27,3841.23,Completed
5991,224,2026-03-27,3.98,Completed
5992,216,2026-03-27,27.95,Completed
5993,496,2026-03-27,62.41,Completed
5994,322,2026-03-27,29.97,Completed
5995,411,2026-03-27,179.98,Completed
5996,168,2026-03-27,95.96,Completed
5997,22,2026-03-27,90.91,Completed
5998,168,2026-03-27,188.94,Completed
5999,463,2026-03-27,50.94,Completed
6000,352,2026-03-27,89.94,Completed
6001,56,2026-03-27,2.99,Completed
6002,332,2026-03-27,189.92,Completed
6003,11,2026-03-27,755.94,Completed
6004,51,2026-03-27,9119.93,Completed
6005,278,2026-03-28,5730.91,Completed
6006,434,2026-03-28,4.99,Completed
6007,454,2026-03-28,4212.96,Completed
6008,63,2026-03-28,194.93,Completed
6009,146,2026-03-28,359.97,Completed
6010,171,2026-03-28,4179.96,Completed
6011,88,2026-03-28,3094.94,Completed
6012,196,2026-03-28,44.94,Completed
6013,283,2026-03-28,33310.91,Completed
6014,67,2026-03-28,1499.97,Completed
6015,23,2026-03-28,4207.95,Completed
6016,264,2026-03-28,17.97,Completed
6017,488,2026-03-28,3109.97,Completed
6018,492,2026-03-28,2524.96,Completed
6019,377,2026-03-28,25.95,Completed
6020,120,2026-03-28,545.91,Completed
6021,388,2026-03-28,14.99,Completed
6022,305,2026-03-28,729.97,Completed
6023,155,2026-03-28,89.97,Completed
6024,1,2026-03-28,42.93,Completed
6025,24,2026-03-28,104.57,Completed
6026,187,2026-03-28,2862.94,Completed
6027,248,2026-03-28,5.99,Completed
6028,77,2026-03-28,215.9,Completed
6029,27,2026-03-28,86.94,Completed
6030,217,2026-03-28,48.96,Completed
6031,391,2026-03-28,88.93,Completed
6032,479,2026-03-28,45.96,Completed
6033,233,2026-03-28,108.97,Completed
6034,272,2026-03-28,353.39,Completed
6035,311,2026-03-28,165.96,Completed
6036,279,2026-03-28,5.99,Completed
6037,230,2026-03-28,32.97,Completed
6038,339,2026-03-28,7.47,Completed
6039,293,2026-03-28,37.97,Completed
6040,357,2026-03-28,29.98,Completed
6041,34,2026-03-28,27.96,Completed
6042,261,2026-03-28,155.4,Completed
6043,145,2026-03-28,3083.95,Completed
6044,297,2026-03-28,309.98,Completed
6045,120,2026-03-28,114.93,Completed
6046,168,2026-03-28,12.96,Completed
6047,409,2026-03-28,38.96,Completed
6048,72,2026-03-28,5239.96,Completed
6049,24,2026-03-28,218.95,Completed
6050,337,2026-03-28,9.99,Completed
6051,370,2026-03-28,3608.97,Completed
6052,116,2026-03-28,27.95,Completed
6053,86,2026-03-28,22.28,Completed
6054,256,2026-03-28,39092.91,Completed
6055,286,2026-03-29,95.96,Completed
6056,177,2026-03-29,182.92,Completed
6057,74,2026-03-29,769.96,Completed
6058,294,2026-03-29,56.94,Completed
6059,337,2026-03-29,99.98,Completed
6060,20,2026-03-29,397.95,Completed
6061,390,2026-03-29,121.25,Completed
6062,268,2026-03-29,2499.95,Completed
6063,439,2026-03-29,3870.95,Completed
6064,32,2026-03-29,10.98,Completed
6065,341,2026-03-29,42176.9,Completed
6066,384,2026-03-29,15129.95,Completed
6067,256,2026-03-29,1547.95,Completed
6068,345,2026-03-29,1916.97,Completed
6069,363,2026-03-29,3799.98,Completed
6070,63,2026-03-29,6190.42,Completed
6071,50,2026-03-29,9.99,Completed
6072,207,2026-03-29,7525.94,Completed
6073,135,2026-03-29,470.93,Completed
6074,44,2026-03-29,19.27,Completed
6075,267,2026-03-29,99.98,Completed
6076,16,2026-03-29,38999.97,Completed
6077,416,2026-03-29,14.99,Completed
6078,390,2026-03-29,42196.92,Completed
6079,297,2026-03-29,211.94,Completed
6080,222,2026-03-29,5.99,Completed
6081,18,2026-03-29,129.95,Completed
6082,304,2026-03-29,24.97,Completed
6083,5,2026-03-29,18347.94,Completed
6084,433,2026-03-29,7536.91,Completed
6085,71,2026-03-29,916.96,Completed
6086,469,2026-03-29,68.95,Completed
6087,354,2026-03-29,25.98,Completed
6088,386,2026-03-29,23.94,Completed
6089,78,2026-03-29,5472.44,Completed
6090,145,2026-03-29,32689.9,Completed
6091,223,2026-03-29,389.97,Completed
6092,11,2026-03-29,3749.97,Completed
6093,64,2026-03-29,139.76,Completed
6094,116,2026-03-29,154.92,Completed
6095,277,2026-03-29,26.97,Completed
6096,73,2026-03-29,33.96,Completed
6097,372,2026-03-29,118.96,Completed
6098,369,2026-03-29,22.95,Completed
6099,33,2026-03-29,259.92,Completed
6100,147,2026-03-29,1074.95,Completed
6101,467,2026-03-29,457.93,Completed
6102,364,2026-03-29,172.92,Completed
6103,403,2026-03-29,4199.97,Completed
6104,239,2026-03-29,3609.96,Completed
6105,134,2026-03-29,5772.92,Completed
6106,3,2026-03-29,514.92,Completed
6107,298,2026-03-29,233.94,Completed
6108,102,2026-03-29,5699.97,Completed
6109,423,2026-03-29,184.96,Completed
6110,299,2026-03-29,414.94,Completed
6111,427,2026-03-29,17.98,Completed
6112,123,2026-03-29,686.92,Completed
6113,229,2026-03-29,25.98,Completed
6114,323,2026-03-29,5190.95,Completed
6115,277,2026-03-30,2005.95,Completed
6116,341,2026-03-30,92.96,Completed
6117,77,2026-03-30,59.92,Completed
6118,41,2026-03-30,74.97,Completed
6119,441,2026-03-30,171.22,Completed
6120,334,2026-03-30,1873.94,Completed
6121,496,2026-03-30,183.97,Completed
6122,106,2026-03-30,8.99,Completed
6123,181,2026-03-30,643.94,Completed
6124,331,2026-03-30,27002.46,Completed
6125,413,2026-03-30,87.93,Completed
6126,263,2026-03-30,1168.94,Completed
6127,283,2026-03-30,299.97,Completed
6128,499,2026-03-30,1503.95,Completed
6129,44,2026-03-30,18119.91,Completed
6130,463,2026-03-30,4.98,Completed
6131,26,2026-03-30,97.23,Completed
6132,495,2026-03-30,107.96,Completed
6133,282,2026-03-30,11.98,Completed
6134,261,2026-03-30,5008.95,Completed
6135,148,2026-03-30,409.92,Completed
6136,402,2026-03-30,3311.95,Completed
6137,109,2026-03-30,9003.98,Completed
6138,48,2026-03-30,84.92,Completed
6139,263,2026-03-30,6023.94,Completed
6140,49,2026-03-30,26.94,Completed
6141,411,2026-03-30,9.99,Completed
6142,115,2026-03-30,27259.92,Completed
6143,410,2026-03-30,6009.96,Completed
6144,136,2026-03-30,49.98,Completed
6145,57,2026-03-30,425.9,Completed
6146,417,2026-03-30,8.96,Completed
6147,81,2026-03-30,1559.95,Completed
6148,284,2026-03-30,3.99,Completed
6149,10,2026-03-30,11.97,Completed
6150,269,2026-03-30,44.94,Completed
6151,494,2026-03-30,45.91,Completed
6152,261,2026-03-30,1819.94,Completed
6153,408,2026-03-30,179.94,Completed
6154,83,2026-03-30,209.95,Completed
6155,378,2026-03-30,33071.9,Completed
6156,193,2026-03-30,4733.91,Completed
6157,406,2026-03-30,501.92,Completed
6158,43,2026-03-30,42079.94,Completed
6159,431,2026-03-30,2977.91,Completed
6160,344,2026-03-30,59.97,Completed
6161,417,2026-03-30,637.93,Completed
6162,270,2026-03-30,194.95,Completed
6163,60,2026-03-30,1739.95,Completed
6164,90,2026-03-30,185.47,Completed
6165,438,2026-03-30,19.97,Completed
6166,355,2026-03-30,530.97,Completed
6167,164,2026-03-30,5844.22,Completed
6168,454,2026-03-30,39.99,Completed
6169,230,2026-03-30,98.4,Completed
6170,14,2026-03-30,17.96,Completed
6171,74,2026-03-30,332.22,Completed
6172,309,2026-03-30,7539.95,Completed
6173,18,2026-03-30,1329.94,Completed
6174,275,2026-03-30,27.99,Completed
6175,198,2026-03-30,41.97,Completed
6176,359,2026-03-30,34.99,Completed
6177,33,2026-03-30,395.94,Completed
6178,223,2026-03-30,211.96,Completed
6179,131,2026-03-30,42.93,Completed
6180,428,2026-03-30,190.95,Completed
6181,269,2026-03-30,226.93,Completed
6182,341,2026-03-30,41239.93,Completed
6183,263,2026-03-30,152.44,Completed
6184,69,2026-03-30,1500.96,Completed
6185,213,2026-03-30,11517.95,Completed
6186,40,2026-03-30,37.97,Completed
6187,380,2026-03-30,89.99,Completed
6188,140,2026-03-30,147.96,Completed
6189,329,2026-03-30,15.94,Completed
6190,489,2026-03-30,13013.97,Completed
6191,497,2026-03-30,22248.92,Completed
6192,464,2026-03-31,389.96,Completed
6193,16,2026-03-31,9.99,Completed
6194,190,2026-03-31,358.92,Completed
6195,369,2026-03-31,39.98,Completed
6196,444,2026-03-31,115.95,Completed
6197,235,2026-03-31,7.99,Completed
6198,269,2026-03-31,2279.95,Completed
6199,447,2026-03-31,61.97,Completed
6200,368,2026-03-31,26236.44,Completed
6201,121,2026-03-31,26.97,Completed
6202,337,2026-03-31,5499.9,Completed
6203,489,2026-03-31,99.98,Completed
6204,416,2026-03-31,844.96,Completed
6205,123,2026-03-31,4588.92,Completed
6206,176,2026-03-31,799.99,Completed
6207,53,2026-03-31,4509.9,Completed
6208,416,2026-03-31,111.89,Completed
6209,177,2026-03-31,261.95,Completed
6210,386,2026-03-31,545.33,Completed
6211,419,2026-03-31,130.95,Completed
6212,229,2026-03-31,5017.96,Completed
6213,98,2026-03-31,11.98,Completed
6214,62,2026-03-31,189.95,Completed
6215,221,2026-03-31,42.95,Completed
6216,497,2026-03-31,9167.9,Completed
6217,400,2026-03-31,299.94,Completed
6218,275,2026-03-31,155.91,Completed
6219,209,2026-03-31,3064.93,Completed
6220,324,2026-03-31,5598.92,Completed
6221,240,2026-03-31,79.99,Completed
6222,224,2026-03-31,5260.92,Completed
6223,215,2026-03-31,74.22,Completed
6224,201,2026-03-31,149.97,Completed
6225,358,2026-03-31,1.58,Completed
6226,452,2026-03-31,14.99,Completed
6227,365,2026-03-31,1188.94,Completed
6228,171,2026-03-31,4.87,Completed
6229,457,2026-04-01,11087.92,Completed
6230,292,2026-04-01,5699.97,Completed
6231,147,2026-04-01,13.98,Completed
6232,199,2026-04-01,44.93,Completed
6233,137,2026-04-01,13.47,Completed
6234,142,2026-04-01,15.96,Completed
6235,331,2026-04-01,133.93,Completed
6236,146,2026-04-01,1839.93,Completed
6237,185,2026-04-01,4.98,Completed
6238,200,2026-04-01,254.91,Completed
6239,78,2026-04-01,2.37,Completed
6240,246,2026-04-01,37.98,Completed
6241,355,2026-04-01,71.96,Completed
6242,187,2026-04-01,327.9,Completed
6243,323,2026-04-01,259.98,Completed
6244,205,2026-04-01,1891.93,Completed
6245,5,2026-04-01,938.94,Completed
6246,98,2026-04-01,39010.95,Completed
6247,4,2026-04-01,5832.93,Completed
6248,73,2026-04-01,99.98,Completed
6249,154,2026-04-01,1955.92,Completed
6250,443,2026-04-01,45.98,Completed
6251,408,2026-04-01,9.98,Completed
6252,307,2026-04-01,105.42,Completed
6253,487,2026-04-01,231.93,Completed
6254,268,2026-04-01,89.96,Completed
6255,112,2026-04-01,1909.92,Completed
6256,202,2026-04-01,9014.96,Completed
6257,312,2026-04-01,15.98,Completed
6258,444,2026-04-01,4.99,Completed
6259,60,2026-04-01,540.93,Completed
6260,65,2026-04-01,159.98,Completed
6261,78,2026-04-01,63.92,Completed
6262,233,2026-04-01,4305.92,Completed
6263,49,2026-04-01,55.96,Completed
6264,440,2026-04-01,1.99,Completed
6265,2,2026-04-01,9.27,Completed
6266,113,2026-04-01,148.92,Completed
6267,347,2026-04-01,28021.44,Completed
6268,52,2026-04-01,33199.95,Completed
6269,28,2026-04-01,3571.39,Completed
6270,470,2026-04-01,629.94,Completed
6271,64,2026-04-01,999.98,Completed
6272,420,2026-04-01,76.95,Completed
6273,60,2026-04-01,469.93,Completed
6274,253,2026-04-01,49.99,Completed
6275,458,2026-04-01,374.94,Completed
6276,366,2026-04-01,239.97,Completed
6277,491,2026-04-01,1827.96,Completed
6278,190,2026-04-01,113.96,Completed
6279,439,2026-04-01,264.96,Completed
6280,209,2026-04-01,479.91,Completed
6281,62,2026-04-01,34.97,Completed
6282,459,2026-04-01,166.93,Completed
6283,496,2026-04-01,2839.93,Completed
6284,130,2026-04-01,8.99,Completed
6285,367,2026-04-02,174.96,Completed
6286,64,2026-04-02,552.94,Completed
6287,387,2026-04-02,704.95,Completed
6288,382,2026-04-02,1846.95,Completed
6289,226,2026-04-02,355.94,Completed
6290,211,2026-04-02,5785.91,Completed
6291,385,2026-04-02,10.28,Completed
6292,58,2026-04-02,16.57,Completed
6293,20,2026-04-02,42.92,Completed
6294,485,2026-04-02,25.96,Completed
6295,66,2026-04-02,284.94,Completed
6296,474,2026-04-02,39915.93,Completed
6297,400,2026-04-02,3014.95,Completed
6298,157,2026-04-02,3.98,Completed
6299,127,2026-04-02,26.97,Completed
6300,445,2026-04-02,365.91,Completed
6301,104,2026-04-02,27.99,Completed
6302,341,2026-04-02,269.97,Completed
6303,243,2026-04-02,26017.96,Completed
6304,487,2026-04-02,14014.33,Completed
6305,199,2026-04-02,28094.4,Completed
6306,484,2026-04-02,4099.97,Completed
6307,257,2026-04-02,291.91,Completed
6308,416,2026-04-02,1099.99,Completed
6309,330,2026-04-02,2.97,Completed
6310,459,2026-04-02,69.98,Completed
6311,290,2026-04-02,39021.91,Completed
6312,285,2026-04-02,38.97,Completed
6313,189,2026-04-02,105.93,Completed
6314,324,2026-04-02,36.96,Completed
6315,302,2026-04-02,241.95,Completed
6316,25,2026-04-02,19.97,Completed
6317,93,2026-04-02,149.99,Completed
6318,461,2026-04-02,21.97,Completed
6319,306,2026-04-02,79.98,Completed
6320,456,2026-04-02,4.98,Completed
6321,371,2026-04-02,97.93,Completed
6322,110,2026-04-02,1192.95,Completed
6323,334,2026-04-02,19.47,Completed
6324,73,2026-04-02,214.94,Completed
6325,434,2026-04-02,6.99,Completed
6326,499,2026-04-02,26152.93,Completed
6327,83,2026-04-02,69.99,Completed
6328,39,2026-04-02,3417.41,Completed
6329,319,2026-04-02,59.98,Completed
6330,62,2026-04-02,53.34,Completed
6331,253,2026-04-02,242.96,Completed
6332,177,2026-04-02,37.95,Completed
6333,377,2026-04-02,239.97,Completed
6334,313,2026-04-02,129.99,Completed
6335,461,2026-04-02,14088.94,Completed
6336,245,2026-04-02,149.95,Completed
6337,317,2026-04-02,2199.98,Completed
6338,256,2026-04-02,74.97,Completed
6339,9,2026-04-02,11.98,Completed
6340,484,2026-04-02,47.53,Completed
6341,395,2026-04-02,5399.97,Completed
6342,484,2026-04-02,469.93,Completed
6343,267,2026-04-02,419.94,Completed
6344,304,2026-04-02,7.99,Completed
6345,181,2026-04-02,2059.96,Completed
6346,21,2026-04-02,599.98,Completed
6347,321,2026-04-02,25.98,Completed
6348,427,2026-04-02,104.97,Completed
6349,295,2026-04-02,3824.9,Completed
6350,285,2026-04-02,179.98,Completed
6351,297,2026-04-02,2057.94,Completed
6352,452,2026-04-02,192.91,Completed
6353,179,2026-04-02,11.98,Completed
6354,466,2026-04-02,116.96,Completed
6355,44,2026-04-02,294.91,Completed
6356,324,2026-04-03,348.93,Completed
6357,204,2026-04-03,3.98,Completed
6358,480,2026-04-03,617.96,Completed
6359,76,2026-04-03,4506.95,Completed
6360,408,2026-04-03,999.98,Completed
6361,173,2026-04-03,4253.4,Completed
6362,424,2026-04-03,96.46,Completed
6363,289,2026-04-03,18014.45,Completed
6364,395,2026-04-03,76.94,Completed
6365,291,2026-04-03,5038.9,Completed
6366,403,2026-04-03,166.95,Completed
6367,283,2026-04-03,65.94,Completed
6368,320,2026-04-03,2173.92,Completed
6369,284,2026-04-03,344.95,Completed
6370,498,2026-04-03,29.97,Completed
6371,14,2026-04-03,44.46,Completed
6372,43,2026-04-03,32.97,Completed
6373,285,2026-04-03,14.97,Completed
6374,189,2026-04-03,14144.93,Completed
6375,321,2026-04-03,27.99,Completed
6376,158,2026-04-03,69.98,Completed
6377,407,2026-04-03,2847.93,Completed
6378,211,2026-04-03,814.98,Completed
6379,450,2026-04-03,989.94,Completed
6380,282,2026-04-03,65.94,Completed
6381,70,2026-04-03,3039.96,Completed
6382,244,2026-04-03,14594.94,Completed
6383,200,2026-04-03,13.98,Completed
6384,310,2026-04-03,179.97,Completed
6385,200,2026-04-03,99.98,Completed
6386,90,2026-04-03,3705.44,Completed
6387,377,2026-04-03,2.37,Completed
6388,279,2026-04-03,1532.43,Completed
6389,286,2026-04-03,7587.93,Completed
6390,268,2026-04-03,1543.93,Completed
6391,43,2026-04-03,1099.99,Completed
6392,281,2026-04-03,748.92,Completed
6393,444,2026-04-03,13353.91,Completed
6394,28,2026-04-03,46.43,Completed
6395,294,2026-04-03,181.45,Completed
6396,49,2026-04-03,1.49,Completed
6397,429,2026-04-03,9.99,Completed
6398,488,2026-04-03,263.95,Completed
6399,231,2026-04-03,30308.94,Completed
6400,252,2026-04-03,2462.92,Completed
6401,447,2026-04-03,34.97,Completed
6402,357,2026-04-03,124.96,Completed
6403,184,2026-04-03,225.97,Completed
6404,90,2026-04-03,120.81,Completed
6405,289,2026-04-03,27073.94,Completed
6406,189,2026-04-03,26350.9,Completed
6407,435,2026-04-03,10.97,Completed
6408,85,2026-04-03,4541.91,Completed
6409,410,2026-04-03,40.42,Completed
6410,23,2026-04-03,1599.98,Completed
6411,187,2026-04-03,4029.53,Completed
6412,260,2026-04-03,1448.94,Completed
6413,453,2026-04-03,268.97,Completed
6414,2,2026-04-03,27064.92,Completed
6415,267,2026-04-03,26149.95,Completed
6416,382,2026-04-03,1023.92,Completed
6417,369,2026-04-03,56.44,Completed
6418,104,2026-04-03,11.96,Completed
6419,261,2026-04-03,19.98,Completed
6420,372,2026-04-03,1491.93,Completed
6421,412,2026-04-03,167.96,Completed
6422,193,2026-04-03,392.94,Completed
6423,249,2026-04-03,6.87,Completed
6424,6,2026-04-03,70.96,Completed
6425,215,2026-04-03,200.95,Completed
6426,170,2026-04-03,3464.94,Completed
6427,200,2026-04-04,4176.91,Completed
6428,406,2026-04-04,11203.94,Completed
6429,376,2026-04-04,129.98,Completed
6430,160,2026-04-04,58.93,Completed
6431,3,2026-04-04,8.77,Completed
6432,465,2026-04-04,1004.97,Completed
6433,244,2026-04-04,69.89,Completed
6434,161,2026-04-04,179.94,Completed
6435,206,2026-04-04,110.94,Completed
6436,404,2026-04-04,28479.92,Completed
6437,460,2026-04-04,26.98,Completed
6438,67,2026-04-04,529.93,Completed
6439,277,2026-04-04,5.97,Completed
6440,417,2026-04-04,332.9,Completed
6441,293,2026-04-04,26.97,Completed
6442,6,2026-04-04,5061.53,Completed
6443,32,2026-04-04,397.91,Completed
6444,304,2026-04-04,329.92,Completed
6445,280,2026-04-04,9167.96,Completed
6446,120,2026-04-04,137.91,Completed
6447,62,2026-04-04,99.97,Completed
6448,166,2026-04-04,1334.91,Completed
6449,68,2026-04-04,220.82,Completed
6450,162,2026-04-04,4.99,Completed
6451,66,2026-04-04,962.91,Completed
6452,446,2026-04-04,69.98,Completed
6453,319,2026-04-04,39.98,Completed
6454,224,2026-04-04,3.87,Completed
6455,96,2026-04-04,29.97,Completed
6456,405,2026-04-04,9.96,Completed
6457,64,2026-04-04,192.92,Completed
6458,260,2026-04-04,51.93,Completed
6459,121,2026-04-04,3799.98,Completed
6460,290,2026-04-04,80.25,Completed
6461,238,2026-04-04,599.98,Completed
6462,181,2026-04-04,52.75,Completed
6463,489,2026-04-04,29.98,Completed
6464,359,2026-04-04,582.93,Completed
6465,221,2026-04-04,382.93,Completed
6466,412,2026-04-04,5493.9,Completed
6467,320,2026-04-04,299.98,Completed
6468,413,2026-04-04,129.92,Completed
6469,499,2026-04-04,35.26,Completed
6470,485,2026-04-04,13.46,Completed
6471,288,2026-04-04,2906.44,Completed
6472,390,2026-04-04,144.26,Completed
6473,46,2026-04-04,4510.42,Completed
6474,366,2026-04-04,63.52,Completed
6475,392,2026-04-04,163.94,Completed
6476,122,2026-04-04,57.95,Completed
6477,140,2026-04-04,12.27,Completed
6478,411,2026-04-04,1609.96,Completed
6479,164,2026-04-04,39.99,Completed
6480,93,2026-04-04,274.95,Completed
6481,408,2026-04-04,3037.91,Completed
6482,31,2026-04-04,54.24,Completed
6483,121,2026-04-04,42036.5,Completed
6484,162,2026-04-04,39.98,Completed
6485,62,2026-04-04,74.97,Completed
6486,406,2026-04-04,17.98,Completed
6487,382,2026-04-04,18.98,Completed
6488,349,2026-04-04,59.97,Completed
6489,229,2026-04-04,139.97,Completed
6490,473,2026-04-04,198.93,Completed
6491,274,2026-04-04,43.41,Completed
6492,10,2026-04-05,19.98,Completed
6493,424,2026-04-05,71.94,Completed
6494,391,2026-04-05,34.26,Completed
6495,490,2026-04-05,106.92,Completed
6496,499,2026-04-05,31.95,Completed
6497,146,2026-04-05,2289.97,Completed
6498,204,2026-04-05,82.93,Completed
6499,252,2026-04-05,2999.98,Completed
6500,475,2026-04-05,359.94,Completed
6501,160,2026-04-05,2059.94,Completed
6502,191,2026-04-05,72.93,Completed
6503,93,2026-04-05,5453.92,Completed
6504,90,2026-04-05,41.95,Completed
6505,195,2026-04-05,3299.97,Completed
6506,440,2026-04-05,13.98,Completed
6507,233,2026-04-05,109.97,Completed
6508,181,2026-04-05,1134.23,Completed
6509,112,2026-04-05,105.94,Completed
6510,368,2026-04-05,299.99,Completed
6511,396,2026-04-05,57.27,Completed
6512,466,2026-04-05,1119.95,Completed
6513,365,2026-04-05,39.94,Completed
6514,32,2026-04-05,999.98,Completed
6515,41,2026-04-05,519.92,Completed
6516,497,2026-04-05,47003.93,Completed
6517,424,2026-04-05,1399.99,Completed
6518,358,2026-04-05,364.43,Completed
6519,411,2026-04-05,799.99,Completed
6520,228,2026-04-05,38.97,Completed
6521,186,2026-04-05,754.91,Completed
6522,452,2026-04-05,33015.95,Completed
6523,89,2026-04-05,137.43,Completed
6524,133,2026-04-05,13045.55,Completed
6525,310,2026-04-05,82.95,Completed
6526,181,2026-04-05,11009.96,Completed
6527,90,2026-04-05,51.94,Completed
6528,324,2026-04-05,799.99,Completed
6529,187,2026-04-05,89.97,Completed
6530,209,2026-04-05,145.94,Completed
6531,158,2026-04-05,80.41,Completed
6532,165,2026-04-05,64.97,Completed
6533,44,2026-04-05,6299.96,Completed
6534,165,2026-04-05,2404.96,Completed
6535,275,2026-04-05,218.96,Completed
6536,219,2026-04-05,9644.9,Completed
6537,274,2026-04-05,29.99,Completed
6538,101,2026-04-05,1027.93,Completed
6539,208,2026-04-05,22046.93,Completed
6540,340,2026-04-05,72.81,Completed
6541,146,2026-04-05,385.94,Completed
6542,229,2026-04-05,27.54,Completed
6543,133,2026-04-05,2052.94,Completed
6544,310,2026-04-05,18017.96,Completed
6545,102,2026-04-05,1538.93,Completed
6546,52,2026-04-05,38.97,Completed
6547,332,2026-04-05,1799.95,Completed
6548,475,2026-04-05,7.47,Completed
6549,418,2026-04-06,49.99,Completed
6550,386,2026-04-06,26109.96,Completed
6551,410,2026-04-06,514.94,Completed
6552,199,2026-04-06,125.96,Completed
6553,114,2026-04-06,159.89,Completed
6554,380,2026-04-06,3.99,Completed
6555,335,2026-04-06,61.97,Completed
6556,3,2026-04-06,9.99,Completed
6557,45,2026-04-06,49.98,Completed
6558,433,2026-04-06,2.49,Completed
6559,435,2026-04-06,6059.94,Completed
6560,97,2026-04-06,164.94,Completed
6561,93,2026-04-06,157.45,Completed
6562,249,2026-04-06,5659.92,Completed
6563,329,2026-04-06,518.96,Completed
6564,329,2026-04-06,128.96,Completed
6565,184,2026-04-06,14053.93,Completed
6566,333,2026-04-06,1714.93,Completed
6567,351,2026-04-06,13094.52,Completed
6568,63,2026-04-06,1219.97,Completed
6569,58,2026-04-06,203.95,Completed
6570,419,2026-04-06,15.99,Completed
6571,153,2026-04-06,86.97,Completed
6572,5,2026-04-06,294.93,Completed
6573,362,2026-04-06,35.96,Completed
6574,191,2026-04-06,3825.91,Completed
6575,474,2026-04-06,1743.95,Completed
6576,290,2026-04-06,259.95,Completed
6577,292,2026-04-06,33035.94,Completed
6578,258,2026-04-06,929.93,Completed
6579,451,2026-04-06,278.94,Completed
6580,274,2026-04-06,155.94,Completed
6581,246,2026-04-06,120.96,Completed
6582,305,2026-04-06,25009.82,Completed
6583,410,2026-04-06,33.46,Completed
6584,331,2026-04-06,484.95,Completed
6585,389,2026-04-06,3414.93,Completed
6586,453,2026-04-07,155.97,Completed
6587,368,2026-04-07,82.47,Completed
6588,267,2026-04-07,6.99,Completed
6589,203,2026-04-07,1502.96,Completed
6590,354,2026-04-07,1211.92,Completed
6591,165,2026-04-07,9.84,Completed
6592,363,2026-04-07,2379.91,Completed
6593,151,2026-04-07,3346.23,Completed
6594,462,2026-04-07,143.95,Completed
6595,54,2026-04-07,5679.92,Completed
6596,5,2026-04-07,78.94,Completed
6597,126,2026-04-07,24.95,Completed
6598,44,2026-04-07,143.95,Completed
6599,355,2026-04-07,0.79,Completed
6600,290,2026-04-07,179.98,Completed
6601,331,2026-04-07,33123.93,Completed
6602,497,2026-04-07,4.98,Completed
6603,62,2026-04-07,69.94,Completed
6604,183,2026-04-07,75.94,Completed
6605,34,2026-04-07,5.99,Completed
6606,360,2026-04-07,611.96,Completed
6607,390,2026-04-07,260.88,Completed
6608,411,2026-04-07,69.98,Completed
6609,90,2026-04-07,338.92,Completed
6610,488,2026-04-07,3327.94,Completed
6611,4,2026-04-07,621.92,Completed
6612,182,2026-04-07,17.97,Completed
6613,403,2026-04-07,7.98,Completed
6614,410,2026-04-07,8.28,Completed
6615,381,2026-04-07,6505.95,Completed
6616,69,2026-04-07,105.95,Completed
6617,210,2026-04-07,38023.93,Completed
6618,146,2026-04-08,2067.95,Completed
6619,498,2026-04-08,43.96,Completed
6620,40,2026-04-08,191.9,Completed
6621,407,2026-04-08,89.97,Completed
6622,314,2026-04-08,5544.93,Completed
6623,296,2026-04-08,7803.93,Completed
6624,206,2026-04-08,8.99,Completed
6625,380,2026-04-08,28461.93,Completed
6626,123,2026-04-08,289.97,Completed
6627,120,2026-04-08,23.95,Completed
6628,53,2026-04-08,42.92,Completed
6629,92,2026-04-08,17.98,Completed
6630,28,2026-04-08,5.99,Completed
6631,197,2026-04-08,400.5,Completed
6632,431,2026-04-08,9068.92,Completed
6633,398,2026-04-08,506.91,Completed
6634,270,2026-04-08,9.84,Completed
6635,172,2026-04-08,2799.98,Completed
6636,245,2026-04-08,33173.9,Completed
6637,133,2026-04-08,14.97,Completed
6638,230,2026-04-08,104.97,Completed
6639,390,2026-04-08,1429.96,Completed
6640,11,2026-04-08,3055.42,Completed
6641,415,2026-04-08,2064.91,Completed
6642,369,2026-04-09,208.95,Completed
6643,13,2026-04-09,14009.98,Completed
6644,498,2026-04-09,89.99,Completed
6645,77,2026-04-09,173.92,Completed
6646,307,2026-04-09,89.97,Completed
6647,319,2026-04-09,41.96,Completed
6648,318,2026-04-09,484.93,Completed
6649,263,2026-04-09,4819.91,Completed
6650,174,2026-04-09,1941.91,Completed
6651,188,2026-04-09,127.93,Completed
6652,363,2026-04-09,21.98,Completed
6653,411,2026-04-09,93.93,Completed
6654,279,2026-04-09,18149.94,Completed
6655,102,2026-04-09,17.98,Completed
6656,213,2026-04-09,65.94,Completed
6657,305,2026-04-09,1539.98,Completed
6658,395,2026-04-09,299.98,Completed
6659,175,2026-04-09,45033.9,Completed
6660,385,2026-04-09,439.95,Completed
6661,494,2026-04-09,111.92,Completed
6662,419,2026-04-09,2410.44,Completed
6663,335,2026-04-09,132.93,Completed
6664,54,2026-04-09,89.97,Completed
6665,79,2026-04-09,88.96,Completed
6666,462,2026-04-09,87.97,Completed
6667,172,2026-04-09,1499.99,Completed
6668,361,2026-04-09,1595.95,Completed
6669,461,2026-04-10,3999.98,Completed
6670,258,2026-04-10,49.99,Completed
6671,246,2026-04-10,188.95,Completed
6672,194,2026-04-10,186.95,Completed
6673,340,2026-04-10,142.94,Completed
6674,19,2026-04-10,500.88,Completed
6675,243,2026-04-10,145.95,Completed
6676,404,2026-04-10,99.98,Completed
6677,143,2026-04-10,27038.88,Completed
6678,135,2026-04-10,5.99,Completed
6679,218,2026-04-10,440.92,Completed
6680,27,2026-04-10,189.44,Completed
6681,292,2026-04-10,43.86,Completed
6682,156,2026-04-10,66.33,Completed
6683,153,2026-04-10,89.99,Completed
6684,118,2026-04-10,50.97,Completed
6685,494,2026-04-10,11117.93,Completed
6686,249,2026-04-10,15.98,Completed
6687,82,2026-04-10,139.97,Completed
6688,162,2026-04-10,26010.46,Completed
6689,89,2026-04-10,509.92,Completed
6690,490,2026-04-10,4.98,Completed
6691,213,2026-04-10,275.91,Completed
6692,200,2026-04-10,1.99,Completed
6693,208,2026-04-10,2.49,Completed
6694,296,2026-04-10,200.44,Completed
6695,438,2026-04-10,37.44,Completed
6696,32,2026-04-10,82.97,Completed
6697,267,2026-04-10,275.93,Completed
6698,366,2026-04-10,34.99,Completed
6699,84,2026-04-10,119.97,Completed
6700,468,2026-04-10,5040.96,Completed
6701,186,2026-04-10,54.9,Completed
6702,165,2026-04-10,79.98,Completed
6703,286,2026-04-10,1529.92,Completed
6704,252,2026-04-10,95.94,Completed
6705,85,2026-04-10,134.96,Completed
6706,408,2026-04-10,1795.94,Completed
6707,400,2026-04-10,551.93,Completed
6708,192,2026-04-10,42184.91,Completed
6709,225,2026-04-10,1499.99,Completed
6710,50,2026-04-10,55.95,Completed
6711,136,2026-04-10,382.92,Completed
6712,279,2026-04-10,11129.95,Completed
6713,240,2026-04-10,2.37,Completed
6714,407,2026-04-10,17.98,Completed
6715,159,2026-04-10,42.93,Completed
6716,396,2026-04-10,107.92,Completed
6717,100,2026-04-10,1407.98,Completed
6718,311,2026-04-10,19.99,Completed
6719,283,2026-04-10,14.99,Completed
6720,66,2026-04-10,79.98,Completed
6721,414,2026-04-10,154.95,Completed
6722,392,2026-04-10,6594.91,Completed
6723,280,2026-04-10,1654.93,Completed
6724,257,2026-04-10,174.44,Completed
6725,82,2026-04-10,29.99,Completed
6726,480,2026-04-10,18499.94,Completed
6727,260,2026-04-10,414.89,Completed
6728,126,2026-04-10,2508.96,Completed
6729,393,2026-04-10,5763.92,Completed
6730,65,2026-04-10,49.98,Completed
6731,474,2026-04-11,28022.93,Completed
6732,132,2026-04-11,74.97,Completed
6733,263,2026-04-11,24.99,Completed
6734,385,2026-04-11,79.98,Completed
6735,82,2026-04-11,284.93,Completed
6736,297,2026-04-11,133.91,Completed
6737,376,2026-04-11,239.96,Completed
6738,280,2026-04-11,34.94,Completed
6739,93,2026-04-11,181.96,Completed
6740,458,2026-04-11,39.98,Completed
6741,325,2026-04-11,42046.43,Completed
6742,344,2026-04-11,12.99,Completed
6743,159,2026-04-11,104.94,Completed
6744,124,2026-04-11,4679.95,Completed
6745,163,2026-04-11,76.96,Completed
6746,6,2026-04-11,25.98,Completed
6747,272,2026-04-11,1409.35,Completed
6748,342,2026-04-11,27.95,Completed
6749,499,2026-04-11,62.94,Completed
6750,99,2026-04-11,37359.94,Completed
6751,277,2026-04-11,81.97,Completed
6752,432,2026-04-11,6019.96,Completed
6753,329,2026-04-11,104.97,Completed
6754,37,2026-04-11,387.91,Completed
6755,15,2026-04-12,1599.98,Completed
6756,498,2026-04-12,19.98,Completed
6757,57,2026-04-12,83.97,Completed
6758,16,2026-04-12,42.76,Completed
6759,291,2026-04-12,32.97,Completed
6760,10,2026-04-12,384.94,Completed
6761,262,2026-04-12,443.89,Completed
6762,231,2026-04-12,11.98,Completed
6763,184,2026-04-12,207.94,Completed
6764,118,2026-04-12,2999.97,Completed
6765,53,2026-04-12,89.99,Completed
6766,252,2026-04-12,29604.94,Completed
6767,245,2026-04-12,220.9,Completed
6768,125,2026-04-12,109.95,Completed
6769,93,2026-04-12,2199.98,Completed
6770,399,2026-04-12,266.95,Completed
6771,444,2026-04-12,119.98,Completed
6772,128,2026-04-12,199.93,Completed
6773,421,2026-04-12,204.95,Completed
6774,274,2026-04-12,813.54,Completed
6775,76,2026-04-12,10.47,Completed
6776,367,2026-04-12,28032.43,Completed
6777,177,2026-04-12,49.95,Completed
6778,390,2026-04-12,9.98,Completed
6779,236,2026-04-12,9175.95,Completed
6780,222,2026-04-12,149.94,Completed
6781,80,2026-04-12,329.94,Completed
6782,221,2026-04-12,64.97,Completed
6783,423,2026-04-12,13269.94,Completed
6784,384,2026-04-12,83.97,Completed
6785,21,2026-04-12,4039.96,Completed
6786,286,2026-04-12,299.92,Completed
6787,46,2026-04-12,3521.95,Completed
6788,173,2026-04-12,58.53,Completed
6789,500,2026-04-12,362.24,Completed
6790,423,2026-04-12,197.93,Completed
6791,237,2026-04-12,10223.2,Completed
6792,1,2026-04-12,3483.95,Completed
6793,270,2026-04-12,189.96,Completed
6794,219,2026-04-12,15.98,Completed
6795,305,2026-04-12,19.26,Completed
6796,299,2026-04-12,104.97,Completed
6797,218,2026-04-12,59.97,Completed
6798,339,2026-04-12,55.98,Completed
6799,45,2026-04-12,29.97,Completed
6800,238,2026-04-12,49.52,Completed
6801,278,2026-04-12,31.97,Completed
6802,107,2026-04-12,62.32,Completed
6803,322,2026-04-12,72.94,Completed
6804,392,2026-04-12,12.99,Completed
6805,295,2026-04-12,186.92,Completed
6806,16,2026-04-12,179.98,Completed
6807,159,2026-04-12,5199.95,Completed
6808,458,2026-04-12,28038.93,Completed
6809,23,2026-04-12,22.44,Completed
6810,303,2026-04-12,5599.96,Completed
6811,102,2026-04-12,24.99,Completed
6812,170,2026-04-12,7695.43,Completed
6813,355,2026-04-12,1589.91,Completed
6814,186,2026-04-12,122.93,Completed
6815,410,2026-04-12,3279.93,Completed
6816,414,2026-04-12,1.49,Completed
6817,359,2026-04-12,1162.91,Completed
6818,211,2026-04-12,91.95,Completed
6819,202,2026-04-12,899.97,Completed
6820,423,2026-04-12,19.99,Completed
6821,118,2026-04-13,4269.93,Completed
6822,386,2026-04-13,3.49,Completed
6823,185,2026-04-13,18129.97,Completed
6824,400,2026-04-13,185.95,Completed
6825,496,2026-04-13,37.97,Completed
6826,232,2026-04-13,128.93,Completed
6827,477,2026-04-13,1645.94,Completed
6828,11,2026-04-13,289.44,Completed
6829,224,2026-04-13,5079.97,Completed
6830,364,2026-04-13,342.94,Completed
6831,117,2026-04-13,32.26,Completed
6832,244,2026-04-13,4.99,Completed
6833,476,2026-04-13,159.98,Completed
6834,76,2026-04-13,5407.43,Completed
6835,48,2026-04-13,33.97,Completed
6836,248,2026-04-13,4369.95,Completed
6837,223,2026-04-13,187.44,Completed
6838,500,2026-04-13,180.94,Completed
6839,375,2026-04-13,17.98,Completed
6840,195,2026-04-13,109.96,Completed
6841,457,2026-04-13,170.93,Completed
6842,340,2026-04-13,9.98,Completed
6843,101,2026-04-13,383.94,Completed
6844,123,2026-04-13,514.91,Completed
6845,80,2026-04-13,131.43,Completed
6846,107,2026-04-13,398.93,Completed
6847,2,2026-04-13,2210.83,Completed
6848,111,2026-04-13,41.95,Completed
6849,129,2026-04-13,5978.91,Completed
6850,173,2026-04-13,151.95,Completed
6851,301,2026-04-13,4043.94,Completed
6852,249,2026-04-13,24039.91,Completed
6853,247,2026-04-13,467.91,Completed
6854,35,2026-04-13,89.97,Completed
6855,244,2026-04-13,8913.92,Completed
6856,375,2026-04-13,2013.46,Completed
6857,341,2026-04-13,5905.91,Completed
6858,410,2026-04-13,48.44,Completed
6859,325,2026-04-13,1550.96,Completed
6860,127,2026-04-13,4502.46,Completed
6861,45,2026-04-13,8.96,Completed
6862,342,2026-04-13,89.95,Completed
6863,104,2026-04-13,9389.96,Completed
6864,5,2026-04-13,35.46,Completed
6865,495,2026-04-13,99.98,Completed
6866,274,2026-04-13,3565.94,Completed
6867,64,2026-04-13,3.98,Completed
6868,389,2026-04-13,391.23,Completed
6869,7,2026-04-13,89.97,Completed
6870,181,2026-04-13,5345.91,Completed
6871,128,2026-04-13,106.76,Completed
6872,95,2026-04-13,544.82,Completed
6873,263,2026-04-13,64.95,Completed
6874,291,2026-04-13,199.95,Completed
6875,409,2026-04-13,69.98,Completed
6876,395,2026-04-13,2399.97,Completed
6877,308,2026-04-13,225.24,Completed
6878,57,2026-04-13,494.94,Completed
6879,484,2026-04-13,749.93,Completed
6880,284,2026-04-13,48.95,Completed
6881,376,2026-04-13,17.97,Completed
6882,380,2026-04-13,102.84,Completed
6883,300,2026-04-13,4543.91,Completed
6884,384,2026-04-13,4143.89,Completed
6885,135,2026-04-13,1.99,Completed
6886,261,2026-04-13,26999.97,Completed
6887,195,2026-04-13,151.96,Completed
6888,116,2026-04-13,21.48,Completed
6889,431,2026-04-13,41053.92,Completed
6890,96,2026-04-13,42.46,Completed
6891,355,2026-04-14,973.92,Completed
6892,117,2026-04-14,203.93,Completed
6893,221,2026-04-14,924.96,Completed
6894,211,2026-04-14,3153.95,Completed
6895,332,2026-04-14,178.95,Completed
6896,423,2026-04-14,163.96,Completed
6897,212,2026-04-14,82.96,Completed
6898,93,2026-04-14,43.96,Completed
6899,394,2026-04-14,488.92,Completed
6900,449,2026-04-14,4.99,Completed
6901,346,2026-04-14,101.95,Completed
6902,17,2026-04-14,1799.99,Completed
6903,60,2026-04-14,3904.95,Completed
6904,123,2026-04-14,133.96,Completed
6905,167,2026-04-14,10.99,Completed
6906,451,2026-04-14,31.97,Completed
6907,53,2026-04-14,13058.94,Completed
6908,193,2026-04-14,2810.96,Completed
6909,430,2026-04-14,30.96,Completed
6910,426,2026-04-14,2.58,Completed
6911,459,2026-04-14,226.92,Completed
6912,305,2026-04-14,26.97,Completed
6913,141,2026-04-14,117.92,Completed
6914,70,2026-04-14,68.96,Completed
6915,345,2026-04-14,50.95,Completed
6916,160,2026-04-14,44.95,Completed
6917,119,2026-04-14,144.96,Completed
6918,348,2026-04-14,80.9,Completed
6919,315,2026-04-14,10999.99,Completed
6920,209,2026-04-14,3976.95,Completed
6921,4,2026-04-14,28100.93,Completed
6922,372,2026-04-14,4999.98,Completed
6923,374,2026-04-14,638.88,Completed
6924,62,2026-04-14,59.25,Completed
6925,477,2026-04-14,69.99,Completed
6926,6,2026-04-14,406.93,Completed
6927,36,2026-04-14,197.95,Completed
6928,370,2026-04-14,14.34,Completed
6929,5,2026-04-14,7299.96,Completed
6930,359,2026-04-14,15528.96,Completed
6931,373,2026-04-14,1499.99,Completed
6932,42,2026-04-14,348.94,Completed
6933,183,2026-04-14,262.94,Completed
6934,395,2026-04-14,1619.94,Completed
6935,375,2026-04-14,11.98,Completed
6936,147,2026-04-14,203.95,Completed
6937,403,2026-04-14,296.94,Completed
6938,241,2026-04-14,143.91,Completed
6939,317,2026-04-14,2803.97,Completed
6940,56,2026-04-14,1910.93,Completed
6941,101,2026-04-14,20.97,Completed
6942,434,2026-04-14,3007.45,Completed
6943,390,2026-04-14,2552.93,Completed
6944,255,2026-04-14,34.97,Completed
6945,359,2026-04-14,183.93,Completed
6946,497,2026-04-14,3079.95,Completed
6947,38,2026-04-14,2278.95,Completed
6948,246,2026-04-14,35.97,Completed
6949,2,2026-04-14,31.98,Completed
6950,26,2026-04-15,5778.93,Completed
6951,36,2026-04-15,42.95,Completed
6952,480,2026-04-15,377.92,Completed
6953,156,2026-04-15,199.98,Completed
6954,40,2026-04-15,583.92,Completed
6955,413,2026-04-15,186.91,Completed
6956,325,2026-04-15,32.95,Completed
6957,383,2026-04-15,1533.97,Completed
6958,123,2026-04-15,145.94,Completed
6959,369,2026-04-15,8.97,Completed
6960,206,2026-04-15,382.94,Completed
6961,294,2026-04-15,22038.95,Completed
6962,187,2026-04-15,119.94,Completed
6963,304,2026-04-15,65.94,Completed
6964,324,2026-04-15,2519.92,Completed
6965,84,2026-04-15,31.96,Completed
6966,55,2026-04-15,5.99,Completed
6967,16,2026-04-15,15.99,Completed
6968,286,2026-04-15,335.72,Completed
6969,210,2026-04-15,188.51,Completed
6970,408,2026-04-15,16.99,Completed
6971,91,2026-04-15,37014.96,Completed
6972,381,2026-04-15,27.96,Completed
6973,266,2026-04-15,24.96,Completed
6974,389,2026-04-15,3.99,Completed
6975,317,2026-04-15,7.98,Completed
6976,16,2026-04-15,3411.94,Completed
6977,262,2026-04-15,147.94,Completed
6978,133,2026-04-15,2.98,Completed
6979,335,2026-04-15,406.95,Completed
6980,16,2026-04-15,8.99,Completed
6981,87,2026-04-15,121.94,Completed
6982,448,2026-04-15,18117.93,Completed
6983,130,2026-04-15,999.98,Completed
6984,71,2026-04-15,51.96,Completed
6985,472,2026-04-15,194.94,Completed
6986,189,2026-04-15,200.94,Completed
6987,302,2026-04-15,99.95,Completed
6988,426,2026-04-15,4623.94,Completed
6989,319,2026-04-15,12.97,Completed
6990,199,2026-04-15,63.97,Completed
6991,305,2026-04-15,1535.93,Completed
6992,117,2026-04-15,16.97,Completed
6993,318,2026-04-15,1393.94,Completed
6994,102,2026-04-15,6154.93,Completed
6995,33,2026-04-15,104.92,Completed
6996,58,2026-04-15,1499.99,Completed
6997,403,2026-04-15,4.58,Completed
6998,342,2026-04-15,1532.95,Completed
6999,226,2026-04-15,11013.45,Completed
7000,437,2026-04-15,247.95,Completed
7001,240,2026-04-15,3299.97,Completed
7002,158,2026-04-15,3.98,Completed
7003,464,2026-04-15,83.92,Completed
7004,214,2026-04-15,34.84,Completed
7005,127,2026-04-15,1922.94,Completed
7006,36,2026-04-15,369.95,Completed
7007,68,2026-04-15,1999.99,Completed
7008,444,2026-04-15,5.97,Completed
7009,373,2026-04-15,156.13,Completed
7010,183,2026-04-15,5590.9,Completed
7011,78,2026-04-15,241.9,Completed
7012,229,2026-04-15,269.97,Completed
7013,115,2026-04-15,17.97,Completed
7014,52,2026-04-15,299.98,Completed
7015,495,2026-04-15,63.54,Completed
7016,147,2026-04-15,22.97,Completed
7017,53,2026-04-15,2208.97,Completed
7018,61,2026-04-15,29.98,Completed
7019,197,2026-04-15,225.97,Completed
7020,420,2026-04-16,1372.45,Completed
7021,206,2026-04-16,4629.96,Completed
7022,359,2026-04-16,281.91,Completed
7023,120,2026-04-16,578.9,Completed
7024,64,2026-04-16,215.95,Completed
7025,440,2026-04-16,263.91,Completed
7026,122,2026-04-16,28149.95,Completed
7027,320,2026-04-16,15.45,Completed
7028,319,2026-04-16,4459.95,Completed
7029,70,2026-04-16,22047.95,Completed
7030,373,2026-04-16,166.41,Completed
7031,181,2026-04-16,49.41,Completed
7032,60,2026-04-16,79.44,Completed
7033,228,2026-04-16,13.95,Completed
7034,198,2026-04-16,346.42,Completed
7035,235,2026-04-16,343.93,Completed
7036,478,2026-04-16,39015.95,Completed
7037,155,2026-04-16,13060.94,Completed
7038,467,2026-04-16,7.47,Completed
7039,259,2026-04-16,2799.98,Completed
7040,426,2026-04-16,299.98,Completed
7041,479,2026-04-16,3030.75,Completed
7042,386,2026-04-16,26108.95,Completed
7043,30,2026-04-16,1429.97,Completed
7044,315,2026-04-16,25999.98,Completed
7045,212,2026-04-16,29.98,Completed
7046,280,2026-04-16,438.93,Completed
7047,267,2026-04-16,53.77,Completed
7048,334,2026-04-16,52.92,Completed
7049,83,2026-04-16,24.99,Completed
7050,279,2026-04-16,4511.94,Completed
7051,37,2026-04-16,639.31,Completed
7052,150,2026-04-16,227.94,Completed
7053,419,2026-04-16,38.97,Completed
7054,116,2026-04-16,4619.96,Completed
7055,210,2026-04-16,16.96,Completed
7056,284,2026-04-16,6244.9,Completed
7057,163,2026-04-16,14139.97,Completed
7058,149,2026-04-16,52.95,Completed
7059,157,2026-04-16,2802.95,Completed
7060,403,2026-04-16,199.96,Completed
7061,415,2026-04-16,3683.92,Completed
7062,75,2026-04-16,119.97,Completed
7063,478,2026-04-16,11.98,Completed
7064,459,2026-04-16,2.37,Completed
7065,436,2026-04-16,27.99,Completed
7066,201,2026-04-16,47.54,Completed
7067,422,2026-04-16,5849.94,Completed
7068,405,2026-04-16,104.94,Completed
7069,288,2026-04-16,13214.94,Completed
7070,485,2026-04-16,59.97,Completed
7071,8,2026-04-16,29.98,Completed
7072,45,2026-04-16,23.56,Completed
7073,186,2026-04-16,21.98,Completed
7074,205,2026-04-16,275.95,Completed
7075,492,2026-04-16,2.29,Completed
7076,117,2026-04-17,2.29,Completed
7077,488,2026-04-17,26204.93,Completed
7078,324,2026-04-17,179.95,Completed
7079,332,2026-04-17,11.85,Completed
7080,189,2026-04-17,1686.92,Completed
7081,467,2026-04-17,1519.97,Completed
7082,300,2026-04-17,152.97,Completed
7083,405,2026-04-17,1086.91,Completed
7084,61,2026-04-17,22075.95,Completed
7085,330,2026-04-17,3.98,Completed
7086,446,2026-04-17,22017.96,Completed
7087,422,2026-04-17,815.96,Completed
7088,434,2026-04-17,10.96,Completed
7089,312,2026-04-17,39004.96,Completed
7090,292,2026-04-17,28.96,Completed
7091,98,2026-04-17,3429.94,Completed
7092,171,2026-04-17,907.95,Completed
7093,167,2026-04-17,57.93,Completed
7094,105,2026-04-17,22272.95,Completed
7095,257,2026-04-17,138.53,Completed
7096,327,2026-04-17,107.97,Completed
7097,85,2026-04-17,4650.92,Completed
7098,193,2026-04-17,28639.9,Completed
7099,459,2026-04-17,291.93,Completed
7100,66,2026-04-17,3724.94,Completed
7101,187,2026-04-17,30.97,Completed
7102,68,2026-04-17,61.95,Completed
7103,372,2026-04-17,5399.97,Completed
7104,203,2026-04-17,5201.94,Completed
7105,148,2026-04-17,4222.41,Completed
7106,309,2026-04-17,3649.96,Completed
7107,256,2026-04-17,127.91,Completed
7108,13,2026-04-17,1144.42,Completed
7109,30,2026-04-17,19.99,Completed
7110,360,2026-04-17,49.99,Completed
7111,363,2026-04-17,40.46,Completed
7112,212,2026-04-17,4721.44,Completed
7113,216,2026-04-17,472.9,Completed
7114,396,2026-04-17,167.95,Completed
7115,125,2026-04-17,144.9,Completed
7116,119,2026-04-17,4639.9,Completed
7117,418,2026-04-17,80.93,Completed
7118,231,2026-04-17,299.99,Completed
7119,112,2026-04-17,28084.91,Completed
7120,386,2026-04-17,45.96,Completed
7121,204,2026-04-17,46.46,Completed
7122,20,2026-04-17,197.93,Completed
7123,456,2026-04-17,4061.93,Completed
7124,124,2026-04-17,42063.93,Completed
7125,35,2026-04-17,20.35,Completed
7126,179,2026-04-17,4.28,Completed
7127,31,2026-04-17,2450.92,Completed
7128,34,2026-04-17,287.92,Completed
7129,253,2026-04-17,181.94,Completed
7130,191,2026-04-17,2413.91,Completed
7131,326,2026-04-17,42054.93,Completed
7132,323,2026-04-17,112.96,Completed
7133,181,2026-04-17,6462.93,Completed
7134,9,2026-04-17,14.96,Completed
7135,270,2026-04-17,85.52,Completed
7136,319,2026-04-17,259.95,Completed
7137,148,2026-04-17,37.96,Completed
7138,325,2026-04-17,23117.94,Completed
7139,404,2026-04-17,67.92,Completed
7140,194,2026-04-17,48.96,Completed
7141,452,2026-04-17,58.41,Completed
7142,494,2026-04-17,49.99,Completed
7143,345,2026-04-17,103.97,Completed
7144,246,2026-04-18,110.94,Completed
7145,374,2026-04-18,101.96,Completed
7146,94,2026-04-18,7.99,Completed
7147,373,2026-04-18,1019.95,Completed
7148,350,2026-04-18,9469.95,Completed
7149,160,2026-04-18,7509.96,Completed
7150,321,2026-04-18,129.96,Completed
7151,418,2026-04-18,27007.95,Completed
7152,329,2026-04-18,16.95,Completed
7153,59,2026-04-18,1599.98,Completed
7154,114,2026-04-18,19.96,Completed
7155,338,2026-04-18,3153.93,Completed
7156,65,2026-04-18,103.91,Completed
7157,430,2026-04-18,89.93,Completed
7158,268,2026-04-18,55.97,Completed
7159,211,2026-04-18,6.99,Completed
7160,238,2026-04-18,18074.95,Completed
7161,447,2026-04-18,94.55,Completed
7162,292,2026-04-18,1514.97,Completed
7163,153,2026-04-18,373.95,Completed
7164,192,2026-04-18,13124.92,Completed
7165,215,2026-04-18,1646.94,Completed
7166,469,2026-04-18,4034.33,Completed
7167,100,2026-04-18,24.94,Completed
7168,37,2026-04-18,19.99,Completed
7169,280,2026-04-18,13.98,Completed
7170,223,2026-04-18,31.98,Completed
7171,403,2026-04-18,16.98,Completed
7172,307,2026-04-18,11014.26,Completed
7173,38,2026-04-18,11259.97,Completed
7174,178,2026-04-18,186.94,Completed
7175,217,2026-04-18,126.84,Completed
7176,462,2026-04-18,3.99,Completed
7177,348,2026-04-18,2944.91,Completed
7178,63,2026-04-18,239.97,Completed
7179,256,2026-04-18,5045.33,Completed
7180,472,2026-04-18,25.47,Completed
7181,488,2026-04-18,46.95,Completed
7182,436,2026-04-18,22044.92,Completed
7183,443,2026-04-18,111.91,Completed
7184,66,2026-04-18,3649.97,Completed
7185,333,2026-04-18,4109.91,Completed
7186,496,2026-04-18,113.93,Completed
7187,430,2026-04-18,192.97,Completed
7188,62,2026-04-18,22249.94,Completed
7189,131,2026-04-18,21.27,Completed
7190,299,2026-04-18,3.98,Completed
7191,272,2026-04-18,249.95,Completed
7192,381,2026-04-18,23.98,Completed
7193,249,2026-04-18,389.96,Completed
7194,30,2026-04-18,144.96,Completed
7195,197,2026-04-18,2339.92,Completed
7196,240,2026-04-18,2999.98,Completed
7197,495,2026-04-18,14.97,Completed
7198,440,2026-04-18,42.84,Completed
7199,464,2026-04-18,11.97,Completed
7200,245,2026-04-18,22206.93,Completed
7201,105,2026-04-18,247.45,Completed
7202,93,2026-04-18,180.77,Completed
7203,287,2026-04-18,7524.96,Completed
7204,203,2026-04-18,9079.97,Completed
7205,286,2026-04-18,6.87,Completed
7206,432,2026-04-18,199.98,Completed
7207,63,2026-04-19,93.94,Completed
7208,315,2026-04-19,239.98,Completed
7209,72,2026-04-19,228.92,Completed
7210,138,2026-04-19,13.98,Completed
7211,97,2026-04-19,4527.42,Completed
7212,220,2026-04-19,370.94,Completed
7213,376,2026-04-19,41999.97,Completed
7214,298,2026-04-19,1930.95,Completed
7215,103,2026-04-19,89.97,Completed
7216,278,2026-04-19,39166.53,Completed
7217,45,2026-04-19,4500.76,Completed
7218,312,2026-04-19,3271.91,Completed
7219,19,2026-04-19,47.96,Completed
7220,225,2026-04-19,396.23,Completed
7221,385,2026-04-19,29.96,Completed
7222,60,2026-04-19,83.97,Completed
7223,237,2026-04-19,22.86,Completed
7224,465,2026-04-19,27234.9,Completed
7225,137,2026-04-19,2056.93,Completed
7226,310,2026-04-19,292.93,Completed
7227,249,2026-04-19,329.96,Completed
7228,202,2026-04-19,4572.9,Completed
7229,80,2026-04-19,107.94,Completed
7230,220,2026-04-19,1986.97,Completed
7231,225,2026-04-19,948.91,Completed
7232,258,2026-04-19,409.94,Completed
7233,337,2026-04-19,29.98,Completed
7234,384,2026-04-19,2472.95,Completed
7235,338,2026-04-19,4534.41,Completed
7236,370,2026-04-19,14.45,Completed
7237,39,2026-04-19,8535.91,Completed
7238,133,2026-04-19,598.92,Completed
7239,193,2026-04-19,7.98,Completed
7240,407,2026-04-19,314.96,Completed
7241,456,2026-04-19,285.92,Completed
7242,120,2026-04-19,1.99,Completed
7243,162,2026-04-19,23.97,Completed
7244,377,2026-04-19,14.99,Completed
7245,493,2026-04-19,44.94,Completed
7246,418,2026-04-19,179.91,Completed
7247,195,2026-04-19,9.98,Completed
7248,371,2026-04-19,33069.94,Completed
7249,214,2026-04-19,51.96,Completed
7250,462,2026-04-19,124.98,Completed
7251,401,2026-04-19,7499.95,Completed
7252,280,2026-04-19,1529.98,Completed
7253,354,2026-04-19,300.93,Completed
7254,380,2026-04-19,312.92,Completed
7255,446,2026-04-19,11830.94,Completed
7256,203,2026-04-19,313.44,Completed
7257,203,2026-04-19,451.9,Completed
7258,389,2026-04-19,2049.96,Completed
7259,126,2026-04-19,531.97,Completed
7260,242,2026-04-20,53.42,Completed
7261,69,2026-04-20,269.96,Completed
7262,232,2026-04-20,88.92,Completed
7263,55,2026-04-20,360.9,Completed
7264,410,2026-04-20,59.97,Completed
7265,228,2026-04-20,2034.96,Completed
7266,140,2026-04-20,28.93,Completed
7267,152,2026-04-20,6.98,Completed
7268,58,2026-04-20,118.95,Completed
7269,238,2026-04-20,259.96,Completed
7270,190,2026-04-20,79.97,Completed
7271,322,2026-04-20,32.97,Completed
7272,135,2026-04-20,608.89,Completed
7273,264,2026-04-20,303.92,Completed
7274,127,2026-04-20,17.97,Completed
7275,380,2026-04-20,202.42,Completed
7276,14,2026-04-20,339.93,Completed
7277,448,2026-04-20,28579.9,Completed
7278,402,2026-04-20,22312.94,Completed
7279,64,2026-04-20,0.99,Completed
7280,285,2026-04-20,1582.46,Completed
7281,493,2026-04-20,104.97,Completed
7282,279,2026-04-20,269.97,Completed
7283,332,2026-04-20,144.94,Completed
7284,2,2026-04-20,22194.93,Completed
7285,306,2026-04-20,38999.97,Completed
7286,313,2026-04-20,152.94,Completed
7287,498,2026-04-20,31.96,Completed
7288,239,2026-04-20,65.95,Completed
7289,381,2026-04-20,19.99,Completed
7290,79,2026-04-20,14.99,Completed
7291,372,2026-04-20,204.96,Completed
7292,385,2026-04-20,9.98,Completed
7293,350,2026-04-20,99.99,Completed
7294,418,2026-04-20,39099.95,Completed
7295,330,2026-04-20,14.96,Completed
7296,289,2026-04-20,155.97,Completed
7297,356,2026-04-20,433.93,Completed
7298,343,2026-04-20,28072.9,Completed
7299,383,2026-04-20,43724.92,Completed
7300,111,2026-04-20,189.95,Completed
7301,492,2026-04-20,1517.95,Completed
7302,111,2026-04-20,29.97,Completed
7303,182,2026-04-20,4727.91,Completed
7304,438,2026-04-20,199.96,Completed
7305,315,2026-04-20,71.95,Completed
7306,186,2026-04-20,104.96,Completed
7307,255,2026-04-20,90.96,Completed
7308,471,2026-04-20,13.98,Completed
7309,7,2026-04-20,99.97,Completed
7310,393,2026-04-20,42058.93,Completed
7311,94,2026-04-20,3008.97,Completed
7312,104,2026-04-20,359.92,Completed
7313,425,2026-04-20,34.99,Completed
7314,475,2026-04-21,42023.93,Completed
7315,382,2026-04-21,224.97,Completed
7316,408,2026-04-21,390.92,Completed
7317,173,2026-04-21,617.92,Completed
7318,465,2026-04-21,14.99,Completed
7319,181,2026-04-21,16.99,Completed
7320,435,2026-04-21,254.95,Completed
7321,390,2026-04-21,169.94,Completed
7322,10,2026-04-21,15.98,Completed
7323,244,2026-04-21,39056.93,Completed
7324,226,2026-04-21,5229.93,Completed
7325,4,2026-04-21,312.7,Completed
7326,192,2026-04-21,2.49,Completed
7327,174,2026-04-21,22.98,Completed
7328,75,2026-04-21,5650.91,Completed
7329,17,2026-04-21,129.99,Completed
7330,18,2026-04-21,3184.94,Completed
7331,275,2026-04-21,28017.96,Completed
7332,173,2026-04-21,1399.99,Completed
7333,73,2026-04-21,13233.92,Completed
7334,14,2026-04-21,299.99,Completed
7335,366,2026-04-21,78.93,Completed
7336,420,2026-04-21,32.97,Completed
7337,447,2026-04-21,4517.22,Completed
7338,339,2026-04-21,27001.96,Completed
7339,491,2026-04-21,104.97,Completed
7340,15,2026-04-21,3.49,Completed
7341,42,2026-04-21,149.97,Completed
7342,500,2026-04-21,4190.9,Completed
7343,177,2026-04-21,905.46,Completed
7344,230,2026-04-21,5269.95,Completed
7345,253,2026-04-21,348.96,Completed
7346,45,2026-04-21,7783.92,Completed
7347,25,2026-04-21,297.81,Completed
7348,131,2026-04-21,2643.92,Completed
7349,468,2026-04-21,81.95,Completed
7350,38,2026-04-21,49.95,Completed
7351,226,2026-04-21,26005.95,Completed
7352,376,2026-04-21,299.97,Completed
7353,324,2026-04-21,1039.96,Completed
7354,246,2026-04-21,205.95,Completed
7355,439,2026-04-21,23.98,Completed
7356,214,2026-04-21,3624.93,Completed
7357,389,2026-04-21,519.91,Completed
7358,273,2026-04-21,239.97,Completed
7359,45,2026-04-21,59.92,Completed
7360,295,2026-04-21,2007.91,Completed
7361,46,2026-04-21,345.92,Completed
7362,387,2026-04-21,461.88,Completed
7363,65,2026-04-21,3.99,Completed
7364,241,2026-04-21,24.97,Completed
7365,109,2026-04-21,368.96,Completed
7366,4,2026-04-21,86.95,Completed
7367,251,2026-04-21,3169.94,Completed
7368,392,2026-04-21,4.58,Completed
7369,141,2026-04-21,848.89,Completed
7370,431,2026-04-21,1926.94,Completed
7371,402,2026-04-21,35.98,Completed
7372,492,2026-04-21,74.93,Completed
7373,373,2026-04-21,96.93,Completed
7374,288,2026-04-21,5.99,Completed
7375,397,2026-04-21,229.97,Completed
7376,58,2026-04-21,30291.24,Completed
7377,49,2026-04-21,150.46,Completed
7378,34,2026-04-21,129.95,Completed
7379,497,2026-04-21,36.33,Completed
7380,135,2026-04-21,79.98,Completed
7381,410,2026-04-21,156.97,Completed
7382,226,2026-04-21,265.92,Completed
7383,236,2026-04-22,1785.93,Completed
7384,306,2026-04-22,3.98,Completed
7385,301,2026-04-22,15951.94,Completed
7386,171,2026-04-22,5659.93,Completed
7387,304,2026-04-22,279.95,Completed
7388,385,2026-04-22,161.47,Completed
7389,405,2026-04-22,1.99,Completed
7390,168,2026-04-22,1957.93,Completed
7391,349,2026-04-22,32.97,Completed
7392,280,2026-04-22,46.75,Completed
7393,497,2026-04-22,8.07,Completed
7394,147,2026-04-22,4105.93,Completed
7395,99,2026-04-22,93.96,Completed
7396,470,2026-04-22,630.93,Completed
7397,101,2026-04-22,65.96,Completed
7398,421,2026-04-22,4551.93,Completed
7399,179,2026-04-22,6062.92,Completed
7400,176,2026-04-22,254.91,Completed
7401,105,2026-04-22,3.99,Completed
7402,20,2026-04-22,2961.9,Completed
7403,35,2026-04-22,6531.93,Completed
7404,325,2026-04-22,239.45,Completed
7405,481,2026-04-22,16.99,Completed
7406,234,2026-04-22,109.99,Completed
7407,137,2026-04-22,87.92,Completed
7408,19,2026-04-22,554.44,Completed
7409,7,2026-04-22,7339.94,Completed
7410,478,2026-04-22,413.24,Completed
7411,484,2026-04-22,332.34,Completed
7412,116,2026-04-22,158.23,Completed
7413,399,2026-04-22,13.46,Completed
7414,455,2026-04-22,42068.9,Completed
7415,175,2026-04-22,2831.93,Completed
7416,167,2026-04-22,69.92,Completed
7417,269,2026-04-22,33039.95,Completed
7418,167,2026-04-22,9.98,Completed
7419,116,2026-04-22,237.9,Completed
7420,172,2026-04-22,1499.99,Completed
7421,227,2026-04-22,91.95,Completed
7422,305,2026-04-22,666.95,Completed
7423,280,2026-04-22,13999.99,Completed
7424,143,2026-04-22,862.94,Completed
7425,206,2026-04-22,241.92,Completed
7426,396,2026-04-22,25.95,Completed
7427,156,2026-04-22,1854.95,Completed
7428,272,2026-04-22,11016.55,Completed
7429,123,2026-04-22,32.47,Completed
7430,151,2026-04-22,26149.95,Completed
7431,56,2026-04-22,2485.74,Completed
7432,294,2026-04-22,20.97,Completed
7433,444,2026-04-22,17.97,Completed
7434,169,2026-04-22,33045.93,Completed
7435,225,2026-04-22,18089.96,Completed
7436,275,2026-04-22,73.84,Completed
7437,33,2026-04-22,3689.94,Completed
7438,243,2026-04-22,33.96,Completed
7439,11,2026-04-22,23.97,Completed
7440,463,2026-04-22,95.4,Completed
7441,173,2026-04-22,239.97,Completed
7442,281,2026-04-22,91.9,Completed
7443,102,2026-04-22,35.97,Completed
7444,223,2026-04-22,219.95,Completed
7445,50,2026-04-22,5447.93,Completed
7446,165,2026-04-22,239.92,Completed
7447,475,2026-04-23,204.92,Completed
7448,377,2026-04-23,60.97,Completed
7449,152,2026-04-23,76.3,Completed
7450,450,2026-04-23,70.95,Completed
7451,97,2026-04-23,42254.93,Completed
7452,287,2026-04-23,4.58,Completed
7453,481,2026-04-23,39.99,Completed
7454,461,2026-04-23,17.98,Completed
7455,179,2026-04-23,78.94,Completed
7456,443,2026-04-23,2630.21,Completed
7457,170,2026-04-23,33105.94,Completed
7458,485,2026-04-23,2399.97,Completed
7459,75,2026-04-23,84.98,Completed
7460,269,2026-04-23,4.99,Completed
7461,157,2026-04-23,31.82,Completed
7462,295,2026-04-23,16.47,Completed
7463,134,2026-04-23,193.42,Completed
7464,241,2026-04-23,29.96,Completed
7465,177,2026-04-23,109.97,Completed
7466,184,2026-04-23,116.92,Completed
7467,11,2026-04-23,158.94,Completed
7468,377,2026-04-23,10.99,Completed
7469,95,2026-04-23,39025.95,Completed
7470,314,2026-04-23,1886.9,Completed
7471,315,2026-04-23,48.94,Completed
7472,87,2026-04-23,134.92,Completed
7473,1,2026-04-23,22057.9,Completed
7474,52,2026-04-23,123.96,Completed
7475,438,2026-04-23,51.93,Completed
7476,64,2026-04-23,9.98,Completed
7477,167,2026-04-23,6.87,Completed
7478,76,2026-04-23,22049.96,Completed
7479,326,2026-04-23,68.93,Completed
7480,317,2026-04-23,702.9,Completed
7481,486,2026-04-23,33163.81,Completed
7482,75,2026-04-23,262.93,Completed
7483,106,2026-04-24,5402.46,Completed
7484,25,2026-04-24,149.96,Completed
7485,67,2026-04-24,33638.92,Completed
7486,307,2026-04-24,1178.93,Completed
7487,378,2026-04-24,1033.96,Completed
7488,394,2026-04-24,74.93,Completed
7489,141,2026-04-24,810.97,Completed
7490,258,2026-04-24,11.98,Completed
7491,452,2026-04-24,1455.95,Completed
7492,484,2026-04-24,227.94,Completed
7493,161,2026-04-24,4199.97,Completed
7494,395,2026-04-24,324.91,Completed
7495,132,2026-04-24,36.41,Completed
7496,200,2026-04-24,2273.9,Completed
7497,353,2026-04-24,33077.89,Completed
7498,38,2026-04-24,67.54,Completed
7499,446,2026-04-24,143.96,Completed
7500,136,2026-04-24,229.92,Completed
7501,319,2026-04-24,154.44,Completed
7502,135,2026-04-24,29.97,Completed
7503,334,2026-04-24,99.97,Completed
7504,379,2026-04-24,7531.92,Completed
7505,100,2026-04-24,13.57,Completed
7506,488,2026-04-24,12.99,Completed
7507,197,2026-04-24,22050.93,Completed
7508,262,2026-04-24,20.97,Completed
7509,359,2026-04-24,459.91,Completed
7510,203,2026-04-24,11.98,Completed
7511,15,2026-04-24,7570.92,Completed
7512,138,2026-04-25,27026.94,Completed
7513,106,2026-04-25,207.92,Completed
7514,456,2026-04-25,99.98,Completed
7515,294,2026-04-25,419.9,Completed
7516,260,2026-04-25,689.94,Completed
7517,262,2026-04-25,1206.93,Completed
7518,422,2026-04-25,80.91,Completed
7519,214,2026-04-25,274.96,Completed
7520,269,2026-04-25,139.96,Completed
7521,399,2026-04-25,5.99,Completed
7522,66,2026-04-25,44249.94,Completed
7523,266,2026-04-25,104.96,Completed
7524,25,2026-04-25,5403.46,Completed
7525,270,2026-04-25,29.98,Completed
7526,412,2026-04-25,1657.96,Completed
7527,100,2026-04-25,41.4,Completed
7528,20,2026-04-25,3607.96,Completed
7529,382,2026-04-25,89.96,Completed
7530,451,2026-04-25,4019.97,Completed
7531,488,2026-04-25,41499.96,Completed
7532,316,2026-04-25,49.99,Completed
7533,430,2026-04-25,114.95,Completed
7534,11,2026-04-25,389.97,Completed
7535,44,2026-04-25,80.98,Completed
7536,107,2026-04-25,33003.84,Completed
7537,159,2026-04-25,50.95,Completed
7538,273,2026-04-25,2825.94,Completed
7539,392,2026-04-25,69.99,Completed
7540,395,2026-04-25,18.96,Completed
7541,456,2026-04-25,2899.51,Completed
7542,398,2026-04-25,39029.91,Completed
7543,431,2026-04-25,2.99,Completed
7544,397,2026-04-25,280.41,Completed
7545,250,2026-04-25,3635.41,Completed
7546,119,2026-04-25,181.43,Completed
7547,318,2026-04-25,42086.91,Completed
7548,51,2026-04-25,114.97,Completed
7549,282,2026-04-25,1505.98,Completed
7550,173,2026-04-25,79.97,Completed
7551,87,2026-04-25,29.98,Completed
7552,311,2026-04-25,33239.95,Completed
7553,489,2026-04-25,91.28,Completed
7554,88,2026-04-25,25.98,Completed
7555,24,2026-04-25,14015.44,Completed
7556,82,2026-04-25,17999.98,Completed
7557,268,2026-04-25,145.93,Completed
7558,28,2026-04-25,25.98,Completed
7559,216,2026-04-25,12055.9,Completed
7560,33,2026-04-25,13124.94,Completed
7561,281,2026-04-25,120.76,Completed
7562,480,2026-04-25,514.96,Completed
7563,75,2026-04-25,16.47,Completed
7564,401,2026-04-25,489.95,Completed
7565,458,2026-04-25,193.93,Completed
7566,467,2026-04-25,1014.97,Completed
7567,361,2026-04-25,6.98,Completed
7568,287,2026-04-25,356.95,Completed
7569,159,2026-04-25,473.92,Completed
7570,476,2026-04-25,115.95,Completed
7571,189,2026-04-25,291.93,Completed
7572,272,2026-04-25,191.93,Completed
7573,421,2026-04-25,46.96,Completed
7574,67,2026-04-25,5531.91,Completed
7575,254,2026-04-25,6.98,Completed
7576,254,2026-04-25,4149.95,Completed
7577,164,2026-04-25,17.97,Completed
7578,228,2026-04-25,6.87,Completed
7579,82,2026-04-25,2424.72,Completed
7580,490,2026-04-25,59.94,Completed
7581,35,2026-04-26,335.92,Completed
7582,367,2026-04-26,59.98,Completed
7583,40,2026-04-26,2999.98,Completed
7584,426,2026-04-26,11035.96,Completed
7585,51,2026-04-26,63.45,Completed
7586,194,2026-04-26,17.98,Completed
7587,195,2026-04-26,25.98,Completed
7588,242,2026-04-26,140.96,Completed
7589,317,2026-04-26,18.96,Completed
7590,248,2026-04-26,63.93,Completed
7591,275,2026-04-26,3102.91,Completed
7592,170,2026-04-26,92.91,Completed
7593,246,2026-04-26,36.95,Completed
7594,50,2026-04-26,250.42,Completed
7595,210,2026-04-26,59.94,Completed
7596,378,2026-04-26,426.95,Completed
7597,229,2026-04-26,168.97,Completed
7598,436,2026-04-26,229.55,Completed
7599,110,2026-04-26,1229.98,Completed
7600,489,2026-04-26,1638.81,Completed
7601,318,2026-04-26,219.96,Completed
7602,13,2026-04-26,37.97,Completed
7603,93,2026-04-26,314.94,Completed
7604,392,2026-04-26,69.99,Completed
7605,350,2026-04-26,28.97,Completed
7606,461,2026-04-26,531.92,Completed
7607,111,2026-04-26,253.92,Completed
7608,447,2026-04-26,9047.93,Completed
7609,52,2026-04-26,8.97,Completed
7610,180,2026-04-26,14.97,Completed
7611,222,2026-04-26,57.94,Completed
7612,458,2026-04-26,17865.95,Completed
7613,163,2026-04-26,9030.94,Completed
7614,96,2026-04-26,38999.97,Completed
7615,39,2026-04-26,47.97,Completed
7616,29,2026-04-26,159.98,Completed
7617,344,2026-04-26,2205.94,Completed
7618,238,2026-04-26,34899.96,Completed
7619,243,2026-04-26,22025.96,Completed
7620,357,2026-04-26,154.95,Completed
7621,258,2026-04-26,28.95,Completed
7622,309,2026-04-26,14409.55,Completed
7623,391,2026-04-26,329.94,Completed
7624,312,2026-04-26,21.98,Completed
7625,498,2026-04-26,3066.92,Completed
7626,134,2026-04-26,14.46,Completed
7627,324,2026-04-26,55.96,Completed
7628,163,2026-04-26,239.97,Completed
7629,353,2026-04-26,119.98,Completed
7630,334,2026-04-26,3.99,Completed
7631,157,2026-04-26,11.97,Completed
7632,98,2026-04-26,449.97,Completed
7633,333,2026-04-26,39089.92,Completed
7634,49,2026-04-26,108.46,Completed
7635,281,2026-04-26,122.94,Completed
7636,95,2026-04-26,15.96,Completed
7637,440,2026-04-26,26103.93,Completed
7638,127,2026-04-26,192.91,Completed
7639,11,2026-04-26,18022.95,Completed
7640,163,2026-04-26,76.42,Completed
7641,263,2026-04-26,15599.94,Completed
7642,258,2026-04-26,83.97,Completed
7643,87,2026-04-26,49.99,Completed
7644,212,2026-04-26,278.96,Completed
7645,377,2026-04-26,799.99,Completed
7646,157,2026-04-26,218.92,Completed
7647,202,2026-04-26,264.9,Completed
7648,438,2026-04-26,42078.41,Completed
7649,45,2026-04-26,1616.97,Completed
7650,272,2026-04-26,642.91,Completed
7651,97,2026-04-26,119.97,Completed
7652,54,2026-04-26,1577.52,Completed
7653,169,2026-04-26,98.93,Completed
7654,394,2026-04-26,1559.96,Completed
7655,253,2026-04-27,87.94,Completed
7656,14,2026-04-27,32999.97,Completed
7657,291,2026-04-27,13084.96,Completed
7658,182,2026-04-27,35.97,Completed
7659,60,2026-04-27,136.82,Completed
7660,179,2026-04-27,159.97,Completed
7661,230,2026-04-27,52.95,Completed
7662,45,2026-04-27,11.96,Completed
7663,178,2026-04-27,3323.94,Completed
7664,492,2026-04-27,269.97,Completed
7665,271,2026-04-27,599.98,Completed
7666,198,2026-04-27,228.97,Completed
7667,108,2026-04-27,22138.94,Completed
7668,180,2026-04-27,2535.92,Completed
7669,28,2026-04-27,40.44,Completed
7670,306,2026-04-27,326.95,Completed
7671,48,2026-04-27,45.45,Completed
7672,22,2026-04-27,272.46,Completed
7673,59,2026-04-27,3622.93,Completed
7674,403,2026-04-27,1499.97,Completed
7675,57,2026-04-27,3815.93,Completed
7676,151,2026-04-27,2113.91,Completed
7677,332,2026-04-27,1639.97,Completed
7678,411,2026-04-27,259.98,Completed
7679,247,2026-04-27,537.41,Completed
7680,241,2026-04-27,115.95,Completed
7681,136,2026-04-27,274.96,Completed
7682,133,2026-04-27,26007.45,Completed
7683,304,2026-04-27,4014.95,Completed
7684,316,2026-04-27,3669.9,Completed
7685,262,2026-04-27,339.94,Completed
7686,70,2026-04-27,18053.44,Completed
7687,112,2026-04-27,26999.97,Completed
7688,92,2026-04-27,14239.96,Completed
7689,260,2026-04-27,18353.92,Completed
7690,150,2026-04-27,63.85,Completed
7691,351,2026-04-27,484.95,Completed
7692,149,2026-04-27,3083.45,Completed
7693,260,2026-04-27,15929.96,Completed
7694,384,2026-04-27,5.99,Completed
7695,145,2026-04-27,29.99,Completed
7696,337,2026-04-27,4639.94,Completed
7697,388,2026-04-27,42345.91,Completed
7698,273,2026-04-27,215.94,Completed
7699,240,2026-04-27,27.46,Completed
7700,325,2026-04-27,4864.89,Completed
7701,253,2026-04-27,79.98,Completed
7702,11,2026-04-27,42017.95,Completed
7703,319,2026-04-27,29.98,Completed
7704,250,2026-04-27,127.96,Completed
7705,197,2026-04-27,650.9,Completed
7706,54,2026-04-27,49.99,Completed
7707,100,2026-04-27,179.98,Completed
7708,189,2026-04-27,413.92,Completed
7709,366,2026-04-27,59.94,Completed
7710,156,2026-04-27,4739.91,Completed
7711,462,2026-04-27,281.92,Completed
7712,242,2026-04-27,134.93,Completed
7713,306,2026-04-27,249.95,Completed
7714,256,2026-04-27,37.97,Completed
7715,387,2026-04-27,61.47,Completed
7716,24,2026-04-27,29.99,Completed
7717,447,2026-04-27,33.96,Completed
7718,203,2026-04-27,14119.96,Completed
7719,103,2026-04-27,845.9,Completed
7720,145,2026-04-27,11269.96,Completed
7721,174,2026-04-27,2159.95,Completed
7722,183,2026-04-27,1684.95,Completed
7723,93,2026-04-27,40001.94,Completed
7724,24,2026-04-27,59.94,Completed
7725,386,2026-04-27,47.94,Completed
7726,146,2026-04-27,279.96,Completed
7727,350,2026-04-27,30.95,Completed
7728,49,2026-04-27,4634.39,Completed
7729,451,2026-04-27,178.92,Completed
7730,202,2026-04-27,196.45,Completed
7731,356,2026-04-27,201.93,Completed
7732,493,2026-04-28,1032.91,Completed
7733,453,2026-04-28,737.44,Completed
7734,371,2026-04-28,269.89,Completed
7735,232,2026-04-28,3052.46,Completed
7736,120,2026-04-28,21.98,Completed
7737,213,2026-04-28,333.92,Completed
7738,470,2026-04-28,132.9,Completed
7739,323,2026-04-28,149.95,Completed
7740,214,2026-04-28,27090.91,Completed
7741,120,2026-04-28,188.96,Completed
7742,228,2026-04-28,163.94,Completed
7743,82,2026-04-28,140.94,Completed
7744,156,2026-04-28,1514.96,Completed
7745,253,2026-04-28,13006.86,Completed
7746,368,2026-04-28,109.99,Completed
7747,55,2026-04-28,45.25,Completed
7748,322,2026-04-28,117.97,Completed
7749,348,2026-04-28,828.95,Completed
7750,63,2026-04-28,1499.99,Completed
7751,39,2026-04-28,119.97,Completed
7752,24,2026-04-28,70.77,Completed
7753,170,2026-04-28,1402.36,Completed
7754,464,2026-04-28,10999.99,Completed
7755,68,2026-04-28,98.98,Completed
7756,227,2026-04-28,939.96,Completed
7757,32,2026-04-28,12.28,Completed
7758,136,2026-04-28,623.94,Completed
7759,61,2026-04-28,3634.97,Completed
7760,373,2026-04-28,99.98,Completed
7761,118,2026-04-28,4247.88,Completed
7762,436,2026-04-28,4669.9,Completed
7763,228,2026-04-28,1044.94,Completed
7764,430,2026-04-28,5753.94,Completed
7765,174,2026-04-28,5005.97,Completed
7766,149,2026-04-28,143.95,Completed
7767,22,2026-04-28,181.83,Completed
7768,487,2026-04-28,3779.96,Completed
7769,1,2026-04-28,149.92,Completed
7770,396,2026-04-28,12.99,Completed
7771,412,2026-04-28,6010.93,Completed
7772,412,2026-04-28,263.95,Completed
7773,453,2026-04-28,5.97,Completed
7774,337,2026-04-28,0.99,Completed
7775,78,2026-04-28,2287.91,Completed
7776,329,2026-04-28,475.93,Completed
7777,75,2026-04-28,4034.92,Completed
7778,100,2026-04-28,1607.42,Completed
7779,138,2026-04-28,3747.9,Completed
7780,478,2026-04-28,2235.93,Completed
7781,308,2026-04-28,99.98,Completed
7782,300,2026-04-28,184.95,Completed
7783,96,2026-04-28,96.93,Completed
7784,411,2026-04-28,40.46,Completed
7785,102,2026-04-28,297.93,Completed
7786,452,2026-04-28,13.98,Completed
7787,165,2026-04-28,12.99,Completed
7788,304,2026-04-28,228.92,Completed
7789,164,2026-04-28,25.97,Completed
7790,192,2026-04-28,2499.92,Completed
7791,250,2026-04-28,17.78,Completed
7792,288,2026-04-28,200.97,Completed
7793,30,2026-04-28,47.97,Completed
7794,16,2026-04-28,7.98,Completed
7795,264,2026-04-28,87.91,Completed
7796,471,2026-04-28,77.93,Completed
7797,396,2026-04-28,56607.93,Completed
7798,329,2026-04-28,13030.95,Completed
7799,458,2026-04-28,40.95,Completed
7800,264,2026-04-29,69.99,Completed
7801,277,2026-04-29,1717.42,Completed
7802,326,2026-04-29,36.96,Completed
7803,489,2026-04-29,9.98,Completed
7804,302,2026-04-29,4499.97,Completed
7805,187,2026-04-29,17.97,Completed
7806,41,2026-04-29,13999.99,Completed
7807,255,2026-04-29,1582.94,Completed
7808,75,2026-04-29,15946.93,Completed
7809,81,2026-04-29,293.23,Completed
7810,489,2026-04-29,4459.95,Completed
7811,453,2026-04-29,139.96,Completed
7812,269,2026-04-29,79.99,Completed
7813,327,2026-04-29,2255.94,Completed
7814,402,2026-04-29,259.98,Completed
7815,440,2026-04-29,304.23,Completed
7816,207,2026-04-29,357.95,Completed
7817,236,2026-04-29,15504.97,Completed
7818,218,2026-04-29,450.9,Completed
7819,114,2026-04-29,2999.98,Completed
7820,269,2026-04-29,27.96,Completed
7821,394,2026-04-29,14164.96,Completed
7822,155,2026-04-29,259.94,Completed
7823,149,2026-04-29,344.96,Completed
7824,286,2026-04-29,32.95,Completed
7825,297,2026-04-29,269.97,Completed
7826,41,2026-04-29,11.97,Completed
7827,328,2026-04-29,27.95,Completed
7828,36,2026-04-29,449.97,Completed
7829,122,2026-04-29,359.93,Completed
7830,300,2026-04-29,1067.92,Completed
7831,52,2026-04-29,83.97,Completed
7832,374,2026-04-29,22002.95,Completed
7833,355,2026-04-29,20.06,Completed
7834,498,2026-04-29,3838.95,Completed
7835,500,2026-04-29,34.99,Completed
7836,180,2026-04-29,509.83,Completed
7837,495,2026-04-29,57.94,Completed
7838,478,2026-04-29,28509.93,Completed
7839,98,2026-04-29,5.99,Completed
7840,187,2026-04-29,72.96,Completed
7841,2,2026-04-29,194.93,Completed
7842,276,2026-04-29,154.94,Completed
7843,389,2026-04-29,229.95,Completed
7844,323,2026-04-29,191.95,Completed
7845,208,2026-04-29,844.91,Completed
7846,198,2026-04-29,29.99,Completed
7847,139,2026-04-29,26999.97,Completed
7848,237,2026-04-30,13.98,Completed
7849,137,2026-04-30,239.96,Completed
7850,392,2026-04-30,23.97,Completed
7851,305,2026-04-30,29.44,Completed
7852,79,2026-04-30,39.98,Completed
7853,332,2026-04-30,179.97,Completed
7854,221,2026-04-30,277.91,Completed
7855,217,2026-04-30,20.97,Completed
7856,469,2026-04-30,119.97,Completed
7857,329,2026-04-30,4319.91,Completed
7858,53,2026-04-30,34.99,Completed
7859,78,2026-04-30,5.98,Completed
7860,390,2026-04-30,297.92,Completed
7861,6,2026-04-30,33124.93,Completed
7862,193,2026-04-30,39.99,Completed
7863,73,2026-04-30,27.96,Completed
7864,200,2026-04-30,249.54,Completed
7865,14,2026-04-30,93.91,Completed
7866,152,2026-04-30,331.92,Completed
7867,19,2026-04-30,11.96,Completed
7868,500,2026-04-30,4033.91,Completed
7869,65,2026-04-30,272.94,Completed
7870,24,2026-04-30,44.26,Completed
7871,332,2026-04-30,4561.94,Completed
7872,155,2026-04-30,49305.89,Completed
7873,93,2026-04-30,5052.93,Completed
7874,155,2026-04-30,261.91,Completed
7875,412,2026-04-30,41.95,Completed
7876,132,2026-04-30,1074.95,Completed
7877,249,2026-04-30,2044.95,Completed
7878,356,2026-04-30,64.98,Completed
7879,322,2026-04-30,109.95,Completed
7880,438,2026-04-30,9005.98,Completed
7881,27,2026-04-30,5999.94,Completed
7882,171,2026-04-30,1602.95,Completed
7883,118,2026-04-30,7.99,Completed
7884,324,2026-04-30,1574.94,Completed
7885,98,2026-04-30,4.98,Completed
7886,86,2026-04-30,132.23,Completed
7887,210,2026-04-30,857.91,Completed
7888,267,2026-04-30,328.92,Completed
7889,338,2026-04-30,27.46,Completed
7890,311,2026-04-30,11.98,Completed
7891,255,2026-04-30,79.98,Completed
7892,346,2026-04-30,2206.53,Completed
7893,495,2026-04-30,3299.94,Completed
7894,108,2026-04-30,89.99,Completed
7895,244,2026-04-30,2.37,Completed
7896,158,2026-04-30,54.33,Completed
7897,298,2026-04-30,13.98,Completed
7898,157,2026-05-01,769.92,Completed
7899,412,2026-05-01,44.65,Completed
7900,239,2026-05-01,2902.92,Completed
7901,174,2026-05-01,297.92,Completed
7902,354,2026-05-01,17999.98,Completed
7903,359,2026-05-01,139.98,Completed
7904,19,2026-05-01,3999.98,Completed
7905,220,2026-05-01,5699.97,Completed
7906,267,2026-05-01,268.91,Completed
7907,124,2026-05-01,93.86,Completed
7908,446,2026-05-01,124.98,Completed
7909,324,2026-05-01,31.98,Completed
7910,198,2026-05-01,44.97,Completed
7911,85,2026-05-01,74.97,Completed
7912,29,2026-05-01,10.99,Completed
7913,261,2026-05-01,80.91,Completed
7914,182,2026-05-01,7724.91,Completed
7915,76,2026-05-01,393.52,Completed
7916,390,2026-05-01,2499.99,Completed
7917,272,2026-05-01,375.94,Completed
7918,290,2026-05-01,59.97,Completed
7919,224,2026-05-01,339.98,Completed
7920,278,2026-05-01,33009.96,Completed
7921,65,2026-05-01,32621.91,Completed
7922,403,2026-05-01,2482.54,Completed
7923,96,2026-05-01,42.97,Completed
7924,339,2026-05-01,69.99,Completed
7925,157,2026-05-01,6366.93,Completed
7926,196,2026-05-01,79.98,Completed
7927,273,2026-05-01,78.94,Completed
7928,234,2026-05-01,435.93,Completed
7929,323,2026-05-01,26036.94,Completed
7930,151,2026-05-01,269.97,Completed
7931,155,2026-05-01,1103.86,Completed
7932,210,2026-05-01,98.9,Completed
7933,87,2026-05-01,81.94,Completed
7934,133,2026-05-01,73.91,Completed
7935,353,2026-05-01,22.96,Completed
7936,37,2026-05-01,133.95,Completed
7937,146,2026-05-01,298.94,Completed
7938,439,2026-05-01,143.93,Completed
7939,461,2026-05-01,129.99,Completed
7940,51,2026-05-01,25.98,Completed
7941,303,2026-05-01,351.9,Completed
7942,261,2026-05-01,3.98,Completed
7943,345,2026-05-01,506.93,Completed
7944,136,2026-05-01,24.85,Completed
7945,49,2026-05-01,1038.73,Completed
7946,269,2026-05-01,13016.45,Completed
7947,339,2026-05-01,2.29,Completed
7948,482,2026-05-01,7537.91,Completed
7949,253,2026-05-01,297.94,Completed
7950,284,2026-05-01,26059.96,Completed
7951,19,2026-05-01,26.97,Completed
7952,402,2026-05-02,56.94,Completed
7953,141,2026-05-02,7627.92,Completed
7954,94,2026-05-02,321.94,Completed
7955,442,2026-05-02,35.95,Completed
7956,260,2026-05-02,19.98,Completed
7957,335,2026-05-02,18.96,Completed
7958,209,2026-05-02,32999.97,Completed
7959,256,2026-05-02,27.97,Completed
7960,64,2026-05-02,2023.95,Completed
7961,116,2026-05-02,3599.98,Completed
7962,311,2026-05-02,25.97,Completed
7963,243,2026-05-02,1714.94,Completed
7964,433,2026-05-02,172.94,Completed
7965,129,2026-05-02,396.95,Completed
7966,64,2026-05-02,100.93,Completed
7967,327,2026-05-02,5919.95,Completed
7968,265,2026-05-02,58.97,Completed
7969,13,2026-05-02,14.48,Completed
7970,385,2026-05-02,145.97,Completed
7971,476,2026-05-02,104.93,Completed
7972,282,2026-05-02,14031.97,Completed
7973,407,2026-05-02,269.97,Completed
7974,138,2026-05-02,90.95,Completed
7975,442,2026-05-02,3040.95,Completed
7976,139,2026-05-02,9.99,Completed
7977,87,2026-05-02,26.97,Completed
7978,249,2026-05-02,47.93,Completed
7979,390,2026-05-02,299.98,Completed
7980,303,2026-05-02,4339.95,Completed
7981,456,2026-05-02,38.97,Completed
7982,402,2026-05-02,209.96,Completed
7983,488,2026-05-02,349.95,Completed
7984,422,2026-05-02,26063.82,Completed
7985,35,2026-05-02,109.94,Completed
7986,281,2026-05-02,1074.93,Completed
7987,211,2026-05-02,26.97,Completed
7988,192,2026-05-02,22.85,Completed
7989,114,2026-05-02,4123.91,Completed
7990,358,2026-05-02,93.94,Completed
7991,91,2026-05-02,298.93,Completed
7992,366,2026-05-02,119.97,Completed
7993,86,2026-05-02,238.92,Completed
7994,350,2026-05-02,7564.93,Completed
7995,275,2026-05-02,16.99,Completed
7996,484,2026-05-02,240.91,Completed
7997,437,2026-05-02,12.99,Completed
7998,296,2026-05-02,17.46,Completed
7999,477,2026-05-02,8017.93,Completed
8000,122,2026-05-02,713.93,Completed
8001,335,2026-05-02,381.94,Completed
8002,14,2026-05-02,1926.96,Completed
8003,397,2026-05-02,4053.94,Completed
8004,6,2026-05-02,4499.97,Completed
8005,181,2026-05-02,17.97,Completed
8006,62,2026-05-02,351.9,Completed
8007,277,2026-05-02,318.93,Completed
8008,425,2026-05-03,251.93,Completed
8009,215,2026-05-03,3422.89,Completed
8010,224,2026-05-03,47.97,Completed
8011,319,2026-05-03,26059.96,Completed
8012,465,2026-05-03,49.98,Completed
8013,139,2026-05-03,519.9,Completed
8014,447,2026-05-03,1971.93,Completed
8015,320,2026-05-03,1817.94,Completed
8016,113,2026-05-03,11.97,Completed
8017,42,2026-05-03,11059.97,Completed
8018,372,2026-05-03,74.94,Completed
8019,187,2026-05-03,41185.9,Completed
8020,232,2026-05-03,389.97,Completed
8021,242,2026-05-03,16.96,Completed
8022,194,2026-05-03,260.93,Completed
8023,59,2026-05-03,139.81,Completed
8024,233,2026-05-03,854.52,Completed
8025,493,2026-05-03,106.94,Completed
8026,314,2026-05-03,149.99,Completed
8027,49,2026-05-03,4607.94,Completed
8028,392,2026-05-03,1799.99,Completed
8029,299,2026-05-03,29.98,Completed
8030,151,2026-05-03,319.94,Completed
8031,184,2026-05-03,1598.97,Completed
8032,280,2026-05-03,3444.9,Completed
8033,187,2026-05-03,942.5,Completed
8034,14,2026-05-03,42029.92,Completed
8035,474,2026-05-03,168.8,Completed
8036,197,2026-05-03,48.94,Completed
8037,55,2026-05-03,19.98,Completed
8038,140,2026-05-03,113.94,Completed
8039,374,2026-05-03,79.98,Completed
8040,261,2026-05-03,278.92,Completed
8041,407,2026-05-04,42.94,Completed
8042,121,2026-05-04,42.92,Completed
8043,314,2026-05-04,33671.89,Completed
8044,111,2026-05-04,108.95,Completed
8045,423,2026-05-04,3503.96,Completed
8046,454,2026-05-04,3.98,Completed
8047,30,2026-05-04,17.98,Completed
8048,347,2026-05-04,44.97,Completed
8049,399,2026-05-04,33699.95,Completed
8050,469,2026-05-04,147.94,Completed
8051,1,2026-05-04,5.97,Completed
8052,24,2026-05-04,1929.96,Completed
8053,415,2026-05-04,124.95,Completed
8054,475,2026-05-04,20.97,Completed
8055,184,2026-05-04,4.98,Completed
8056,156,2026-05-04,39.98,Completed
8057,131,2026-05-04,2.97,Completed
8058,388,2026-05-04,30.95,Completed
8059,406,2026-05-04,39039.95,Completed
8060,194,2026-05-04,58.98,Completed
8061,419,2026-05-04,43.95,Completed
8062,113,2026-05-04,296.93,Completed
8063,185,2026-05-04,3359.91,Completed
8064,476,2026-05-04,427.42,Completed
8065,459,2026-05-04,664.94,Completed
8066,98,2026-05-04,1486.92,Completed
8067,297,2026-05-04,23.97,Completed
8068,334,2026-05-04,2799.98,Completed
8069,196,2026-05-04,5927.91,Completed
8070,420,2026-05-04,1799.99,Completed
8071,48,2026-05-04,28485.44,Completed
8072,215,2026-05-04,149.97,Completed
8073,146,2026-05-04,4811.93,Completed
8074,60,2026-05-04,83.97,Completed
8075,422,2026-05-05,18105.95,Completed
8076,383,2026-05-05,351.92,Completed
8077,264,2026-05-05,156.93,Completed
8078,463,2026-05-05,33051.89,Completed
8079,108,2026-05-05,210.92,Completed
8080,81,2026-05-05,79.98,Completed
8081,339,2026-05-05,349.96,Completed
8082,196,2026-05-05,416.9,Completed
8083,327,2026-05-05,39443.91,Completed
8084,191,2026-05-05,79.99,Completed
8085,47,2026-05-05,139.95,Completed
8086,30,2026-05-05,1138.96,Completed
8087,233,2026-05-05,419.94,Completed
8088,454,2026-05-05,54.93,Completed
8089,480,2026-05-05,109.94,Completed
8090,274,2026-05-05,40.95,Completed
8091,8,2026-05-05,10.99,Completed
8092,286,2026-05-05,179.91,Completed
8093,78,2026-05-05,14.99,Completed
8094,296,2026-05-05,101.96,Completed
8095,18,2026-05-05,21.98,Completed
8096,478,2026-05-05,296.93,Completed
8097,26,2026-05-05,6141.91,Completed
8098,376,2026-05-05,11331.94,Completed
8099,11,2026-05-05,8.99,Completed
8100,18,2026-05-05,443.94,Completed
8101,474,2026-05-05,409.95,Completed
8102,348,2026-05-05,20.97,Completed
8103,235,2026-05-05,38999.97,Completed
8104,367,2026-05-05,239.95,Completed
8105,489,2026-05-05,13.47,Completed
8106,233,2026-05-05,23.96,Completed
8107,402,2026-05-05,128.98,Completed
8108,486,2026-05-05,8.99,Completed
8109,375,2026-05-05,4615.91,Completed
8110,249,2026-05-05,179.98,Completed
8111,324,2026-05-05,5.98,Completed
8112,81,2026-05-05,21.98,Completed
8113,39,2026-05-05,100.96,Completed
8114,481,2026-05-05,275.94,Completed
8115,17,2026-05-05,9.99,Completed
8116,431,2026-05-05,2558.91,Completed
8117,403,2026-05-05,3901.95,Completed
8118,253,2026-05-05,5411.94,Completed
8119,255,2026-05-05,14023.96,Completed
8120,275,2026-05-05,259.98,Completed
8121,253,2026-05-05,15599.97,Completed
8122,319,2026-05-05,18409.95,Completed
8123,147,2026-05-05,59.97,Completed
8124,349,2026-05-05,11.99,Completed
8125,223,2026-05-05,79.99,Completed
8126,159,2026-05-05,35.55,Completed
8127,293,2026-05-05,399.96,Completed
8128,348,2026-05-05,25999.98,Completed
8129,288,2026-05-05,129.93,Completed
8130,396,2026-05-05,57.92,Completed
8131,72,2026-05-05,33.95,Completed
8132,102,2026-05-05,4.98,Completed
8133,453,2026-05-05,20.43,Completed
8134,257,2026-05-05,26.97,Completed
8135,394,2026-05-05,1608.89,Completed
8136,104,2026-05-05,1945.91,Completed
8137,221,2026-05-05,4684.92,Completed
8138,65,2026-05-06,727.92,Completed
8139,296,2026-05-06,195.93,Completed
8140,183,2026-05-06,170.93,Completed
8141,388,2026-05-06,275.92,Completed
8142,179,2026-05-06,172.91,Completed
8143,496,2026-05-06,20.97,Completed
8144,309,2026-05-06,96.44,Completed
8145,206,2026-05-06,386.21,Completed
8146,188,2026-05-06,7.99,Completed
8147,188,2026-05-06,38.93,Completed
8148,32,2026-05-06,2817.96,Completed
8149,372,2026-05-06,469.96,Completed
8150,101,2026-05-06,60.93,Completed
8151,304,2026-05-06,47.97,Completed
8152,71,2026-05-06,88.97,Completed
8153,176,2026-05-06,3701.82,Completed
8154,450,2026-05-06,899.97,Completed
8155,445,2026-05-06,64.98,Completed
8156,36,2026-05-06,899.92,Completed
8157,250,2026-05-06,104.94,Completed
8158,201,2026-05-06,285.95,Completed
8159,95,2026-05-06,176.93,Completed
8160,365,2026-05-06,14299.96,Completed
8161,260,2026-05-06,261.93,Completed
8162,36,2026-05-06,1499.99,Completed
8163,281,2026-05-06,81.95,Completed
8164,43,2026-05-06,188.9,Completed
8165,420,2026-05-06,34.98,Completed
8166,257,2026-05-06,214.94,Completed
8167,419,2026-05-06,18064.93,Completed
8168,135,2026-05-06,461.95,Completed
8169,6,2026-05-06,20.97,Completed
8170,420,2026-05-06,83.94,Completed
8171,56,2026-05-06,25.98,Completed
8172,454,2026-05-06,44.94,Completed
8173,91,2026-05-06,73.24,Completed
8174,408,2026-05-06,63.94,Completed
8175,199,2026-05-06,21.96,Completed
8176,404,2026-05-06,44.97,Completed
8177,178,2026-05-06,1187.94,Completed
8178,233,2026-05-06,49.96,Completed
8179,323,2026-05-06,1693.9,Completed
8180,335,2026-05-06,39.98,Completed
8181,299,2026-05-06,92.93,Completed
8182,369,2026-05-06,14.97,Completed
8183,206,2026-05-06,3667.92,Completed
8184,441,2026-05-06,5.99,Completed
8185,17,2026-05-06,459.95,Completed
8186,289,2026-05-06,4808.95,Completed
8187,361,2026-05-06,649.96,Completed
8188,492,2026-05-06,2523.29,Completed
8189,95,2026-05-06,41.96,Completed
8190,363,2026-05-06,48.79,Completed
8191,226,2026-05-06,7499.97,Completed
8192,414,2026-05-06,6.98,Completed
8193,93,2026-05-06,119.94,Completed
8194,332,2026-05-06,410.93,Completed
8195,347,2026-05-06,49.98,Completed
8196,432,2026-05-06,22.85,Completed
8197,168,2026-05-06,79.99,Completed
8198,182,2026-05-06,189.92,Completed
8199,471,2026-05-06,147.9,Completed
8200,400,2026-05-06,84.46,Completed
8201,422,2026-05-07,59.99,Completed
8202,282,2026-05-07,109.98,Completed
8203,214,2026-05-07,42022.41,Completed
8204,211,2026-05-07,44.97,Completed
8205,144,2026-05-07,168.93,Completed
8206,456,2026-05-07,193.41,Completed
8207,484,2026-05-07,476.94,Completed
8208,41,2026-05-07,2209.93,Completed
8209,402,2026-05-07,28.44,Completed
8210,264,2026-05-07,899.97,Completed
8211,316,2026-05-07,6.98,Completed
8212,476,2026-05-07,155.75,Completed
8213,135,2026-05-07,3788.95,Completed
8214,78,2026-05-07,59.97,Completed
8215,102,2026-05-07,25.98,Completed
8216,40,2026-05-07,3030.92,Completed
8217,106,2026-05-07,294.96,Completed
8218,463,2026-05-07,70.93,Completed
8219,260,2026-05-07,209.93,Completed
8220,478,2026-05-07,162.98,Completed
8221,99,2026-05-07,26.97,Completed
8222,271,2026-05-07,17.97,Completed
8223,315,2026-05-07,2405.96,Completed
8224,130,2026-05-07,3099.96,Completed
8225,51,2026-05-07,50.45,Completed
8226,83,2026-05-07,99.91,Completed
8227,346,2026-05-07,14021.97,Completed
8228,227,2026-05-07,429.92,Completed
8229,400,2026-05-07,42.95,Completed
8230,59,2026-05-07,245.96,Completed
8231,152,2026-05-07,7.36,Completed
8232,407,2026-05-07,28104.92,Completed
8233,134,2026-05-07,3003.96,Completed
8234,215,2026-05-07,35.95,Completed
8235,493,2026-05-07,379.94,Completed
8236,16,2026-05-07,27005.96,Completed
8237,287,2026-05-07,15.48,Completed
8238,159,2026-05-07,429.94,Completed
8239,449,2026-05-07,140.95,Completed
8240,375,2026-05-07,325.94,Completed
8241,349,2026-05-07,26.97,Completed
8242,369,2026-05-07,322.9,Completed
8243,285,2026-05-07,9.99,Completed
8244,207,2026-05-07,54.98,Completed
8245,483,2026-05-07,28219.91,Completed
8246,246,2026-05-07,138.27,Completed
8247,127,2026-05-07,129.96,Completed
8248,89,2026-05-07,53.97,Completed
8249,450,2026-05-07,27086.31,Completed
8250,415,2026-05-07,98.93,Completed
8251,492,2026-05-07,134.94,Completed
8252,472,2026-05-07,4.98,Completed
8253,160,2026-05-07,39.98,Completed
8254,125,2026-05-07,443.4,Completed
8255,311,2026-05-07,213.93,Completed
8256,329,2026-05-07,3299.97,Completed
8257,389,2026-05-07,190.9,Completed
8258,91,2026-05-07,36.92,Completed
8259,261,2026-05-07,33.97,Completed
8260,261,2026-05-07,33.97,Completed
8261,191,2026-05-07,389.97,Completed
8262,74,2026-05-07,61.8,Completed
8263,135,2026-05-07,5475.92,Completed
8264,85,2026-05-07,5419.95,Completed
8265,462,2026-05-07,599.98,Completed
8266,70,2026-05-07,149.97,Completed
8267,457,2026-05-07,3350.94,Completed
8268,36,2026-05-07,309.83,Completed
8269,307,2026-05-07,123.93,Completed
8270,20,2026-05-07,2906.92,Completed
8271,222,2026-05-07,311.43,Completed
8272,54,2026-05-07,14006.98,Completed
8273,207,2026-05-07,189.96,Completed
8274,422,2026-05-07,13005.97,Completed
8275,169,2026-05-07,1779.96,Completed
8276,435,2026-05-07,23.56,Completed
8277,383,2026-05-08,283.89,Completed
8278,43,2026-05-08,119.97,Completed
8279,382,2026-05-08,108.95,Completed
8280,143,2026-05-08,178.92,Completed
8281,23,2026-05-08,0.79,Completed
8282,51,2026-05-08,399.95,Completed
8283,397,2026-05-08,11100.94,Completed
8284,297,2026-05-08,2272.52,Completed
8285,448,2026-05-08,91.95,Completed
8286,317,2026-05-08,3.98,Completed
8287,379,2026-05-08,2.49,Completed
8288,489,2026-05-08,2416.93,Completed
8289,235,2026-05-08,84.97,Completed
8290,433,2026-05-08,37.96,Completed
8291,380,2026-05-08,184.96,Completed
8292,405,2026-05-08,14.97,Completed
8293,127,2026-05-08,22000.97,Completed
8294,463,2026-05-08,2286.94,Completed
8295,320,2026-05-08,32.95,Completed
8296,150,2026-05-08,309.94,Completed
8297,3,2026-05-08,4785.7,Completed
8298,312,2026-05-08,191.9,Completed
8299,101,2026-05-08,1503.97,Completed
8300,269,2026-05-08,2999.98,Completed
8301,52,2026-05-08,80.95,Completed
8302,311,2026-05-08,73.04,Completed
8303,481,2026-05-08,4073.94,Completed
8304,255,2026-05-08,61.95,Completed
8305,183,2026-05-09,104.96,Completed
8306,96,2026-05-09,1899.99,Completed
8307,119,2026-05-09,3184.92,Completed
8308,96,2026-05-09,218.93,Completed
8309,470,2026-05-09,434.92,Completed
8310,134,2026-05-09,50.97,Completed
8311,261,2026-05-09,218.96,Completed
8312,389,2026-05-09,2019.97,Completed
8313,60,2026-05-09,151.44,Completed
8314,156,2026-05-09,18.97,Completed
8315,282,2026-05-09,287.94,Completed
8316,323,2026-05-09,296.93,Completed
8317,35,2026-05-09,8180.91,Completed
8318,109,2026-05-09,5.97,Completed
8319,255,2026-05-09,1769.93,Completed
8320,471,2026-05-09,18011.95,Completed
8321,1,2026-05-09,5.99,Completed
8322,247,2026-05-09,26.97,Completed
8323,267,2026-05-09,161.94,Completed
8324,459,2026-05-09,67.94,Completed
8325,434,2026-05-09,2399.97,Completed
8326,43,2026-05-09,235.95,Completed
8327,64,2026-05-09,51.95,Completed
8328,291,2026-05-09,32.95,Completed
8329,205,2026-05-09,291.93,Completed
8330,54,2026-05-09,99.97,Completed
8331,496,2026-05-09,316.92,Completed
8332,409,2026-05-09,134.9,Completed
8333,324,2026-05-09,27009.54,Completed
8334,419,2026-05-09,77.95,Completed
8335,246,2026-05-09,32.96,Completed
8336,340,2026-05-09,42.98,Completed
8337,248,2026-05-09,28639.91,Completed
8338,205,2026-05-09,139.96,Completed
8339,473,2026-05-09,999.98,Completed
8340,265,2026-05-09,62.43,Completed
8341,145,2026-05-09,24.99,Completed
8342,348,2026-05-09,99.96,Completed
8343,27,2026-05-09,439.93,Completed
8344,375,2026-05-09,2292.92,Completed
8345,462,2026-05-09,2699.98,Completed
8346,212,2026-05-09,2244.91,Completed
8347,268,2026-05-09,13137.93,Completed
8348,471,2026-05-09,23.96,Completed
8349,121,2026-05-09,24.99,Completed
8350,206,2026-05-09,25.98,Completed
8351,452,2026-05-09,26.97,Completed
8352,34,2026-05-09,2799.98,Completed
8353,417,2026-05-09,99.98,Completed
8354,92,2026-05-09,5059.92,Completed
8355,183,2026-05-09,122.45,Completed
8356,74,2026-05-09,199.98,Completed
8357,276,2026-05-09,5.97,Completed
8358,441,2026-05-09,377.94,Completed
8359,460,2026-05-09,11.98,Completed
8360,326,2026-05-09,141.95,Completed
8361,74,2026-05-09,1551.94,Completed
8362,32,2026-05-09,479.94,Completed
8363,92,2026-05-09,4650.94,Completed
8364,78,2026-05-09,2.98,Completed
8365,494,2026-05-09,5401.55,Completed
8366,217,2026-05-09,79.96,Completed
8367,498,2026-05-09,105.85,Completed
8368,259,2026-05-09,39.99,Completed
8369,296,2026-05-09,219.94,Completed
8370,303,2026-05-09,1417.97,Completed
8371,74,2026-05-09,292.93,Completed
8372,161,2026-05-09,76.92,Completed
8373,314,2026-05-09,39294.9,Completed
8374,397,2026-05-10,47.95,Completed
8375,426,2026-05-10,5717.94,Completed
8376,395,2026-05-10,4567.94,Completed
8377,48,2026-05-10,5415.92,Completed
8378,328,2026-05-10,5003.85,Completed
8379,109,2026-05-10,3299.97,Completed
8380,395,2026-05-10,184.94,Completed
8381,62,2026-05-10,26149.95,Completed
8382,52,2026-05-10,189.95,Completed
8383,17,2026-05-10,474.94,Completed
8384,463,2026-05-10,99.98,Completed
8385,411,2026-05-10,8.96,Completed
8386,378,2026-05-10,233.92,Completed
8387,16,2026-05-10,393.46,Completed
8388,340,2026-05-10,47.97,Completed
8389,312,2026-05-10,18009.96,Completed
8390,228,2026-05-10,11009.97,Completed
8391,355,2026-05-10,309.9,Completed
8392,254,2026-05-10,5779.95,Completed
8393,93,2026-05-10,7859.92,Completed
8394,162,2026-05-10,389.97,Completed
8395,362,2026-05-10,17.97,Completed
8396,104,2026-05-10,312.91,Completed
8397,352,2026-05-10,77.95,Completed
8398,460,2026-05-10,590.88,Completed
8399,407,2026-05-10,172.93,Completed
8400,44,2026-05-10,59.98,Completed
8401,2,2026-05-10,276.25,Completed
8402,320,2026-05-10,2.49,Completed
8403,127,2026-05-10,312.93,Completed
8404,319,2026-05-10,613.92,Completed
8405,318,2026-05-10,16.98,Completed
8406,379,2026-05-10,329.97,Completed
8407,133,2026-05-10,16.55,Completed
8408,172,2026-05-10,101.91,Completed
8409,255,2026-05-10,6649.93,Completed
8410,36,2026-05-10,277.95,Completed
8411,220,2026-05-10,101.91,Completed
8412,302,2026-05-10,394.83,Completed
8413,190,2026-05-10,129.98,Completed
8414,479,2026-05-10,3.99,Completed
8415,103,2026-05-10,160.95,Completed
8416,262,2026-05-10,38.94,Completed
8417,77,2026-05-10,2869.97,Completed
8418,136,2026-05-10,11.98,Completed
8419,245,2026-05-10,3238.91,Completed
8420,190,2026-05-10,0.99,Completed
8421,265,2026-05-11,1784.92,Completed
8422,104,2026-05-11,84.45,Completed
8423,255,2026-05-11,42083.94,Completed
8424,312,2026-05-11,146.91,Completed
8425,289,2026-05-11,1.99,Completed
8426,27,2026-05-11,47.94,Completed
8427,68,2026-05-11,38.96,Completed
8428,26,2026-05-11,7739.94,Completed
8429,459,2026-05-11,55.98,Completed
8430,361,2026-05-11,36099.95,Completed
8431,306,2026-05-11,17.98,Completed
8432,211,2026-05-11,299.98,Completed
8433,431,2026-05-11,5469.95,Completed
8434,9,2026-05-11,11.97,Completed
8435,270,2026-05-11,166.49,Completed
8436,175,2026-05-11,99.96,Completed
8437,119,2026-05-11,4516.44,Completed
8438,239,2026-05-11,359.93,Completed
8439,225,2026-05-11,19.99,Completed
8440,460,2026-05-11,952.93,Completed
8441,426,2026-05-11,16.47,Completed
8442,104,2026-05-11,109.02,Completed
8443,487,2026-05-11,1542.91,Completed
8444,35,2026-05-11,1116.97,Completed
8445,230,2026-05-11,139.98,Completed
8446,114,2026-05-11,87.97,Completed
8447,157,2026-05-11,2002.92,Completed
8448,201,2026-05-11,319.95,Completed
8449,424,2026-05-11,261.4,Completed
8450,61,2026-05-11,47.94,Completed
8451,269,2026-05-11,132.96,Completed
8452,155,2026-05-11,6061.93,Completed
8453,392,2026-05-11,51.95,Completed
8454,284,2026-05-11,225.94,Completed
8455,335,2026-05-11,356.52,Completed
8456,12,2026-05-11,31.96,Completed
8457,467,2026-05-11,155.95,Completed
8458,271,2026-05-11,1723.91,Completed
8459,425,2026-05-11,26.97,Completed
8460,35,2026-05-11,5050.93,Completed
8461,253,2026-05-11,3331.95,Completed
8462,334,2026-05-11,20.98,Completed
8463,348,2026-05-11,79.98,Completed
8464,191,2026-05-11,3.87,Completed
8465,36,2026-05-11,73.96,Completed
8466,480,2026-05-11,123.95,Completed
8467,464,2026-05-11,89.97,Completed
8468,118,2026-05-11,17.97,Completed
8469,248,2026-05-11,73.9,Completed
8470,45,2026-05-11,28012.97,Completed
8471,292,2026-05-11,375.91,Completed
8472,413,2026-05-11,205.95,Completed
8473,364,2026-05-11,34.96,Completed
8474,246,2026-05-11,126.92,Completed
8475,230,2026-05-11,52.97,Completed
8476,110,2026-05-11,2.29,Completed
8477,22,2026-05-11,39964.89,Completed
8478,250,2026-05-11,16.96,Completed
8479,474,2026-05-11,3574.91,Completed
8480,273,2026-05-11,14.97,Completed
8481,310,2026-05-11,77.95,Completed
8482,187,2026-05-11,28149.92,Completed
8483,219,2026-05-11,25.98,Completed
8484,354,2026-05-11,38.94,Completed
8485,135,2026-05-11,48.93,Completed
8486,134,2026-05-11,17.98,Completed
8487,16,2026-05-11,20.97,Completed
8488,189,2026-05-12,17.96,Completed
8489,462,2026-05-12,241.94,Completed
8490,100,2026-05-12,13999.99,Completed
8491,188,2026-05-12,111.95,Completed
8492,475,2026-05-12,28.23,Completed
8493,161,2026-05-12,14019.98,Completed
8494,215,2026-05-12,1499.99,Completed
8495,71,2026-05-12,906.84,Completed
8496,48,2026-05-12,5769.95,Completed
8497,77,2026-05-12,379.95,Completed
8498,329,2026-05-12,14.99,Completed
8499,285,2026-05-12,314.91,Completed
8500,467,2026-05-12,352.93,Completed
8501,373,2026-05-12,24.95,Completed
8502,405,2026-05-12,63.9,Completed
8503,170,2026-05-12,480.92,Completed
8504,189,2026-05-12,4006.97,Completed
8505,400,2026-05-12,127.95,Completed
8506,432,2026-05-12,15.98,Completed
8507,474,2026-05-12,3608.97,Completed
8508,115,2026-05-12,19.98,Completed
8509,156,2026-05-12,114.92,Completed
8510,150,2026-05-12,25.98,Completed
8511,89,2026-05-12,56.43,Completed
8512,420,2026-05-12,162.35,Completed
8513,224,2026-05-12,28.97,Completed
8514,373,2026-05-12,838.96,Completed
8515,424,2026-05-12,4800.9,Completed
8516,449,2026-05-12,52.43,Completed
8517,466,2026-05-12,1789.92,Completed
8518,89,2026-05-12,69.53,Completed
8519,258,2026-05-12,6.99,Completed
8520,421,2026-05-12,2985.89,Completed
8521,243,2026-05-12,592.54,Completed
8522,475,2026-05-12,206.94,Completed
8523,118,2026-05-12,29.98,Completed
8524,89,2026-05-12,124.95,Completed
8525,212,2026-05-12,10.99,Completed
8526,251,2026-05-12,13999.99,Completed
8527,478,2026-05-12,130.94,Completed
8528,358,2026-05-12,168.94,Completed
8529,206,2026-05-12,45.97,Completed
8530,436,2026-05-12,179.98,Completed
8531,46,2026-05-12,62.94,Completed
8532,90,2026-05-12,933.93,Completed
8533,105,2026-05-12,8907.94,Completed
8534,456,2026-05-12,4236.9,Completed
8535,235,2026-05-12,139.44,Completed
8536,448,2026-05-12,2203.85,Completed
8537,76,2026-05-12,2799.98,Completed
8538,398,2026-05-13,535.9,Completed
8539,443,2026-05-13,17.97,Completed
8540,251,2026-05-13,317.94,Completed
8541,356,2026-05-13,5463.93,Completed
8542,52,2026-05-13,27032.94,Completed
8543,126,2026-05-13,95.94,Completed
8544,227,2026-05-13,81.47,Completed
8545,448,2026-05-13,13.98,Completed
8546,215,2026-05-13,39.98,Completed
8547,433,2026-05-13,18.45,Completed
8548,404,2026-05-13,249.94,Completed
8549,340,2026-05-13,8.99,Completed
8550,298,2026-05-13,1544.95,Completed
8551,441,2026-05-13,18061.39,Completed
8552,193,2026-05-13,51.96,Completed
8553,333,2026-05-13,151.91,Completed
8554,309,2026-05-13,329.92,Completed
8555,107,2026-05-13,33.98,Completed
8556,475,2026-05-13,22014.97,Completed
8557,52,2026-05-13,1674.96,Completed
8558,416,2026-05-13,39.98,Completed
8559,188,2026-05-13,24.99,Completed
8560,380,2026-05-13,1158.42,Completed
8561,429,2026-05-13,5.49,Completed
8562,277,2026-05-13,284.45,Completed
8563,483,2026-05-13,27239.94,Completed
8564,269,2026-05-13,26031.96,Completed
8565,176,2026-05-13,3026.95,Completed
8566,41,2026-05-13,79.99,Completed
8567,313,2026-05-13,22.97,Completed
8568,43,2026-05-13,2739.95,Completed
8569,237,2026-05-13,25.95,Completed
8570,330,2026-05-13,211.96,Completed
8571,4,2026-05-13,14150.95,Completed
8572,428,2026-05-13,38.97,Completed
8573,298,2026-05-13,249.5,Completed
8574,462,2026-05-13,15521.93,Completed
8575,260,2026-05-13,4199.97,Completed
8576,3,2026-05-13,1843.94,Completed
8577,296,2026-05-13,26.97,Completed
8578,81,2026-05-13,3745.92,Completed
8579,396,2026-05-13,2051.96,Completed
8580,437,2026-05-13,5097.94,Completed
8581,436,2026-05-13,71.94,Completed
8582,419,2026-05-13,1964.96,Completed
8583,413,2026-05-13,11184.44,Completed
8584,278,2026-05-13,449.97,Completed
8585,465,2026-05-13,1816.45,Completed
8586,336,2026-05-13,41.97,Completed
8587,213,2026-05-13,30.97,Completed
8588,206,2026-05-13,28.44,Completed
8589,72,2026-05-13,13059.97,Completed
8590,42,2026-05-13,58.94,Completed
8591,180,2026-05-14,26047.93,Completed
8592,379,2026-05-14,1.29,Completed
8593,247,2026-05-14,49.99,Completed
8594,353,2026-05-14,3641.92,Completed
8595,11,2026-05-14,27.96,Completed
8596,236,2026-05-14,210.93,Completed
8597,438,2026-05-14,2531.93,Completed
8598,355,2026-05-14,179.98,Completed
8599,73,2026-05-14,3809.89,Completed
8600,444,2026-05-14,17.98,Completed
8601,208,2026-05-14,1504.95,Completed
8602,386,2026-05-14,306.96,Completed
8603,54,2026-05-14,104.43,Completed
8604,316,2026-05-14,15011.94,Completed
8605,28,2026-05-14,101.94,Completed
8606,441,2026-05-14,6023.94,Completed
8607,115,2026-05-14,17.98,Completed
8608,102,2026-05-14,34.99,Completed
8609,407,2026-05-14,413.94,Completed
8610,222,2026-05-14,126.95,Completed
8611,482,2026-05-14,1760.91,Completed
8612,306,2026-05-14,14.97,Completed
8613,287,2026-05-14,5032.44,Completed
8614,406,2026-05-14,199.95,Completed
8615,292,2026-05-14,15.98,Completed
8616,234,2026-05-14,128.91,Completed
8617,191,2026-05-14,299.97,Completed
8618,493,2026-05-14,259.98,Completed
8619,270,2026-05-14,149.95,Completed
8620,419,2026-05-14,7.98,Completed
8621,42,2026-05-14,219.96,Completed
8622,154,2026-05-14,30.96,Completed
8623,343,2026-05-14,242.25,Completed
8624,400,2026-05-14,39055.95,Completed
8625,86,2026-05-14,13499.94,Completed
8626,125,2026-05-14,22272.92,Completed
8627,65,2026-05-14,134.55,Completed
8628,368,2026-05-14,31.98,Completed
8629,198,2026-05-14,40.96,Completed
8630,2,2026-05-14,212.93,Completed
8631,424,2026-05-14,28099.95,Completed
8632,40,2026-05-14,59.92,Completed
8633,295,2026-05-14,5699.97,Completed
8634,102,2026-05-14,597.9,Completed
8635,144,2026-05-14,27.76,Completed
8636,423,2026-05-14,27103.93,Completed
8637,106,2026-05-14,7.98,Completed
8638,63,2026-05-14,17.97,Completed
8639,217,2026-05-14,11.99,Completed
8640,325,2026-05-14,29.98,Completed
8641,281,2026-05-14,49.44,Completed
8642,258,2026-05-14,85.92,Completed
8643,376,2026-05-14,329.94,Completed
8644,223,2026-05-14,73.95,Completed
8645,239,2026-05-14,54.95,Completed
8646,55,2026-05-14,39.99,Completed
8647,116,2026-05-14,246.95,Completed
8648,173,2026-05-14,17.97,Completed
8649,472,2026-05-14,1646.93,Completed
8650,368,2026-05-14,55.95,Completed
8651,106,2026-05-14,23.98,Completed
8652,174,2026-05-14,103.47,Completed
8653,349,2026-05-14,13.97,Completed
8654,323,2026-05-14,2444.92,Completed
8655,316,2026-05-15,5470.93,Completed
8656,446,2026-05-15,62.95,Completed
8657,486,2026-05-15,893.92,Completed
8658,279,2026-05-15,1789.92,Completed
8659,313,2026-05-15,20.97,Completed
8660,196,2026-05-15,27.99,Completed
8661,8,2026-05-15,12546.53,Completed
8662,113,2026-05-15,74.97,Completed
8663,395,2026-05-15,28199.96,Completed
8664,175,2026-05-15,89.95,Completed
8665,389,2026-05-15,21.98,Completed
8666,39,2026-05-15,6.99,Completed
8667,85,2026-05-15,289.93,Completed
8668,259,2026-05-15,5.99,Completed
8669,274,2026-05-15,29.99,Completed
8670,145,2026-05-15,2561.9,Completed
8671,47,2026-05-15,2581.92,Completed
8672,296,2026-05-15,50.93,Completed
8673,43,2026-05-15,335.93,Completed
8674,51,2026-05-15,131.98,Completed
8675,375,2026-05-15,83.97,Completed
8676,46,2026-05-15,335.25,Completed
8677,231,2026-05-15,26999.97,Completed
8678,345,2026-05-15,170.94,Completed
8679,297,2026-05-15,4234.93,Completed
8680,451,2026-05-15,71.94,Completed
8681,246,2026-05-15,53.95,Completed
8682,302,2026-05-15,11.98,Completed
8683,59,2026-05-15,38.97,Completed
8684,366,2026-05-15,389.96,Completed
8685,75,2026-05-15,454.94,Completed
8686,222,2026-05-15,53.93,Completed
8687,441,2026-05-15,166.9,Completed
8688,229,2026-05-15,174.94,Completed
8689,49,2026-05-15,11.98,Completed
8690,182,2026-05-15,239.98,Completed
8691,465,2026-05-15,3.98,Completed
8692,433,2026-05-15,1589.97,Completed
8693,290,2026-05-15,4214.94,Completed
8694,124,2026-05-15,63.96,Completed
8695,478,2026-05-16,1759.95,Completed
8696,102,2026-05-16,1525.81,Completed
8697,57,2026-05-16,361.92,Completed
8698,103,2026-05-16,254.96,Completed
8699,449,2026-05-16,4499.97,Completed
8700,438,2026-05-16,401.91,Completed
8701,383,2026-05-16,5194.94,Completed
8702,445,2026-05-16,4673.88,Completed
8703,155,2026-05-16,14.97,Completed
8704,153,2026-05-16,60.95,Completed
8705,226,2026-05-16,265.9,Completed
8706,17,2026-05-16,83.94,Completed
8707,437,2026-05-16,2520.96,Completed
8708,248,2026-05-16,219.95,Completed
8709,285,2026-05-16,3703.94,Completed
8710,185,2026-05-16,17.98,Completed
8711,313,2026-05-16,3655.94,Completed
8712,302,2026-05-16,89.97,Completed
8713,366,2026-05-16,89.99,Completed
8714,132,2026-05-16,34.56,Completed
8715,212,2026-05-16,58.94,Completed
8716,407,2026-05-16,6293.9,Completed
8717,160,2026-05-16,39001.96,Completed
8718,46,2026-05-16,92.97,Completed
8719,463,2026-05-16,359.96,Completed
8720,379,2026-05-16,279.54,Completed
8721,442,2026-05-16,110.94,Completed
8722,183,2026-05-16,19.99,Completed
8723,190,2026-05-16,5833.91,Completed
8724,217,2026-05-16,2978.92,Completed
8725,353,2026-05-17,16837.92,Completed
8726,389,2026-05-17,7548.89,Completed
8727,133,2026-05-17,72.56,Completed
8728,393,2026-05-17,95.94,Completed
8729,224,2026-05-17,3.98,Completed
8730,365,2026-05-17,14.99,Completed
8731,248,2026-05-17,39.98,Completed
8732,207,2026-05-17,295.94,Completed
8733,254,2026-05-17,18.96,Completed
8734,482,2026-05-17,9000.98,Completed
8735,3,2026-05-17,179.98,Completed
8736,298,2026-05-17,1644.95,Completed
8737,110,2026-05-17,394.95,Completed
8738,142,2026-05-17,8.99,Completed
8739,88,2026-05-17,88.95,Completed
8740,414,2026-05-17,3839.92,Completed
8741,497,2026-05-17,142.97,Completed
8742,306,2026-05-17,208.4,Completed
8743,109,2026-05-17,9.99,Completed
8744,73,2026-05-17,34.99,Completed
8745,224,2026-05-17,4092.92,Completed
8746,231,2026-05-17,23.97,Completed
8747,254,2026-05-17,13.98,Completed
8748,66,2026-05-17,25.44,Completed
8749,175,2026-05-17,225.93,Completed
8750,147,2026-05-17,4457.89,Completed
8751,66,2026-05-17,2.99,Completed
8752,167,2026-05-17,16.96,Completed
8753,143,2026-05-17,16.97,Completed
8754,227,2026-05-17,149.99,Completed
8755,406,2026-05-17,1573.91,Completed
8756,77,2026-05-17,40644.92,Completed
8757,373,2026-05-17,51.96,Completed
8758,183,2026-05-17,8.99,Completed
8759,322,2026-05-17,691.93,Completed
8760,108,2026-05-17,3624.92,Completed
8761,314,2026-05-17,42.23,Completed
8762,27,2026-05-17,2199.98,Completed
8763,350,2026-05-17,23.96,Completed
8764,50,2026-05-17,2401.96,Completed
8765,312,2026-05-17,269.97,Completed
8766,297,2026-05-17,90.43,Completed
8767,68,2026-05-17,59.97,Completed
8768,301,2026-05-17,21817.93,Completed
8769,131,2026-05-17,1.49,Completed
8770,153,2026-05-17,26.97,Completed
8771,97,2026-05-17,479.95,Completed
8772,51,2026-05-17,189.97,Completed
8773,399,2026-05-17,8.97,Completed
8774,426,2026-05-17,76.96,Completed
8775,171,2026-05-17,3469.91,Completed
8776,128,2026-05-17,30681.92,Completed
8777,340,2026-05-17,83.94,Completed
8778,154,2026-05-17,6.99,Completed
8779,4,2026-05-18,128.96,Completed
8780,64,2026-05-18,5.99,Completed
8781,248,2026-05-18,2096.91,Completed
8782,81,2026-05-18,303.94,Completed
8783,432,2026-05-18,2.37,Completed
8784,320,2026-05-18,932.43,Completed
8785,370,2026-05-18,3829.95,Completed
8786,373,2026-05-18,2425.95,Completed
8787,342,2026-05-18,187.95,Completed
8788,388,2026-05-18,65.96,Completed
8789,143,2026-05-18,3021.96,Completed
8790,366,2026-05-18,409.91,Completed
8791,165,2026-05-18,39.98,Completed
8792,453,2026-05-18,39.98,Completed
8793,352,2026-05-18,552.94,Completed
8794,313,2026-05-18,1499.99,Completed
8795,453,2026-05-18,26999.97,Completed
8796,419,2026-05-18,434.94,Completed
8797,24,2026-05-18,268.92,Completed
8798,12,2026-05-18,9259.93,Completed
8799,39,2026-05-18,25.98,Completed
8800,490,2026-05-18,31.55,Completed
8801,12,2026-05-18,49.98,Completed
8802,72,2026-05-18,25.95,Completed
8803,36,2026-05-18,3821.95,Completed
8804,432,2026-05-18,147.98,Completed
8805,11,2026-05-18,107.95,Completed
8806,488,2026-05-18,289.92,Completed
